$MeshFormat
2.2 0 8
$EndMeshFormat
$PhysicalNames
4
2 10 "Base"
2 20 "Endometrio"
2 30 "Perimetrio"
3 31 "Vol"
$EndPhysicalNames
$Nodes
2278
1 61.5 0 0
2 -61.5 0 0
3 0 67.5 0
4 0 -67.5 0
5 69.90000000000001 0 0
6 -69.90000000000001 0 0
7 0 75.90000000000001 0
8 0 -75.90000000000001 0
9 0 0 67.5
10 0 0 75.90000000000001
11 38.6551707048646 0 -52.5
12 -38.6551707048646 0 -52.5
13 0 42.42640687119285 -52.5
14 0 -42.42640687119285 -52.5
15 50.48075485403204 0 -52.5
16 -50.48075485403204 0 -52.5
17 0 54.81386685866999 -52.5
18 0 -54.81386685866999 -52.5
19 61.08977303496174 7.783373646213064 0
20 59.86089563501606 15.48001392081295 0
21 57.81906747399878 23.00183642133573 0
22 54.97476165523792 30.25817721171709 0
23 51.34470334528655 37.15485355388633 0
24 46.95395029970336 43.59371476322482 0
25 41.83851997173542 49.47295813616034 0
26 36.04838444533917 54.68854574618248 0
27 29.65045589997398 59.13705454608782 0
28 22.73098459399872 62.72013457367261 0
29 15.39653235741249 65.35048737530164 0
30 7.772686216844407 66.95873422517977 0
31 -7.772686333743911 66.95873420883292 0
32 -15.39653259117308 65.35048730895747 0
33 -22.73098493052471 62.72013442675048 0
34 -29.65045632219987 59.13705429106803 0
35 -36.04838492467063 54.68854536557029 0
36 -41.83852048563936 49.47295761262295 0
37 -46.95395078331018 43.59371413574756 0
38 -51.34470377326969 37.15485284142046 0
39 -54.97476201477723 30.2581764248085 0
40 -57.81906775517172 23.0018355699244 0
41 -59.86089583080918 15.48001300874625 0
42 -61.08977313661416 7.783372685097462 0
43 -61.08977303496174 -7.783373646213064 0
44 -59.86089563501606 -15.48001392081295 0
45 -57.81906747399878 -23.00183642133573 0
46 -54.97476165523792 -30.25817721171709 0
47 -51.34470334528655 -37.15485355388633 0
48 -46.95395029970336 -43.59371476322482 0
49 -41.83851997173542 -49.47295813616034 0
50 -36.04838444533917 -54.68854574618248 0
51 -29.65045589997398 -59.13705454608782 0
52 -22.73098459399872 -62.72013457367261 0
53 -15.39653235741249 -65.35048737530164 0
54 -7.772686216844407 -66.95873422517977 0
55 7.772686333743911 -66.95873420883292 0
56 15.39653259117308 -65.35048730895747 0
57 22.73098493052471 -62.72013442675048 0
58 29.65045632219987 -59.13705429106803 0
59 36.04838492467063 -54.68854536557029 0
60 41.83852048563936 -49.47295761262295 0
61 46.95395078331018 -43.59371413574756 0
62 51.34470377326969 -37.15485284142046 0
63 54.97476201477723 -30.2581764248085 0
64 57.81906775517172 -23.0018355699244 0
65 59.86089583080918 -15.48001300874625 0
66 61.08977313661416 -7.783372685097462 0
67 69.54624767432092 7.62636642833983 0
68 68.48641939955897 15.18698712056424 0
69 66.72493407215372 22.61548764367907 0
70 64.26959983799236 29.84429288391859 0
71 61.1322793483923 36.80417611269628 0
72 57.32981606356913 43.42400401535373 0
73 52.8851988695997 49.63077396557203 0
74 47.82891515885981 55.35004920698223 0
75 42.20040758145542 60.50689754890227 0
76 36.04942036117222 65.02748349654843 0
77 29.43711250630459 68.84125861099993 0
78 22.43655830663111 71.88380460339533 0
79 15.13239906414126 74.10007967085578 0
80 7.619421754297544 75.4477304859298 0
81 -7.619421791797177 75.44773048146469 0
82 -15.13239914757138 74.10007965076757 0
83 -22.43655843031087 71.8838045578805 0
84 -29.43711266687027 68.8412585300478 0
85 -36.04942054954741 65.02748337342116 0
86 -42.20040778147942 60.50689738441848 0
87 -47.82891537115394 55.3500489906906 0
88 -52.88519904794402 49.63077374150828 0
89 -57.32981619945949 43.4240038038254 0
90 -61.13227944358141 36.8041759262774 0
91 -64.26959989880208 29.84429272951887 0
92 -66.72493410558556 22.61548752738119 0
93 -68.48641941411725 15.1869870431587 0
94 -69.54624767749061 7.626366394259627 0
95 -69.54624767432092 -7.62636642833983 0
96 -68.48641939955897 -15.18698712056424 0
97 -66.72493407215372 -22.61548764367907 0
98 -64.26959983799236 -29.84429288391859 0
99 -61.1322793483923 -36.80417611269628 0
100 -57.32981606356913 -43.42400401535373 0
101 -52.8851988695997 -49.63077396557203 0
102 -47.82891515885981 -55.35004920698223 0
103 -42.20040758145542 -60.50689754890227 0
104 -36.04942036117222 -65.02748349654843 0
105 -29.43711250630459 -68.84125861099993 0
106 -22.43655830663111 -71.88380460339533 0
107 -15.13239906414126 -74.10007967085578 0
108 -7.619421754297544 -75.4477304859298 0
109 7.619421791797177 -75.44773048146469 0
110 15.13239914757138 -74.10007965076757 0
111 22.43655843031087 -71.8838045578805 0
112 29.43711266687027 -68.8412585300478 0
113 36.04942054954741 -65.02748337342116 0
114 42.20040778147942 -60.50689738441848 0
115 47.82891537115394 -55.3500489906906 0
116 52.88519904794402 -49.63077374150828 0
117 57.32981619945949 -43.4240038038254 0
118 61.13227944358141 -36.8041759262774 0
119 64.26959989880208 -29.84429272951887 0
120 66.72493410558556 -22.61548752738119 0
121 68.48641941411725 -15.1869870431587 0
122 69.54624767749061 -7.626366394259627 0
123 61.08977303496174 0 7.783373646213064
124 59.86089563501606 0 15.48001392081295
125 57.81906747399878 0 23.00183642133573
126 54.97476165523792 0 30.25817721171709
127 51.34470334528655 0 37.15485355388633
128 46.95395029970336 0 43.59371476322482
129 41.83851997173542 0 49.47295813616034
130 36.04838444533917 0 54.68854574618248
131 29.65045589997398 0 59.13705454608782
132 22.73098459399872 0 62.72013457367261
133 15.39653235741249 0 65.35048737530164
134 7.772686216844407 0 66.95873422517977
135 -7.772686333743911 0 66.95873420883292
136 -15.39653259117308 0 65.35048730895747
137 -22.73098493052471 0 62.72013442675048
138 -29.65045632219987 0 59.13705429106803
139 -36.04838492467063 0 54.68854536557029
140 -41.83852048563936 0 49.47295761262295
141 -46.95395078331018 0 43.59371413574756
142 -51.34470377326969 0 37.15485284142046
143 -54.97476201477723 0 30.2581764248085
144 -57.81906775517172 0 23.0018355699244
145 -59.86089583080918 0 15.48001300874625
146 -61.08977313661416 0 7.783372685097462
147 69.54624767432092 0 7.62636642833983
148 68.48641939955897 0 15.18698712056424
149 66.72493407215372 0 22.61548764367907
150 64.26959983799236 0 29.84429288391859
151 61.1322793483923 0 36.80417611269628
152 57.32981606356913 0 43.42400401535373
153 52.8851988695997 0 49.63077396557203
154 47.82891515885981 0 55.35004920698223
155 42.20040758145542 0 60.50689754890227
156 36.04942036117222 0 65.02748349654843
157 29.43711250630459 0 68.84125861099993
158 22.43655830663111 0 71.88380460339533
159 15.13239906414126 0 74.10007967085578
160 7.619421754297544 0 75.4477304859298
161 -7.619421791797177 0 75.44773048146469
162 -15.13239914757138 0 74.10007965076757
163 -22.43655843031087 0 71.8838045578805
164 -29.43711266687027 0 68.8412585300478
165 -36.04942054954741 0 65.02748337342116
166 -42.20040778147942 0 60.50689738441848
167 -47.82891537115394 0 55.3500489906906
168 -52.88519904794402 0 49.63077374150828
169 -57.32981619945949 0 43.4240038038254
170 -61.13227944358141 0 36.8041759262774
171 -64.26959989880208 0 29.84429272951887
172 -66.72493410558556 0 22.61548752738119
173 -68.48641941411725 0 15.1869870431587
174 -69.54624767749061 0 7.626366394259627
175 0 67.07557416577178 7.557602154919856
176 0 65.80763406195943 15.02016308723833
177 0 63.7121247723868 22.29383674892717
178 0 60.81539854422525 29.28715247180998
179 0 57.15388338619152 35.9121652630083
180 0 52.77362497973938 42.08556173437426
181 0 47.72970761426232 47.7297078459216
182 0 42.08556151581732 52.77362515403274
183 0 35.91216506770502 57.15388350890871
184 0 29.28715230575409 60.81539862419356
185 0 22.29383661441785 63.71212481945366
186 0 15.02016299829289 65.80763408226065
187 0 7.557602117044318 67.07557417003933
188 0 -7.557602154919856 67.07557416577178
189 0 -15.02016308723833 65.80763406195943
190 0 -22.29383674892717 63.7121247723868
191 0 -29.28715247180998 60.81539854422525
192 0 -35.9121652630083 57.15388338619152
193 0 -42.08556173437426 52.77362497973938
194 0 -47.7297078459216 47.72970761426232
195 0 -52.77362515403274 42.08556151581732
196 0 -57.15388350890871 35.91216506770502
197 0 -60.81539862419356 29.28715230575409
198 0 -63.71212481945366 22.29383661441785
199 0 -65.80763408226065 15.02016299829289
200 0 -67.07557417003933 7.557602117044318
201 0 75.48421185653214 7.933710380280713
202 0 74.24140288610157 15.78049737820548
203 0 72.18518956487982 23.45438994052852
204 0 69.33810019670817 30.87131129562298
205 0 65.73132808934776 37.9500001002704
206 0 61.40438979343331 44.6129007585934
207 0 56.40469214254441 50.78701314612614
208 0 50.78701289938974 56.40469236470687
209 0 44.61290052691518 61.4043899617574
210 0 37.94999988992672 65.73132821078974
211 0 30.8713111120457 69.33810027844204
212 0 23.45438980232433 72.1851896097851
213 0 15.78049728342511 74.24140290624776
214 0 7.933710340008624 75.4842118607649
215 0 -7.933710380280713 75.48421185653214
216 0 -15.78049737820548 74.24140288610157
217 0 -23.45438994052852 72.18518956487982
218 0 -30.87131129562298 69.33810019670817
219 0 -37.9500001002704 65.73132808934776
220 0 -44.6129007585934 61.40438979343331
221 0 -50.78701314612614 56.40469214254441
222 0 -56.40469236470687 50.78701289938974
223 0 -61.4043899617574 44.61290052691518
224 0 -65.73132821078974 37.94999988992672
225 0 -69.33810027844204 30.8713111120457
226 0 -72.1851896097851 23.45438980232433
227 0 -74.24140290624776 15.78049728342511
228 0 -75.4842118607649 7.933710340008624
229 43.87520847262117 0 -47.29986212634689
230 48.47333190658796 0 -41.54215507745949
231 52.41182776858912 0 -35.31436013750939
232 55.66332790162681 0 -28.70166917113549
233 58.20860288650098 0 -21.78619969559318
234 60.03467049738989 0 -14.64692297938602
235 61.13330846035039 0 -7.360093382478684
236 -61.13330845672944 0 -7.360093418709291
237 -60.03467048230699 0 -14.64692305385886
238 -58.20860285239608 0 -21.78619980536222
239 -55.66332784235026 0 -28.70166930962033
240 -52.4118277142333 0 -35.31436023469035
241 -48.47333186866116 0 -41.54215513077059
242 -43.87520845168999 0 -47.29986214973582
243 0 47.99937520306113 -47.45850798450959
244 0 52.97739233933999 -41.82876881912306
245 0 57.29875587658189 -35.6805629859714
246 0 60.90990260730754 -29.0900973592099
247 0 63.76607242979878 -22.13906065933368
248 0 65.83186320703149 -14.9136107864828
249 0 67.08166950276996 -7.503307052303395
250 0 -67.081669499268 -7.503307083611702
251 0 -65.83186319210085 -14.91361085238977
252 0 -63.76607239780687 -22.13906075147846
253 0 -60.90990255450266 -29.09009746977467
254 0 -57.29875583651703 -35.68056305031082
255 0 -52.9773923065175 -41.82876886069373
256 0 -47.99937516875551 -47.45850801920618
257 54.94535641495264 0 -46.91792863982478
258 58.86087668119728 0 -40.93773921391935
259 62.20499975819038 0 -34.62011820392048
260 64.9607608353672 0 -28.02447147376853
261 67.11561176587341 0 -21.20872310804096
262 68.66062805436893 0 -14.22935951852043
263 69.58988306184787 0 -7.141652246523144
264 -69.58988305883149 0 -7.141652281177949
265 -68.66062804146246 0 -14.22935959194802
266 -67.11561173709617 0 -21.20872321541203
267 -64.96076078273344 0 -28.02447161761765
268 -62.20499970855202 0 -34.62011830907871
269 -58.86087686198581 0 -40.93773890743878
270 -54.94535638958823 0 -46.91792867484723
271 0 59.56928936189917 -47.03519708599431
272 0 63.78206526272629 -41.14192692158846
273 0 67.41381828082376 -34.87387424419711
274 0 70.43146493469635 -28.28813792303482
275 0 72.80751595077474 -21.44471079491823
276 0 74.52032671775162 -14.40593300968591
277 0 75.55429437888182 -7.235924329985124
278 0 -75.5542943732833 -7.235924388442214
279 0 -74.52032670617355 -14.40593306957787
280 0 -72.80751591567171 -21.44471091409748
281 0 -70.43146487227186 -28.28813807845855
282 0 -67.41381822458455 -34.87387435291173
283 0 -63.78206522549355 -41.14192697931013
284 0 -59.56928933160248 -47.03519712436454
285 37.97470833717105 7.925556805232302 -52.5
286 35.94157204322482 15.61569786114607 -52.5
287 32.58390050364461 22.82588170154529 -52.5
288 27.95998347061602 29.29607047443747 -52.5
289 22.17506143591839 34.75109049842119 -52.5
290 15.40189443735903 38.91320163588793 -52.5
291 7.897108059093117 41.53159574110835 -52.5
292 -7.897108796132414 41.53159557228308 -52.5
293 -15.40189506968396 38.9132013343966 -52.5
294 -22.17506194704708 34.75109010551943 -52.5
295 -27.95998385011077 29.29607003813201 -52.5
296 -32.58390072135028 22.82588132717398 -52.5
297 -35.94157214135239 15.61569758907395 -52.5
298 -37.97470836145946 7.925556665041024 -52.5
299 -37.97470833717105 -7.925556805232302 -52.5
300 -35.94157204322482 -15.61569786114607 -52.5
301 -32.58390050364461 -22.82588170154529 -52.5
302 -27.95998347061602 -29.29607047443747 -52.5
303 -22.17506143591839 -34.75109049842119 -52.5
304 -15.40189443735903 -38.91320163588793 -52.5
305 -7.897108059093117 -41.53159574110835 -52.5
306 7.897108796132414 -41.53159557228308 -52.5
307 15.40189506968396 -38.9132013343966 -52.5
308 22.17506194704708 -34.75109010551943 -52.5
309 27.95998385011077 -29.29607003813201 -52.5
310 32.58390072135028 -22.82588132717398 -52.5
311 35.94157214135239 -15.61569758907395 -52.5
312 37.97470836145946 -7.925556665041024 -52.5
313 50.00583503479166 7.50116642731084 -52.5
314 48.58469070851098 14.88168856522459 -52.5
315 46.2287846715001 22.01883631710528 -52.5
316 42.95927951367519 28.78608562587031 -52.5
317 38.81010316262498 35.05222995575865 -52.5
318 33.83207406987825 40.68191087143234 -52.5
319 28.09767641111585 45.53823413357416 -52.5
320 21.70561101953948 49.48811831051739 -52.5
321 14.78371414122795 52.41059762208086 -52.5
322 7.488513347645984 54.20739702404016 -52.5
323 -7.488514062617798 54.20739690758595 -52.5
324 -14.78371480618836 52.41059740092958 -52.5
325 -21.70561162271323 49.48811799859774 -52.5
326 -28.09767694021323 45.5382337486643 -52.5
327 -33.83207159903391 40.6819132941446 -52.5
328 -38.81010349288016 35.05222952462891 -52.5
329 -42.95927972842 28.78608524801437 -52.5
330 -46.22878479380095 22.01883601436043 -52.5
331 -48.58469076259983 14.88168835702294 -52.5
332 -50.00583504811293 7.501166322606083 -52.5
333 -50.00583503479166 -7.50116642731084 -52.5
334 -48.58469070851098 -14.88168856522459 -52.5
335 -46.2287846715001 -22.01883631710528 -52.5
336 -42.95927951367519 -28.78608562587031 -52.5
337 -38.81010316262498 -35.05222995575865 -52.5
338 -33.83207406987825 -40.68191087143234 -52.5
339 -28.09767641111585 -45.53823413357416 -52.5
340 -21.70561101953948 -49.48811831051739 -52.5
341 -14.78371414122795 -52.41059762208086 -52.5
342 -7.488513347645984 -54.20739702404016 -52.5
343 7.488514062617798 -54.20739690758595 -52.5
344 14.78371480618836 -52.41059740092958 -52.5
345 21.70561162271323 -49.48811799859774 -52.5
346 28.09767694021323 -45.5382337486643 -52.5
347 33.83207159903391 -40.6819132941446 -52.5
348 38.81010349288016 -35.05222952462891 -52.5
349 42.95927972842 -28.78608524801437 -52.5
350 46.22878479380095 -22.01883601436043 -52.5
351 48.58469076259983 -14.88168835702294 -52.5
352 50.00583504811293 -7.501166322606083 -52.5
353 6.429845217284164 50.05913654879299 44.72791586641122
354 48.972143577757 6.373825015971196 40.3313754676694
355 44.24205032443519 46.3991828503618 6.745825556554814
356 6.773479351484253 38.08979260045597 55.22869724757966
357 6.549522059670178 58.74197109735186 32.46553997168073
358 52.84597568080675 33.93830753770583 6.347658056226575
359 32.73323180721188 6.745270646716429 56.7456958661795
360 32.73323180721575 56.74569586617679 6.745270646716659
361 56.1766379149753 7.411649287027792 26.45275993477255
362 6.785458405146144 25.70323366858105 61.96919016093176
363 18.9953618389865 63.84459440412866 6.744802561752367
364 58.71455459815871 18.75229344133602 7.194710444746767
365 18.9953618389865 6.744802561752371 63.84459440412866
366 6.549516395597424 64.49332098001487 18.58020575501476
367 6.499720907514264 11.28142958318856 66.16726915129789
368 60.28040378772493 6.499110029015608 11.69171343921781
369 26.05084103213831 60.77048555963586 6.761720893857285
370 28.84382993505727 58.08685234055929 13.41875283776459
371 35.20547438426068 53.6934369886655 13.42828665937026
372 31.10563024410145 54.70747727238475 19.94782607632202
373 37.18965113537895 49.94811968919831 19.886071737897
374 32.84165698527832 50.66959547289888 26.26113042007553
375 38.66117637490542 45.56615745675187 26.06712734564739
376 34.06055518833525 46.01377855757265 32.27216728377602
377 39.56470288506885 40.6563186437934 31.90050292063449
378 34.76147192115256 40.77872741735688 37.91713113019746
379 39.99912773800557 35.13845296321375 37.33921430857758
380 34.88680642912745 35.08019862405374 43.12179755965753
381 44.496399893175 34.71838858346624 31.07807620641325
382 29.34927983206708 40.43810317381507 43.39798636926456
383 29.23668692824447 34.52029137389674 48.32133374079725
384 34.51087766596063 28.98602761011433 47.76399786750446
385 28.6306404227428 28.18989289173787 52.67095929812716
386 28.00226579755127 50.72916937458319 32.22261400301575
387 44.59947887263751 29.00381015438043 36.31717784924128
388 48.75863428037341 28.34476337759821 29.81653562658342
389 24.51168114282843 58.80241001272526 19.36219361897511
390 23.44708046772035 39.59069943762057 48.23531533750933
391 48.29036914760763 33.87046852349251 24.4946894650077
392 52.20119455121718 27.32581472503668 22.95852472152427
393 33.69625359960875 22.44537602942144 51.81488103761898
394 27.55272659953599 21.51683567417233 56.38184062300073
395 22.23030118585709 27.0736053018621 56.81634932312402
396 48.51567762501214 22.4712318684963 34.87081630076604
397 23.14857833065569 45.55901864121714 42.83918434841687
398 44.01312853263717 22.97807064766258 41.16781416925743
399 42.65356091639831 44.5168036425933 19.5701349553909
400 20.95615617384662 20.44574087171003 60.07772425136615
401 17.59772137813751 43.85906253274887 47.53630674013544
402 17.01625900181117 49.38161193693286 42.0597542640789
403 17.6777759218089 38.17046976628254 52.18178806266215
404 26.46109719859003 14.25773862879031 59.24196292414194
405 51.41761827309261 32.6238257410605 17.5293767406533
406 54.9381668979307 25.89529457175781 15.81019933373231
407 55.76539107721771 19.51152356156 20.72481720103045
408 47.60877084739388 16.30714692423694 39.49711817101259
409 42.85722722944021 17.41406599387675 45.17201088780143
410 51.74175733858519 15.67054973021737 32.9505605496592
411 15.32648144449293 26.32747269966444 59.83540265947885
412 13.74002938809863 19.57090556627996 62.81648117213761
413 10.57653910192624 31.97851834727703 58.30068818631603
414 25.83674366498987 6.959616616255802 60.85820196491905
415 33.0369372175448 14.75496175543234 54.98975772163638
416 38.24690379954642 9.690976499229206 51.96384877457309
417 38.78966451788729 51.9352792635067 6.817879069769949
418 6.652466592185027 18.36974131574133 64.54090395802045
419 48.81432906813469 40.54618577696736 6.468661143144531
420 58.68123112126247 6.643720862273703 19.0783155856891
421 58.69799945970954 13.72311416671473 14.7466316817736
422 11.69271198383566 65.96053393150852 6.385915611265876
423 14.04242471245533 64.22156023563237 13.94180424040249
424 56.28027402447271 26.0238450310874 7.962794960063018
425 28.69031280532659 46.24778963843161 37.76050752541232
426 53.01489204030827 6.476582592717437 33.59487597170103
427 23.16886929279955 33.52017380656911 52.7836912872129
428 43.71361476082544 6.312847466253437 47.05872664202668
429 40.97196080074316 48.55166015267269 13.29917671762821
430 6.185643248772805 44.82565790971242 50.0087207330467
431 6.326417912686796 54.73661987584225 38.88435836425865
432 12.35962591427663 55.97599034186625 35.19992207997763
433 12.93778632288929 59.49035969146362 28.55916257496403
434 19.76896450275577 55.58515465789487 31.5577519995659
435 26.14427127240127 55.39153342812274 25.78302967829759
436 6.487365745861052 62.01427093737968 25.68715216973295
437 22.5339980789636 50.30591663232859 37.60286122971061
438 52.30767749219429 21.66532326272923 28.12475018070211
439 55.11844000695519 14.78132190073601 26.04101241622501
440 43.78120762954649 39.95128072955088 25.518377268713
441 39.85122685900055 29.29088589642582 42.25199774991977
442 22.02176818501407 61.63958923725804 13.14206402675597
443 45.92430250348406 42.94399335603122 13.09731726287253
444 47.25250476304843 38.81441277433103 18.97629655522197
445 39.09332501761525 23.13560784129498 46.69109602633844
446 12.76551396523717 62.32009588859358 21.82321718069458
447 19.24627100122433 59.3371324116052 24.27505798912033
448 60.29646102306 11.42724740390954 6.783875209606251
449 11.72730539988219 5.991348250619059 65.99013433981069
450 6.358007790150435 66.14657445585847 11.49798499943759
451 19.94201341396051 13.50234156171602 62.40969784755537
452 16.99310277603711 32.55019490397507 56.11608083980295
453 38.3481327410326 16.32828548676499 50.18209639137866
454 57.43821429555435 20.12795239991219 13.30116582915287
455 50.19559789084369 36.90199208974136 12.62516131334813
456 12.13960418998596 41.70787919896929 51.37401092508141
457 11.83247019700808 47.23836719820727 46.43532413588866
458 18.24433799470932 61.81275639947362 18.2916715823485
459 13.18528466120615 12.80493129609478 64.67548504126489
460 11.53031282784437 51.92156420916101 41.23537937643226
461 61.09890852284116 5.457485025111695 5.427348005853121
462 45.93395961325128 11.82366806084587 43.29953721331385
463 53.70894809416671 30.60151688355214 12.03886783221764
464 4.605295405705372 32.5594664190663 58.91191863391565
465 12.94169233438532 36.54809212181702 54.94402379031069
466 5.672113448988218 66.9724067978438 5.67410107035492
467 57.32239099936884 12.30602096519796 21.13349953055047
468 5.520048572291306 5.502765020867231 67.00199987310053
469 50.41819549600833 11.32024149524726 36.95962222081061
470 42.14828922449576 12.45319161978774 47.55269574665617
471 54.01358378094648 11.20291902809821 30.27114390839147
472 38.90354724312353 4.06287764909832 52.12064036249377
473 16.6253884708858 52.84285064088402 37.82917638083094
474 50.14614737088163 7.116588013095789 52.39622876314311
475 50.14458966356713 52.42957110143321 6.879816696473372
476 6.597410448739302 53.60513080758847 53.25451590261149
477 38.99260705790228 62.65997147445053 6.476679671749408
478 39.02080179477027 6.608387210171481 62.62552909327133
479 62.64360515334049 8.71026349227439 32.52989488581776
480 5.912112799703744 33.44812397045746 67.8297049060351
481 6.875172008196744 67.29983627551766 34.29097944651316
482 62.70002953515458 32.82412174007632 6.948392721911919
483 25.72013448098091 70.20786536352507 7.193738668549729
484 25.52840372030207 7.083162046011152 70.30154155448353
485 67.32861274425279 4.933604383607506 19.79204537395635
486 6.936938265503723 20.7069976448404 72.63150052590616
487 6.615664276717155 72.88153730495 19.93803601913388
488 67.26959758890317 19.57975066748505 6.486565505346284
489 11.56345940572819 74.58406160493931 6.355368613637055
490 12.32826763311155 6.803030771929881 74.39994202412039
491 69.09881216332658 8.336016989678734 7.862997205587077
492 6.848712939192177 70.515780593801 27.07551642295432
493 13.61499459793579 68.0623389089332 30.16468744764558
494 13.68764974972064 64.46989179883343 37.19801644322973
495 20.23406361298321 64.80331513941034 32.84510194278139
496 20.19963474215855 60.89306983305394 39.64762952549191
497 26.56845524072076 60.80587020642628 35.09059841657938
498 26.43848650510424 56.59661903246975 41.63672293819897
499 32.55668755011089 56.13582446343032 36.87770105833958
500 32.23298648535504 51.67271101239866 43.19506289987477
501 38.09914665517176 50.87450676568599 38.2256284184849
502 37.55394847161455 46.1275688467733 44.38763943776247
503 43.17252311459941 45.05782465193123 39.15405548542414
504 42.39654578583405 40.12645457841263 45.07103046309281
505 47.71095201639746 38.83505891350186 39.60805074744522
506 36.55120271499067 41.00955806419507 50.03863133500681
507 41.11275604936485 34.91085385229262 50.48967739805141
508 35.08540673299275 35.43114091688338 55.26433430292751
509 48.21820708576234 43.5453031993636 33.51744862571348
510 52.44936189205663 37.09214612056611 33.78792240058706
511 51.66090025281854 32.24456011387991 39.68021201347449
512 56.06296121638892 30.34191279020174 33.68296806700645
513 38.17848378864948 55.07404509950604 31.76776549109509
514 52.64120867158579 41.66091534782634 27.53316802896843
515 30.20891545431629 41.40717838844515 54.50115465962323
516 28.53822770745066 35.67386767437704 59.39763969194773
517 55.00488973147372 25.30972497407506 39.41004709018431
518 33.24463261999684 29.52935077231868 59.88233118020719
519 26.49418043264397 29.56465447682966 63.71266932716007
520 23.41938647579567 41.40466232511064 58.3090845265021
521 26.45344406073788 64.37601195192178 28.1362455740733
522 31.0423298378125 23.82534538299397 63.6960576060061
523 37.52646090661614 23.24033586923672 59.66986072079813
524 59.07520557979517 23.2728959477541 33.23626604393613
525 59.82490141316917 28.14669388091088 27.36689976591877
526 23.81298507237069 24.00588241549027 67.20211499198052
527 62.53329972324753 21.05449215391852 26.59229724765407
528 62.76057841360914 25.86764043990445 21.15964612915935
529 59.92727927087971 32.77416323960407 21.27382226902694
530 48.17527725032927 47.8391508950844 27.12854625743463
531 52.32187647392996 45.72434328722704 21.03647533270084
532 47.58579683182443 51.67225878851635 20.5209775235046
533 50.30608939200364 27.06774697917976 45.21581236140777
534 53.36072978185914 20.04288658914169 44.7447058637235
535 19.97809744515425 56.42758545598267 45.89455372247845
536 48.53529019498936 21.9867010049887 50.00107404394135
537 19.33495421825274 29.24200612713207 66.82154397416329
538 65.1001595033714 19.02064185391696 20.0585133912915
539 24.95170820237125 46.99500623878892 53.08808197530128
540 18.15934616954875 46.48253281382213 56.67045263661828
541 15.97775672373901 41.07389365030204 61.42401216801779
542 35.14974634648176 16.67513606160734 63.45231457199014
543 41.88090376489981 17.21657816130045 58.27953535748992
544 11.32295036904041 45.63995118481111 59.38655635032997
545 16.4784322298773 22.23638068324811 70.33019094504152
546 22.34135693903594 15.70894071587497 70.18308855344453
547 64.47292627540178 13.65020950376773 25.95392159345979
548 65.10415474570675 23.86936230124432 13.91928609619815
549 51.14934221762968 14.46664505249916 49.66882174443353
550 56.18895285841823 13.09022749800161 43.21014918878262
551 51.48994413540461 49.3132974767565 14.25674160399847
552 56.07378860634577 42.9005498683767 14.60377110569552
553 46.43306843339203 55.0477663080575 13.73457536974995
554 42.35653184700225 57.06023962629889 19.74356532814597
555 54.78581273717406 46.54627051520421 7.446037184636667
556 65.32288899748022 26.19726415775523 6.594659023817725
557 44.66985341461005 57.98721255144147 6.759809822469646
558 14.12260479402919 14.82655183594818 72.8416319593334
559 10.95408724321773 28.36049516502716 69.39106987770572
560 18.41886298939028 9.84111015640447 72.55361721920562
561 30.00654777002571 12.79820129227771 67.34639067973907
562 6.844237542117659 63.33707282202016 41.15894106643286
563 59.13302215519155 39.78708301536351 7.422182420707232
564 60.5379077454877 35.17138168505786 14.24516838241933
565 43.41963788741704 49.57622626463075 32.86741232846769
566 32.50964215339506 60.0265737026621 30.19384506546314
567 32.1635102525305 63.24595765212217 23.26432133129923
568 26.00644323081805 67.22928855488036 21.06612447731332
569 31.55230666744909 65.7894608750684 16.09091019673283
570 6.752540165881202 41.02800081255272 63.43354852136038
571 6.758554722655933 58.76132888160269 47.47761589391406
572 13.59404745846252 60.22310439681598 43.77495497448521
573 59.10962983241834 7.034154909462684 39.89834321121899
574 59.76380334414802 12.41105003488992 37.35906204366088
575 44.99138724633468 6.251156093887805 57.75065189491159
576 46.65610003401154 33.83282207726111 45.27340737629399
577 39.46630111587949 29.16578707572178 55.44205342723316
578 43.37299044100618 23.09971714080109 54.85735837775898
579 20.01752644378524 68.01070776684134 25.75041546680653
580 19.00981289958812 70.75134672876993 18.14151852545286
581 32.90620839149102 66.67473810275141 6.21667901657251
582 32.76042555094291 6.496326155296137 66.73271931911778
583 57.76497123967217 18.7013781399005 38.43200252164389
584 18.50391557042267 72.90789400204895 6.44843458576308
585 56.5294132294853 35.06765268979818 27.63185800618339
586 13.18846432869023 70.8112907937734 23.2724510428885
587 43.15022207156952 53.60297293280465 26.31260319531614
588 31.45369605591191 46.81035860224544 49.02230080597363
589 21.58339156185307 35.46743616011645 62.87924903618974
590 45.13626628196491 28.56045157586183 50.42990455473357
591 13.60877359492923 35.23157538241982 65.58454317615376
592 56.60239777622318 39.13906112374955 21.25237603080289
593 13.35020229070684 55.56268008199901 49.63467090939696
594 14.80951226699731 73.1569232843723 12.26170278467833
595 37.78892600900093 58.71039752557498 25.10734776225507
596 65.35074734708823 6.331864390616905 26.1801234492964
597 67.57537510605886 14.82722099323964 12.5303619180205
598 25.9685020865218 51.97642524146877 47.58434525590877
599 41.12103442684131 59.98883336115257 12.98423836638955
600 25.44873202275118 69.23880522383787 14.25945775878854
601 54.99403754202731 6.1471454357076 46.44613410559433
602 6.966026961576345 74.50426307968966 12.35852523595317
603 6.557696637151895 12.29889522597939 74.55779087232261
604 19.40668359291007 51.65625641943227 51.46401283998574
605 46.87772850030403 12.42943860000551 54.91331919063854
606 37.02903313187946 61.72173232085775 18.29644524796881
607 12.74611813115551 50.58390928225803 54.86950027477802
608 63.54871138019999 29.29555710185854 11.8826761976507
609 61.52436100505623 15.98135051068407 32.28920426318454
610 35.60738113245927 64.21633845961244 11.92891097684941
611 66.75452842695873 11.51727795830043 19.34496251206862
612 5.090801518915859 47.71514713466549 58.766996743344
613 5.523946146721261 5.590863386965859 75.45580957549413
614 5.523946122895554 75.45580957653937 5.59086340061262
615 35.61108947899234 10.96585925390992 64.38528335505615
616 68.62534127403583 13.3620350121679 5.44578421805253
617 68.52283403098903 6.239419108316724 13.63268707901914
618 41.37641708593557 11.5510673279688 60.07469133100263
619 46.37215410422755 17.81762338156161 53.92692249051771
620 20.77826573310679 71.51400458398643 11.73064871097386
621 29.6202287273861 67.85445024199194 11.05635870505311
622 28.21806995898092 19.03345768023081 66.7823607545113
623 69.6666495641992 4.243281109548775 4.516093284116367
624 18.73634540796981 4.261039972688593 72.99839527136021
625 12.10678397525123 72.65040085958702 17.6065395675869
626 62.37201659744775 29.79151640733059 16.93047302596947
627 4.296419786993926 27.21108631232863 70.70096627996095
628 -44.24205081068128 46.39918226712102 6.745825634027653
629 -44.23118098967102 6.50441732738181 46.44608265337772
630 -6.848330069066307 44.15336363168368 50.50044916733518
631 -32.7332322460716 56.74569553443386 6.745270752035806
632 -52.84908802071812 33.93188514079934 6.35077994154664
633 -32.63856152915514 6.30252833248297 56.86212302769572
634 -52.97326068385602 6.289635827844456 33.7092816576837
635 -7.086229509173308 58.88381680789421 32.07049734802565
636 -7.293933478072087 33.26546112343958 58.18621013241441
637 -58.64201094690064 6.746644159254062 19.1871843309122
638 -18.9953621171999 6.744802668920252 63.84459428134336
639 -18.99100035186163 63.84583510447404 6.747854059919916
640 -58.64201094690064 19.18718433091219 6.746644159254091
641 -6.419043252603666 64.17441433571634 19.70523690230177
642 -6.54951635305124 18.58020564098957 64.49332100398799
643 -60.48286752430516 8.645262593962086 8.645262593962087
644 -25.98997922300111 60.81713671683013 6.622883656306132
645 -28.83497222419761 58.10938245132357 13.3439086859752
646 -35.20498105398583 53.69392415209715 13.42789656136593
647 -31.10047825537004 54.70507249701752 19.96409117487758
648 -37.19617816656886 49.94038189683543 19.89079834986538
649 -32.85575965822819 50.65556774168267 26.26693927143196
650 -38.66914590696305 45.55117454607436 26.07906836625122
651 -34.05831699759257 46.0114445703937 32.27833923965803
652 -39.56904649491201 40.64071553362614 31.91389074721906
653 -34.79137665293965 40.79671765684452 37.8647028068886
654 -39.99078547424445 35.14487765608902 37.34393069993504
655 -34.90782598143939 35.31652947421188 42.90785167710773
656 -44.50293193515151 34.69725081709894 31.090413794753
657 -29.16452371492498 45.7907785899185 37.87959444544488
658 -44.58906445641225 29.01625446422945 36.32263988058813
659 -48.76504458987057 28.31960905535129 29.82780820766901
660 -26.50114410335476 55.0326380467851 26.11053604867082
661 -48.29915716273205 33.85022783592142 24.5017965035078
662 -52.20791169702284 27.30186353476454 22.96861833507135
663 -48.52061370986875 22.44401337717257 34.88007222650859
664 -44.01920195440839 22.9483224436325 41.1765862979952
665 -42.6561175544272 44.50804891997002 19.5833293296109
666 -47.61294917584417 16.27963623277041 39.50239841980583
667 -42.76984509705833 16.66343031496914 45.55330582568418
668 -38.81892248122796 23.2402137125481 46.91440391864765
669 -37.26252332585108 16.79154080595887 51.00767233916705
670 -32.99455443401459 23.17650184027054 52.03651246778321
671 -31.06276310217187 17.34948865400803 55.61499917561677
672 -26.67098940463083 23.35299785063432 56.16153496142056
673 -28.23873645231209 29.41018598581299 52.25689962270182
674 -21.62755069220949 28.7367928229931 56.27714391495762
675 -23.06424921233818 34.91086841127931 51.93045805951754
676 -19.77123034705471 22.97618560688452 59.64556919177938
677 -16.26921507479681 34.15981671613969 55.41334825312744
678 -17.89037087578574 39.61345788389728 51.00573953554911
679 -24.08522231325279 40.52523683028875 47.06618570392333
680 -18.64289122362204 44.26685931395244 46.67043654674091
681 -51.42604291417265 32.60304407056452 17.53826912008291
682 -54.94493320243745 25.87187943853827 15.82020563810716
683 -55.3202227318119 20.43246713869253 21.26755261568846
684 -51.74364201870087 15.6464833470637 32.95842932737433
685 -10.6247679502067 39.05774263797782 53.80389408356753
686 -13.96014022966621 27.93533351898568 59.50820130887124
687 -38.7897364286424 51.9352509363185 6.81760165386177
688 -25.9899791043388 6.622883579057141 60.81713678632192
689 -22.24859071764428 13.33949463575986 61.49891451696546
690 -14.78565847619154 13.48974044417531 64.1170822511515
691 -6.54660796171996 11.22257220838671 66.17171020743899
692 -38.73722550497259 6.242128835983758 52.05461934822193
693 -48.99390015642659 6.313618697226299 40.30899960423852
694 -56.29234618454532 25.95859755094677 8.072283941152786
695 -56.24433529285075 7.338365764865402 26.29943825573194
696 -11.8995245638798 5.926213092990453 65.958869224499
697 -11.69203541201991 65.96055122733222 6.387229424534183
698 -14.89487174618151 64.25583096552607 12.65905292154892
699 -48.81646753404149 40.54269730524604 6.471087563592635
700 -28.03309064071393 50.70153567307857 32.2338123704919
701 -21.45765124485252 54.65981663414358 31.84389899986134
702 -19.75328814480308 58.61413904520877 25.50956898625993
703 -14.50714226201838 57.78810990273848 31.03852508385619
704 -16.70091616697038 53.56741074270593 36.75480198713121
705 -12.51934552689577 61.36423820020627 24.53529856468313
706 -6.381753603590505 49.87828081892781 44.93776074210579
707 -6.291007789499603 54.62725611651229 39.04473816949184
708 -40.97222331319059 48.55098673776789 13.30066102190797
709 -24.51206441730007 58.6991201511442 19.67255415733892
710 -39.77418832258592 29.36927094457538 42.28500972693177
711 -52.27716392256107 21.61748912703454 28.22970348381197
712 -55.08050326578752 14.81388473769766 26.11909437502849
713 -43.78871609749557 39.93423710486955 25.52953192874413
714 -29.38565975488281 35.15467330341848 47.75169864467183
715 -34.27619970698247 29.46773904096275 47.67268324100107
716 -6.947396357845724 25.52888860091814 62.01963571783831
717 -22.01553090285122 61.65454571368956 13.08434889159084
718 -23.07125689844602 50.19343956288728 37.3598672489821
719 -17.81301603466265 61.7113594610785 19.12713130791364
720 -57.47884374639274 19.48125874716719 14.03262439082065
721 -45.9295556434823 42.93637716986657 13.10009740705181
722 -47.26095172389891 38.79910590825318 18.98225851507378
723 -13.48711956816151 20.84316137177849 62.47232566927011
724 -7.121440704283923 65.93019622305093 12.18160272907195
725 -57.53668596228865 13.82883134849105 19.42116131883806
726 -5.393768759284254 62.13421957124972 25.70172136715987
727 -29.69547716492024 40.67186731664075 42.89285548395829
728 -12.31649339595617 47.15000125356498 46.37350887250243
729 -50.20135682887026 36.89090720557912 12.62997307647234
730 -11.80583747451238 51.955680302823 41.09828661004651
731 -23.90970204403504 45.57117226363594 42.31943798398769
732 -40.80113302868584 11.80631120030432 49.10764652855673
733 -59.29876719440372 12.65185092687333 12.66116279747361
734 -28.3617141946923 12.46972881725211 58.58213838853175
735 -5.732289914471705 5.019478727809458 67.01847403871206
736 -34.97480303302392 11.95080606320691 54.221521245205
737 -4.690283015988404 38.94670295943018 54.89024122235309
738 -46.00212913323392 11.58128863761637 43.27783701838379
739 -53.71834205939492 30.58227354960955 12.03727553100908
740 -5.672113486562127 66.97240679578465 5.674101000992081
741 -18.01090992906004 49.04276797274937 41.95713556232208
742 -11.13899545405564 55.98260147500196 35.67684660431954
743 -24.81236641880045 17.95247155930116 59.09700745231724
744 -50.43166509238806 11.2170266782307 36.96894032008684
745 -60.03083478062751 13.60053882562586 5.488995054649521
746 -60.02178811358667 5.551196979039527 13.62338502636108
747 -11.97753914195267 63.71535566707551 17.99628738272074
748 -54.0115156619262 11.20466667973242 30.27494243331862
749 -18.46361570476126 17.45057432629777 61.97725140826739
750 -61.20390976947634 4.648515491981564 4.707439303216129
751 -13.03165731831591 42.88916155743958 50.12296197909178
752 -7.26600903079251 58.48771909004022 47.72651788330256
753 -49.7385146424763 52.86991765222901 6.98476372722291
754 -50.22405460190383 6.662080504841764 52.36794766847424
755 -59.07792368567021 40.02613457238522 6.608979899484012
756 -7.474869610643387 41.90911950257481 62.75851374473228
757 -6.274495535249224 67.44027540374947 34.15045220863502
758 -62.28950598087897 6.516397450945906 33.81912742274196
759 -32.41653705452809 8.456435411254137 66.71129706634316
760 -33.37051437007393 66.34963146383018 6.754160698584307
761 -65.32988108100959 26.17303586740336 6.609189906505972
762 -6.875169898246034 27.06836193647243 70.51549393118269
763 -6.716484859417819 72.84048538446633 20.04803642887043
764 -67.19093887896078 5.867042287886272 20.0869640660682
765 -18.73364214925436 6.608002645200207 72.82440021619692
766 -18.76716565957092 72.82263122574231 6.514630106569201
767 -68.84431325399383 11.47210655497033 6.410981763996652
768 -6.616641006774421 11.87813944375703 74.61984010104936
769 -6.765161023427381 19.48871299555782 72.98681866126719
770 -13.5765093570572 22.85567651441594 70.86057100563261
771 -13.66051573111594 30.24286636311911 68.01688076697006
772 -20.19934919698393 25.89586737976871 67.89200228533724
773 -20.1807738416895 33.06637976568384 64.7103077587519
774 -26.54723406968581 28.50724686103015 64.1669253598688
775 -26.37608630186363 35.54689319204904 60.63934097034127
776 -32.53207055614942 30.77882755143559 59.71429875426029
777 -32.19411018389815 37.58427948498394 55.91328964747488
778 -38.08963334372729 32.66592232627199 54.61922858087748
779 -37.54426689146673 39.27748774325226 50.55864281287209
780 -43.16537889811761 34.16186252231125 48.95896648106182
781 -42.3723977896162 40.60051359432364 44.67146814118554
782 -47.68974892874301 35.29969515237588 42.8169071422346
783 -36.52736085816142 45.49107010993507 46.02444313692359
784 -41.19049583448154 46.5455535501212 39.92370732763811
785 -35.1101156646442 51.20115519418556 41.05925223493389
786 -39.52492313900369 52.06795337082232 34.75451245167721
787 -45.19886583363322 47.21754064960368 33.50617774081153
788 -26.0243444499527 41.91698952537519 56.61607229034412
789 -33.20145170099932 56.44957079358755 35.70232228835994
790 -37.24050997798854 57.21037226493583 29.2018999843273
791 -30.83851214136397 61.15704626611977 29.99169284186159
792 -38.14905792098536 25.89551524845985 58.09011860882595
793 -48.21215447106453 28.71388059610126 46.85991742488609
794 -52.41987299358797 29.6855774941287 40.49541308931826
795 -26.4218134583002 60.18914639528298 36.26468619619028
796 -23.89042621031927 64.55574612130975 30.34154615627552
797 -52.46741912730382 23.83069055862042 44.12888512341385
798 -56.49741389387289 23.96046831387817 37.72829989760802
799 -56.00649151846253 30.38774360938505 33.75233320637162
800 -59.81315572595104 24.33665489940722 30.83124858446022
801 -58.98992623024415 30.73876576166291 26.70727080166711
802 -62.32370838384388 24.77061488878498 23.82685242480926
803 -28.20027851715633 65.19148374873069 23.94630062077812
804 -61.19153148654129 30.84904755239999 19.86232066538626
805 -57.50971352783938 36.843968445419 22.44956158829964
806 -26.41886809313945 21.22940312429936 66.9879087704449
807 -55.93945532572994 17.51908145594493 42.00675554556446
808 -47.80752488236847 22.21400145057009 50.72206505380328
809 -21.04342208619315 68.24719619417199 24.10796362355298
810 -30.30948214585165 49.76932048087261 46.91210658655244
811 -25.23116539445482 68.53170240623811 17.71381044470321
812 -19.44139042498472 63.06616359381605 36.57874180444112
813 -21.67473987802369 58.49543542040398 42.25334680865559
814 -62.80398954820678 18.64735203951239 27.61711919221896
815 -65.1915087838521 18.67277243530237 20.03549242002048
816 -31.83385496815624 65.22236560817345 17.66869599801457
817 -18.32901147294864 70.9911084341452 18.03044801876435
818 -14.27497051097788 61.1772040846228 42.16693082394187
819 -16.08348870315008 56.23535252826736 47.89109816574228
820 -10.84651486734774 52.64821994245241 53.38896083699035
821 -18.16646626453753 50.71606701304307 52.91255358427503
822 -12.4236798130255 47.31657667618788 57.79361562125128
823 -59.65776974074684 36.91565399186878 14.20969862626121
824 -55.33632881693973 42.77409275743861 17.91627452776233
825 -53.14701305613659 42.45202661067272 25.06907025509106
826 -50.61373799683381 48.19800555472945 20.43301041763086
827 -13.44498874633762 70.49354678033365 24.0511083740275
828 -52.7769667959994 48.00380070082908 13.13248698496014
829 -47.69307466406003 53.42142133107176 15.00738889034972
830 -44.00632096719887 58.13518104829559 9.895753621655526
831 -42.16247147742465 58.20992274252915 16.63179094094519
832 -45.52438010543948 53.24206338287716 21.97080591179346
833 -38.73943003544603 62.21782758807669 10.97362306373525
834 -6.998530017582928 34.48764211095814 67.18426695006984
835 -65.36294373118848 12.16039666169155 23.99567808990663
836 -7.282281253556378 74.4968349714846 12.18721646721444
837 -67.46475053261511 18.7594849796284 6.520829938782134
838 -65.73994765295808 22.19861305385328 13.13837362829252
839 -59.06490810656376 6.511187231835953 40.06477653391133
840 -54.93662112096184 6.299893627955168 46.50576229494762
841 -52.81314386485825 12.62752463961631 48.0922476825307
842 -47.54876357180305 14.73164787848121 53.64934403217666
843 -43.02344522101486 20.48072979372104 56.20570820311156
844 -41.34293643747515 13.39075256395082 59.71906528936374
845 -62.44976214850813 33.42844475997035 6.720765061763201
846 -63.33116284875744 29.33109552077902 13.10237262312959
847 -32.4025672108676 23.87406775451986 62.87375500377794
848 -32.17725427553463 16.36552345231281 65.36347712229005
849 -26.30467387610649 13.91354191139383 68.93132398147988
850 -34.42857646358072 61.687273178136 23.62440378070879
851 -42.9232553505119 52.82059376243148 28.26010885400187
852 -20.18874803631166 18.71804986262409 70.21414612210606
853 -59.84794253815159 18.39930918046982 34.63205979634139
854 -46.67310431262487 41.48039633593289 38.3643281998679
855 -51.63371538688804 36.06806178501754 36.2853558583177
856 -13.57966842380477 37.26725401170677 64.45682057562479
857 -39.03059874604465 6.410692744305527 62.63885902046577
858 -26.05186385990364 70.1480559862088 6.315554261508944
859 -6.771889055562656 63.51161793156773 40.90327614507055
860 -43.30821449040532 27.58861691543636 52.80514493231911
861 -44.98090576692194 7.176431575291902 57.65272887424022
862 -54.88087836250784 36.59613697410526 29.50442623184107
863 -14.39120505144745 13.87827211460804 72.96635513733722
864 -19.99636494013814 39.65474971760434 60.96749157825469
865 -31.49616537601971 43.91772199244595 51.59927545806717
866 -28.60176903753053 55.18972958163224 41.83872681791306
867 -23.55082966681073 53.34992549326225 47.54769292182583
868 -17.02202715999405 66.98112453972081 30.5430588609206
869 -50.25325793232348 42.08288914665988 31.81815298946547
870 -25.3498480138822 7.166167071070832 70.36928128964735
871 -67.47109619368256 15.34900649991961 12.56467914708068
872 -6.515646598391118 70.55053871647968 27.0818145537607
873 -54.98701688671904 46.44110634210116 6.258288737008676
874 -68.73264051410266 6.774227297709965 12.03896692907696
875 -11.63821810904227 6.35041190118857 74.57077360427084
876 -11.65961823257767 74.56746221830012 6.34300824624804
877 -25.1167972447589 47.77156982903174 52.29726093018776
878 -48.1552458100718 47.95349572180482 26.96814713474287
879 -37.59237423702257 18.8952179105323 61.13706096230551
880 -28.92827842986257 68.03825409227331 12.04332352237402
881 -22.19674592465463 70.94165074666253 12.13584460847379
882 -5.656587176710248 48.40840010734494 58.13570467327236
883 -65.24441267440078 6.000070503853264 26.56804042091815
884 -19.51671203226987 45.28941729815433 57.10287452479693
885 -12.52446424406546 65.32722479044489 36.17111548659374
886 -14.89973956082723 73.1773113823162 12.00849753153207
887 -62.74476649242949 12.45552783399629 31.04848785720083
888 -56.64325251532194 42.94472442612581 11.56585495853151
889 -59.62106782993666 12.12109014824722 37.72136488893004
890 -36.52363183316642 12.21592135559328 63.55225285034324
891 -69.53910264400064 5.234370388857077 5.651363973681423
892 -39.3489232367988 62.53168337281683 5.00781700825185
893 -21.14771676743118 12.21385484294756 71.30516036709099
894 -40.16680781454382 57.67528547731936 23.071511603656
895 -66.94737128515382 12.01647179778188 18.22304753339659
896 -63.87633986015412 25.03081623724166 17.99187301047612
897 -14.26164718525587 42.41748478202226 61.00742106198542
898 -37.06753971234757 61.95777282481853 17.38386685445393
899 -5.692785601171565 5.741541723636681 75.42969694439678
900 -5.58793029740212 75.44845529161827 5.615103085944165
901 -56.54646925643529 11.36321522509519 43.14869361918317
902 -4.568988913030715 53.58393985883193 53.52563154198346
903 -12.23237125301433 72.69033430894126 17.3373013264785
904 -11.01116543943704 68.55085969420375 30.31079398288897
905 -34.0884390974958 65.11550009074283 12.28126791598079
906 -51.63520174935837 18.61541612384691 47.65374587009844
907 -44.98096703450179 57.95319008711199 4.089326289902072
908 -6.429845178573544 -50.05913671905397 44.72791566406505
909 -48.97214389401461 -6.373825346365924 40.3313749515703
910 -44.24205031847402 -46.3991828451751 6.745825556315409
911 -6.773479027368485 -38.08979286792712 55.22869710028532
912 -6.5495220199849 -58.74197118913636 32.46553978669225
913 -52.84597570972649 -33.93830751742445 6.347657827936409
914 -32.73323225219527 -6.745270752363028 56.74569554325488
915 -32.7332318010854 -56.74569585736003 6.745270646392637
916 -56.17663807746483 -7.4116492599975 26.45275952466802
917 -6.785458294859675 -25.70323385144125 61.9691900947349
918 -18.99536183552027 -63.84459439446346 6.744802561443926
919 -58.71455464027693 -18.75229341630665 7.194710081764728
920 -18.99536212066641 -6.74480266922872 63.84459429100843
921 -6.549516353153662 -64.49332100631274 18.5802056416593
922 -6.499720840435614 -11.28142968297856 66.167269141262
923 -60.28040392548748 -6.499110124798579 11.69171252869551
924 -26.05084097084198 -60.77048559085897 6.7617207847143
925 -28.84382978158263 -58.08685241949557 13.41875279273142
926 -35.20547421525388 -53.69343707247909 13.42828676311095
927 -31.10562994826789 -54.70747744453923 19.94782607299427
928 -37.18965083636416 -49.94811985496285 19.88607191600613
929 -32.84165659768698 -50.66959569282815 26.2611305071868
930 -38.6611759586006 -45.56615770047989 26.0671275996531
931 -34.06055468358913 -46.01377885408927 32.27216744459804
932 -39.56470236574289 -40.65631894155509 31.90050326780478
933 -34.76147127939375 -40.77872780619346 37.91713137624975
934 -39.99912711522281 -35.13845333534138 37.33921472620232
935 -34.88680568428234 -35.08019906709359 43.12179789299217
936 -44.49639939440831 -34.71838887626075 31.0780767012874
937 -29.34927906505537 -40.43810363426704 43.39798652663399
938 -29.2366860630419 -34.52029187764192 48.32133398414825
939 -34.51087683419978 -28.98602808165632 47.76399828379914
940 -28.63063945990996 -28.18989341859568 52.67095962875155
941 -28.00226526760572 -50.72916969645433 32.22261398777941
942 -44.59947827825524 -29.00381049885434 36.31717842738958
943 -48.75863381392474 -28.34476363789835 29.81653627116029
944 -24.51168095014668 -58.80241012356632 19.3621934877541
945 -23.44707958169461 -39.59069995891914 48.23531539725424
946 -48.29036877226005 -33.87046872755838 24.49469003487429
947 -52.20119421411228 -27.32581488882797 22.95852542328652
948 -33.69625268234495 -22.4453765110587 51.81488153490842
949 -27.55272554455818 -21.516836198933 56.38184103359841
950 -22.23030008464075 -27.07360587359706 56.81634955586653
951 -48.51567706404099 -22.47123217486393 34.87081702707501
952 -23.14857760438704 -45.55901906517981 42.83918432817251
953 -44.0131278418754 -22.97807103343595 41.16781482759679
954 -42.65356065527654 -44.51680376203723 19.57013530226773
955 -20.95615497976132 -20.44574141739172 60.07772455974287
956 -17.59772074876446 -43.85906285291441 47.53630669388419
957 -17.01625822754638 -49.38161239857746 42.05975405916693
958 -17.67777521706294 -38.17047016985616 52.1817880315437
959 -26.46109632720079 -14.25773895260529 59.24196331065039
960 -51.4176180442868 -32.6238258432393 17.52937731986948
961 -54.93816668003957 -25.89529465376911 15.8102000862703
962 -55.76539085540502 -19.5115238808804 20.72481760543579
963 -47.60877019588118 -16.30714725858925 39.49711897052823
964 -42.85722665406276 -17.41406606689262 45.17201150828966
965 -51.74175682032141 -15.67054998312124 32.95056140143559
966 -15.32648050626077 -26.32747313395539 59.83540274785261
967 -13.74002840715079 -19.57090599581766 62.81648129158451
968 -10.57653835219146 -31.97851860984732 58.30068819512293
969 -25.83674389769697 -6.959616816295171 60.85820182198113
970 -33.03693624095741 -14.75496218864714 54.98975830673406
971 -38.24690367150382 -9.690978129881724 51.9638485815309
972 -38.78966450450648 -51.93527927270367 6.817878992148371
973 -6.652466521230906 -18.36974144043451 64.54090392882834
974 -48.81432909417292 -40.54618575978969 6.46866094861341
975 -58.68123140866037 -6.643720794751882 19.07831454262642
976 -58.69799956596607 -13.72311418275937 14.74663115008693
977 -11.69271196315333 -65.96053393779752 6.385915512635282
978 -14.04242464883658 -64.22156025702932 13.94180414136921
979 -56.28027398750189 -26.02384517676614 7.962794771559483
980 -28.69031220323123 -46.24778999775623 37.76050758514046
981 -53.01489233008206 -6.476582807942738 33.59487537793207
982 -23.16886831399302 -33.52017435796215 52.78369143271569
983 -43.71361500915548 -6.312848168726729 47.05872626877451
984 -40.97196082193458 -48.5516600252701 13.29917702123937
985 -6.185643065090559 -44.82565816016683 50.00872052198925
986 -6.326417808843891 -54.73662000861928 38.88435817494943
987 -12.35962573454984 -55.97599047747811 35.1999218974899
988 -12.9377862122561 -59.49035977185135 28.55916241462923
989 -19.76896425608617 -55.58515482276195 31.55775183394552
990 -26.14427096219671 -55.39153360240899 25.78302960622943
991 -6.487365606537702 -62.01427100258191 25.68715202085577
992 -22.53399756800269 -50.30591692268008 37.60286115789057
993 -52.3076770779106 -21.66532350451113 28.12475090633833
994 -55.11843961743328 -14.7813220068264 26.04101334141976
995 -43.78120723548936 -39.95128095558937 25.51837767710522
996 -39.85122609046717 -29.29088634453771 42.25199828810938
997 -22.02176808514594 -61.63958929071612 13.14206387994736
998 -45.92430243574858 -42.94399338742645 13.09731737827801
999 -47.25250455143225 -38.81441287484457 18.97629693112587
1000 -39.09332425097078 -23.13560825966598 46.69109657741008
1001 -12.76551381493326 -62.32009593441455 21.82321709368703
1002 -19.2462708696063 -59.33713250372571 24.27505781613143
1003 -60.29646106887216 -11.42724747639571 6.783874591762183
1004 -11.72730534361372 -5.991348599445621 65.99013431974316
1005 -6.35800776810228 -66.14657447028077 11.49798488597076
1006 -19.94201269838964 -13.50234173312782 62.40969808260495
1007 -16.99310201914968 -32.55019514848745 56.11608095758498
1008 -38.34813223318429 -16.32828605000662 50.18209666828991
1009 -57.43821419301828 -20.12795271715973 13.30116586690526
1010 -50.19559786664907 -36.90199208118938 12.62516140259074
1011 -12.13960381306249 -41.70787933642962 51.37401089961733
1012 -11.83246971574422 -47.23836750116217 46.43532394818237
1013 -18.24433798527723 -61.81275643658702 18.29167138623382
1014 -13.18528374252178 -12.80493164625799 64.67548519533733
1015 -11.53031241940287 -51.9215644427958 41.23537918650405
1016 -61.09890859948507 -5.457485123486943 5.427346866316849
1017 -45.93395899461979 -11.82366867152699 43.29953783282448
1018 -53.70894796169016 -30.60151701189819 12.03886818183113
1019 -4.605294857094027 -32.55946661967097 58.91191856915261
1020 -12.9416917282449 -36.54809240035081 54.94402376009852
1021 -5.672113453476476 -66.97240680752392 5.674100904887662
1022 -57.3223909469223 -12.30602125662764 21.13349952669002
1023 -5.520048613788092 -5.502765036989645 67.00199986745361
1024 -50.41819513311031 -11.32024161077329 36.95962277753581
1025 -42.14828900472317 -12.45319252429013 47.55269573994042
1026 -54.0135832032295 -11.20291983654752 30.27114484673494
1027 -38.90354776032854 -4.062878640410238 52.12063981979066
1028 -16.62538819279253 -52.84285085069928 37.82917618825682
1029 -50.14607078789747 -7.113168022760801 52.39677916277981
1030 -6.597829247092132 -53.60562877138237 53.25395353553708
1031 -50.14193516639188 -52.43356111650669 6.872208453358459
1032 -58.91917787415817 -6.510590582860657 40.3170738471118
1033 -39.02080198730324 -6.60838724435583 62.62552894822579
1034 -6.875171966273792 -67.29983637978613 34.29097925177457
1035 -62.6999469632093 -32.82501080672588 6.945067662512467
1036 -5.915565030538193 -33.44693261827756 67.82993781161488
1037 -32.58425270482314 -66.83112520167282 6.529329175593935
1038 -65.29279655045772 -7.275056842629432 26.1055725850184
1039 -25.53004237023294 -7.083202903043275 70.30083585636002
1040 -6.875166464454337 -72.95853043439344 19.54917924640095
1041 -67.23140170412833 -19.83704477660338 6.163516149363843
1042 -6.939930926211343 -20.70704530241377 72.63115006142107
1043 -18.73364204661254 -72.82440025100888 6.608002604598889
1044 -12.33113587348495 -6.80225685086984 74.39945236863682
1045 -68.84954642763424 -6.35273107138338 11.46747125271029
1046 -6.765676850895001 -70.56789993754217 26.96409012552595
1047 -13.58567844225066 -68.07808678449369 30.14472266128596
1048 -13.68138876948267 -64.4749422249344 37.19197735449723
1049 -20.21781852707846 -64.81400859330331 32.83579512818121
1050 -20.19118592460874 -60.90064812839395 39.64106351522532
1051 -26.56418910630597 -60.81053975332725 35.0863150834002
1052 -26.43605032888157 -56.60212675358505 41.6310599687358
1053 -32.55383622891045 -56.14275695356582 36.87011588964102
1054 -32.23286054340491 -51.67846772838853 43.18828663968299
1055 -38.09852502243606 -50.88125145836986 38.2173818857712
1056 -37.55558399162107 -46.13335821578772 44.37999062791239
1057 -43.17375891283471 -45.06440444637612 39.1448759279859
1058 -42.39941226991539 -40.13283921360242 45.06216540389214
1059 -47.71324526852264 -38.84158839149258 39.59839018136486
1060 -36.5548568410025 -41.01496966487964 50.03104747093478
1061 -41.11708275409893 -34.91600342308965 50.48196106881092
1062 -35.0910628962876 -35.43609560835291 55.25692199913462
1063 -48.21867582758431 -43.55278059002488 33.50693768072045
1064 -52.4520287979662 -37.09835198708006 33.77622669410655
1065 -38.13684652721953 -55.09620225841537 31.78830597137485
1066 -51.66484568550783 -32.24798529551931 39.67137126213229
1067 -56.07289487893337 -30.33437023339511 33.67026503549168
1068 -52.6427597815763 -41.66970048107927 27.51637364819103
1069 -30.21347759141409 -41.41144228476993 54.4949322812716
1070 -28.54453104477601 -35.67763444082711 59.39180523868789
1071 -33.25216154508235 -29.53379484045231 59.87520977124577
1072 -26.50250474326388 -29.56778411355099 63.70713454255822
1073 -23.42438465791432 -41.40794597386864 58.30438503113422
1074 -26.39857220337848 -64.34476434620214 28.26817537099926
1075 -55.01104099841569 -25.30485551567533 39.40305095973585
1076 -59.0844432345341 -23.2649552445346 33.22246223522117
1077 -59.83491621859419 -28.14202164985387 27.34588250620789
1078 -31.05166907176991 -23.82870534411593 63.68943302456422
1079 -37.53508297445521 -23.24538422008976 59.66149932126106
1080 -23.82359296058827 -24.00704355846702 67.19726733525277
1081 -62.49788029116159 -20.97802780926672 26.75043355653951
1082 -62.76283119310041 -25.85533565346028 21.16680561242827
1083 -65.41540751103319 -18.16244717755053 19.6401336558338
1084 -59.937969103439 -32.76821778889001 21.24745577417923
1085 -48.16691953177433 -47.859035264754 27.11096845766612
1086 -52.31956463478837 -45.73767763575977 21.0142560362879
1087 -47.57512705665498 -51.69135698833421 20.50203959817444
1088 -50.30682317899831 -27.06793165605869 45.21473924199289
1089 -53.35949583814449 -20.0639960620766 44.73697950994837
1090 -19.97734193491883 -56.43205964934126 45.88944004782469
1091 -48.53516228560387 -21.99113485558038 49.99927037719721
1092 -19.34401127051406 -29.24374460101538 66.81769275797271
1093 -61.40484877777852 -16.3122285945608 32.39185297305877
1094 -24.95492338526282 -46.9989485498721 53.08280953632199
1095 -18.16280585238907 -46.48548469379125 56.66672396565859
1096 -15.98193169521962 -41.0757309240765 61.4215030546987
1097 -35.16033466179813 -16.67958044117708 63.44422946054307
1098 -41.88574138983117 -17.22057517519682 58.27425521320433
1099 -11.32604700781647 -45.64160072397459 59.3845926388034
1100 -16.48857264510416 -22.23731290332938 70.32709456267082
1101 -22.35162037504885 -15.70747417507765 70.1795639094149
1102 -65.06335588237749 -24.0882520363055 13.76626125406945
1103 -51.14854896585247 -14.46222931133187 49.67107047420188
1104 -51.48571745998285 -49.32458309129449 14.23567737693257
1105 -56.07798566038387 -42.90043239489855 14.58509804870099
1106 -46.44118072960809 -55.07055450519577 13.61028532520092
1107 -42.23012844896839 -57.17052549910142 19.7437805193461
1108 -40.89769632174501 -60.14402812009052 13.09752250301844
1109 -36.59983368063126 -61.8193647516344 18.97261859521829
1110 -54.78707311730475 -46.54679116527451 7.431822797426369
1111 -65.32288737420127 -26.19726829514529 6.594661548527348
1112 -56.09491672996653 -12.97953509125792 43.38722016639791
1113 -14.13229746942973 -14.82750602533377 72.8392217281622
1114 -10.95940162407864 -28.36152646929956 69.38965945288459
1115 -18.42465825003203 -9.844545618827521 72.55141656769867
1116 -30.01337798991669 -12.79851065292654 67.34274337325851
1117 -44.64876207626386 -58.00916480820901 6.735686741324146
1118 -6.84321843093345 -63.33814761413232 41.157486707857
1119 -59.13303121913835 -39.7889399560829 7.412127492985813
1120 -60.53927173362747 -35.17176168084993 14.23739106055218
1121 -6.478395853107599 -74.623651770707 11.94383830825737
1122 -14.21115589255752 -72.89921883413099 14.43862018182116
1123 -67.46475054471836 -6.520829913621757 18.75948493704716
1124 -67.55510723653154 -12.20425532864522 15.20333838694374
1125 -6.752540173493026 -41.02800099105616 63.43354840495264
1126 -6.760056069206639 -58.76179216658712 47.4767906976117
1127 -13.59197557752525 -60.22663325737977 43.77085821259183
1128 -62.42603819850159 -6.167775043200669 33.58682454345269
1129 -43.41301418283956 -49.58711951287464 32.86129613865629
1130 -44.99121979795385 -6.250785776072324 57.7508457468943
1131 -32.42935146168536 -60.01234500125139 30.32364476146075
1132 -57.67548149237331 -18.53490948340813 38.67036433880671
1133 -46.6593148565211 -33.8377152889414 45.26584318517048
1134 -39.47269403386544 -29.17145842891637 55.43370228721166
1135 -43.37905767350142 -23.1026822419111 54.85045274027499
1136 -64.3679574601321 -14.25898617667076 25.93389836420008
1137 -32.76176862038378 -6.498232596342426 66.73175646883836
1138 -38.80870997812794 -62.78572504264064 6.560654451360114
1139 -56.53630734811374 -35.06959629666952 27.61275595042311
1140 -25.87130346297821 -70.21175001725608 6.480857639978208
1141 -28.87003647744667 -67.87111167417611 13.1048912743664
1142 -19.98364419838055 -67.95270233779696 25.93393180628114
1143 -25.96499817079663 -67.38080012191975 20.63793240887944
1144 -43.12493183027617 -53.61007119707462 26.34700012998579
1145 -13.30204747834902 -70.91754719905973 22.86917864592509
1146 -31.45600711367895 -46.81533417334444 49.01580036621284
1147 -21.59048997099354 -35.46974203329123 62.87507485587629
1148 -45.1396206138647 -28.5629204526233 50.42496589789818
1149 -13.61303417442035 -35.23332232230633 65.5825624782382
1150 -56.60655473402311 -39.14222296096488 21.23349022049785
1151 -13.3509560675272 -55.56530133869285 49.63149743162705
1152 -25.96904994127957 -51.98137133865076 47.57858955065001
1153 -37.60284238374527 -58.75269893502777 25.33674229818321
1154 -22.33543091067475 -70.66149078732343 13.40453499866183
1155 -19.28443672160714 -70.28172365294837 19.56932778559276
1156 -6.557696664125114 -12.29889532189878 74.55779085370511
1157 -54.9943980470415 -6.141386237921558 46.44639193058988
1158 -68.77363844277966 -11.8614937159343 6.594232194769531
1159 -11.54422858921094 -74.57458989213863 6.506003005453508
1160 -19.40831596934365 -51.65988191599295 51.45964764867907
1161 -35.03181546904957 -64.41745118583962 12.82088331441681
1162 -46.87790030634422 -12.42647330049531 54.91381711556996
1163 -31.8310807191132 -63.2355229174422 23.825014855677
1164 -12.74824794186295 -50.58606425352001 54.86693029139197
1165 -63.53849888028125 -29.33096117411838 11.85969838219312
1166 -60.04462956835374 -11.93851068618505 36.9801432586877
1167 -69.55058837178703 -5.393399740835996 5.325790573760157
1168 -31.73796568064566 -65.19081432377584 17.98573236527127
1169 -5.688822868380191 -75.43031965507494 5.737989736800674
1170 -5.092038903294021 -47.71534471106105 58.76671006287384
1171 -5.523946122000734 -5.590863449046573 75.45580957302838
1172 -66.23847294566121 -12.01187385192207 21.05993490397974
1173 -35.6108607474259 -10.96858851306889 64.3849678647079
1174 -41.3773988967688 -11.55307021714867 60.07350904940505
1175 -66.97512682580138 -18.01478811861502 12.14742788046896
1176 -46.37018374469273 -17.81424731123671 53.93003534210906
1177 -28.22874213265732 -19.03329237541986 66.77708997154278
1178 -18.73705799600648 -4.261431118146763 72.99815681076608
1179 -4.299803155474726 -27.2109879244397 70.70076186704384
1180 -62.36494313880486 -29.821430587333 16.90851340005621
1181 -63.18091719173255 -11.16775576268864 30.49030506713344
1182 6.439579565038208 -44.72808308457549 50.05748096210058
1183 48.98023479669658 -6.746084297426075 40.25897784848935
1184 44.24205081663566 -46.39918227231483 6.745825634271803
1185 38.99138161225802 -5.804246191578478 51.87634809716736
1186 7.088396756094693 -58.88632042786168 32.06532343107678
1187 52.7638652049711 -34.14806314336656 6.03772991065113
1188 6.042883242988944 -33.01687696995628 58.49953672124668
1189 32.73323225219931 -56.74569554325214 6.745270752362569
1190 56.20604352214369 -6.746497619568813 26.55519009658097
1191 26.09735651535996 -6.745013672434345 60.74829502511473
1192 18.99100760753108 -63.84584953972136 6.747692878438572
1193 58.6733417833511 -19.15847495810396 6.495248905427937
1194 6.694511694412771 -18.3486402466033 64.54167170766512
1195 6.425262382652678 -64.17431910397431 19.70310665514873
1196 60.08550195964547 -7.841724974559249 12.07102186934182
1197 11.63703698623364 -6.002450203467211 66.00837225407665
1198 25.98997922749606 -60.8171367266638 6.622883657905539
1199 28.83494089619441 -58.10933874161714 13.34418075526564
1200 35.20556183441973 -53.69335064684027 13.42835570499893
1201 31.10110238541427 -54.70578419304628 19.96096962225801
1202 37.19300872805182 -49.94397041033087 19.88892802478018
1203 32.85476121558399 -50.65968012066101 26.26051304622131
1204 38.66458973771345 -45.55899093349047 26.0735529251279
1205 34.05592442462299 -46.01877033115475 32.27093725359502
1206 39.5703896243221 -40.64986170925811 31.9002347032894
1207 34.76157835836986 -40.76829507551889 37.92822979228429
1208 40.0006136536456 -35.12550506458186 37.3494782865357
1209 34.87809692476496 -35.08755770166831 43.12429711266265
1210 44.38954908514528 -34.8738537464103 31.08806261606583
1211 28.9556978696316 -45.83479381000331 38.01911100762931
1212 39.84943601416103 -29.21087557991466 42.30939200018025
1213 34.45664837772802 -28.95255919466027 47.83141870434627
1214 29.19037740905103 -34.57303149781171 48.31735490696862
1215 28.52130920771551 -28.26876174307645 52.7001374251514
1216 26.5032654612628 -55.03543975007235 26.10203619568309
1217 23.00410540714168 -33.63366410844976 52.79831252145067
1218 22.13988426451663 -27.24467508482585 56.77708997009737
1219 39.15556003972419 -22.91402675077152 46.73753563110347
1220 44.22418593798033 -22.98669570348054 40.88959311954906
1221 27.31899542999269 -22.0040528443641 56.33078706156603
1222 20.86043359675556 -20.47912867262443 60.10647524825644
1223 23.48189183761736 -39.7043755693747 48.12133644468535
1224 42.55130535417229 -44.58575783215868 19.68099124508198
1225 17.52421784188006 -38.06814349955923 52.3187581885237
1226 17.80561485586768 -43.52897350127283 47.74598962699801
1227 43.18456284602847 -16.77834105022713 45.03686755470273
1228 15.35140021155377 -25.67359299541559 60.11119828450122
1229 47.87356970470429 -16.83407361329101 38.8857707648435
1230 48.56459171861782 -22.95767614166386 34.46961073768315
1231 51.84964599777089 -16.72792849326941 32.21836589990004
1232 52.18603168180915 -22.67353353096648 27.5973082503187
1233 37.783062717832 -16.94484389132647 50.49308902385965
1234 55.04809270556061 -16.53165559136152 25.15296230580686
1235 55.01319280788731 -22.2163082928421 20.42157498773768
1236 51.80943508405353 -28.40965077843397 22.71056671801195
1237 54.30421928139286 -27.53268128354158 15.68144525302215
1238 50.86542692481717 -33.49748393202074 17.81991169095105
1239 57.79198474651727 -14.5317774477827 17.93810231965919
1240 58.63507269784171 -6.72766666679985 19.21936180288274
1241 26.29906463639405 -14.93210932911905 59.16272545366769
1242 19.72447132443626 -13.28173311055513 62.54016041704989
1243 31.24791923450956 -10.75564587156032 57.13501927154097
1244 38.78978364036936 -51.9352055771739 6.817623721138294
1245 48.92794052749893 -40.40176674071817 6.336828030472576
1246 44.21271420316813 -6.457551459564644 46.47378881252858
1247 11.69209114743004 -65.96062459446705 6.38634854152267
1248 14.8994392017267 -64.25441573246576 12.65976264856015
1249 55.99248308988377 -26.8532516268961 7.646600812944175
1250 53.02831756961179 -6.655320236538016 33.53439208304915
1251 40.97061577658076 -48.56234680906628 13.26509930979928
1252 27.98898671905183 -50.72994891330513 32.23528263237567
1253 21.45439483221894 -54.66834933082945 31.83189333872566
1254 19.76333414991699 -58.61546478809964 25.49714660631138
1255 14.51640929269656 -57.79536268370905 31.01979669342435
1256 16.43582518330064 -53.54046931173055 36.93755090578965
1257 12.5342299307851 -61.36634154183675 24.52088110413739
1258 6.350949859487397 -50.01276137043184 44.79331455318544
1259 6.399310092349996 -54.69015602748733 38.93534640455779
1260 5.970604593683035 -39.2419245917518 54.52915484221417
1261 29.34324132633689 -40.48255406782507 43.36144749568282
1262 7.816338446246634 -25.3888863472074 61.95255641449243
1263 16.46644737907818 -32.19880447822253 56.5065831125595
1264 13.90789212728432 -19.38859191422414 62.82851918631378
1265 24.51611551041719 -58.6988848937376 19.66717404186392
1266 44.59118407856295 -29.07140129754097 36.27537566289105
1267 43.63507157512711 -40.0811230794039 25.61608186227185
1268 33.47247188175604 -22.85642803099205 51.80990477550336
1269 22.01647332817334 -61.65413034278466 13.08439610335659
1270 22.82155855254307 -50.12313161280458 37.63798783262189
1271 23.46005251935928 -45.03396869230986 43.18877297744005
1272 17.82032357524799 -61.71030180030126 19.12234366971586
1273 46.06557471360415 -42.76696146692342 13.07892164497961
1274 48.56284179322657 -28.8805470219172 29.68698651561564
1275 60.22410303614778 -12.22733815166252 6.131807845587348
1276 7.123393917669705 -65.92979323774269 12.1824086303242
1277 6.301843062083707 -11.59504491064757 66.13610508750014
1278 19.01563628048384 -6.110379909157745 63.90112747555411
1279 57.10953563100267 -21.14911505702529 13.42121190857754
1280 47.94387267521576 -34.36121075757646 24.63069845018605
1281 5.399524334939831 -62.13495401688129 25.69849096366381
1282 17.53808694086905 -48.75992152039021 42.52426761747986
1283 32.17410168330738 -16.68254432009023 55.05509660082771
1284 47.06004770855511 -38.99243151954235 19.18628769403993
1285 11.65667841676045 -51.91535227619873 41.20039828960511
1286 11.61533015906517 -46.88975410035171 46.85280733446662
1287 11.64691625361558 -41.49806188318902 51.68037715482672
1288 13.08874337968211 -12.77802592567073 64.70441703516278
1289 50.09836677472105 -37.16483508637639 12.31550577587586
1290 59.03751235514848 -15.18865280395745 11.26612414098815
1291 11.85309141378434 -36.13145874765623 55.51246910371695
1292 61.08450849765559 -5.702221612292028 5.370721550289057
1293 46.19484708694428 -11.70068009781401 42.99753955366741
1294 41.3398230372498 -11.65979083809844 48.59726874370468
1295 50.61855051353662 -11.40820866775334 36.60094603028299
1296 5.691305764214187 -5.695580112462528 66.96862255734939
1297 5.672113402255252 -66.97240681080218 5.674100971028452
1298 11.0385182903718 -56.11811437447459 35.5011227608649
1299 54.20244206193691 -11.81640734563996 29.62440372731519
1300 32.91838525655132 -4.957934770224614 56.80078191259724
1301 11.74767069959849 -30.23391099661764 58.95779383295849
1302 11.98418292804166 -63.71336985827351 17.99799146721932
1303 36.12970766560714 -11.41501581172076 53.41876401591799
1304 56.95250948817372 -10.97972227785359 22.98739181162735
1305 53.12845972360881 -31.82861287774135 11.95976715592241
1306 6.596336328512475 -53.60631230155211 53.25348334632788
1307 54.96404140985879 -6.608849111753957 46.42465412073198
1308 50.14076428384741 -52.43529705873851 6.869032300916917
1309 39.91015582422814 -6.996229303615289 61.91865424590946
1310 6.875171966271195 -67.29983637978751 34.29097925177248
1311 62.6986316115136 -32.82824405707624 6.943785280883739
1312 5.906863745528549 -33.45119527460881 67.82872902592509
1313 62.53818197617212 -7.85161095717646 32.98431291689977
1314 32.58463620196377 -66.83113315381837 6.526988748575944
1315 25.52753900154446 -7.084902234706462 70.30173654362255
1316 67.32958166436538 -4.936292485126081 19.78748870111276
1317 6.875166464454453 -72.95853043439344 19.54917924640088
1318 6.933563675539371 -20.70925265955415 72.63123732125288
1319 67.27067178605088 -19.57609464245174 6.484463413686429
1320 18.73364214925436 -72.82440021619692 6.608002645200188
1321 12.3266358944303 -6.806426561493726 74.39995030197031
1322 69.09901231440031 -8.335059574885305 7.861937940602569
1323 6.765676928191047 -70.56789988108747 26.96409025042679
1324 13.58567668961929 -68.07808706532028 30.14472295809047
1325 13.68079226453425 -64.47533178121061 37.19156066315013
1326 20.21641650855225 -64.81441274849654 32.83601510865326
1327 20.18977895315909 -60.90249288412035 39.63907431784422
1328 26.56059069916493 -60.81257081974533 35.08600713132601
1329 26.43192423553449 -56.60647371499829 41.62823905688144
1330 32.54690730824685 -56.14797897074022 36.86937719205868
1331 32.22598455332265 -51.68549841668474 43.18592412562555
1332 38.09099227110914 -50.88944979886544 38.21531980366273
1333 37.54737472724113 -46.14369139823625 44.37743821839583
1334 43.16599865154045 -45.07450852140153 39.14333298184096
1335 42.39196643277555 -40.14244016721658 45.06187262064447
1336 47.7083536520763 -38.85018575932875 39.59690439648028
1337 36.54521284288808 -41.02419804121951 50.03178827629257
1338 41.16480432077761 -34.79237065785245 50.5214610243217
1339 35.07946323416276 -35.44431612593863 55.26033356390774
1340 48.21618636784742 -43.55952670125532 33.50239204199103
1341 52.45142976611376 -37.10446439136096 33.77060892656228
1342 38.12913689053978 -55.10500480757727 31.78395339088554
1343 51.66012165544829 -32.2637939761532 39.66576911017978
1344 56.0782832660568 -30.31971388722416 33.67288635031115
1345 52.63643174710749 -41.68022358625352 27.51470835844419
1346 30.19975318515605 -41.42171371513301 54.49609623646049
1347 28.52992261779724 -35.68646582583627 59.39477581432411
1348 33.23684168431407 -29.48974000118346 59.9069476777573
1349 26.48668679309064 -29.57240057270379 63.71274797567106
1350 23.40821796778475 -41.41767931249406 58.30512753899585
1351 26.39582898783733 -64.34551931136413 28.26947720667209
1352 54.98889166401936 -25.56442791731034 39.27172020331275
1353 31.0353099828457 -23.82529684536473 63.70010894839503
1354 37.52950020863331 -23.21476064604317 59.67756269439705
1355 59.06362267418189 -23.36387074387549 33.19668771050084
1356 59.82050242967749 -28.18525921881185 27.33853103633334
1357 23.80600867276154 -24.0130104705563 67.20248262045612
1358 62.49541682976366 -20.98153745239545 26.75446699257338
1359 62.7604381995479 -25.86101411522939 21.16823490397168
1360 59.93747567596591 -32.76880742848574 21.24818757831928
1361 50.33633233840546 -27.27274296254473 45.05263793820178
1362 48.16179237426294 -47.87025785909091 27.10189404178345
1363 52.3157626289945 -45.74777095565399 21.00344307377288
1364 47.56954955734337 -51.70273129989729 20.48861380714302
1365 19.97402796983666 -56.43545639624298 45.88696374844341
1366 57.71768034158745 -18.67178141707903 38.53003801488675
1367 19.32604378902357 -29.25153870626873 66.82041065173746
1368 65.10233749779577 -19.0002485025536 20.06950206400727
1369 24.93951519485221 -47.00931896711676 53.08216568259301
1370 18.14807778536513 -46.49439446903971 56.66497778791636
1371 15.96898854604266 -41.08382868206792 61.42005575557644
1372 33.99408800285564 -18.02713169084445 63.82397557829738
1373 40.77981177201337 -15.35790939053139 59.70220994023833
1374 43.4784340207278 -22.52744147881655 54.99678075050112
1375 47.02564806190783 -15.8474198178429 53.87457964815472
1376 11.31289999862113 -45.64786294945502 59.38273275604111
1377 64.34232121418071 -13.79048675118241 26.26014317826883
1378 16.47162206078069 -22.24284204201948 70.3300285157174
1379 22.33672863018262 -15.7147940265626 70.18351533191232
1380 65.10752940580768 -23.85899616672759 13.918446188809
1381 44.73562128283057 -9.910587594998375 57.47259057891308
1382 51.48222043605077 -49.33165040652425 14.22609420349098
1383 56.0759975956276 -42.9057877128894 14.5783539274529
1384 46.43763047500995 -55.07642195434838 13.60081950964901
1385 42.22419126188097 -57.18033740152121 19.73033392132185
1386 40.89554348181206 -60.14762274277253 13.08893536678562
1387 36.59630221937503 -61.82501298127021 18.96224224909618
1388 54.78533295061195 -46.54991593342484 7.42737108133019
1389 65.32288908798604 -26.1972639172073 6.594658922282695
1390 14.1177974119699 -14.83148161186874 72.8417271100938
1391 10.94744258568389 -28.36628028165411 69.38994109730022
1392 18.41695445004148 -9.843537746968028 72.55385923713914
1393 29.88930399887638 -13.00048176749828 67.36912830564125
1394 49.70710203530813 -7.349960343975445 52.85528341062935
1395 52.15750353252572 -14.58805708305053 48.38045300054461
1396 44.64726892389629 -58.01098736280555 6.731654799728399
1397 6.843217828160174 -63.33814824976106 41.15748584773603
1398 59.13146042702343 -39.79213742459835 7.409735256083364
1399 60.53730684366958 -35.1760506628643 14.23664555453289
1400 6.478395867906011 -74.6236517671463 11.94383832104454
1401 14.21116125580565 -72.89923072369938 14.43855391474517
1402 6.760056930652438 -58.7617924724802 47.47679017451477
1403 13.59111403639543 -60.22720484433801 43.7703870740212
1404 6.752540182528263 -41.02800100397406 63.43354839546453
1405 59.12216059556116 -6.534374015688936 39.96130740133556
1406 43.40803076815855 -49.59696206955493 32.85420472416804
1407 32.42324076991472 -60.01642543322406 30.32327408027552
1408 46.70038483405777 -33.79066326355773 45.25105920649422
1409 32.68360558767657 -6.555958078234315 66.77129384227717
1410 61.4272203154439 -16.01727049000469 32.48885717879055
1411 39.50999026932028 -29.12363051288434 55.42752543798679
1412 45.28936954742336 -28.26673714098639 50.43357675491069
1413 38.80796803619482 -62.78675046607174 6.55600954960035
1414 25.87130360413836 -70.21174995276951 6.48085767425246
1415 28.85769650864964 -67.8745850599941 13.118944446272
1416 56.50668503091585 -35.12894179956994 27.60880694738016
1417 48.9080871931811 -21.69153809373616 49.70080716130339
1418 19.98238900470415 -67.95287535823448 25.93461869995863
1419 25.96178133460724 -67.38158768715064 20.64013254298251
1420 43.11901811721242 -53.6205915693722 26.3370032596641
1421 13.30263124384265 -70.91713872254495 22.87004515993656
1422 31.44661996322324 -46.82375336954139 49.01486104368604
1423 21.57342353045044 -35.47863050359793 62.87696685568062
1424 13.60387779655401 -35.23646419725139 65.58311395644597
1425 56.5988456777667 -39.1611019702077 21.22290603624411
1426 13.34553056667355 -55.5688538656058 49.62924002121555
1427 65.35121367959911 -6.325526571892055 26.18028184368389
1428 67.57746286869187 -14.81906215712872 12.52673530995195
1429 25.96035732717149 -51.98877074198444 47.57609884082119
1430 56.49893511292655 -12.91243614687029 42.78496191455529
1431 37.597875039214 -58.75930413076979 25.33011656280504
1432 22.33389291129887 -70.66176384159621 13.4061172997974
1433 19.28356383083879 -70.28174078705835 19.57028041511778
1434 6.557696663631486 -12.29889532276843 74.55779085361286
1435 11.54422920921124 -74.57459031959819 6.505996806588371
1436 19.39881160729615 -51.66562108057879 51.45811144982183
1437 53.55482480022505 -20.35936388070442 44.3264658383895
1438 35.02876648767734 -64.41993584633906 12.81821992655609
1439 31.82777217164548 -63.23866691888448 23.82188146515457
1440 12.74058052413092 -50.59097701803104 54.86449982187997
1441 63.54754073806441 -29.29697358530959 11.88656664905198
1442 59.69569100779103 -12.30056491818304 37.5236214901977
1443 66.75232920819404 -11.51653011450167 19.35435377035173
1444 31.73179901081148 -65.19421249639129 17.98624399974105
1445 5.688822895751787 -75.43031965053748 5.737989764459883
1446 5.082785910015415 -47.71600023911586 58.76712122078088
1447 5.523946091883403 -5.590863418193964 75.45580957791339
1448 35.55733989871521 -11.68296173728544 64.29417917721199
1449 68.62534128364999 -13.36203497277139 5.445784171848604
1450 68.522954168936 -6.238640795951445 13.63233113243308
1451 45.02266006967081 -4.453707546222635 57.88815839341255
1452 28.14242479666354 -19.10701810252321 66.79899038317777
1453 69.66665614828754 -4.24322257662429 4.51602851837275
1454 18.73605655249303 -4.26485501084807 72.99826006170134
1455 4.292023534387116 -27.2121204574082 70.7008827858221
1456 62.37477446354765 -29.78707982269855 16.92629821912727
1457 5.856046538840081 58.47831481713893 -32.36616029922175
1458 39.03855620688262 51.04460472085815 -5.685840890918661
1459 53.54622303709249 6.609108809142983 -31.76995579442727
1460 34.59398246650496 28.51694947828766 -47.25858283034965
1461 52.56080997663068 33.17984487396777 -6.62316999407601
1462 21.34335741145997 40.98980182708425 -47.64430472657683
1463 58.21643307474356 18.68656354813509 -7.885172814870911
1464 26.43231446148231 60.02941640147186 -6.22796666452833
1465 6.761640806289234 64.30237550447757 -17.83759354980079
1466 41.6191789896031 13.00292295451263 -47.58005102615525
1467 58.70001121358031 6.143708716469689 -18.08892490667005
1468 6.725550398228723 49.98097800243396 -44.39575305725472
1469 11.57647964710044 65.70501272743523 -6.403408533115572
1470 13.10021693263914 45.56436054694225 -47.2334090993071
1471 20.02410673526162 46.89153180762287 -42.1084567197048
1472 26.76297770026382 42.37634891667157 -42.15319288298662
1473 25.43930526329186 47.75880019650937 -36.62216475227726
1474 31.61303123719919 43.4913247475311 -35.84529827692309
1475 30.25503156763907 48.40714848887291 -30.27503296407167
1476 36.26886319908805 43.47499512454316 -29.56772413738423
1477 23.74254879553093 52.63277833272585 -30.6614800081591
1478 28.38953891211469 52.94450560798509 -24.36976761960782
1479 21.67897489174404 56.87297312406758 -24.47758786993236
1480 37.28640954237898 37.78042191141333 -35.68813289761662
1481 41.6994141257405 37.848137524668 -28.67773206672653
1482 43.03879129631238 31.90077221599935 -33.56668427674784
1483 46.59924883672586 31.88497857740811 -27.03471583605132
1484 47.31908491770231 25.9147934665251 -31.99621587453312
1485 50.7084211685467 25.61107172519862 -25.23044589886358
1486 45.37666985611705 37.40498940429143 -21.8148358801785
1487 50.89911809600808 19.58057493570986 -30.28973098806322
1488 54.0612990238486 19.07925273916937 -23.28821544023078
1489 53.55244570696661 24.82599724016196 -18.44376170374923
1490 47.38925516517772 19.73530919605274 -36.6174221039655
1491 26.13478287147347 56.91602049746459 -18.26726551245437
1492 19.09328954325869 60.37463605172873 -18.57077830134998
1493 32.58444633310076 52.5942948446916 -18.13037459645898
1494 14.68097785647292 59.90643268815959 -24.3878623605451
1495 56.51180609744951 18.4079784506587 -16.26584231370851
1496 38.62753235328594 21.34571814804499 -47.40159589016768
1497 39.64464896591443 27.14955426015835 -42.58488990009789
1498 28.9360345432098 36.1524754276831 -46.48841413017957
1499 45.85331588627488 6.498412468300369 -44.17814399890203
1500 50.64451037669819 13.28674326994878 -34.63305046266548
1501 46.95369579101097 13.0538697865326 -40.72233087266226
1502 53.92906904246209 13.04704780244386 -28.05794202774619
1503 35.03811404987908 34.30592803477355 -42.10192152214375
1504 17.26217782780181 56.12269971973403 -30.27585501386134
1505 18.76700986335384 51.71871610840992 -36.49536126302122
1506 12.19188248205852 55.34409041350924 -34.98314175389192
1507 49.77389141927332 31.33137630434143 -20.29144596474393
1508 48.90162892487039 36.56271572938533 -13.55127576266143
1509 43.84374394600177 42.45935724267895 -16.00793313179456
1510 46.1875127757761 42.3266739299922 -8.742975944192438
1511 40.2627089023662 43.09499090184487 -23.13820010975543
1512 55.6335499715581 26.59546569706169 -6.844520713114436
1513 60.15711282010191 11.05596461482584 -6.483046999944231
1514 13.00005090301368 50.88821608296622 -41.07258420844507
1515 19.28550300709036 63.30102660386474 -6.518052048669047
1516 34.5826942921787 48.27473657610005 -24.0480396846271
1517 29.7947126480306 56.53084172018389 -12.41182316956076
1518 60.24615841875135 5.853302602120054 -11.04707881034818
1519 56.43829214359089 6.312874983604045 -25.13544639382062
1520 7.548380893001399 61.68263667194362 -24.9265436756018
1521 50.05706786423895 6.688802617275757 -38.07530255348873
1522 38.35978827728761 47.75209008623792 -17.67444934780885
1523 56.65934946963558 12.56319342224958 -21.0976383924111
1524 53.00105436570538 29.45276992751418 -13.10647754992768
1525 14.27777890233106 63.66899849959876 -13.29212264668611
1526 6.469059919142973 65.93518934826901 -11.17253427327057
1527 41.61324775198869 47.01218074444311 -10.8671108215193
1528 58.74143242637192 12.23482959082429 -13.59531420184213
1529 5.990210081627829 54.68562336641824 -38.47786890852791
1530 22.59957296574414 60.55346936035559 -12.64853215173495
1531 33.16818448194423 55.77511148182313 -6.138302093766701
1532 55.68698399119866 23.58160699061641 -12.48044110562556
1533 43.4924230640724 19.43024226620368 -42.5498297591524
1534 35.89131120949282 52.12133592982256 -11.89467068205123
1535 12.59926930097507 62.41205439550906 -19.47237391252661
1536 5.54839045505945 45.99909838491292 -48.88076910793801
1537 43.32365802278069 46.85609476784956 -5.003811398423275
1538 43.99271650158672 25.66554920727652 -37.75254712864015
1539 41.99126245842604 5.592278251865112 -48.86722513027571
1540 5.733087385308965 66.84168913330811 -5.660819789341375
1541 11.68632916540092 58.57493842776454 -29.44822696610406
1542 31.8030255791469 39.13789530405449 -40.81531703070671
1543 61.04199939382782 5.222389525635953 -5.225500259833619
1544 39.73683401047474 31.67070961409289 -38.71520488566934
1545 49.69837081379902 38.36689299113469 -5.576170166616054
1546 33.51970154549461 46.12683831299445 -47.33088832846776
1547 48.20297153857513 26.75641484536605 -47.4201756549365
1548 5.680660360574699 68.45305053018491 -31.58978823168658
1549 54.83098748842582 45.74387912446066 -6.177702836463773
1550 38.59660166999725 62.32565011670914 -6.160929939446389
1551 65.02016411649879 26.01007060103229 -6.306099140253547
1552 63.21188273964485 5.515057082054315 -31.37133093102045
1553 19.84452475189166 54.73863405351469 -47.45816780260235
1554 25.55406926034033 69.8950219928922 -6.42779987275792
1555 67.44277240448788 6.880716888384489 -17.66824530173651
1556 6.066638693556279 73.33043042854401 -17.4225698592768
1557 53.25094650143541 11.95310766495808 -47.38724546814178
1558 6.261420132802582 61.35725646428784 -43.86094038835581
1559 10.96996883180144 74.51983750908516 -6.075004186520085
1560 68.7274162082186 11.24747084662787 -6.134155822736458
1561 26.77857234128702 51.24211241498097 -47.19480906506848
1562 32.3167781879801 51.56360846559105 -41.81273947088594
1563 38.39107914908761 46.67978788576207 -41.34978173727085
1564 37.00150176047205 51.82316664611908 -35.89703790298892
1565 42.62605441314444 46.83679574915497 -35.26544226852458
1566 30.72483322161066 56.47067349587834 -36.09161406376094
1567 41.25492857872123 51.7065731408766 -29.63034058274192
1568 46.63106928725064 46.45535091687106 -28.87030056623415
1569 45.09552009994172 51.18003276336092 -23.16891630636489
1570 39.45227574894812 56.18248909854596 -23.82993575275718
1571 47.75288626136943 41.36259943003438 -34.33964587233339
1572 51.49735768631655 40.77136955377235 -27.8003324834268
1573 52.33961451768465 35.47975037797784 -33.1294836074202
1574 55.80654191443207 34.71925341507907 -26.46809539440101
1575 56.36269700653344 29.28059410623943 -31.62014331178163
1576 59.51936419347749 28.3565969780565 -24.9372597230274
1577 59.31998805779175 32.56407202167937 -19.7266673536259
1578 59.76445205487202 22.83725705265978 -29.92015040922268
1579 62.62312898052761 21.84298025748985 -23.10725294434791
1580 56.4203226915852 23.64930773756399 -36.43354933246708
1581 43.26234420302568 55.42113697296371 -17.27193997610874
1582 37.39564932898698 60.13504596167261 -17.85316441170134
1583 33.34720363172652 60.63342974519899 -24.23855210341864
1584 30.97172772621674 64.31549638431068 -18.2563714811752
1585 26.83185163732166 64.45092806830753 -24.44066144551044
1586 24.26696801867392 67.79619721162072 -18.33856367798075
1587 20.01237011841918 67.56831192932097 -24.41396258491338
1588 22.45856892406135 63.99483630402364 -30.51992022625915
1589 59.41785700717755 17.55295207594703 -34.51196916055326
1590 48.60050021199612 50.1638433582486 -16.63440844671306
1591 48.40679040557408 35.94601411685503 -39.55299096339576
1592 17.24006838842523 70.48910448772429 -18.46769554321473
1593 46.85928993757383 53.8649939014482 -11.29074439885406
1594 13.18962426393587 69.86332368759939 -24.23152565490085
1595 55.66525956468638 18.25140884299141 -41.17257066953646
1596 58.49043302100164 11.50721206426093 -39.20369510243997
1597 44.75040211845003 34.19254231813186 -46.4086042251837
1598 40.13234793673111 39.96060922873103 -46.78238958027089
1599 24.59831089228325 56.44560780759182 -41.94059184158377
1600 18.72370202994535 59.4653113029033 -41.55299877460828
1601 12.14499842839924 57.40517875491814 -47.54634179992228
1602 51.16822853678628 19.69189555598406 -47.33521822994702
1603 62.66260393769065 16.47932069251596 -27.54187587725519
1604 65.15817856883403 15.03742901327737 -21.00858806535695
1605 64.49427956766485 21.73663399564819 -16.61166745580066
1606 67.10682053834309 14.7493877899389 -12.98033008234784
1607 65.1254054263145 7.994191899138803 -25.40102109316949
1608 67.2100505617486 18.78359858598245 -6.142567930081028
1609 52.82340149405138 30.06832014912677 -37.80336595140425
1610 15.80354130396357 66.72688334210009 -30.1697229831427
1611 18.05092629225063 72.70308816310899 -6.515199054436408
1612 43.62584672099734 41.59933873771361 -40.56140608861715
1613 56.64814092143506 6.182792567367383 -43.76088900884341
1614 62.13823968727166 33.06861440313391 -6.433004176382374
1615 62.90867099038492 28.42958600076944 -13.0754307403504
1616 50.22833220020225 45.68667932271515 -22.28046693191474
1617 53.02241708195154 44.93702941468882 -15.90517318997876
1618 35.33974783734899 56.52278371046905 -30.05136674575243
1619 32.23769897340442 66.48745386176554 -6.308418672519393
1620 5.966267274678533 65.22062542829055 -37.81163893904108
1621 29.06654985111923 60.64200080545998 -30.29971592266907
1622 58.83931230591394 39.50275106773107 -6.207755938917289
1623 55.38761828151491 39.57666023160466 -19.84792594064227
1624 6.953498405149417 71.11067644524735 -24.47733806393845
1625 59.61066215782328 35.67707767905218 -12.8148655633221
1626 17.61545775180856 63.41278030772571 -35.63707208325115
1627 68.82677547270541 6.158100114966255 -10.64009174518799
1628 24.01509365329799 60.4436075563595 -35.9877829448033
1629 5.859229661476585 74.69189582717118 -10.771117342221
1630 12.74875424722096 72.981016817455 -13.41838273893366
1631 52.52188015916933 25.11557168752591 -42.20938163831071
1632 12.11179827479928 62.51342927159345 -40.22001520659717
1633 21.07702412033325 70.57467600975382 -12.70279554270523
1634 28.18877765308575 67.42190711591459 -12.61230370116435
1635 35.02289371158103 63.49481019190576 -12.18174627912547
1636 60.29423991680017 5.264598008101862 -37.65257790346931
1637 41.0431732156443 59.11175236176025 -11.75942111400473
1638 49.81286496276005 52.13016140711 -5.825756445393452
1639 62.00611093446698 26.89132149947681 -19.12270004020047
1640 44.65989457450912 57.36792260414998 -5.88702063915202
1641 11.4770733178235 65.94134129326021 -34.41610997639066
1642 61.84780048450996 11.49778413501236 -32.38093799659659
1643 51.93286220419186 48.0660885251985 -11.33996768695186
1644 49.17614537384561 30.95882580494315 -42.96894974743045
1645 5.228944455639914 57.85002229036227 -48.69211690173728
1646 53.41746566479069 5.199168936165405 -48.57015131837009
1647 56.33397379830552 41.67042978069362 -11.9593184547257
1648 5.046739992984964 75.46350585242767 -4.967613118710539
1649 69.50686229600878 5.231657848977752 -5.109740933284861
1650 65.56241214966849 22.23275885240112 -10.79079638810699
1651 11.44910941510415 71.85398198383767 -19.30068841094397
1652 10.82611976119491 68.64966196359215 -28.91312196749097
1653 -5.856047045968667 58.4783147327018 -32.36616033172464
1654 -39.03855676478242 51.04460421474559 -5.685840850557299
1655 -53.54622297739532 6.60910837242567 -31.76995600932664
1656 -34.59398272632034 28.51694900613786 -47.25858289631869
1657 -52.56081044097675 33.17984400535634 -6.623169972692541
1658 -21.34335803641427 40.9898014007989 -47.64430475474107
1659 -58.2164332912194 18.68656273778638 -7.885172835347452
1660 -26.4323150522661 60.02941608882632 -6.227966629177627
1661 -6.761640927424631 64.30237547228012 -17.83759363307828
1662 -41.61917897414719 13.00292270449108 -47.580051118099
1663 -58.70001123534337 6.143708115526099 -18.08892501546388
1664 -6.725550980226794 49.98097788391438 -44.39575308435941
1665 -11.5764798008335 65.70501268398635 -6.403408613525286
1666 -13.10021753497254 45.56436030521159 -47.23340913042155
1667 -20.02410748097519 46.89153133904172 -42.10845680583324
1668 -26.76297833145446 42.37634837865103 -42.15319293883128
1669 -25.43930600769875 47.75879965326672 -36.62216482193013
1670 -31.61303185452318 43.49132414073875 -35.84529835492474
1671 -30.25503228427216 48.40714786451495 -30.27503308211601
1672 -36.26886381107781 43.47499440583 -29.56772429080035
1673 -23.74254963267458 52.63277781267865 -30.66148008127099
1674 -28.38953973965517 52.94450502361838 -24.36976768240127
1675 -21.67897579545162 56.8729726650636 -24.4775879039992
1676 -37.28641005097121 37.78042122079884 -35.68813300096777
1677 -41.69941467582038 37.84813670526129 -28.67773220196103
1678 -43.03879172546138 31.90077143133094 -33.56668438534501
1679 -46.59924924575431 31.88497773746718 -27.03471600792881
1680 -47.31908522486943 25.91479260895744 -31.9962160632187
1681 -50.70842151587671 25.6110707610454 -25.23044608537891
1682 -45.37667040889411 37.40498850815781 -21.81483604777808
1683 -50.89911830612482 19.58057403648096 -30.28973119462715
1684 -54.06129913417123 19.07925202507557 -23.28821573681032
1685 -53.55244604172317 24.82599627628675 -18.44376187237045
1686 -47.38925534372478 19.73530837839375 -36.61742230906457
1687 -26.13478376295479 56.91601998699232 -18.26726549718124
1688 -19.09329017280726 60.3746357494635 -18.57077843889657
1689 -32.58444711911861 52.5942942509057 -18.13037458056443
1690 -14.68097862434804 59.90643241799078 -24.38786240416603
1691 -56.51180627270938 18.40797766636575 -16.26584248392211
1692 -38.62753250338136 21.34571768006884 -47.40159596549543
1693 -39.64464918726423 27.14955376119583 -42.58488998420556
1694 -28.9360350053641 36.15247496123979 -46.4884141473881
1695 -45.85331585744152 6.498412148025872 -44.17814408937932
1696 -50.64451039690695 13.28674257829815 -34.63305072848308
1697 -46.9536957553924 13.05386933208385 -40.72233108780152
1698 -53.92906887646956 13.04704730031638 -28.05794265206292
1699 -35.03811447262861 34.30592753703932 -42.10192150361847
1700 -17.26217859475249 56.12269939290314 -30.27585505058157
1701 -18.76701067234368 51.71871569166088 -36.49536132495789
1702 -12.19188306029586 55.3440901690733 -34.9831418862946
1703 -49.77389187066985 31.33137534221729 -20.29144614887413
1704 -48.9016294781019 36.56271481283625 -13.55127584755615
1705 -43.84374451944812 42.45935651052043 -16.00793318279469
1706 -46.18751332790467 42.3266731966079 -8.74297597761927
1707 -40.26270950220575 43.09499017410246 -23.13820020635018
1708 -55.63355032696511 26.59546480287557 -6.84452074256603
1709 -60.15711288582603 11.05596410408763 -6.483047065235628
1710 -13.00005154365695 50.88821583285699 -41.07258426566476
1711 -19.28550345545803 63.30102640946837 -6.518052198563229
1712 -34.58269488590849 48.27473599993483 -24.04803979558198
1713 -29.79471334669794 56.53084127382539 -12.41182314108898
1714 -60.24615842338626 5.853302103650401 -11.04707897818935
1715 -56.4382920962279 6.312874747236638 -25.13544653758711
1716 -7.548381314008384 61.68263657884356 -24.92654373836414
1717 -50.0570678244551 6.688802139954925 -38.07530271587548
1718 -38.35978892693964 47.75208947731515 -17.67444929196365
1719 -56.65934951723332 12.56319283011394 -21.09763859081233
1720 -53.00105476135006 29.45276904092376 -13.10647764108104
1721 -14.27777927659858 63.66899835531923 -13.2921228012845
1722 -6.469060054704922 65.93518932710015 -11.17253431018296
1723 -41.61324831049807 47.01218015467337 -10.86711080257732
1724 -58.74143252246526 12.23482890593607 -13.59531431318638
1725 -5.990210418078296 54.68562329744774 -38.47786895867951
1726 -22.599573515347 60.55346908293451 -12.64853222969216
1727 -33.16818512175247 55.77511102755104 -6.138302053374234
1728 -55.68698430278496 23.58160606680187 -12.48044120899704
1729 -43.49242321698922 19.43024156492266 -42.54982992115222
1730 -35.89131187747525 52.12133538323965 -11.89467063815734
1731 -12.59926962777473 62.41205425770854 -19.47237408166304
1732 -5.548391166459531 45.99909830248076 -48.88076908558843
1733 -43.32365850720355 46.85609423366346 -5.003811377302774
1734 -43.9927167070981 25.66554850583414 -37.75254735140064
1735 -41.99126249485339 5.592278139753489 -48.86722510395531
1736 -5.733087509852453 66.84168912587864 -5.66081973560698
1737 -11.68632978557772 58.57493824655697 -29.44822699937986
1738 -31.80302603718546 39.13789484155279 -40.8153170437742
1739 -61.04199939681514 5.222389066259554 -5.225500529870312
1740 -39.73683442179075 31.67070899841968 -38.71520488973862
1741 -49.69837130971867 38.36689225667634 -5.576170051771203
1742 -33.51969978571132 46.12683856623121 -47.33088974221596
1743 -48.2029705230544 26.75641490304714 -47.42017697193693
1744 -5.680661684208232 68.45305039981339 -31.58978813293356
1745 -54.83098813021883 45.74387810318721 -6.177703293714291
1746 -38.59660418063349 62.32564816999853 -6.160930418983822
1747 -65.02016395994708 26.01007073362172 -6.306099943523971
1748 -63.21188196178272 5.515054250447356 -31.37133357113279
1749 -19.84452543361299 54.73863374833438 -47.45816781390383
1750 -25.554071556965 69.89502101507252 -6.427799585922674
1751 -67.44277212001866 6.880715124641812 -17.66824746387612
1752 -6.066640011283152 73.33043029359894 -17.42256970443161
1753 -53.25094648180027 11.95310748706515 -47.38724554523295
1754 -6.261420133725333 61.35725647577264 -43.86094039656553
1755 -10.96996923624884 74.51983743148658 -6.075004202405099
1756 -68.72741618822961 11.24746997091002 -6.134157360181704
1757 -26.77857258859602 51.24211201177378 -47.19480937191343
1758 -32.31677811959001 51.56360712058505 -41.81274139135345
1759 -38.39107791675314 46.67978730537992 -41.34978399927824
1760 -37.00150172679385 51.82316435786957 -35.89704153288629
1761 -42.62605313189959 46.83679353852175 -35.26544745880962
1762 -30.72483409906836 56.47067152678071 -36.09161639446764
1763 -41.25492905176315 51.70656985742652 -29.63034571274071
1764 -46.63106873679367 46.45534756590691 -28.87030724622993
1765 -45.0955212359261 51.18002854831288 -23.16892276649038
1766 -39.45227783504109 56.18248515914159 -23.82994072718692
1767 -47.75288406628173 41.36259709446305 -34.33965280811182
1768 -51.49735636334368 40.77136606140374 -27.8003407317511
1769 -52.33961163415557 35.47974780557563 -33.12949228845879
1770 -55.80654001082068 34.7192496920855 -26.46810519289946
1771 -56.36269360892476 29.28059122603606 -31.62015364201834
1772 -59.51936194606731 28.35659335027831 -24.93727026011592
1773 -59.31998672052022 32.56407007903104 -19.72667478735667
1774 -59.76444824691155 22.83725385438057 -29.92016227016067
1775 -62.62312626246327 21.8429759727024 -23.10726570355078
1776 -56.42031790736489 23.64930577609152 -36.43355999983714
1777 -43.26234652567693 55.42113275636763 -17.271945673685
1778 -37.3956524037195 60.1350422653281 -17.8531684985454
1779 -33.34720659539513 60.63342628807585 -24.2385556506547
1780 -30.97173233113071 64.31549293316758 -18.25637373057268
1781 -26.83185549076961 64.45092520762449 -24.44066361345521
1782 -24.26697355686679 67.79619434469113 -18.33856486996984
1783 -20.01237476131454 67.56830982613948 -24.41396341319338
1784 -22.45857192789856 63.99483441829708 -30.51992137546626
1785 -59.41785189401625 17.55294959100211 -34.51198137546479
1786 -48.60050206383203 50.16383844451168 -16.63441567040405
1787 -48.40678657247049 35.94601273560788 -39.55299846150043
1788 -17.24007308647766 70.48910292304194 -18.46769570018716
1789 -46.85929146154535 53.86499082077345 -11.29074953321702
1790 -13.18962875631479 69.86332259011897 -24.23152540525868
1791 -55.66525522744938 18.25140784602615 -41.17257851581345
1792 -58.49042747188467 11.5072111795984 -39.20370551845707
1793 -44.75040126823195 34.19254243434062 -46.40860521945031
1794 -40.13234768423308 39.96061052929274 -46.7823885943219
1795 -24.59831147307236 56.44560715502062 -41.94059235077903
1796 -18.72370310881123 59.46531068848109 -41.55299906748324
1797 -12.14499922274794 57.40517874316021 -47.54634155373334
1798 -51.16822857841527 19.69189526563756 -47.33521830715782
1799 -62.66260073748392 16.47931748182155 -27.54188670421981
1800 -65.1581758903823 15.0374244408885 -21.00860118876155
1801 -64.49427835801053 21.73663037730753 -16.6116770905478
1802 -67.10681937993387 14.74938710615445 -12.98033706897939
1803 -65.1254038965686 7.994191002349593 -25.40102607425614
1804 -67.21005046187494 18.78359798363984 -6.142570059620653
1805 -52.82339744018915 30.06831884694468 -37.8033743074388
1806 -15.80354463234479 66.72688228888052 -30.16972296332519
1807 -18.05092875017073 72.70308742211512 -6.515198922286232
1808 -43.6258456497448 41.59933957635374 -40.56140663579042
1809 -56.64814099136312 6.182792721031674 -43.76088886876162
1810 -62.13823966403388 33.06861417510006 -6.433005001308564
1811 -62.90867042020993 28.42958466853045 -13.07543583043326
1812 -50.22833246835232 45.68667497780779 -22.28047481770507
1813 -53.02241779750487 44.93702485867674 -15.90518175455089
1814 -35.33974922052446 56.52278078085341 -30.0513704016734
1815 -32.23770215263875 66.48745202404641 -6.308418574724545
1816 -5.966267947296052 65.2206253891832 -37.81163886347736
1817 -29.0665521311521 60.64199826334099 -30.29971836407243
1818 -58.83931230890548 39.50275073222019 -6.207757057116271
1819 -55.3876173071505 39.57665779520812 -19.84793342225074
1820 -6.953499808259958 71.11067623448135 -24.47733805416516
1821 -59.61066197897054 35.67707628503587 -12.81486944689324
1822 -17.61545947675193 63.41277949119602 -35.63707244616792
1823 -68.82677542608288 6.158099609161345 -10.64009242695824
1824 -24.01509523601992 60.44360607026678 -35.98778418765203
1825 -5.859229573261346 74.69189584109337 -10.77111734422871
1826 -12.7487571461916 72.98101620164722 -13.41838240927722
1827 -52.52187689655891 25.11557076512146 -42.20938746406757
1828 -12.11179911752661 62.51342907307024 -40.22001519072106
1829 -21.07702814888073 70.5746745512797 -12.70279523971017
1830 -28.18878425925337 67.42190393345969 -12.61230274791609
1831 -35.0228971613105 63.49480754695851 -12.18174762032141
1832 -60.29423982879761 5.264599631151379 -37.65257772198805
1833 -41.04317631970694 59.11174894921218 -11.75942418076631
1834 -49.81286710560105 52.13015860054387 -5.825758145540345
1835 -62.00611041845808 26.89131892206947 -19.12270542217318
1836 -44.6598958822524 57.36792108747296 -5.887022112746335
1837 -11.47707476029567 65.94134108667663 -34.41610970680597
1838 -61.84779605405333 11.49778146598377 -32.38094933351256
1839 -51.93286300741935 48.0660861679971 -11.33997177409726
1840 -49.17614154260144 30.95882685280769 -42.9689546028897
1841 -5.228945114586183 57.85002227362912 -48.69211683534497
1842 -53.41746566346271 5.199168892921965 -48.57015132493614
1843 -56.33397377295671 41.67042908129547 -11.95932039706171
1844 -5.046740121672343 75.4635058423998 -4.967613104421893
1845 -69.50686228975606 5.23165780107945 -5.109741066101797
1846 -65.56241085097332 22.23275829039546 -10.7908046868258
1847 -11.44911141966522 71.85398149881578 -19.30068853896446
1848 -10.8261218884715 68.64966146259485 -28.91312201745818
1849 -5.856046510975531 -58.4783147633669 -32.36616040683001
1850 -39.03855617395055 -51.044604775228 -5.685840790246665
1851 -53.546222986586 -6.609108797827866 -31.76995590150337
1852 -34.59398249600572 -28.51694946846773 -47.25858280758084
1853 -52.56080998249859 -33.17984489056357 -6.623169916765215
1854 -21.34335741145998 -40.98980182708424 -47.64430472657683
1855 -58.2164330689481 -18.68656356812018 -7.885172815232865
1856 -26.43231442426492 -60.02941643786224 -6.227966579555214
1857 -6.761640781734735 -64.30237550979481 -17.83759354669408
1858 -41.61917898960311 -13.00292295451263 -47.58005102615525
1859 -58.70001120128847 -6.14370863271371 -18.08892499492451
1860 -6.725550359722159 -49.98097800203298 -44.39575306706512
1861 -11.57647959394502 -65.70501275071021 -6.403408453607912
1862 -13.10021685320418 -45.56436049947111 -47.23340917978231
1863 -20.0241067839783 -46.89153176865533 -42.10845673425792
1864 -26.7629776986287 -42.37634891718379 -42.15319288385218
1865 -25.43930526043351 -47.75880019654902 -36.622164754944
1866 -31.61303121274121 -43.49132476951405 -35.8452982768507
1867 -30.25503144781348 -48.40714854846134 -30.27503302099987
1868 -36.26886305532125 -43.47499521011799 -29.56772422951597
1869 -23.74254879414709 -52.632778328711 -30.66148001667636
1870 -28.38953887606367 -52.94450561559309 -24.36976765550988
1871 -21.67897488599121 -56.87297312602485 -24.47758787211144
1872 -37.28640953232485 -37.78042193274818 -35.68813288656322
1873 -41.69941411987912 -37.84813753115601 -28.67773206829531
1874 -43.03879133265092 -31.90077213452348 -33.56668430293135
1875 -46.59924883152652 -31.88497856873401 -27.03471585762431
1876 -47.3190849005387 -25.91479347712036 -31.99621589659431
1877 -50.708421206838 -25.61107170967676 -25.23044582490845
1878 -45.3766698482346 -37.40498941227148 -21.81483588550905
1879 -50.89911808942344 -19.58057495645723 -30.28973098601536
1880 -54.06129903270502 -19.07925270303707 -23.28821544917997
1881 -53.5524457176612 -24.82599722154743 -18.44376169465403
1882 -47.38925515748554 -19.73530920399427 -36.61742211152917
1883 -26.13478282973191 -56.9160205096637 -18.26726554694563
1884 -19.09328954596637 -60.37463605432782 -18.57077829020923
1885 -32.58444607535496 -52.594295110255 -18.13037442714156
1886 -14.68097785244536 -59.90643270383497 -24.38786232629824
1887 -56.51180608501667 -18.40797846339257 -16.26584234552192
1888 -38.62753234406276 -21.34571807377285 -47.4015959390318
1889 -39.64464900565221 -27.14955431347701 -42.58488981135203
1890 -28.93603456323035 -36.15247542952339 -46.48841411121593
1891 -45.85331587898462 -6.498412462751194 -44.1781440094201
1892 -50.64451035334658 -13.28674329499835 -34.63305049282132
1893 -46.95369576065931 -13.05386978409683 -40.72233091788343
1894 -53.92906906466344 -13.04704778705031 -28.05794198529802
1895 -35.03811426588808 -34.30592818459903 -42.10192113869704
1896 -17.26217777575703 -56.12269970616964 -30.27585508123743
1897 -18.76700987426997 -51.71871611992083 -36.49536123786152
1898 -12.19188245471925 -55.3440904167576 -34.98314176309479
1899 -49.77389144281722 -31.33137627915787 -20.29144593859951
1900 -48.90162891618974 -36.56271579760003 -13.55127564462511
1901 -43.84374381670692 -42.4593574683459 -16.00793298341432
1902 -46.18751278409948 -42.3266739425974 -8.742975873678773
1903 -40.26270870802703 -43.09499118312771 -23.1381999960591
1904 -55.63354994735974 -26.59546577893529 -6.844520657328911
1905 -60.15711282496402 -11.05596458866595 -6.48304699685098
1906 -13.00005087658048 -50.88821605658687 -41.07258425530738
1907 -19.28550298857629 -63.30102663423003 -6.518051908368769
1908 -34.58269398478942 -48.27473675773963 -24.04803986027904
1909 -29.79471250234702 -56.53084183520274 -12.41182310433658
1910 -60.24615840496666 -5.853302595818629 -11.04707889787144
1911 -56.43829210408249 -6.312874969209739 -25.13544650549843
1912 -7.548380909175133 -61.68263667832549 -24.92654365165255
1913 -50.05706781632291 -6.688802588564703 -38.07530263850293
1914 -38.35978791075919 -47.75209068705864 -17.67444877902988
1915 -56.65934946123775 -12.56319333167576 -21.0976384833394
1916 -53.00105438827008 -29.45276994006829 -13.10647744005281
1917 -14.27777888341492 -63.66899850740641 -13.29212263864308
1918 -6.469059882793651 -65.93518934718965 -11.17253430939139
1919 -41.61324759031669 -47.01218095521915 -10.86711070732773
1920 -58.74143242307906 -12.23482954172611 -13.59531426435173
1921 -5.990210057410922 -54.6856233023469 -38.47786900832703
1922 -22.59957282122312 -60.55346942976319 -12.64853215275733
1923 -33.16818435297142 -55.77511160841301 -6.138301942309784
1924 -55.68698397700555 -23.5816070345999 -12.48044109500522
1925 -43.49242303013938 -19.43024231800074 -42.54982977639235
1926 -35.89131109096093 -52.12133609177782 -11.89467048468384
1927 -12.59926927070344 -62.41205444762926 -19.47237378180937
1928 -5.548390444015942 -45.99909837850047 -48.88076911603761
1929 -43.32365800026133 -46.85609482908848 -5.00381125331312
1930 -43.99271649866932 -25.66554920308325 -37.7525471363268
1931 -41.99126244647847 -5.592278253446327 -48.86722514283181
1932 -5.733087288064501 -66.84168913943391 -5.660819846614584
1933 -11.68632911667135 -58.57493843506197 -29.44822698100014
1934 -31.80302555987084 -39.13789533306009 -40.81531702001682
1935 -61.04199938617982 -5.222389533134555 -5.225500340692771
1936 -39.73683412070486 -31.67070955810369 -38.71520478789407
1937 -49.69837081373959 -38.36689302680084 -5.57617004925314
1938 -33.51970154549463 -46.12683831299447 -47.33088832846774
1939 -48.20297155653747 -26.75641482273183 -47.42017564556161
1940 -5.680660376163119 -68.45305049850757 -31.58978829585025
1941 -54.83098743552348 -45.74387919995652 -6.17770283153251
1942 -38.596601604585 -62.32565017393359 -6.16092989313
1943 -65.02016412236988 -26.01007058758422 -6.306099131886588
1944 -63.21188271800267 -5.515057075277219 -31.37133098463414
1945 -19.84452475189166 -54.7386340535147 -47.45816780260236
1946 -25.55406918887231 -69.89502202674481 -6.427799859651209
1947 -67.44277238683219 -6.880716914761003 -17.66824536474964
1948 -6.066638688938379 -73.33043040903505 -17.42256994129714
1949 -53.25094650143541 -11.95310766495808 -47.38724546814179
1950 -6.261420100040073 -61.35725643425427 -43.86094043869629
1951 -10.96996879757601 -74.51983750887874 -6.075004247767313
1952 -68.72741621108891 -11.24747080527332 -6.134155857308833
1953 -26.77857234958006 -51.24211243518635 -47.19480903408884
1954 -32.31677818951857 -51.56360846527853 -41.81273946971789
1955 -38.39107915243149 -46.67978787936113 -41.3497817412437
1956 -37.00150176319512 -51.82316664443763 -35.89703790196361
1957 -42.62605441559559 -46.83679574615247 -35.26544226905997
1958 -30.72483324742861 -56.47067349126471 -36.09161404253932
1959 -41.25492858283794 -51.70657313310096 -29.630340589725
1960 -46.63106929074266 -46.45535091228404 -28.87030056703985
1961 -45.09552010490416 -51.18003275832142 -23.16891630608175
1962 -39.45227575444492 -56.18248909475829 -23.8299357507965
1963 -47.75288626331031 -41.3625994259522 -34.3396458742892
1964 -51.49735768908205 -40.7713695481364 -27.80033248589644
1965 -52.3396145187739 -35.47975037334226 -33.1294836107207
1966 -55.80654191554719 -34.71925340941969 -26.46809539938007
1967 -56.36269700459987 -29.28059410839265 -31.62014331378838
1968 -59.51936416309037 -28.35659698388279 -24.9372597998838
1969 -59.31998802080737 -32.56407207531724 -19.72666738835932
1970 -59.76445205142883 -22.83725705603759 -29.92015041457444
1971 -62.62312897424987 -21.84298026230241 -23.1072529588683
1972 -56.42032268572191 -23.64930774500116 -36.43354933822844
1973 -43.26234417533934 -55.42113699356143 -17.27193999039419
1974 -37.3956493099819 -60.13504598558637 -17.85316438332575
1975 -33.34720363869361 -60.63342974120825 -24.2385521016766
1976 -30.97172775025303 -64.31549638183627 -18.25637144399549
1977 -26.83185165532246 -64.45092805045533 -24.44066146710762
1978 -24.26696800688119 -67.79619721308028 -18.33856369107371
1979 -20.01237013167237 -67.56831192269287 -24.4139625889032
1980 -22.45856892404518 -63.99483630282218 -30.51992022885079
1981 -59.4178569950606 -17.55295212923739 -34.51196915400013
1982 -48.60050023399491 -50.16384332869851 -16.63440845830394
1983 -48.40679040635749 -35.94601411389786 -39.55299096518767
1984 -17.24006833753688 -70.48910450361495 -18.46769554551356
1985 -46.8592899503371 -53.86499387813391 -11.29074443341565
1986 -13.1896242466135 -69.86332368767029 -24.23152566778087
1987 -55.66525950815456 -18.25140886918983 -41.17257075155113
1988 -58.49043302254528 -11.5072121039845 -39.20369508511709
1989 -44.75040209983727 -34.19254233491826 -46.40860423493166
1990 -40.13234793672999 -39.96060922873434 -46.78238958026889
1991 -24.59831089284071 -56.44560780897652 -41.94059183911068
1992 -18.72370203604813 -59.46531132228866 -41.55299874119745
1993 -12.14499842839925 -57.40517875491812 -47.54634179992226
1994 -51.16822853678627 -19.69189555598407 -47.33521822994696
1995 -62.66260394681855 -16.47932068843852 -27.54187585560532
1996 -65.15817854742126 -15.03742904707891 -21.008588113277
1997 -64.4942795772718 -21.73663392131402 -16.61166751220131
1998 -67.10682053721743 -14.74938776955954 -12.98033011156966
1999 -65.12540541726639 -7.994191875849913 -25.40102113043543
2000 -67.21005057278359 -18.78359853591035 -6.142567942831954
2001 -52.82340152875446 -30.06832013832448 -37.80336589957928
2002 -15.80354128170191 -66.72688336780463 -30.16972294161814
2003 -18.05092630206955 -72.70308815754186 -6.515199073294872
2004 -43.62584671700571 -41.59933875172803 -40.56140607807444
2005 -56.64814099215742 -6.182792721073577 -43.76088886928169
2006 -62.13823968134925 -33.06861442087149 -6.433004161766556
2007 -62.90867097266097 -28.4295860562191 -13.07543071873059
2008 -50.22833219159386 -45.6866793183546 -22.28046696221951
2009 -53.02241708035041 -44.9370293987139 -15.90517323350895
2010 -35.33974784060593 -56.52278372130324 -30.05136671988667
2011 -32.23769893672478 -66.4874538899534 -6.308418633313302
2012 -5.966267291282309 -65.22062535386338 -37.81163906524558
2013 -29.06654989445489 -60.6420007872257 -30.29971590691407
2014 -58.83931225660898 -39.50275114866538 -6.207755953820787
2015 -55.38761826769756 -39.57666023394462 -19.84792597769991
2016 -6.953498433373202 -71.11067639972693 -24.4773381818729
2017 -59.61066212095496 -35.67707774458992 -12.8148655738554
2018 -17.61545775341859 -63.41278031297379 -35.6370720724281
2019 -68.82677546513 -6.15810011642825 -10.64009179747346
2020 -24.01509368544914 -60.4436075365969 -35.98778295117896
2021 -5.85922966296982 -74.69189581779521 -10.77111740100384
2022 -12.74875425379922 -72.98101680529396 -13.41838279034918
2023 -52.52188015739425 -25.11557160680098 -42.2093816963135
2024 -12.11179826674194 -62.51342923520667 -40.22001526899264
2025 -21.07702418310252 -70.57467599911948 -12.70279548221535
2026 -28.18877768590324 -67.42190717518841 -12.6123033791894
2027 -35.02289368106869 -63.4948102357755 -12.18174618672272
2028 -60.29423996210235 -5.264598120889571 -37.65257779255058
2029 -41.04317318149862 -59.111752387469 -11.75942112369473
2030 -49.81286503744666 -52.13016132088298 -5.825756454728673
2031 -62.00611091413429 -26.89132145835921 -19.1227001685904
2032 -44.65989458534534 -57.36792260361246 -5.887020594328249
2033 -11.47707331767267 -65.94134129311996 -34.41610997673972
2034 -61.84780051668849 -11.4977841243737 -32.38093792774804
2035 -51.932862204334 -48.06608852574223 -11.33996768474782
2036 -49.176145409117 -30.95882584127634 -42.96894966478231
2037 -5.22894448183558 -57.85002231424352 -48.69211686861215
2038 -53.41746567365286 -5.199168940115365 -48.57015130607621
2039 -56.33397377063488 -41.67042983988293 -11.95931841277265
2040 -5.046739975424215 -75.46350584919853 -4.967613179896248
2041 -69.50686228917179 -5.231657811119671 -5.109741064146709
2042 -65.56241215788302 -22.23275885548983 -10.79079633640757
2043 -11.44910943042163 -71.85398196304399 -19.30068847254173
2044 -10.82611977524307 -68.64966196184085 -28.91312196387641
2045 5.856046931971253 -58.47831465285324 -32.36616051636554
2046 39.03855664300031 -51.04460434200957 -5.685840789844312
2047 53.54622297009355 -6.609108370085096 -31.7699560250348
2048 34.59398269798478 -28.51694899822756 -47.25858293030719
2049 52.56081044482907 -33.17984400473912 -6.623169954260974
2050 21.34335803641426 -40.98980140079891 -47.64430475474106
2051 58.21643330812559 -18.68656267463888 -7.885172842987275
2052 26.43231504668918 -60.02941609687637 -6.227966602687474
2053 6.761640874422951 -64.30237547306601 -17.83759366333749
2054 41.61917897414718 -13.00292270449108 -47.58005111809899
2055 58.70001125020745 -6.143708104981427 -18.08892496454759
2056 6.725550894689395 -49.98097794443589 -44.39575303457182
2057 11.57647984268359 -65.70501268120663 -6.403408561723883
2058 13.10021752735664 -45.56436027980642 -47.23340915982249
2059 20.02410745226638 -46.89153131529569 -42.10845685387629
2060 26.76297832981928 -42.37634837916336 -42.15319293969678
2061 25.43930600484028 -47.75879965330645 -36.62216482459688
2062 31.61303182193352 -43.49132414327438 -35.84529839006443
2063 30.25503228875925 -48.40714788355891 -30.27503304480569
2064 36.26886377600575 -43.47499449509367 -29.56772420873306
2065 23.74254961358223 -52.63277783619902 -30.6614800596566
2066 28.38953974901836 -52.94450502767386 -24.36976766036027
2067 21.67897578985195 -56.87297269015858 -24.47758785370348
2068 37.28641002123137 -37.78042127114092 -35.68813298315591
2069 41.69941467371893 -37.84813670857484 -28.67773220115908
2070 43.03879169638022 -31.9007714958353 -33.56668436512655
2071 46.59924925789169 -31.88497774833899 -27.03471596921552
2072 47.31908522521603 -25.91479262036223 -31.99621605219306
2073 50.70842151601394 -25.61107079821823 -25.23044604467663
2074 45.37667040729909 -37.40498851336063 -21.81483604292072
2075 50.89911831062837 -19.58057402959226 -30.28973119053705
2076 54.06129914996156 -19.07925201221977 -23.28821570585415
2077 53.55244602283049 -24.82599629836407 -18.44376190272104
2078 47.38925534357581 -19.73530834884578 -36.61742232815339
2079 26.13478377740791 -56.91601999781592 -18.26726544351959
2080 19.0932901093497 -60.37463581004186 -18.57077833943735
2081 32.58444694344715 -52.59429444233724 -18.13037443859399
2082 14.68097855786498 -59.90643242606136 -24.38786244094197
2083 56.51180627073832 -18.40797765145975 -16.26584250833976
2084 38.62753250885328 -21.34571765699413 -47.40159597157373
2085 39.6446491016208 -27.14955373625528 -42.58489010913308
2086 28.93603498543915 -36.15247486430135 -46.48841425092935
2087 45.85331590482792 -6.498412177924397 -44.17814402226053
2088 50.6445103988281 -13.28674256022742 -34.63305073377339
2089 46.95369575196221 -13.05386927607965 -40.72233111517327
2090 53.92906883778328 -13.04704733766676 -28.05794271988821
2091 35.03811434193774 -34.30592744639065 -42.10192173561383
2092 17.26217857374529 -56.12269943199556 -30.27585499382677
2093 18.76701066894464 -51.71871569170857 -36.49536132736397
2094 12.19188297369083 -55.34409025925936 -34.98314178523097
2095 49.77389186419131 -31.33137535185043 -20.29144615202623
2096 48.90162947035505 -36.56271482166722 -13.55127585469893
2097 43.84374441424866 -42.45935668135199 -16.00793309060841
2098 46.18751331039687 -42.32667321269111 -8.742975997834694
2099 40.26270935060454 -43.09499039684353 -23.13820011168195
2100 55.63355032039771 -26.59546481677064 -6.844520747429827
2101 60.15711288743602 -11.05596408266718 -6.483047082468348
2102 13.00005151411753 -50.88821584135503 -41.07258426837775
2103 19.28550348061887 -63.30102640945821 -6.518052139691214
2104 34.58269482352182 -48.27473592492149 -24.04804004914935
2105 29.79471324985435 -56.53084137053135 -12.4118230277906
2106 60.24615843397049 -5.853302085224883 -11.04707892675779
2107 56.43829210046319 -6.312874692840948 -25.13544654757713
2108 7.548381248893023 -61.6826365899168 -24.92654374478426
2109 50.05706785160402 -6.688802154559257 -38.0753026681436
2110 38.35978866314773 -47.75209000498029 -17.67444865900886
2111 56.6593495276682 -12.56319281241454 -21.09763857103778
2112 53.00105478043873 -29.45276902269297 -13.10647760184981
2113 14.27777921881355 -63.66899840659808 -13.2921226635385
2114 6.469060103648067 -65.93518932932247 -11.17253425743604
2115 41.61324815937004 -47.01218034660668 -10.86711071111295
2116 58.74143253251044 -12.2348288882404 -13.59531428368032
2117 5.990210375851568 -54.68562326295729 -38.47786902059504
2118 22.59957342799321 -60.55346915760158 -12.64853210568607
2119 33.1681849649982 -55.77511116189207 -6.138301959778236
2120 55.68698429902638 -23.58160605239362 -12.48044124854116
2121 43.49242311682697 -19.43024162135335 -42.54983002406115
2122 35.8913117473037 -52.12133554251734 -11.89467048073977
2123 12.59926948826528 -62.41205430046696 -19.47237407702914
2124 5.54839112113246 -45.99909827577243 -48.88076911921183
2125 43.32365850582984 -46.8560942602461 -5.003811276785409
2126 43.99271669211702 -25.66554850927057 -37.75254737132879
2127 41.99126248895736 -5.592278172783465 -48.86722510558369
2128 5.733087599173663 -66.84168911966728 -5.660819688587028
2129 11.68632974576511 -58.57493826046596 -29.44822699563562
2130 31.8030260952202 -39.1378947487387 -40.81531708186054
2131 61.04199939839946 -5.222389024210758 -5.225500554153917
2132 39.73683434419707 -31.67070901013714 -38.71520498426185
2133 49.69837131712964 -38.36689220048849 -5.576170199453047
2134 33.51969978571132 -46.12683856623121 -47.33088974221596
2135 48.2029705512718 -26.75641493962787 -47.42017691058489
2136 5.680661552261585 -68.45305042009653 -31.58978813088347
2137 54.83098817517022 -45.74387804750305 -6.17770326592499
2138 38.59660418985706 -62.32564816495398 -6.16093040976966
2139 65.02016395897378 -26.01007073528888 -6.30609994635796
2140 63.21188196508211 -5.515054295927253 -31.3713335506731
2141 19.844525433613 -54.73863374833436 -47.45816781390387
2142 25.5540715402297 -69.89502102151971 -6.427799592439232
2143 67.4427721394391 -6.880715103750534 -17.66824739030091
2144 6.066640046436377 -73.3304302570567 -17.42256983354883
2145 53.25094648180026 -11.95310748706515 -47.38724554523296
2146 6.261420100962839 -61.35725644573911 -43.86094044690602
2147 10.96996925950696 -74.51983742342567 -6.075004235564712
2148 68.72741619103604 -11.24746997420582 -6.13415732712245
2149 26.77857261581408 -51.24211198308595 -47.19480938595486
2150 32.31677812112851 -51.56360712027251 -41.81274139018542
2151 38.39107794984291 -46.67978731189334 -41.34978395007776
2152 37.00150172951694 -51.82316435618809 -35.89704153186098
2153 42.62605313435077 -46.83679353551916 -35.26544745934503
2154 30.72483408158887 -56.47067160857218 -36.09161627681138
2155 41.25492903411069 -51.70656986600189 -29.63034572761569
2156 46.63106874028572 -46.45534756131983 -28.87030724703565
2157 45.09552124092392 -51.18002854334399 -23.16892276597819
2158 39.45227784050117 -56.18248515539578 -23.82994072520153
2159 47.75288406832939 -41.36259709017801 -34.3396528101466
2160 51.49735636640094 -40.77136605552936 -27.80034073393837
2161 52.33961163585506 -35.47974779973425 -33.12949229197535
2162 55.80654001414388 -34.71924968414035 -26.46810519553812
2163 56.36269361029885 -29.2805912127694 -31.62015365258701
2164 59.51936194290469 -28.35659333110684 -24.93727029179257
2165 59.31998668086753 -32.56407012343331 -19.72667484546887
2166 59.7644482502189 -22.83725383695681 -29.9201622771843
2167 62.62312627001853 -21.84297595085104 -23.10726570241115
2168 56.42031791777976 -23.64930575030565 -36.43355999895637
2169 43.26234656361584 -55.42113271690991 -17.27194568522507
2170 37.3956524205411 -60.1350422558863 -17.85316848902573
2171 33.34720658204174 -60.63342628631013 -24.23855567688509
2172 30.9717323130462 -64.31549294407316 -18.25637373010643
2173 26.83185548392748 -64.45092521273466 -24.44066360955531
2174 24.26697354172949 -67.79619435064279 -18.33856487308288
2175 20.0123747415705 -67.56830983465048 -24.41396341094224
2176 22.4585719279052 -63.99483441690356 -30.5199213784475
2177 59.41785190735218 -17.55294956306405 -34.5119813642464
2178 48.60050204130993 -50.16383846108307 -16.63441569377326
2179 48.4067865727006 -35.94601273119505 -39.55299846566474
2180 17.24007307121319 -70.48910292062109 -18.46769572639124
2181 46.85929149613965 -53.86499079003904 -11.29074951677915
2182 13.18962874121056 -69.86332258801819 -24.23152542262165
2183 55.66525522535188 -18.25140784831618 -41.17257851817327
2184 58.4904274581193 -11.50721113349556 -39.20370556034806
2185 44.75040126818216 -34.19254244520822 -46.40860521030407
2186 40.13234768421937 -39.96061052933378 -46.78238859429746
2187 24.59831147362979 -56.44560715640535 -41.94059234830598
2188 18.72370307116891 -59.46531078540153 -41.55299894244236
2189 12.14499922274794 -57.40517874316018 -47.54634155373334
2190 51.16822857841528 -19.69189526563754 -47.33521830715782
2191 62.66260074380115 -16.47931747857043 -27.54188668953628
2192 65.15817590686599 -15.03742439586918 -21.00860116727259
2193 64.49427839702292 -21.7366302701121 -16.61167706847876
2194 67.1068193934654 -14.7493870730865 -12.98033703404252
2195 65.12540390815921 -7.994191014607199 -25.40102603412758
2196 67.21005045801707 -18.78359800105866 -6.142570055346969
2197 52.82339743674704 -30.06831884531482 -37.80337431501046
2198 15.80354460545525 -66.72688229834013 -30.16972296158394
2199 18.0509287531667 -72.70308741643339 -6.515198957705002
2200 43.62584566623444 -41.59933957870083 -40.56140660970686
2201 56.64814092064074 -6.182792567325478 -43.76088900832333
2202 62.13823965105639 -33.06861420997488 -6.433004981136184
2203 62.90867040447225 -28.42958470964641 -13.07543582632137
2204 50.22833250179211 -45.68667493193875 -22.28047482378607
2205 53.02241779850081 -44.9370248553861 -15.90518175916558
2206 35.33974918629747 -56.52278077979542 -30.05137045431771
2207 32.23770209959005 -66.487452052663 -6.30841858823684
2208 5.966267889722259 -65.22062538662267 -37.81163888332078
2209 29.06655212284415 -60.64199828770689 -30.29971832415406
2210 58.83931231583637 -39.50275072141335 -6.20775705308907
2211 55.3876172793593 -39.57665782131298 -19.84793345670647
2212 6.953499833392598 -71.11067620113205 -24.47733813848653
2213 59.6106619632412 -35.6770763258975 -12.81486942248254
2214 17.61545935622491 -63.41277962180161 -35.63707228619872
2215 68.82677543078 -6.158099623271604 -10.64009238400089
2216 24.0150951996549 -60.44360614748871 -35.98778408297699
2217 5.859229591877739 -74.69189582969427 -10.77111740271978
2218 12.74875718055634 -72.98101618017569 -13.41838247386216
2219 52.52187694161835 -25.11557075483369 -42.20938739928011
2220 12.11179907846072 -62.51342914915719 -40.2200150843469
2221 21.07702812498085 -70.57467454807377 -12.70279529607931
2222 28.18878425876991 -67.42190391609225 -12.61230282234017
2223 35.02289716083669 -63.49480753541717 -12.18174766699142
2224 60.29423977628679 -5.264599600540036 -37.65257782909097
2225 41.04317635375996 -59.11174891811476 -11.75942419112583
2226 49.81286707217934 -52.13015864053273 -5.825758135321351
2227 62.00611041351019 -26.89131887762798 -19.12270550120815
2228 44.65989588508529 -57.36792107988556 -5.887022136331259
2229 11.47707465477344 -65.94134118845245 -34.41610955886141
2230 61.84779601692161 -11.4977815273888 -32.38094939083177
2231 51.9328630024072 -48.06608618146255 -11.33997175237565
2232 49.17614159021162 -30.95882692115558 -42.96895447541335
2233 5.228945125796721 -57.85002223630025 -48.69211687921145
2234 53.4174656709645 -5.199168887880459 -48.57015131562199
2235 56.33397376465282 -41.67042910776402 -11.95932036156316
2236 5.0467401507586 -75.46350583364166 -4.967613180293414
2237 69.50686229448621 -5.231657812336061 -5.109740990938284
2238 65.56241083918542 -22.23275828610624 -10.79080476076625
2239 11.44911145821525 -71.85398146402049 -19.30068863154622
2240 10.82612188120446 -68.64966146488831 -28.91312201601648
2241 -21.38602964810392 -42.19957127771759 -52.5
2242 21.38602964810393 42.1995712777176 -52.5
2243 -21.38603008699732 42.19957123946232 -52.5
2244 21.38603008699732 -42.19957123946232 -52.5
2245 -3.277638819820186 -48.25221845707765 -52.5
2246 3.277638819820184 48.25221845707765 -52.5
2247 -4.271702044174896 47.80357527941673 -52.5
2248 4.271702044174895 -47.80357527941673 -52.5
2249 35.69002442871169 28.86878462276579 -52.5
2250 -35.69002442871169 -28.86878462276578 -52.5
2251 -35.69002456381307 28.86878451651733 -52.5
2252 35.69002456381307 -28.86878451651733 -52.5
2253 43.97710892214935 -4.195651240351373 -52.5
2254 43.87238906728565 4.061981793643722 -52.5
2255 -43.97710892214934 4.195651240351372 -52.5
2256 -43.87238906728565 -4.061981793643723 -52.5
2257 -14.5848374390868 -45.56227336689326 -52.5
2258 14.5848374390868 45.56227336689326 -52.5
2259 -13.52222822611935 45.58996700969086 -52.5
2260 13.52222822611935 -45.58996700969086 -52.5
2261 -39.2573862852436 -21.87601748301721 -52.5
2262 39.25738628524361 21.87601748301721 -52.5
2263 39.2573864311034 -21.87601720654676 -52.5
2264 -39.2573864311034 21.87601720654676 -52.5
2265 27.48874064179295 38.50671089887943 -52.5
2266 -27.48874064179294 -38.50671089887942 -52.5
2267 -27.48874028984855 38.5067119436528 -52.5
2268 27.48874028984855 -38.50671194365282 -52.5
2269 32.75618475913729 -34.48114186341513 -52.5
2270 -32.75618475913729 34.48114186341513 -52.5
2271 -32.75618515472478 -34.48114136465473 -52.5
2272 32.75618515472478 34.48114136465474 -52.5
2273 42.14075663788375 -13.14081854414047 -52.5
2274 -42.14075663788375 13.14081854414047 -52.5
2275 42.14075655070523 13.14081876967056 -52.5
2276 -42.14075655070523 -13.14081876967056 -52.5
2277 9.400239218538275 48.49889467902647 -52.5
2278 -9.400239218538278 -48.49889467902647 -52.5
$EndNodes
$Elements
11327
1 2 2 20 1 19 461 1
2 2 2 20 1 1 461 123
3 2 2 20 1 3 466 30
4 2 2 20 1 175 466 3
5 2 2 20 1 134 468 9
6 2 2 20 1 9 468 187
7 2 2 20 1 20 448 19
8 2 2 20 1 448 461 19
9 2 2 20 1 21 364 20
10 2 2 20 1 364 448 20
11 2 2 20 1 22 424 21
12 2 2 20 1 21 424 364
13 2 2 20 1 23 358 22
14 2 2 20 1 358 424 22
15 2 2 20 1 24 419 23
16 2 2 20 1 23 419 358
17 2 2 20 1 25 355 24
18 2 2 20 1 355 419 24
19 2 2 20 1 26 417 25
20 2 2 20 1 25 417 355
21 2 2 20 1 27 360 26
22 2 2 20 1 360 417 26
23 2 2 20 1 28 369 27
24 2 2 20 1 27 369 360
25 2 2 20 1 29 363 28
26 2 2 20 1 363 369 28
27 2 2 20 1 30 422 29
28 2 2 20 1 29 422 363
29 2 2 20 1 30 466 422
30 2 2 20 1 123 368 124
31 2 2 20 1 123 461 368
32 2 2 20 1 124 420 125
33 2 2 20 1 368 420 124
34 2 2 20 1 125 361 126
35 2 2 20 1 125 420 361
36 2 2 20 1 126 426 127
37 2 2 20 1 361 426 126
38 2 2 20 1 127 354 128
39 2 2 20 1 127 426 354
40 2 2 20 1 128 428 129
41 2 2 20 1 354 428 128
42 2 2 20 1 129 472 130
43 2 2 20 1 428 472 129
44 2 2 20 1 130 359 131
45 2 2 20 1 130 472 359
46 2 2 20 1 131 414 132
47 2 2 20 1 359 414 131
48 2 2 20 1 132 365 133
49 2 2 20 1 132 414 365
50 2 2 20 1 133 449 134
51 2 2 20 1 365 449 133
52 2 2 20 1 449 468 134
53 2 2 20 1 176 450 175
54 2 2 20 1 450 466 175
55 2 2 20 1 177 366 176
56 2 2 20 1 366 450 176
57 2 2 20 1 178 436 177
58 2 2 20 1 177 436 366
59 2 2 20 1 179 357 178
60 2 2 20 1 357 436 178
61 2 2 20 1 180 431 179
62 2 2 20 1 179 431 357
63 2 2 20 1 181 353 180
64 2 2 20 1 353 431 180
65 2 2 20 1 182 430 181
66 2 2 20 1 181 430 353
67 2 2 20 1 183 356 182
68 2 2 20 1 356 430 182
69 2 2 20 1 184 464 183
70 2 2 20 1 183 464 356
71 2 2 20 1 185 362 184
72 2 2 20 1 362 464 184
73 2 2 20 1 186 418 185
74 2 2 20 1 185 418 362
75 2 2 20 1 187 367 186
76 2 2 20 1 367 418 186
77 2 2 20 1 187 468 367
78 2 2 20 1 430 457 353
79 2 2 20 1 353 460 431
80 2 2 20 1 457 460 353
81 2 2 20 1 426 469 354
82 2 2 20 1 354 462 428
83 2 2 20 1 354 469 462
84 2 2 20 1 417 429 355
85 2 2 20 1 355 443 419
86 2 2 20 1 429 443 355
87 2 2 20 1 356 464 413
88 2 2 20 1 413 465 356
89 2 2 20 1 356 456 430
90 2 2 20 1 356 465 456
91 2 2 20 1 431 432 357
92 2 2 20 1 432 433 357
93 2 2 20 1 433 436 357
94 2 2 20 1 419 455 358
95 2 2 20 1 358 463 424
96 2 2 20 1 455 463 358
97 2 2 20 1 404 414 359
98 2 2 20 1 359 415 404
99 2 2 20 1 359 416 415
100 2 2 20 1 359 472 416
101 2 2 20 1 369 370 360
102 2 2 20 1 370 371 360
103 2 2 20 1 371 417 360
104 2 2 20 1 420 467 361
105 2 2 20 1 361 471 426
106 2 2 20 1 361 467 439
107 2 2 20 1 439 471 361
108 2 2 20 1 362 412 411
109 2 2 20 1 411 413 362
110 2 2 20 1 362 418 412
111 2 2 20 1 413 464 362
112 2 2 20 1 363 442 369
113 2 2 20 1 422 423 363
114 2 2 20 1 423 442 363
115 2 2 20 1 421 448 364
116 2 2 20 1 364 454 421
117 2 2 20 1 424 454 364
118 2 2 20 1 414 451 365
119 2 2 20 1 365 459 449
120 2 2 20 1 451 459 365
121 2 2 20 1 366 446 423
122 2 2 20 1 423 450 366
123 2 2 20 1 436 446 366
124 2 2 20 1 367 459 418
125 2 2 20 1 449 459 367
126 2 2 20 1 367 468 449
127 2 2 20 1 368 421 420
128 2 2 20 1 368 448 421
129 2 2 20 1 368 461 448
130 2 2 20 1 369 442 370
131 2 2 20 1 370 372 371
132 2 2 20 1 370 389 372
133 2 2 20 1 370 442 389
134 2 2 20 1 372 373 371
135 2 2 20 1 373 429 371
136 2 2 20 1 371 429 417
137 2 2 20 1 372 374 373
138 2 2 20 1 372 435 374
139 2 2 20 1 389 435 372
140 2 2 20 1 374 375 373
141 2 2 20 1 375 399 373
142 2 2 20 1 399 429 373
143 2 2 20 1 374 376 375
144 2 2 20 1 374 386 376
145 2 2 20 1 374 435 386
146 2 2 20 1 376 377 375
147 2 2 20 1 377 440 375
148 2 2 20 1 375 440 399
149 2 2 20 1 376 378 377
150 2 2 20 1 376 425 378
151 2 2 20 1 386 425 376
152 2 2 20 1 378 379 377
153 2 2 20 1 379 381 377
154 2 2 20 1 381 440 377
155 2 2 20 1 378 380 379
156 2 2 20 1 378 382 380
157 2 2 20 1 378 425 382
158 2 2 20 1 380 441 379
159 2 2 20 1 379 387 381
160 2 2 20 1 379 441 387
161 2 2 20 1 382 383 380
162 2 2 20 1 383 384 380
163 2 2 20 1 384 441 380
164 2 2 20 1 387 388 381
165 2 2 20 1 388 391 381
166 2 2 20 1 391 440 381
167 2 2 20 1 382 390 383
168 2 2 20 1 382 397 390
169 2 2 20 1 382 425 397
170 2 2 20 1 383 385 384
171 2 2 20 1 383 427 385
172 2 2 20 1 390 427 383
173 2 2 20 1 385 393 384
174 2 2 20 1 393 445 384
175 2 2 20 1 384 445 441
176 2 2 20 1 385 394 393
177 2 2 20 1 385 395 394
178 2 2 20 1 385 427 395
179 2 2 20 1 386 437 425
180 2 2 20 1 386 435 434
181 2 2 20 1 434 437 386
182 2 2 20 1 387 396 388
183 2 2 20 1 387 398 396
184 2 2 20 1 387 441 398
185 2 2 20 1 388 392 391
186 2 2 20 1 388 438 392
187 2 2 20 1 396 438 388
188 2 2 20 1 389 447 435
189 2 2 20 1 442 458 389
190 2 2 20 1 389 458 447
191 2 2 20 1 397 401 390
192 2 2 20 1 401 403 390
193 2 2 20 1 403 427 390
194 2 2 20 1 392 405 391
195 2 2 20 1 405 444 391
196 2 2 20 1 391 444 440
197 2 2 20 1 392 406 405
198 2 2 20 1 392 407 406
199 2 2 20 1 392 438 407
200 2 2 20 1 394 415 393
201 2 2 20 1 415 453 393
202 2 2 20 1 393 453 445
203 2 2 20 1 395 400 394
204 2 2 20 1 400 404 394
205 2 2 20 1 404 415 394
206 2 2 20 1 395 411 400
207 2 2 20 1 395 452 411
208 2 2 20 1 427 452 395
209 2 2 20 1 398 408 396
210 2 2 20 1 408 410 396
211 2 2 20 1 410 438 396
212 2 2 20 1 397 402 401
213 2 2 20 1 397 437 402
214 2 2 20 1 425 437 397
215 2 2 20 1 398 409 408
216 2 2 20 1 398 445 409
217 2 2 20 1 441 445 398
218 2 2 20 1 399 443 429
219 2 2 20 1 440 444 399
220 2 2 20 1 399 444 443
221 2 2 20 1 400 451 404
222 2 2 20 1 411 412 400
223 2 2 20 1 412 451 400
224 2 2 20 1 402 457 401
225 2 2 20 1 401 456 403
226 2 2 20 1 401 457 456
227 2 2 20 1 437 473 402
228 2 2 20 1 402 460 457
229 2 2 20 1 402 473 460
230 2 2 20 1 403 452 427
231 2 2 20 1 403 465 452
232 2 2 20 1 456 465 403
233 2 2 20 1 404 451 414
234 2 2 20 1 406 463 405
235 2 2 20 1 405 455 444
236 2 2 20 1 405 463 455
237 2 2 20 1 407 454 406
238 2 2 20 1 406 454 424
239 2 2 20 1 424 463 406
240 2 2 20 1 421 454 407
241 2 2 20 1 407 467 421
242 2 2 20 1 438 439 407
243 2 2 20 1 439 467 407
244 2 2 20 1 409 462 408
245 2 2 20 1 408 469 410
246 2 2 20 1 462 469 408
247 2 2 20 1 445 453 409
248 2 2 20 1 453 470 409
249 2 2 20 1 409 470 462
250 2 2 20 1 410 439 438
251 2 2 20 1 410 471 439
252 2 2 20 1 469 471 410
253 2 2 20 1 411 452 413
254 2 2 20 1 418 459 412
255 2 2 20 1 412 459 451
256 2 2 20 1 452 465 413
257 2 2 20 1 416 453 415
258 2 2 20 1 428 470 416
259 2 2 20 1 416 472 428
260 2 2 20 1 416 470 453
261 2 2 20 1 443 455 419
262 2 2 20 1 421 467 420
263 2 2 20 1 422 450 423
264 2 2 20 1 422 466 450
265 2 2 20 1 423 458 442
266 2 2 20 1 446 458 423
267 2 2 20 1 426 471 469
268 2 2 20 1 462 470 428
269 2 2 20 1 456 457 430
270 2 2 20 1 431 460 432
271 2 2 20 1 432 434 433
272 2 2 20 1 432 473 434
273 2 2 20 1 460 473 432
274 2 2 20 1 434 447 433
275 2 2 20 1 433 446 436
276 2 2 20 1 433 447 446
277 2 2 20 1 435 447 434
278 2 2 20 1 434 473 437
279 2 2 20 1 444 455 443
280 2 2 20 1 447 458 446
281 2 2 30 2 67 623 5
282 2 2 30 2 5 623 147
283 2 2 30 2 7 614 80
284 2 2 30 2 201 614 7
285 2 2 30 2 160 613 10
286 2 2 30 2 10 613 214
287 2 2 30 2 68 616 67
288 2 2 30 2 67 616 491
289 2 2 30 2 491 623 67
290 2 2 30 2 69 488 68
291 2 2 30 2 488 616 68
292 2 2 30 2 70 556 69
293 2 2 30 2 69 556 488
294 2 2 30 2 71 482 70
295 2 2 30 2 482 556 70
296 2 2 30 2 72 563 71
297 2 2 30 2 71 563 482
298 2 2 30 2 73 555 72
299 2 2 30 2 555 563 72
300 2 2 30 2 74 475 73
301 2 2 30 2 475 555 73
302 2 2 30 2 75 557 74
303 2 2 30 2 74 557 475
304 2 2 30 2 76 477 75
305 2 2 30 2 477 557 75
306 2 2 30 2 77 581 76
307 2 2 30 2 76 581 477
308 2 2 30 2 78 483 77
309 2 2 30 2 483 581 77
310 2 2 30 2 79 584 78
311 2 2 30 2 78 584 483
312 2 2 30 2 80 489 79
313 2 2 30 2 489 584 79
314 2 2 30 2 80 614 489
315 2 2 30 2 147 617 148
316 2 2 30 2 491 617 147
317 2 2 30 2 147 623 491
318 2 2 30 2 148 485 149
319 2 2 30 2 148 617 485
320 2 2 30 2 149 596 150
321 2 2 30 2 485 596 149
322 2 2 30 2 150 479 151
323 2 2 30 2 150 596 479
324 2 2 30 2 151 573 152
325 2 2 30 2 479 573 151
326 2 2 30 2 152 601 153
327 2 2 30 2 573 601 152
328 2 2 30 2 153 474 154
329 2 2 30 2 153 601 474
330 2 2 30 2 154 575 155
331 2 2 30 2 474 575 154
332 2 2 30 2 155 478 156
333 2 2 30 2 155 575 478
334 2 2 30 2 156 582 157
335 2 2 30 2 478 582 156
336 2 2 30 2 157 484 158
337 2 2 30 2 157 582 484
338 2 2 30 2 158 624 159
339 2 2 30 2 484 624 158
340 2 2 30 2 159 490 160
341 2 2 30 2 159 624 490
342 2 2 30 2 490 613 160
343 2 2 30 2 202 602 201
344 2 2 30 2 602 614 201
345 2 2 30 2 203 487 202
346 2 2 30 2 487 602 202
347 2 2 30 2 204 492 203
348 2 2 30 2 203 492 487
349 2 2 30 2 205 481 204
350 2 2 30 2 481 492 204
351 2 2 30 2 206 562 205
352 2 2 30 2 205 562 481
353 2 2 30 2 207 571 206
354 2 2 30 2 206 571 562
355 2 2 30 2 208 476 207
356 2 2 30 2 476 571 207
357 2 2 30 2 209 612 208
358 2 2 30 2 208 612 476
359 2 2 30 2 210 570 209
360 2 2 30 2 570 612 209
361 2 2 30 2 211 480 210
362 2 2 30 2 480 570 210
363 2 2 30 2 212 627 211
364 2 2 30 2 211 627 480
365 2 2 30 2 213 486 212
366 2 2 30 2 486 627 212
367 2 2 30 2 214 603 213
368 2 2 30 2 213 603 486
369 2 2 30 2 214 613 603
370 2 2 30 2 474 601 549
371 2 2 30 2 549 605 474
372 2 2 30 2 474 605 575
373 2 2 30 2 475 553 551
374 2 2 30 2 551 555 475
375 2 2 30 2 475 557 553
376 2 2 30 2 476 593 571
377 2 2 30 2 476 607 593
378 2 2 30 2 476 612 607
379 2 2 30 2 477 599 557
380 2 2 30 2 581 610 477
381 2 2 30 2 477 610 599
382 2 2 30 2 575 618 478
383 2 2 30 2 478 615 582
384 2 2 30 2 478 618 615
385 2 2 30 2 479 596 547
386 2 2 30 2 547 609 479
387 2 2 30 2 479 574 573
388 2 2 30 2 479 609 574
389 2 2 30 2 559 591 480
390 2 2 30 2 480 627 559
391 2 2 30 2 480 591 570
392 2 2 30 2 481 493 492
393 2 2 30 2 481 494 493
394 2 2 30 2 481 562 494
395 2 2 30 2 482 608 556
396 2 2 30 2 563 564 482
397 2 2 30 2 564 608 482
398 2 2 30 2 483 621 581
399 2 2 30 2 584 620 483
400 2 2 30 2 483 620 600
401 2 2 30 2 600 621 483
402 2 2 30 2 546 560 484
403 2 2 30 2 484 561 546
404 2 2 30 2 560 624 484
405 2 2 30 2 484 582 561
406 2 2 30 2 485 611 596
407 2 2 30 2 485 617 611
408 2 2 30 2 486 558 545
409 2 2 30 2 545 559 486
410 2 2 30 2 486 603 558
411 2 2 30 2 559 627 486
412 2 2 30 2 492 586 487
413 2 2 30 2 586 625 487
414 2 2 30 2 487 625 602
415 2 2 30 2 488 556 548
416 2 2 30 2 548 597 488
417 2 2 30 2 597 616 488
418 2 2 30 2 489 594 584
419 2 2 30 2 489 602 594
420 2 2 30 2 489 614 602
421 2 2 30 2 490 560 558
422 2 2 30 2 558 603 490
423 2 2 30 2 490 624 560
424 2 2 30 2 603 613 490
425 2 2 30 2 491 616 597
426 2 2 30 2 597 617 491
427 2 2 30 2 493 586 492
428 2 2 30 2 494 495 493
429 2 2 30 2 495 579 493
430 2 2 30 2 579 586 493
431 2 2 30 2 494 496 495
432 2 2 30 2 494 572 496
433 2 2 30 2 562 572 494
434 2 2 30 2 496 497 495
435 2 2 30 2 497 521 495
436 2 2 30 2 521 579 495
437 2 2 30 2 496 498 497
438 2 2 30 2 496 535 498
439 2 2 30 2 496 572 535
440 2 2 30 2 498 499 497
441 2 2 30 2 499 566 497
442 2 2 30 2 497 566 521
443 2 2 30 2 498 500 499
444 2 2 30 2 498 598 500
445 2 2 30 2 535 598 498
446 2 2 30 2 500 501 499
447 2 2 30 2 501 513 499
448 2 2 30 2 513 566 499
449 2 2 30 2 500 502 501
450 2 2 30 2 500 588 502
451 2 2 30 2 500 598 588
452 2 2 30 2 502 503 501
453 2 2 30 2 503 565 501
454 2 2 30 2 501 565 513
455 2 2 30 2 502 504 503
456 2 2 30 2 502 506 504
457 2 2 30 2 502 588 506
458 2 2 30 2 504 505 503
459 2 2 30 2 505 509 503
460 2 2 30 2 509 565 503
461 2 2 30 2 504 576 505
462 2 2 30 2 506 507 504
463 2 2 30 2 507 576 504
464 2 2 30 2 505 510 509
465 2 2 30 2 505 511 510
466 2 2 30 2 505 576 511
467 2 2 30 2 506 508 507
468 2 2 30 2 506 515 508
469 2 2 30 2 506 588 515
470 2 2 30 2 508 577 507
471 2 2 30 2 507 590 576
472 2 2 30 2 577 590 507
473 2 2 30 2 515 516 508
474 2 2 30 2 516 518 508
475 2 2 30 2 518 577 508
476 2 2 30 2 510 514 509
477 2 2 30 2 514 530 509
478 2 2 30 2 530 565 509
479 2 2 30 2 511 512 510
480 2 2 30 2 512 585 510
481 2 2 30 2 510 585 514
482 2 2 30 2 511 517 512
483 2 2 30 2 511 533 517
484 2 2 30 2 511 576 533
485 2 2 30 2 517 524 512
486 2 2 30 2 524 525 512
487 2 2 30 2 525 585 512
488 2 2 30 2 565 587 513
489 2 2 30 2 513 595 566
490 2 2 30 2 587 595 513
491 2 2 30 2 514 531 530
492 2 2 30 2 514 592 531
493 2 2 30 2 585 592 514
494 2 2 30 2 515 520 516
495 2 2 30 2 515 539 520
496 2 2 30 2 515 588 539
497 2 2 30 2 516 519 518
498 2 2 30 2 516 589 519
499 2 2 30 2 520 589 516
500 2 2 30 2 517 583 524
501 2 2 30 2 533 534 517
502 2 2 30 2 534 583 517
503 2 2 30 2 519 522 518
504 2 2 30 2 522 523 518
505 2 2 30 2 523 577 518
506 2 2 30 2 519 526 522
507 2 2 30 2 519 537 526
508 2 2 30 2 519 589 537
509 2 2 30 2 539 540 520
510 2 2 30 2 540 541 520
511 2 2 30 2 541 589 520
512 2 2 30 2 566 567 521
513 2 2 30 2 567 568 521
514 2 2 30 2 568 579 521
515 2 2 30 2 522 542 523
516 2 2 30 2 526 622 522
517 2 2 30 2 522 622 542
518 2 2 30 2 542 543 523
519 2 2 30 2 543 578 523
520 2 2 30 2 523 578 577
521 2 2 30 2 524 527 525
522 2 2 30 2 524 609 527
523 2 2 30 2 583 609 524
524 2 2 30 2 527 528 525
525 2 2 30 2 528 529 525
526 2 2 30 2 529 585 525
527 2 2 30 2 537 545 526
528 2 2 30 2 545 546 526
529 2 2 30 2 546 622 526
530 2 2 30 2 527 538 528
531 2 2 30 2 527 547 538
532 2 2 30 2 527 609 547
533 2 2 30 2 528 626 529
534 2 2 30 2 538 548 528
535 2 2 30 2 548 626 528
536 2 2 30 2 564 592 529
537 2 2 30 2 529 626 564
538 2 2 30 2 529 592 585
539 2 2 30 2 531 532 530
540 2 2 30 2 532 587 530
541 2 2 30 2 530 587 565
542 2 2 30 2 531 551 532
543 2 2 30 2 531 552 551
544 2 2 30 2 531 592 552
545 2 2 30 2 551 553 532
546 2 2 30 2 553 554 532
547 2 2 30 2 554 587 532
548 2 2 30 2 533 536 534
549 2 2 30 2 533 590 536
550 2 2 30 2 576 590 533
551 2 2 30 2 536 549 534
552 2 2 30 2 549 550 534
553 2 2 30 2 550 583 534
554 2 2 30 2 572 593 535
555 2 2 30 2 593 604 535
556 2 2 30 2 535 604 598
557 2 2 30 2 536 619 549
558 2 2 30 2 536 590 578
559 2 2 30 2 578 619 536
560 2 2 30 2 537 559 545
561 2 2 30 2 537 591 559
562 2 2 30 2 589 591 537
563 2 2 30 2 547 611 538
564 2 2 30 2 538 597 548
565 2 2 30 2 538 611 597
566 2 2 30 2 539 604 540
567 2 2 30 2 588 598 539
568 2 2 30 2 598 604 539
569 2 2 30 2 540 544 541
570 2 2 30 2 540 607 544
571 2 2 30 2 604 607 540
572 2 2 30 2 544 570 541
573 2 2 30 2 570 591 541
574 2 2 30 2 541 591 589
575 2 2 30 2 542 618 543
576 2 2 30 2 561 615 542
577 2 2 30 2 542 622 561
578 2 2 30 2 615 618 542
579 2 2 30 2 543 619 578
580 2 2 30 2 543 618 605
581 2 2 30 2 605 619 543
582 2 2 30 2 544 612 570
583 2 2 30 2 607 612 544
584 2 2 30 2 545 558 546
585 2 2 30 2 558 560 546
586 2 2 30 2 561 622 546
587 2 2 30 2 596 611 547
588 2 2 30 2 556 608 548
589 2 2 30 2 608 626 548
590 2 2 30 2 549 601 550
591 2 2 30 2 549 619 605
592 2 2 30 2 573 574 550
593 2 2 30 2 550 601 573
594 2 2 30 2 574 583 550
595 2 2 30 2 552 555 551
596 2 2 30 2 552 563 555
597 2 2 30 2 552 564 563
598 2 2 30 2 552 592 564
599 2 2 30 2 553 599 554
600 2 2 30 2 557 599 553
601 2 2 30 2 554 595 587
602 2 2 30 2 554 606 595
603 2 2 30 2 599 606 554
604 2 2 30 2 582 615 561
605 2 2 30 2 571 572 562
606 2 2 30 2 564 626 608
607 2 2 30 2 566 595 567
608 2 2 30 2 567 569 568
609 2 2 30 2 567 606 569
610 2 2 30 2 595 606 567
611 2 2 30 2 569 600 568
612 2 2 30 2 568 580 579
613 2 2 30 2 568 600 580
614 2 2 30 2 569 621 600
615 2 2 30 2 606 610 569
616 2 2 30 2 610 621 569
617 2 2 30 2 571 593 572
618 2 2 30 2 574 609 583
619 2 2 30 2 605 618 575
620 2 2 30 2 578 590 577
621 2 2 30 2 580 586 579
622 2 2 30 2 580 625 586
623 2 2 30 2 580 620 594
624 2 2 30 2 594 625 580
625 2 2 30 2 600 620 580
626 2 2 30 2 581 621 610
627 2 2 30 2 594 620 584
628 2 2 30 2 593 607 604
629 2 2 30 2 602 625 594
630 2 2 30 2 611 617 597
631 2 2 30 2 599 610 606
632 2 2 20 3 42 750 2
633 2 2 20 3 2 750 146
634 2 2 20 3 3 740 31
635 2 2 20 3 175 740 3
636 2 2 20 3 135 735 9
637 2 2 20 3 9 735 187
638 2 2 20 3 31 697 32
639 2 2 20 3 31 740 697
640 2 2 20 3 32 639 33
641 2 2 20 3 32 697 639
642 2 2 20 3 33 644 34
643 2 2 20 3 639 644 33
644 2 2 20 3 34 631 35
645 2 2 20 3 34 644 631
646 2 2 20 3 35 687 36
647 2 2 20 3 631 687 35
648 2 2 20 3 36 628 37
649 2 2 20 3 36 687 628
650 2 2 20 3 37 699 38
651 2 2 20 3 628 699 37
652 2 2 20 3 38 632 39
653 2 2 20 3 38 699 632
654 2 2 20 3 39 694 40
655 2 2 20 3 632 694 39
656 2 2 20 3 40 640 41
657 2 2 20 3 40 694 640
658 2 2 20 3 41 745 42
659 2 2 20 3 640 745 41
660 2 2 20 3 42 745 643
661 2 2 20 3 643 750 42
662 2 2 20 3 136 696 135
663 2 2 20 3 696 735 135
664 2 2 20 3 137 638 136
665 2 2 20 3 638 696 136
666 2 2 20 3 138 688 137
667 2 2 20 3 137 688 638
668 2 2 20 3 139 633 138
669 2 2 20 3 633 688 138
670 2 2 20 3 140 692 139
671 2 2 20 3 139 692 633
672 2 2 20 3 141 629 140
673 2 2 20 3 629 692 140
674 2 2 20 3 142 693 141
675 2 2 20 3 141 693 629
676 2 2 20 3 143 634 142
677 2 2 20 3 634 693 142
678 2 2 20 3 144 695 143
679 2 2 20 3 143 695 634
680 2 2 20 3 145 637 144
681 2 2 20 3 637 695 144
682 2 2 20 3 146 746 145
683 2 2 20 3 145 746 637
684 2 2 20 3 643 746 146
685 2 2 20 3 146 750 643
686 2 2 20 3 176 724 175
687 2 2 20 3 724 740 175
688 2 2 20 3 177 641 176
689 2 2 20 3 641 724 176
690 2 2 20 3 178 726 177
691 2 2 20 3 177 726 641
692 2 2 20 3 179 635 178
693 2 2 20 3 635 726 178
694 2 2 20 3 180 707 179
695 2 2 20 3 179 707 635
696 2 2 20 3 181 706 180
697 2 2 20 3 706 707 180
698 2 2 20 3 182 630 181
699 2 2 20 3 630 706 181
700 2 2 20 3 183 737 182
701 2 2 20 3 182 737 630
702 2 2 20 3 184 636 183
703 2 2 20 3 636 737 183
704 2 2 20 3 185 716 184
705 2 2 20 3 184 716 636
706 2 2 20 3 186 642 185
707 2 2 20 3 642 716 185
708 2 2 20 3 187 691 186
709 2 2 20 3 186 691 642
710 2 2 20 3 187 735 691
711 2 2 20 3 687 708 628
712 2 2 20 3 628 721 699
713 2 2 20 3 708 721 628
714 2 2 20 3 629 732 692
715 2 2 20 3 693 738 629
716 2 2 20 3 629 738 732
717 2 2 20 3 630 737 685
718 2 2 20 3 685 751 630
719 2 2 20 3 630 728 706
720 2 2 20 3 630 751 728
721 2 2 20 3 644 645 631
722 2 2 20 3 645 646 631
723 2 2 20 3 646 687 631
724 2 2 20 3 632 739 694
725 2 2 20 3 699 729 632
726 2 2 20 3 729 739 632
727 2 2 20 3 633 734 688
728 2 2 20 3 692 736 633
729 2 2 20 3 633 736 734
730 2 2 20 3 634 744 693
731 2 2 20 3 695 748 634
732 2 2 20 3 634 748 744
733 2 2 20 3 703 705 635
734 2 2 20 3 635 742 703
735 2 2 20 3 705 726 635
736 2 2 20 3 707 742 635
737 2 2 20 3 677 685 636
738 2 2 20 3 636 686 677
739 2 2 20 3 685 737 636
740 2 2 20 3 636 716 686
741 2 2 20 3 637 725 695
742 2 2 20 3 637 733 725
743 2 2 20 3 637 746 733
744 2 2 20 3 688 689 638
745 2 2 20 3 689 690 638
746 2 2 20 3 690 696 638
747 2 2 20 3 639 717 644
748 2 2 20 3 697 698 639
749 2 2 20 3 698 717 639
750 2 2 20 3 694 720 640
751 2 2 20 3 720 733 640
752 2 2 20 3 733 745 640
753 2 2 20 3 641 726 705
754 2 2 20 3 705 747 641
755 2 2 20 3 641 747 724
756 2 2 20 3 642 691 690
757 2 2 20 3 690 723 642
758 2 2 20 3 642 723 716
759 2 2 20 3 643 745 733
760 2 2 20 3 733 746 643
761 2 2 20 3 644 717 645
762 2 2 20 3 645 647 646
763 2 2 20 3 645 709 647
764 2 2 20 3 645 717 709
765 2 2 20 3 647 648 646
766 2 2 20 3 648 708 646
767 2 2 20 3 646 708 687
768 2 2 20 3 647 649 648
769 2 2 20 3 647 660 649
770 2 2 20 3 647 709 660
771 2 2 20 3 649 650 648
772 2 2 20 3 650 665 648
773 2 2 20 3 665 708 648
774 2 2 20 3 649 651 650
775 2 2 20 3 649 700 651
776 2 2 20 3 660 700 649
777 2 2 20 3 651 652 650
778 2 2 20 3 652 713 650
779 2 2 20 3 650 713 665
780 2 2 20 3 651 653 652
781 2 2 20 3 651 657 653
782 2 2 20 3 651 700 657
783 2 2 20 3 653 654 652
784 2 2 20 3 654 656 652
785 2 2 20 3 656 713 652
786 2 2 20 3 653 655 654
787 2 2 20 3 653 727 655
788 2 2 20 3 657 727 653
789 2 2 20 3 655 710 654
790 2 2 20 3 654 658 656
791 2 2 20 3 654 710 658
792 2 2 20 3 655 715 710
793 2 2 20 3 714 715 655
794 2 2 20 3 655 727 714
795 2 2 20 3 658 659 656
796 2 2 20 3 659 661 656
797 2 2 20 3 661 713 656
798 2 2 20 3 700 718 657
799 2 2 20 3 718 731 657
800 2 2 20 3 657 731 727
801 2 2 20 3 658 663 659
802 2 2 20 3 658 664 663
803 2 2 20 3 658 710 664
804 2 2 20 3 659 662 661
805 2 2 20 3 659 711 662
806 2 2 20 3 663 711 659
807 2 2 20 3 660 701 700
808 2 2 20 3 660 702 701
809 2 2 20 3 660 709 702
810 2 2 20 3 662 681 661
811 2 2 20 3 681 722 661
812 2 2 20 3 661 722 713
813 2 2 20 3 662 682 681
814 2 2 20 3 662 683 682
815 2 2 20 3 662 711 683
816 2 2 20 3 664 666 663
817 2 2 20 3 666 684 663
818 2 2 20 3 684 711 663
819 2 2 20 3 664 667 666
820 2 2 20 3 664 668 667
821 2 2 20 3 664 710 668
822 2 2 20 3 665 721 708
823 2 2 20 3 713 722 665
824 2 2 20 3 665 722 721
825 2 2 20 3 667 738 666
826 2 2 20 3 666 744 684
827 2 2 20 3 738 744 666
828 2 2 20 3 668 669 667
829 2 2 20 3 669 732 667
830 2 2 20 3 732 738 667
831 2 2 20 3 668 670 669
832 2 2 20 3 668 715 670
833 2 2 20 3 710 715 668
834 2 2 20 3 670 671 669
835 2 2 20 3 671 736 669
836 2 2 20 3 669 736 732
837 2 2 20 3 670 672 671
838 2 2 20 3 670 673 672
839 2 2 20 3 670 715 673
840 2 2 20 3 672 743 671
841 2 2 20 3 734 736 671
842 2 2 20 3 671 743 734
843 2 2 20 3 673 674 672
844 2 2 20 3 674 676 672
845 2 2 20 3 676 743 672
846 2 2 20 3 673 675 674
847 2 2 20 3 673 714 675
848 2 2 20 3 673 715 714
849 2 2 20 3 675 677 674
850 2 2 20 3 674 686 676
851 2 2 20 3 677 686 674
852 2 2 20 3 675 678 677
853 2 2 20 3 675 679 678
854 2 2 20 3 675 714 679
855 2 2 20 3 686 723 676
856 2 2 20 3 723 749 676
857 2 2 20 3 676 749 743
858 2 2 20 3 678 685 677
859 2 2 20 3 679 680 678
860 2 2 20 3 680 751 678
861 2 2 20 3 678 751 685
862 2 2 20 3 679 731 680
863 2 2 20 3 714 727 679
864 2 2 20 3 727 731 679
865 2 2 20 3 680 741 728
866 2 2 20 3 728 751 680
867 2 2 20 3 731 741 680
868 2 2 20 3 682 739 681
869 2 2 20 3 681 729 722
870 2 2 20 3 681 739 729
871 2 2 20 3 683 720 682
872 2 2 20 3 682 720 694
873 2 2 20 3 694 739 682
874 2 2 20 3 711 712 683
875 2 2 20 3 712 725 683
876 2 2 20 3 683 725 720
877 2 2 20 3 684 712 711
878 2 2 20 3 684 748 712
879 2 2 20 3 744 748 684
880 2 2 20 3 716 723 686
881 2 2 20 3 688 734 689
882 2 2 20 3 689 749 690
883 2 2 20 3 734 743 689
884 2 2 20 3 743 749 689
885 2 2 20 3 691 696 690
886 2 2 20 3 690 749 723
887 2 2 20 3 691 735 696
888 2 2 20 3 732 736 692
889 2 2 20 3 693 744 738
890 2 2 20 3 695 725 712
891 2 2 20 3 712 748 695
892 2 2 20 3 697 724 698
893 2 2 20 3 697 740 724
894 2 2 20 3 698 719 717
895 2 2 20 3 698 747 719
896 2 2 20 3 724 747 698
897 2 2 20 3 721 729 699
898 2 2 20 3 701 718 700
899 2 2 20 3 702 703 701
900 2 2 20 3 703 704 701
901 2 2 20 3 704 718 701
902 2 2 20 3 702 705 703
903 2 2 20 3 702 719 705
904 2 2 20 3 709 719 702
905 2 2 20 3 703 742 704
906 2 2 20 3 704 741 718
907 2 2 20 3 730 741 704
908 2 2 20 3 704 742 730
909 2 2 20 3 719 747 705
910 2 2 20 3 706 730 707
911 2 2 20 3 728 730 706
912 2 2 20 3 730 742 707
913 2 2 20 3 717 719 709
914 2 2 20 3 718 741 731
915 2 2 20 3 725 733 720
916 2 2 20 3 722 729 721
917 2 2 20 3 728 741 730
918 2 2 30 4 94 891 6
919 2 2 30 4 6 891 174
920 2 2 30 4 7 900 81
921 2 2 30 4 201 900 7
922 2 2 30 4 161 899 10
923 2 2 30 4 10 899 214
924 2 2 30 4 81 876 82
925 2 2 30 4 81 900 876
926 2 2 30 4 82 766 83
927 2 2 30 4 82 876 766
928 2 2 30 4 83 858 84
929 2 2 30 4 766 858 83
930 2 2 30 4 84 760 85
931 2 2 30 4 84 858 760
932 2 2 30 4 85 892 86
933 2 2 30 4 760 892 85
934 2 2 30 4 86 907 87
935 2 2 30 4 892 907 86
936 2 2 30 4 87 753 88
937 2 2 30 4 87 907 753
938 2 2 30 4 88 873 89
939 2 2 30 4 753 873 88
940 2 2 30 4 89 755 90
941 2 2 30 4 89 873 755
942 2 2 30 4 90 845 91
943 2 2 30 4 755 845 90
944 2 2 30 4 91 761 92
945 2 2 30 4 91 845 761
946 2 2 30 4 92 837 93
947 2 2 30 4 761 837 92
948 2 2 30 4 93 767 94
949 2 2 30 4 93 837 767
950 2 2 30 4 767 891 94
951 2 2 30 4 162 875 161
952 2 2 30 4 875 899 161
953 2 2 30 4 163 765 162
954 2 2 30 4 765 875 162
955 2 2 30 4 164 870 163
956 2 2 30 4 163 870 765
957 2 2 30 4 165 759 164
958 2 2 30 4 759 870 164
959 2 2 30 4 166 857 165
960 2 2 30 4 165 857 759
961 2 2 30 4 167 861 166
962 2 2 30 4 166 861 857
963 2 2 30 4 168 754 167
964 2 2 30 4 754 861 167
965 2 2 30 4 169 840 168
966 2 2 30 4 168 840 754
967 2 2 30 4 170 839 169
968 2 2 30 4 839 840 169
969 2 2 30 4 171 758 170
970 2 2 30 4 758 839 170
971 2 2 30 4 172 883 171
972 2 2 30 4 171 883 758
973 2 2 30 4 173 764 172
974 2 2 30 4 764 883 172
975 2 2 30 4 174 874 173
976 2 2 30 4 173 874 764
977 2 2 30 4 174 891 874
978 2 2 30 4 202 836 201
979 2 2 30 4 836 900 201
980 2 2 30 4 203 763 202
981 2 2 30 4 763 836 202
982 2 2 30 4 204 872 203
983 2 2 30 4 203 872 763
984 2 2 30 4 205 757 204
985 2 2 30 4 757 872 204
986 2 2 30 4 206 859 205
987 2 2 30 4 205 859 757
988 2 2 30 4 207 752 206
989 2 2 30 4 752 859 206
990 2 2 30 4 208 902 207
991 2 2 30 4 207 902 752
992 2 2 30 4 209 882 208
993 2 2 30 4 882 902 208
994 2 2 30 4 210 756 209
995 2 2 30 4 756 882 209
996 2 2 30 4 211 834 210
997 2 2 30 4 210 834 756
998 2 2 30 4 212 762 211
999 2 2 30 4 762 834 211
1000 2 2 30 4 213 769 212
1001 2 2 30 4 212 769 762
1002 2 2 30 4 214 768 213
1003 2 2 30 4 768 769 213
1004 2 2 30 4 214 899 768
1005 2 2 30 4 752 819 818
1006 2 2 30 4 818 859 752
1007 2 2 30 4 752 820 819
1008 2 2 30 4 752 902 820
1009 2 2 30 4 753 829 828
1010 2 2 30 4 828 873 753
1011 2 2 30 4 753 830 829
1012 2 2 30 4 753 907 830
1013 2 2 30 4 840 841 754
1014 2 2 30 4 841 842 754
1015 2 2 30 4 842 861 754
1016 2 2 30 4 823 845 755
1017 2 2 30 4 755 888 823
1018 2 2 30 4 873 888 755
1019 2 2 30 4 822 882 756
1020 2 2 30 4 756 897 822
1021 2 2 30 4 834 856 756
1022 2 2 30 4 856 897 756
1023 2 2 30 4 859 885 757
1024 2 2 30 4 757 904 872
1025 2 2 30 4 885 904 757
1026 2 2 30 4 758 889 839
1027 2 2 30 4 883 887 758
1028 2 2 30 4 887 889 758
1029 2 2 30 4 848 849 759
1030 2 2 30 4 759 890 848
1031 2 2 30 4 849 870 759
1032 2 2 30 4 857 890 759
1033 2 2 30 4 833 892 760
1034 2 2 30 4 760 905 833
1035 2 2 30 4 858 880 760
1036 2 2 30 4 880 905 760
1037 2 2 30 4 761 838 837
1038 2 2 30 4 761 846 838
1039 2 2 30 4 845 846 761
1040 2 2 30 4 769 770 762
1041 2 2 30 4 770 771 762
1042 2 2 30 4 771 834 762
1043 2 2 30 4 763 872 827
1044 2 2 30 4 827 903 763
1045 2 2 30 4 763 903 836
1046 2 2 30 4 835 883 764
1047 2 2 30 4 764 895 835
1048 2 2 30 4 874 895 764
1049 2 2 30 4 863 875 765
1050 2 2 30 4 765 893 863
1051 2 2 30 4 870 893 765
1052 2 2 30 4 766 881 858
1053 2 2 30 4 876 886 766
1054 2 2 30 4 766 886 881
1055 2 2 30 4 837 871 767
1056 2 2 30 4 871 874 767
1057 2 2 30 4 874 891 767
1058 2 2 30 4 768 863 769
1059 2 2 30 4 768 875 863
1060 2 2 30 4 768 899 875
1061 2 2 30 4 769 863 770
1062 2 2 30 4 770 772 771
1063 2 2 30 4 770 852 772
1064 2 2 30 4 770 863 852
1065 2 2 30 4 772 773 771
1066 2 2 30 4 773 856 771
1067 2 2 30 4 771 856 834
1068 2 2 30 4 772 774 773
1069 2 2 30 4 772 806 774
1070 2 2 30 4 772 852 806
1071 2 2 30 4 774 775 773
1072 2 2 30 4 775 864 773
1073 2 2 30 4 773 864 856
1074 2 2 30 4 774 776 775
1075 2 2 30 4 774 847 776
1076 2 2 30 4 806 847 774
1077 2 2 30 4 776 777 775
1078 2 2 30 4 777 788 775
1079 2 2 30 4 788 864 775
1080 2 2 30 4 776 778 777
1081 2 2 30 4 776 792 778
1082 2 2 30 4 776 847 792
1083 2 2 30 4 778 779 777
1084 2 2 30 4 779 865 777
1085 2 2 30 4 777 865 788
1086 2 2 30 4 778 780 779
1087 2 2 30 4 778 860 780
1088 2 2 30 4 792 860 778
1089 2 2 30 4 780 781 779
1090 2 2 30 4 781 783 779
1091 2 2 30 4 783 865 779
1092 2 2 30 4 780 782 781
1093 2 2 30 4 780 793 782
1094 2 2 30 4 780 860 793
1095 2 2 30 4 782 854 781
1096 2 2 30 4 781 784 783
1097 2 2 30 4 781 854 784
1098 2 2 30 4 793 794 782
1099 2 2 30 4 794 855 782
1100 2 2 30 4 782 855 854
1101 2 2 30 4 784 785 783
1102 2 2 30 4 785 810 783
1103 2 2 30 4 810 865 783
1104 2 2 30 4 784 786 785
1105 2 2 30 4 784 787 786
1106 2 2 30 4 784 854 787
1107 2 2 30 4 786 789 785
1108 2 2 30 4 789 866 785
1109 2 2 30 4 785 866 810
1110 2 2 30 4 787 851 786
1111 2 2 30 4 786 790 789
1112 2 2 30 4 786 851 790
1113 2 2 30 4 787 878 851
1114 2 2 30 4 854 869 787
1115 2 2 30 4 869 878 787
1116 2 2 30 4 788 884 864
1117 2 2 30 4 865 877 788
1118 2 2 30 4 877 884 788
1119 2 2 30 4 790 791 789
1120 2 2 30 4 791 795 789
1121 2 2 30 4 795 866 789
1122 2 2 30 4 790 850 791
1123 2 2 30 4 790 894 850
1124 2 2 30 4 851 894 790
1125 2 2 30 4 791 796 795
1126 2 2 30 4 791 803 796
1127 2 2 30 4 791 850 803
1128 2 2 30 4 843 860 792
1129 2 2 30 4 792 879 843
1130 2 2 30 4 847 879 792
1131 2 2 30 4 793 797 794
1132 2 2 30 4 793 808 797
1133 2 2 30 4 793 860 808
1134 2 2 30 4 797 798 794
1135 2 2 30 4 798 799 794
1136 2 2 30 4 799 855 794
1137 2 2 30 4 796 812 795
1138 2 2 30 4 812 813 795
1139 2 2 30 4 813 866 795
1140 2 2 30 4 803 809 796
1141 2 2 30 4 809 868 796
1142 2 2 30 4 796 868 812
1143 2 2 30 4 797 807 798
1144 2 2 30 4 797 906 807
1145 2 2 30 4 808 906 797
1146 2 2 30 4 798 800 799
1147 2 2 30 4 798 853 800
1148 2 2 30 4 807 853 798
1149 2 2 30 4 800 801 799
1150 2 2 30 4 801 862 799
1151 2 2 30 4 799 862 855
1152 2 2 30 4 800 802 801
1153 2 2 30 4 800 814 802
1154 2 2 30 4 800 853 814
1155 2 2 30 4 802 804 801
1156 2 2 30 4 804 805 801
1157 2 2 30 4 805 862 801
1158 2 2 30 4 802 896 804
1159 2 2 30 4 814 815 802
1160 2 2 30 4 815 896 802
1161 2 2 30 4 803 811 809
1162 2 2 30 4 803 816 811
1163 2 2 30 4 803 850 816
1164 2 2 30 4 804 823 805
1165 2 2 30 4 804 846 823
1166 2 2 30 4 804 896 846
1167 2 2 30 4 823 824 805
1168 2 2 30 4 824 825 805
1169 2 2 30 4 825 862 805
1170 2 2 30 4 806 848 847
1171 2 2 30 4 806 849 848
1172 2 2 30 4 806 852 849
1173 2 2 30 4 841 901 807
1174 2 2 30 4 807 906 841
1175 2 2 30 4 807 889 853
1176 2 2 30 4 807 901 889
1177 2 2 30 4 808 843 842
1178 2 2 30 4 842 906 808
1179 2 2 30 4 808 860 843
1180 2 2 30 4 811 817 809
1181 2 2 30 4 817 827 809
1182 2 2 30 4 827 868 809
1183 2 2 30 4 810 877 865
1184 2 2 30 4 866 867 810
1185 2 2 30 4 867 877 810
1186 2 2 30 4 816 880 811
1187 2 2 30 4 811 881 817
1188 2 2 30 4 880 881 811
1189 2 2 30 4 812 818 813
1190 2 2 30 4 812 885 818
1191 2 2 30 4 868 885 812
1192 2 2 30 4 818 819 813
1193 2 2 30 4 819 867 813
1194 2 2 30 4 813 867 866
1195 2 2 30 4 814 835 815
1196 2 2 30 4 814 887 835
1197 2 2 30 4 853 887 814
1198 2 2 30 4 835 895 815
1199 2 2 30 4 815 871 838
1200 2 2 30 4 838 896 815
1201 2 2 30 4 815 895 871
1202 2 2 30 4 850 898 816
1203 2 2 30 4 816 905 880
1204 2 2 30 4 898 905 816
1205 2 2 30 4 817 903 827
1206 2 2 30 4 881 886 817
1207 2 2 30 4 886 903 817
1208 2 2 30 4 818 885 859
1209 2 2 30 4 820 821 819
1210 2 2 30 4 821 867 819
1211 2 2 30 4 820 822 821
1212 2 2 30 4 820 882 822
1213 2 2 30 4 820 902 882
1214 2 2 30 4 822 884 821
1215 2 2 30 4 821 877 867
1216 2 2 30 4 821 884 877
1217 2 2 30 4 822 897 884
1218 2 2 30 4 823 888 824
1219 2 2 30 4 823 846 845
1220 2 2 30 4 824 826 825
1221 2 2 30 4 824 828 826
1222 2 2 30 4 824 888 828
1223 2 2 30 4 826 878 825
1224 2 2 30 4 825 869 862
1225 2 2 30 4 825 878 869
1226 2 2 30 4 828 829 826
1227 2 2 30 4 829 832 826
1228 2 2 30 4 832 878 826
1229 2 2 30 4 827 904 868
1230 2 2 30 4 872 904 827
1231 2 2 30 4 828 888 873
1232 2 2 30 4 830 831 829
1233 2 2 30 4 831 832 829
1234 2 2 30 4 830 833 831
1235 2 2 30 4 830 892 833
1236 2 2 30 4 830 907 892
1237 2 2 30 4 831 894 832
1238 2 2 30 4 833 898 831
1239 2 2 30 4 831 898 894
1240 2 2 30 4 851 878 832
1241 2 2 30 4 832 894 851
1242 2 2 30 4 833 905 898
1243 2 2 30 4 835 887 883
1244 2 2 30 4 836 886 876
1245 2 2 30 4 876 900 836
1246 2 2 30 4 836 903 886
1247 2 2 30 4 838 871 837
1248 2 2 30 4 846 896 838
1249 2 2 30 4 839 901 840
1250 2 2 30 4 889 901 839
1251 2 2 30 4 840 901 841
1252 2 2 30 4 841 906 842
1253 2 2 30 4 843 844 842
1254 2 2 30 4 844 861 842
1255 2 2 30 4 843 879 844
1256 2 2 30 4 857 861 844
1257 2 2 30 4 844 890 857
1258 2 2 30 4 879 890 844
1259 2 2 30 4 848 879 847
1260 2 2 30 4 848 890 879
1261 2 2 30 4 852 893 849
1262 2 2 30 4 849 893 870
1263 2 2 30 4 894 898 850
1264 2 2 30 4 863 893 852
1265 2 2 30 4 853 889 887
1266 2 2 30 4 855 869 854
1267 2 2 30 4 862 869 855
1268 2 2 30 4 864 897 856
1269 2 2 30 4 858 881 880
1270 2 2 30 4 884 897 864
1271 2 2 30 4 868 904 885
1272 2 2 30 4 871 895 874
1273 2 2 20 5 43 1016 2
1274 2 2 20 5 2 1016 146
1275 2 2 20 5 4 1021 54
1276 2 2 20 5 200 1021 4
1277 2 2 20 5 135 1023 9
1278 2 2 20 5 9 1023 188
1279 2 2 20 5 44 1003 43
1280 2 2 20 5 1003 1016 43
1281 2 2 20 5 45 919 44
1282 2 2 20 5 919 1003 44
1283 2 2 20 5 46 979 45
1284 2 2 20 5 45 979 919
1285 2 2 20 5 47 913 46
1286 2 2 20 5 913 979 46
1287 2 2 20 5 48 974 47
1288 2 2 20 5 47 974 913
1289 2 2 20 5 49 910 48
1290 2 2 20 5 910 974 48
1291 2 2 20 5 50 972 49
1292 2 2 20 5 49 972 910
1293 2 2 20 5 51 915 50
1294 2 2 20 5 915 972 50
1295 2 2 20 5 52 924 51
1296 2 2 20 5 51 924 915
1297 2 2 20 5 53 918 52
1298 2 2 20 5 918 924 52
1299 2 2 20 5 54 977 53
1300 2 2 20 5 53 977 918
1301 2 2 20 5 54 1021 977
1302 2 2 20 5 136 1004 135
1303 2 2 20 5 1004 1023 135
1304 2 2 20 5 137 920 136
1305 2 2 20 5 920 1004 136
1306 2 2 20 5 138 969 137
1307 2 2 20 5 137 969 920
1308 2 2 20 5 139 914 138
1309 2 2 20 5 914 969 138
1310 2 2 20 5 140 1027 139
1311 2 2 20 5 139 1027 914
1312 2 2 20 5 141 983 140
1313 2 2 20 5 983 1027 140
1314 2 2 20 5 142 909 141
1315 2 2 20 5 909 983 141
1316 2 2 20 5 143 981 142
1317 2 2 20 5 142 981 909
1318 2 2 20 5 144 916 143
1319 2 2 20 5 916 981 143
1320 2 2 20 5 145 975 144
1321 2 2 20 5 144 975 916
1322 2 2 20 5 146 923 145
1323 2 2 20 5 923 975 145
1324 2 2 20 5 146 1016 923
1325 2 2 20 5 188 922 189
1326 2 2 20 5 188 1023 922
1327 2 2 20 5 189 973 190
1328 2 2 20 5 922 973 189
1329 2 2 20 5 190 917 191
1330 2 2 20 5 190 973 917
1331 2 2 20 5 191 1019 192
1332 2 2 20 5 917 1019 191
1333 2 2 20 5 192 911 193
1334 2 2 20 5 192 1019 911
1335 2 2 20 5 193 985 194
1336 2 2 20 5 911 985 193
1337 2 2 20 5 194 908 195
1338 2 2 20 5 194 985 908
1339 2 2 20 5 195 986 196
1340 2 2 20 5 908 986 195
1341 2 2 20 5 196 912 197
1342 2 2 20 5 196 986 912
1343 2 2 20 5 197 991 198
1344 2 2 20 5 912 991 197
1345 2 2 20 5 198 921 199
1346 2 2 20 5 198 991 921
1347 2 2 20 5 199 1005 200
1348 2 2 20 5 921 1005 199
1349 2 2 20 5 1005 1021 200
1350 2 2 20 5 985 1012 908
1351 2 2 20 5 908 1015 986
1352 2 2 20 5 1012 1015 908
1353 2 2 20 5 981 1024 909
1354 2 2 20 5 909 1017 983
1355 2 2 20 5 909 1024 1017
1356 2 2 20 5 972 984 910
1357 2 2 20 5 910 998 974
1358 2 2 20 5 984 998 910
1359 2 2 20 5 911 1019 968
1360 2 2 20 5 968 1020 911
1361 2 2 20 5 911 1011 985
1362 2 2 20 5 911 1020 1011
1363 2 2 20 5 986 987 912
1364 2 2 20 5 987 988 912
1365 2 2 20 5 988 991 912
1366 2 2 20 5 974 1010 913
1367 2 2 20 5 913 1018 979
1368 2 2 20 5 1010 1018 913
1369 2 2 20 5 959 969 914
1370 2 2 20 5 914 970 959
1371 2 2 20 5 914 971 970
1372 2 2 20 5 914 1027 971
1373 2 2 20 5 924 925 915
1374 2 2 20 5 925 926 915
1375 2 2 20 5 926 972 915
1376 2 2 20 5 975 1022 916
1377 2 2 20 5 916 1026 981
1378 2 2 20 5 916 1022 994
1379 2 2 20 5 994 1026 916
1380 2 2 20 5 917 967 966
1381 2 2 20 5 966 968 917
1382 2 2 20 5 917 973 967
1383 2 2 20 5 968 1019 917
1384 2 2 20 5 918 997 924
1385 2 2 20 5 977 978 918
1386 2 2 20 5 978 997 918
1387 2 2 20 5 976 1003 919
1388 2 2 20 5 919 1009 976
1389 2 2 20 5 979 1009 919
1390 2 2 20 5 969 1006 920
1391 2 2 20 5 920 1014 1004
1392 2 2 20 5 1006 1014 920
1393 2 2 20 5 921 1001 978
1394 2 2 20 5 978 1005 921
1395 2 2 20 5 991 1001 921
1396 2 2 20 5 922 1014 973
1397 2 2 20 5 1004 1014 922
1398 2 2 20 5 922 1023 1004
1399 2 2 20 5 923 976 975
1400 2 2 20 5 923 1003 976
1401 2 2 20 5 923 1016 1003
1402 2 2 20 5 924 997 925
1403 2 2 20 5 925 927 926
1404 2 2 20 5 925 944 927
1405 2 2 20 5 925 997 944
1406 2 2 20 5 927 928 926
1407 2 2 20 5 928 984 926
1408 2 2 20 5 926 984 972
1409 2 2 20 5 927 929 928
1410 2 2 20 5 927 990 929
1411 2 2 20 5 944 990 927
1412 2 2 20 5 929 930 928
1413 2 2 20 5 930 954 928
1414 2 2 20 5 954 984 928
1415 2 2 20 5 929 931 930
1416 2 2 20 5 929 941 931
1417 2 2 20 5 929 990 941
1418 2 2 20 5 931 932 930
1419 2 2 20 5 932 995 930
1420 2 2 20 5 930 995 954
1421 2 2 20 5 931 933 932
1422 2 2 20 5 931 980 933
1423 2 2 20 5 941 980 931
1424 2 2 20 5 933 934 932
1425 2 2 20 5 934 936 932
1426 2 2 20 5 936 995 932
1427 2 2 20 5 933 935 934
1428 2 2 20 5 933 937 935
1429 2 2 20 5 933 980 937
1430 2 2 20 5 935 996 934
1431 2 2 20 5 934 942 936
1432 2 2 20 5 934 996 942
1433 2 2 20 5 937 938 935
1434 2 2 20 5 938 939 935
1435 2 2 20 5 939 996 935
1436 2 2 20 5 942 943 936
1437 2 2 20 5 943 946 936
1438 2 2 20 5 946 995 936
1439 2 2 20 5 937 945 938
1440 2 2 20 5 937 952 945
1441 2 2 20 5 937 980 952
1442 2 2 20 5 938 940 939
1443 2 2 20 5 938 982 940
1444 2 2 20 5 945 982 938
1445 2 2 20 5 940 948 939
1446 2 2 20 5 948 1000 939
1447 2 2 20 5 939 1000 996
1448 2 2 20 5 940 949 948
1449 2 2 20 5 940 950 949
1450 2 2 20 5 940 982 950
1451 2 2 20 5 941 992 980
1452 2 2 20 5 941 990 989
1453 2 2 20 5 989 992 941
1454 2 2 20 5 942 951 943
1455 2 2 20 5 942 953 951
1456 2 2 20 5 942 996 953
1457 2 2 20 5 943 947 946
1458 2 2 20 5 943 993 947
1459 2 2 20 5 951 993 943
1460 2 2 20 5 944 1002 990
1461 2 2 20 5 997 1013 944
1462 2 2 20 5 944 1013 1002
1463 2 2 20 5 952 956 945
1464 2 2 20 5 956 958 945
1465 2 2 20 5 958 982 945
1466 2 2 20 5 947 960 946
1467 2 2 20 5 960 999 946
1468 2 2 20 5 946 999 995
1469 2 2 20 5 947 961 960
1470 2 2 20 5 947 962 961
1471 2 2 20 5 947 993 962
1472 2 2 20 5 949 970 948
1473 2 2 20 5 970 1008 948
1474 2 2 20 5 948 1008 1000
1475 2 2 20 5 950 955 949
1476 2 2 20 5 955 959 949
1477 2 2 20 5 959 970 949
1478 2 2 20 5 950 966 955
1479 2 2 20 5 950 1007 966
1480 2 2 20 5 982 1007 950
1481 2 2 20 5 953 963 951
1482 2 2 20 5 963 965 951
1483 2 2 20 5 965 993 951
1484 2 2 20 5 952 957 956
1485 2 2 20 5 952 992 957
1486 2 2 20 5 980 992 952
1487 2 2 20 5 953 964 963
1488 2 2 20 5 953 1000 964
1489 2 2 20 5 996 1000 953
1490 2 2 20 5 954 998 984
1491 2 2 20 5 995 999 954
1492 2 2 20 5 954 999 998
1493 2 2 20 5 955 1006 959
1494 2 2 20 5 966 967 955
1495 2 2 20 5 967 1006 955
1496 2 2 20 5 957 1012 956
1497 2 2 20 5 956 1011 958
1498 2 2 20 5 956 1012 1011
1499 2 2 20 5 992 1028 957
1500 2 2 20 5 957 1015 1012
1501 2 2 20 5 957 1028 1015
1502 2 2 20 5 958 1007 982
1503 2 2 20 5 958 1020 1007
1504 2 2 20 5 1011 1020 958
1505 2 2 20 5 959 1006 969
1506 2 2 20 5 961 1018 960
1507 2 2 20 5 960 1010 999
1508 2 2 20 5 960 1018 1010
1509 2 2 20 5 962 1009 961
1510 2 2 20 5 961 1009 979
1511 2 2 20 5 979 1018 961
1512 2 2 20 5 976 1009 962
1513 2 2 20 5 962 1022 976
1514 2 2 20 5 993 994 962
1515 2 2 20 5 994 1022 962
1516 2 2 20 5 964 1017 963
1517 2 2 20 5 963 1024 965
1518 2 2 20 5 1017 1024 963
1519 2 2 20 5 1000 1008 964
1520 2 2 20 5 1008 1025 964
1521 2 2 20 5 964 1025 1017
1522 2 2 20 5 965 994 993
1523 2 2 20 5 965 1026 994
1524 2 2 20 5 1024 1026 965
1525 2 2 20 5 966 1007 968
1526 2 2 20 5 973 1014 967
1527 2 2 20 5 967 1014 1006
1528 2 2 20 5 1007 1020 968
1529 2 2 20 5 971 1008 970
1530 2 2 20 5 983 1025 971
1531 2 2 20 5 971 1027 983
1532 2 2 20 5 971 1025 1008
1533 2 2 20 5 998 1010 974
1534 2 2 20 5 976 1022 975
1535 2 2 20 5 977 1005 978
1536 2 2 20 5 977 1021 1005
1537 2 2 20 5 978 1013 997
1538 2 2 20 5 1001 1013 978
1539 2 2 20 5 981 1026 1024
1540 2 2 20 5 1017 1025 983
1541 2 2 20 5 1011 1012 985
1542 2 2 20 5 986 1015 987
1543 2 2 20 5 987 989 988
1544 2 2 20 5 987 1028 989
1545 2 2 20 5 1015 1028 987
1546 2 2 20 5 989 1002 988
1547 2 2 20 5 988 1001 991
1548 2 2 20 5 988 1002 1001
1549 2 2 20 5 990 1002 989
1550 2 2 20 5 989 1028 992
1551 2 2 20 5 999 1010 998
1552 2 2 20 5 1002 1013 1001
1553 2 2 30 6 95 1167 6
1554 2 2 30 6 6 1167 174
1555 2 2 30 6 8 1169 108
1556 2 2 30 6 228 1169 8
1557 2 2 30 6 161 1171 10
1558 2 2 30 6 10 1171 215
1559 2 2 30 6 96 1158 95
1560 2 2 30 6 1158 1167 95
1561 2 2 30 6 97 1041 96
1562 2 2 30 6 1041 1158 96
1563 2 2 30 6 98 1111 97
1564 2 2 30 6 97 1111 1041
1565 2 2 30 6 99 1035 98
1566 2 2 30 6 1035 1111 98
1567 2 2 30 6 100 1119 99
1568 2 2 30 6 99 1119 1035
1569 2 2 30 6 101 1110 100
1570 2 2 30 6 1110 1119 100
1571 2 2 30 6 102 1031 101
1572 2 2 30 6 1031 1110 101
1573 2 2 30 6 103 1117 102
1574 2 2 30 6 102 1117 1031
1575 2 2 30 6 104 1138 103
1576 2 2 30 6 103 1138 1117
1577 2 2 30 6 105 1037 104
1578 2 2 30 6 1037 1138 104
1579 2 2 30 6 106 1140 105
1580 2 2 30 6 105 1140 1037
1581 2 2 30 6 107 1043 106
1582 2 2 30 6 1043 1140 106
1583 2 2 30 6 108 1159 107
1584 2 2 30 6 107 1159 1043
1585 2 2 30 6 108 1169 1159
1586 2 2 30 6 162 1044 161
1587 2 2 30 6 1044 1171 161
1588 2 2 30 6 163 1178 162
1589 2 2 30 6 162 1178 1044
1590 2 2 30 6 164 1039 163
1591 2 2 30 6 1039 1178 163
1592 2 2 30 6 165 1137 164
1593 2 2 30 6 164 1137 1039
1594 2 2 30 6 166 1033 165
1595 2 2 30 6 1033 1137 165
1596 2 2 30 6 167 1130 166
1597 2 2 30 6 166 1130 1033
1598 2 2 30 6 168 1029 167
1599 2 2 30 6 1029 1130 167
1600 2 2 30 6 169 1157 168
1601 2 2 30 6 168 1157 1029
1602 2 2 30 6 170 1032 169
1603 2 2 30 6 1032 1157 169
1604 2 2 30 6 171 1128 170
1605 2 2 30 6 170 1128 1032
1606 2 2 30 6 172 1038 171
1607 2 2 30 6 1038 1128 171
1608 2 2 30 6 173 1123 172
1609 2 2 30 6 172 1123 1038
1610 2 2 30 6 174 1045 173
1611 2 2 30 6 1045 1123 173
1612 2 2 30 6 174 1167 1045
1613 2 2 30 6 215 1156 216
1614 2 2 30 6 215 1171 1156
1615 2 2 30 6 216 1042 217
1616 2 2 30 6 216 1156 1042
1617 2 2 30 6 217 1179 218
1618 2 2 30 6 1042 1179 217
1619 2 2 30 6 218 1036 219
1620 2 2 30 6 218 1179 1036
1621 2 2 30 6 219 1125 220
1622 2 2 30 6 1036 1125 219
1623 2 2 30 6 220 1170 221
1624 2 2 30 6 1125 1170 220
1625 2 2 30 6 221 1030 222
1626 2 2 30 6 221 1170 1030
1627 2 2 30 6 222 1126 223
1628 2 2 30 6 1030 1126 222
1629 2 2 30 6 223 1118 224
1630 2 2 30 6 223 1126 1118
1631 2 2 30 6 224 1034 225
1632 2 2 30 6 224 1118 1034
1633 2 2 30 6 225 1046 226
1634 2 2 30 6 1034 1046 225
1635 2 2 30 6 226 1040 227
1636 2 2 30 6 226 1046 1040
1637 2 2 30 6 227 1121 228
1638 2 2 30 6 1040 1121 227
1639 2 2 30 6 1121 1169 228
1640 2 2 30 6 1029 1157 1103
1641 2 2 30 6 1103 1162 1029
1642 2 2 30 6 1029 1162 1130
1643 2 2 30 6 1030 1151 1126
1644 2 2 30 6 1030 1164 1151
1645 2 2 30 6 1030 1170 1164
1646 2 2 30 6 1031 1106 1104
1647 2 2 30 6 1104 1110 1031
1648 2 2 30 6 1031 1117 1106
1649 2 2 30 6 1112 1157 1032
1650 2 2 30 6 1032 1166 1112
1651 2 2 30 6 1128 1166 1032
1652 2 2 30 6 1130 1174 1033
1653 2 2 30 6 1033 1173 1137
1654 2 2 30 6 1033 1174 1173
1655 2 2 30 6 1034 1047 1046
1656 2 2 30 6 1034 1048 1047
1657 2 2 30 6 1034 1118 1048
1658 2 2 30 6 1035 1165 1111
1659 2 2 30 6 1119 1120 1035
1660 2 2 30 6 1120 1165 1035
1661 2 2 30 6 1114 1149 1036
1662 2 2 30 6 1036 1179 1114
1663 2 2 30 6 1036 1149 1125
1664 2 2 30 6 1037 1161 1138
1665 2 2 30 6 1140 1141 1037
1666 2 2 30 6 1141 1161 1037
1667 2 2 30 6 1123 1172 1038
1668 2 2 30 6 1038 1181 1128
1669 2 2 30 6 1038 1172 1136
1670 2 2 30 6 1136 1181 1038
1671 2 2 30 6 1101 1115 1039
1672 2 2 30 6 1039 1116 1101
1673 2 2 30 6 1115 1178 1039
1674 2 2 30 6 1039 1137 1116
1675 2 2 30 6 1046 1145 1040
1676 2 2 30 6 1040 1122 1121
1677 2 2 30 6 1040 1145 1122
1678 2 2 30 6 1041 1111 1102
1679 2 2 30 6 1102 1175 1041
1680 2 2 30 6 1041 1175 1158
1681 2 2 30 6 1042 1113 1100
1682 2 2 30 6 1100 1114 1042
1683 2 2 30 6 1042 1156 1113
1684 2 2 30 6 1114 1179 1042
1685 2 2 30 6 1122 1154 1043
1686 2 2 30 6 1043 1159 1122
1687 2 2 30 6 1043 1154 1140
1688 2 2 30 6 1044 1115 1113
1689 2 2 30 6 1113 1156 1044
1690 2 2 30 6 1044 1178 1115
1691 2 2 30 6 1156 1171 1044
1692 2 2 30 6 1045 1124 1123
1693 2 2 30 6 1045 1158 1124
1694 2 2 30 6 1045 1167 1158
1695 2 2 30 6 1047 1145 1046
1696 2 2 30 6 1048 1049 1047
1697 2 2 30 6 1049 1142 1047
1698 2 2 30 6 1142 1145 1047
1699 2 2 30 6 1048 1050 1049
1700 2 2 30 6 1048 1127 1050
1701 2 2 30 6 1118 1127 1048
1702 2 2 30 6 1050 1051 1049
1703 2 2 30 6 1051 1074 1049
1704 2 2 30 6 1074 1142 1049
1705 2 2 30 6 1050 1052 1051
1706 2 2 30 6 1050 1090 1052
1707 2 2 30 6 1050 1127 1090
1708 2 2 30 6 1052 1053 1051
1709 2 2 30 6 1053 1131 1051
1710 2 2 30 6 1051 1131 1074
1711 2 2 30 6 1052 1054 1053
1712 2 2 30 6 1052 1152 1054
1713 2 2 30 6 1090 1152 1052
1714 2 2 30 6 1054 1055 1053
1715 2 2 30 6 1055 1065 1053
1716 2 2 30 6 1065 1131 1053
1717 2 2 30 6 1054 1056 1055
1718 2 2 30 6 1054 1146 1056
1719 2 2 30 6 1054 1152 1146
1720 2 2 30 6 1056 1057 1055
1721 2 2 30 6 1057 1129 1055
1722 2 2 30 6 1055 1129 1065
1723 2 2 30 6 1056 1058 1057
1724 2 2 30 6 1056 1060 1058
1725 2 2 30 6 1056 1146 1060
1726 2 2 30 6 1058 1059 1057
1727 2 2 30 6 1059 1063 1057
1728 2 2 30 6 1063 1129 1057
1729 2 2 30 6 1058 1133 1059
1730 2 2 30 6 1060 1061 1058
1731 2 2 30 6 1061 1133 1058
1732 2 2 30 6 1059 1064 1063
1733 2 2 30 6 1059 1066 1064
1734 2 2 30 6 1059 1133 1066
1735 2 2 30 6 1060 1062 1061
1736 2 2 30 6 1060 1069 1062
1737 2 2 30 6 1060 1146 1069
1738 2 2 30 6 1062 1134 1061
1739 2 2 30 6 1061 1148 1133
1740 2 2 30 6 1134 1148 1061
1741 2 2 30 6 1069 1070 1062
1742 2 2 30 6 1070 1071 1062
1743 2 2 30 6 1071 1134 1062
1744 2 2 30 6 1064 1068 1063
1745 2 2 30 6 1068 1085 1063
1746 2 2 30 6 1085 1129 1063
1747 2 2 30 6 1066 1067 1064
1748 2 2 30 6 1067 1139 1064
1749 2 2 30 6 1064 1139 1068
1750 2 2 30 6 1129 1144 1065
1751 2 2 30 6 1065 1153 1131
1752 2 2 30 6 1144 1153 1065
1753 2 2 30 6 1066 1075 1067
1754 2 2 30 6 1066 1088 1075
1755 2 2 30 6 1066 1133 1088
1756 2 2 30 6 1075 1076 1067
1757 2 2 30 6 1076 1077 1067
1758 2 2 30 6 1077 1139 1067
1759 2 2 30 6 1068 1086 1085
1760 2 2 30 6 1068 1150 1086
1761 2 2 30 6 1139 1150 1068
1762 2 2 30 6 1069 1073 1070
1763 2 2 30 6 1069 1094 1073
1764 2 2 30 6 1069 1146 1094
1765 2 2 30 6 1070 1072 1071
1766 2 2 30 6 1070 1147 1072
1767 2 2 30 6 1073 1147 1070
1768 2 2 30 6 1072 1078 1071
1769 2 2 30 6 1078 1079 1071
1770 2 2 30 6 1079 1134 1071
1771 2 2 30 6 1072 1080 1078
1772 2 2 30 6 1072 1092 1080
1773 2 2 30 6 1072 1147 1092
1774 2 2 30 6 1094 1095 1073
1775 2 2 30 6 1095 1096 1073
1776 2 2 30 6 1096 1147 1073
1777 2 2 30 6 1131 1163 1074
1778 2 2 30 6 1074 1143 1142
1779 2 2 30 6 1074 1163 1143
1780 2 2 30 6 1075 1132 1076
1781 2 2 30 6 1088 1089 1075
1782 2 2 30 6 1089 1132 1075
1783 2 2 30 6 1076 1081 1077
1784 2 2 30 6 1076 1093 1081
1785 2 2 30 6 1076 1132 1093
1786 2 2 30 6 1081 1082 1077
1787 2 2 30 6 1082 1084 1077
1788 2 2 30 6 1084 1139 1077
1789 2 2 30 6 1078 1097 1079
1790 2 2 30 6 1080 1177 1078
1791 2 2 30 6 1078 1177 1097
1792 2 2 30 6 1097 1098 1079
1793 2 2 30 6 1098 1135 1079
1794 2 2 30 6 1079 1135 1134
1795 2 2 30 6 1092 1100 1080
1796 2 2 30 6 1100 1101 1080
1797 2 2 30 6 1101 1177 1080
1798 2 2 30 6 1081 1083 1082
1799 2 2 30 6 1081 1136 1083
1800 2 2 30 6 1093 1136 1081
1801 2 2 30 6 1083 1102 1082
1802 2 2 30 6 1082 1180 1084
1803 2 2 30 6 1102 1180 1082
1804 2 2 30 6 1083 1175 1102
1805 2 2 30 6 1083 1172 1124
1806 2 2 30 6 1124 1175 1083
1807 2 2 30 6 1136 1172 1083
1808 2 2 30 6 1120 1150 1084
1809 2 2 30 6 1084 1180 1120
1810 2 2 30 6 1084 1150 1139
1811 2 2 30 6 1086 1087 1085
1812 2 2 30 6 1087 1144 1085
1813 2 2 30 6 1085 1144 1129
1814 2 2 30 6 1086 1104 1087
1815 2 2 30 6 1086 1105 1104
1816 2 2 30 6 1086 1150 1105
1817 2 2 30 6 1104 1106 1087
1818 2 2 30 6 1106 1107 1087
1819 2 2 30 6 1107 1144 1087
1820 2 2 30 6 1088 1091 1089
1821 2 2 30 6 1088 1148 1091
1822 2 2 30 6 1133 1148 1088
1823 2 2 30 6 1091 1103 1089
1824 2 2 30 6 1103 1112 1089
1825 2 2 30 6 1112 1132 1089
1826 2 2 30 6 1127 1151 1090
1827 2 2 30 6 1151 1160 1090
1828 2 2 30 6 1090 1160 1152
1829 2 2 30 6 1091 1176 1103
1830 2 2 30 6 1091 1148 1135
1831 2 2 30 6 1135 1176 1091
1832 2 2 30 6 1092 1114 1100
1833 2 2 30 6 1092 1149 1114
1834 2 2 30 6 1147 1149 1092
1835 2 2 30 6 1132 1166 1093
1836 2 2 30 6 1093 1181 1136
1837 2 2 30 6 1166 1181 1093
1838 2 2 30 6 1094 1160 1095
1839 2 2 30 6 1146 1152 1094
1840 2 2 30 6 1152 1160 1094
1841 2 2 30 6 1095 1099 1096
1842 2 2 30 6 1095 1164 1099
1843 2 2 30 6 1160 1164 1095
1844 2 2 30 6 1099 1125 1096
1845 2 2 30 6 1125 1149 1096
1846 2 2 30 6 1096 1149 1147
1847 2 2 30 6 1097 1174 1098
1848 2 2 30 6 1116 1173 1097
1849 2 2 30 6 1097 1177 1116
1850 2 2 30 6 1173 1174 1097
1851 2 2 30 6 1098 1176 1135
1852 2 2 30 6 1098 1174 1162
1853 2 2 30 6 1162 1176 1098
1854 2 2 30 6 1099 1170 1125
1855 2 2 30 6 1164 1170 1099
1856 2 2 30 6 1100 1113 1101
1857 2 2 30 6 1113 1115 1101
1858 2 2 30 6 1116 1177 1101
1859 2 2 30 6 1111 1165 1102
1860 2 2 30 6 1165 1180 1102
1861 2 2 30 6 1103 1157 1112
1862 2 2 30 6 1103 1176 1162
1863 2 2 30 6 1105 1110 1104
1864 2 2 30 6 1105 1119 1110
1865 2 2 30 6 1105 1120 1119
1866 2 2 30 6 1105 1150 1120
1867 2 2 30 6 1106 1108 1107
1868 2 2 30 6 1106 1117 1108
1869 2 2 30 6 1108 1109 1107
1870 2 2 30 6 1109 1153 1107
1871 2 2 30 6 1107 1153 1144
1872 2 2 30 6 1108 1161 1109
1873 2 2 30 6 1117 1138 1108
1874 2 2 30 6 1138 1161 1108
1875 2 2 30 6 1109 1163 1153
1876 2 2 30 6 1161 1168 1109
1877 2 2 30 6 1109 1168 1163
1878 2 2 30 6 1112 1166 1132
1879 2 2 30 6 1137 1173 1116
1880 2 2 30 6 1126 1127 1118
1881 2 2 30 6 1120 1180 1165
1882 2 2 30 6 1122 1159 1121
1883 2 2 30 6 1159 1169 1121
1884 2 2 30 6 1145 1155 1122
1885 2 2 30 6 1122 1155 1154
1886 2 2 30 6 1124 1172 1123
1887 2 2 30 6 1158 1175 1124
1888 2 2 30 6 1126 1151 1127
1889 2 2 30 6 1128 1181 1166
1890 2 2 30 6 1162 1174 1130
1891 2 2 30 6 1153 1163 1131
1892 2 2 30 6 1135 1148 1134
1893 2 2 30 6 1140 1154 1141
1894 2 2 30 6 1141 1154 1143
1895 2 2 30 6 1143 1168 1141
1896 2 2 30 6 1141 1168 1161
1897 2 2 30 6 1143 1155 1142
1898 2 2 30 6 1142 1155 1145
1899 2 2 30 6 1154 1155 1143
1900 2 2 30 6 1163 1168 1143
1901 2 2 30 6 1151 1164 1160
1902 2 2 20 7 66 1292 1
1903 2 2 20 7 1 1292 123
1904 2 2 20 7 4 1297 55
1905 2 2 20 7 200 1297 4
1906 2 2 20 7 134 1296 9
1907 2 2 20 7 9 1296 188
1908 2 2 20 7 55 1247 56
1909 2 2 20 7 55 1297 1247
1910 2 2 20 7 56 1192 57
1911 2 2 20 7 56 1247 1192
1912 2 2 20 7 57 1198 58
1913 2 2 20 7 1192 1198 57
1914 2 2 20 7 58 1189 59
1915 2 2 20 7 58 1198 1189
1916 2 2 20 7 59 1244 60
1917 2 2 20 7 1189 1244 59
1918 2 2 20 7 60 1184 61
1919 2 2 20 7 60 1244 1184
1920 2 2 20 7 61 1245 62
1921 2 2 20 7 1184 1245 61
1922 2 2 20 7 62 1187 63
1923 2 2 20 7 62 1245 1187
1924 2 2 20 7 63 1249 64
1925 2 2 20 7 1187 1249 63
1926 2 2 20 7 64 1193 65
1927 2 2 20 7 64 1249 1193
1928 2 2 20 7 65 1275 66
1929 2 2 20 7 1193 1275 65
1930 2 2 20 7 1275 1292 66
1931 2 2 20 7 123 1196 124
1932 2 2 20 7 123 1292 1196
1933 2 2 20 7 124 1240 125
1934 2 2 20 7 1196 1240 124
1935 2 2 20 7 125 1190 126
1936 2 2 20 7 125 1240 1190
1937 2 2 20 7 126 1250 127
1938 2 2 20 7 1190 1250 126
1939 2 2 20 7 127 1183 128
1940 2 2 20 7 127 1250 1183
1941 2 2 20 7 128 1246 129
1942 2 2 20 7 1183 1246 128
1943 2 2 20 7 129 1185 130
1944 2 2 20 7 129 1246 1185
1945 2 2 20 7 130 1300 131
1946 2 2 20 7 1185 1300 130
1947 2 2 20 7 131 1191 132
1948 2 2 20 7 131 1300 1191
1949 2 2 20 7 132 1278 133
1950 2 2 20 7 1191 1278 132
1951 2 2 20 7 133 1197 134
1952 2 2 20 7 133 1278 1197
1953 2 2 20 7 1197 1296 134
1954 2 2 20 7 188 1277 189
1955 2 2 20 7 188 1296 1277
1956 2 2 20 7 189 1194 190
1957 2 2 20 7 189 1277 1194
1958 2 2 20 7 190 1262 191
1959 2 2 20 7 1194 1262 190
1960 2 2 20 7 191 1188 192
1961 2 2 20 7 191 1262 1188
1962 2 2 20 7 192 1260 193
1963 2 2 20 7 1188 1260 192
1964 2 2 20 7 193 1182 194
1965 2 2 20 7 193 1260 1182
1966 2 2 20 7 194 1258 195
1967 2 2 20 7 1182 1258 194
1968 2 2 20 7 195 1259 196
1969 2 2 20 7 1258 1259 195
1970 2 2 20 7 196 1186 197
1971 2 2 20 7 196 1259 1186
1972 2 2 20 7 197 1281 198
1973 2 2 20 7 1186 1281 197
1974 2 2 20 7 198 1195 199
1975 2 2 20 7 198 1281 1195
1976 2 2 20 7 199 1276 200
1977 2 2 20 7 1195 1276 199
1978 2 2 20 7 1276 1297 200
1979 2 2 20 7 1182 1286 1258
1980 2 2 20 7 1260 1287 1182
1981 2 2 20 7 1182 1287 1286
1982 2 2 20 7 1183 1293 1246
1983 2 2 20 7 1250 1295 1183
1984 2 2 20 7 1183 1295 1293
1985 2 2 20 7 1244 1251 1184
1986 2 2 20 7 1184 1273 1245
1987 2 2 20 7 1251 1273 1184
1988 2 2 20 7 1246 1294 1185
1989 2 2 20 7 1294 1303 1185
1990 2 2 20 7 1185 1303 1300
1991 2 2 20 7 1255 1257 1186
1992 2 2 20 7 1186 1298 1255
1993 2 2 20 7 1257 1281 1186
1994 2 2 20 7 1259 1298 1186
1995 2 2 20 7 1245 1289 1187
1996 2 2 20 7 1187 1305 1249
1997 2 2 20 7 1289 1305 1187
1998 2 2 20 7 1188 1291 1260
1999 2 2 20 7 1262 1301 1188
2000 2 2 20 7 1188 1301 1291
2001 2 2 20 7 1198 1199 1189
2002 2 2 20 7 1199 1200 1189
2003 2 2 20 7 1200 1244 1189
2004 2 2 20 7 1240 1304 1190
2005 2 2 20 7 1190 1299 1250
2006 2 2 20 7 1190 1304 1299
2007 2 2 20 7 1241 1242 1191
2008 2 2 20 7 1191 1243 1241
2009 2 2 20 7 1242 1278 1191
2010 2 2 20 7 1191 1300 1243
2011 2 2 20 7 1192 1269 1198
2012 2 2 20 7 1247 1248 1192
2013 2 2 20 7 1248 1269 1192
2014 2 2 20 7 1249 1279 1193
2015 2 2 20 7 1193 1290 1275
2016 2 2 20 7 1279 1290 1193
2017 2 2 20 7 1194 1264 1262
2018 2 2 20 7 1194 1288 1264
2019 2 2 20 7 1277 1288 1194
2020 2 2 20 7 1195 1281 1257
2021 2 2 20 7 1257 1302 1195
2022 2 2 20 7 1195 1302 1276
2023 2 2 20 7 1239 1240 1196
2024 2 2 20 7 1196 1290 1239
2025 2 2 20 7 1275 1290 1196
2026 2 2 20 7 1196 1292 1275
2027 2 2 20 7 1197 1288 1277
2028 2 2 20 7 1277 1296 1197
2029 2 2 20 7 1278 1288 1197
2030 2 2 20 7 1198 1269 1199
2031 2 2 20 7 1199 1201 1200
2032 2 2 20 7 1199 1265 1201
2033 2 2 20 7 1199 1269 1265
2034 2 2 20 7 1201 1202 1200
2035 2 2 20 7 1202 1251 1200
2036 2 2 20 7 1200 1251 1244
2037 2 2 20 7 1201 1203 1202
2038 2 2 20 7 1201 1216 1203
2039 2 2 20 7 1201 1265 1216
2040 2 2 20 7 1203 1204 1202
2041 2 2 20 7 1204 1224 1202
2042 2 2 20 7 1224 1251 1202
2043 2 2 20 7 1203 1205 1204
2044 2 2 20 7 1203 1252 1205
2045 2 2 20 7 1216 1252 1203
2046 2 2 20 7 1205 1206 1204
2047 2 2 20 7 1206 1267 1204
2048 2 2 20 7 1204 1267 1224
2049 2 2 20 7 1205 1207 1206
2050 2 2 20 7 1205 1211 1207
2051 2 2 20 7 1205 1252 1211
2052 2 2 20 7 1207 1208 1206
2053 2 2 20 7 1208 1210 1206
2054 2 2 20 7 1210 1267 1206
2055 2 2 20 7 1207 1209 1208
2056 2 2 20 7 1207 1261 1209
2057 2 2 20 7 1211 1261 1207
2058 2 2 20 7 1209 1212 1208
2059 2 2 20 7 1208 1266 1210
2060 2 2 20 7 1212 1266 1208
2061 2 2 20 7 1209 1213 1212
2062 2 2 20 7 1209 1214 1213
2063 2 2 20 7 1209 1261 1214
2064 2 2 20 7 1266 1274 1210
2065 2 2 20 7 1210 1280 1267
2066 2 2 20 7 1274 1280 1210
2067 2 2 20 7 1252 1270 1211
2068 2 2 20 7 1211 1271 1261
2069 2 2 20 7 1270 1271 1211
2070 2 2 20 7 1213 1219 1212
2071 2 2 20 7 1219 1220 1212
2072 2 2 20 7 1220 1266 1212
2073 2 2 20 7 1214 1215 1213
2074 2 2 20 7 1215 1268 1213
2075 2 2 20 7 1213 1268 1219
2076 2 2 20 7 1214 1217 1215
2077 2 2 20 7 1214 1223 1217
2078 2 2 20 7 1214 1261 1223
2079 2 2 20 7 1217 1218 1215
2080 2 2 20 7 1218 1221 1215
2081 2 2 20 7 1221 1268 1215
2082 2 2 20 7 1216 1253 1252
2083 2 2 20 7 1216 1254 1253
2084 2 2 20 7 1216 1265 1254
2085 2 2 20 7 1217 1263 1218
2086 2 2 20 7 1223 1225 1217
2087 2 2 20 7 1225 1263 1217
2088 2 2 20 7 1218 1222 1221
2089 2 2 20 7 1218 1228 1222
2090 2 2 20 7 1218 1263 1228
2091 2 2 20 7 1219 1227 1220
2092 2 2 20 7 1219 1233 1227
2093 2 2 20 7 1219 1268 1233
2094 2 2 20 7 1227 1229 1220
2095 2 2 20 7 1229 1230 1220
2096 2 2 20 7 1230 1266 1220
2097 2 2 20 7 1222 1241 1221
2098 2 2 20 7 1241 1283 1221
2099 2 2 20 7 1221 1283 1268
2100 2 2 20 7 1228 1264 1222
2101 2 2 20 7 1222 1242 1241
2102 2 2 20 7 1222 1264 1242
2103 2 2 20 7 1223 1226 1225
2104 2 2 20 7 1223 1271 1226
2105 2 2 20 7 1261 1271 1223
2106 2 2 20 7 1224 1273 1251
2107 2 2 20 7 1267 1284 1224
2108 2 2 20 7 1224 1284 1273
2109 2 2 20 7 1226 1287 1225
2110 2 2 20 7 1225 1291 1263
2111 2 2 20 7 1287 1291 1225
2112 2 2 20 7 1271 1282 1226
2113 2 2 20 7 1282 1286 1226
2114 2 2 20 7 1286 1287 1226
2115 2 2 20 7 1227 1293 1229
2116 2 2 20 7 1233 1294 1227
2117 2 2 20 7 1227 1294 1293
2118 2 2 20 7 1262 1264 1228
2119 2 2 20 7 1228 1301 1262
2120 2 2 20 7 1263 1301 1228
2121 2 2 20 7 1229 1231 1230
2122 2 2 20 7 1229 1295 1231
2123 2 2 20 7 1293 1295 1229
2124 2 2 20 7 1231 1232 1230
2125 2 2 20 7 1232 1274 1230
2126 2 2 20 7 1230 1274 1266
2127 2 2 20 7 1231 1234 1232
2128 2 2 20 7 1231 1299 1234
2129 2 2 20 7 1295 1299 1231
2130 2 2 20 7 1234 1235 1232
2131 2 2 20 7 1235 1236 1232
2132 2 2 20 7 1236 1274 1232
2133 2 2 20 7 1268 1283 1233
2134 2 2 20 7 1283 1303 1233
2135 2 2 20 7 1233 1303 1294
2136 2 2 20 7 1234 1239 1235
2137 2 2 20 7 1234 1304 1239
2138 2 2 20 7 1299 1304 1234
2139 2 2 20 7 1235 1237 1236
2140 2 2 20 7 1235 1279 1237
2141 2 2 20 7 1239 1279 1235
2142 2 2 20 7 1237 1238 1236
2143 2 2 20 7 1238 1280 1236
2144 2 2 20 7 1236 1280 1274
2145 2 2 20 7 1237 1305 1238
2146 2 2 20 7 1237 1279 1249
2147 2 2 20 7 1249 1305 1237
2148 2 2 20 7 1238 1284 1280
2149 2 2 20 7 1238 1289 1284
2150 2 2 20 7 1238 1305 1289
2151 2 2 20 7 1239 1304 1240
2152 2 2 20 7 1239 1290 1279
2153 2 2 20 7 1243 1283 1241
2154 2 2 20 7 1264 1288 1242
2155 2 2 20 7 1242 1288 1278
2156 2 2 20 7 1243 1303 1283
2157 2 2 20 7 1300 1303 1243
2158 2 2 20 7 1273 1289 1245
2159 2 2 20 7 1293 1294 1246
2160 2 2 20 7 1247 1276 1248
2161 2 2 20 7 1247 1297 1276
2162 2 2 20 7 1248 1272 1269
2163 2 2 20 7 1248 1302 1272
2164 2 2 20 7 1276 1302 1248
2165 2 2 20 7 1250 1299 1295
2166 2 2 20 7 1253 1270 1252
2167 2 2 20 7 1254 1255 1253
2168 2 2 20 7 1255 1256 1253
2169 2 2 20 7 1256 1270 1253
2170 2 2 20 7 1254 1257 1255
2171 2 2 20 7 1254 1272 1257
2172 2 2 20 7 1265 1272 1254
2173 2 2 20 7 1255 1298 1256
2174 2 2 20 7 1256 1282 1270
2175 2 2 20 7 1256 1285 1282
2176 2 2 20 7 1256 1298 1285
2177 2 2 20 7 1272 1302 1257
2178 2 2 20 7 1258 1285 1259
2179 2 2 20 7 1258 1286 1285
2180 2 2 20 7 1285 1298 1259
2181 2 2 20 7 1260 1291 1287
2182 2 2 20 7 1291 1301 1263
2183 2 2 20 7 1269 1272 1265
2184 2 2 20 7 1280 1284 1267
2185 2 2 20 7 1270 1282 1271
2186 2 2 20 7 1284 1289 1273
2187 2 2 20 7 1285 1286 1282
2188 2 2 30 8 122 1453 5
2189 2 2 30 8 5 1453 147
2190 2 2 30 8 8 1445 109
2191 2 2 30 8 228 1445 8
2192 2 2 30 8 160 1447 10
2193 2 2 30 8 10 1447 215
2194 2 2 30 8 109 1435 110
2195 2 2 30 8 109 1445 1435
2196 2 2 30 8 110 1320 111
2197 2 2 30 8 110 1435 1320
2198 2 2 30 8 111 1414 112
2199 2 2 30 8 1320 1414 111
2200 2 2 30 8 112 1314 113
2201 2 2 30 8 112 1414 1314
2202 2 2 30 8 113 1413 114
2203 2 2 30 8 1314 1413 113
2204 2 2 30 8 114 1396 115
2205 2 2 30 8 114 1413 1396
2206 2 2 30 8 115 1308 116
2207 2 2 30 8 115 1396 1308
2208 2 2 30 8 116 1388 117
2209 2 2 30 8 1308 1388 116
2210 2 2 30 8 117 1398 118
2211 2 2 30 8 1388 1398 117
2212 2 2 30 8 118 1311 119
2213 2 2 30 8 118 1398 1311
2214 2 2 30 8 119 1389 120
2215 2 2 30 8 1311 1389 119
2216 2 2 30 8 120 1319 121
2217 2 2 30 8 120 1389 1319
2218 2 2 30 8 121 1449 122
2219 2 2 30 8 1319 1449 121
2220 2 2 30 8 122 1449 1322
2221 2 2 30 8 1322 1453 122
2222 2 2 30 8 147 1450 148
2223 2 2 30 8 1322 1450 147
2224 2 2 30 8 147 1453 1322
2225 2 2 30 8 148 1316 149
2226 2 2 30 8 148 1450 1316
2227 2 2 30 8 149 1427 150
2228 2 2 30 8 1316 1427 149
2229 2 2 30 8 150 1313 151
2230 2 2 30 8 150 1427 1313
2231 2 2 30 8 151 1405 152
2232 2 2 30 8 1313 1405 151
2233 2 2 30 8 152 1307 153
2234 2 2 30 8 152 1405 1307
2235 2 2 30 8 153 1394 154
2236 2 2 30 8 1307 1394 153
2237 2 2 30 8 154 1451 155
2238 2 2 30 8 1394 1451 154
2239 2 2 30 8 155 1309 156
2240 2 2 30 8 155 1451 1309
2241 2 2 30 8 156 1409 157
2242 2 2 30 8 1309 1409 156
2243 2 2 30 8 157 1315 158
2244 2 2 30 8 157 1409 1315
2245 2 2 30 8 158 1454 159
2246 2 2 30 8 1315 1454 158
2247 2 2 30 8 159 1321 160
2248 2 2 30 8 159 1454 1321
2249 2 2 30 8 1321 1447 160
2250 2 2 30 8 215 1434 216
2251 2 2 30 8 215 1447 1434
2252 2 2 30 8 216 1318 217
2253 2 2 30 8 216 1434 1318
2254 2 2 30 8 217 1455 218
2255 2 2 30 8 1318 1455 217
2256 2 2 30 8 218 1312 219
2257 2 2 30 8 218 1455 1312
2258 2 2 30 8 219 1404 220
2259 2 2 30 8 1312 1404 219
2260 2 2 30 8 220 1446 221
2261 2 2 30 8 1404 1446 220
2262 2 2 30 8 221 1306 222
2263 2 2 30 8 221 1446 1306
2264 2 2 30 8 222 1402 223
2265 2 2 30 8 1306 1402 222
2266 2 2 30 8 223 1397 224
2267 2 2 30 8 223 1402 1397
2268 2 2 30 8 224 1310 225
2269 2 2 30 8 224 1397 1310
2270 2 2 30 8 225 1323 226
2271 2 2 30 8 1310 1323 225
2272 2 2 30 8 226 1317 227
2273 2 2 30 8 226 1323 1317
2274 2 2 30 8 227 1400 228
2275 2 2 30 8 1317 1400 227
2276 2 2 30 8 1400 1445 228
2277 2 2 30 8 1306 1426 1402
2278 2 2 30 8 1306 1440 1426
2279 2 2 30 8 1306 1446 1440
2280 2 2 30 8 1307 1395 1394
2281 2 2 30 8 1307 1430 1395
2282 2 2 30 8 1405 1430 1307
2283 2 2 30 8 1308 1384 1382
2284 2 2 30 8 1382 1388 1308
2285 2 2 30 8 1308 1396 1384
2286 2 2 30 8 1309 1381 1373
2287 2 2 30 8 1373 1448 1309
2288 2 2 30 8 1309 1451 1381
2289 2 2 30 8 1309 1448 1409
2290 2 2 30 8 1310 1324 1323
2291 2 2 30 8 1310 1325 1324
2292 2 2 30 8 1310 1397 1325
2293 2 2 30 8 1311 1441 1389
2294 2 2 30 8 1398 1399 1311
2295 2 2 30 8 1399 1441 1311
2296 2 2 30 8 1391 1424 1312
2297 2 2 30 8 1312 1455 1391
2298 2 2 30 8 1312 1424 1404
2299 2 2 30 8 1377 1410 1313
2300 2 2 30 8 1313 1427 1377
2301 2 2 30 8 1313 1442 1405
2302 2 2 30 8 1410 1442 1313
2303 2 2 30 8 1314 1438 1413
2304 2 2 30 8 1414 1415 1314
2305 2 2 30 8 1415 1438 1314
2306 2 2 30 8 1379 1392 1315
2307 2 2 30 8 1315 1393 1379
2308 2 2 30 8 1392 1454 1315
2309 2 2 30 8 1315 1409 1393
2310 2 2 30 8 1316 1443 1427
2311 2 2 30 8 1316 1450 1443
2312 2 2 30 8 1323 1421 1317
2313 2 2 30 8 1317 1401 1400
2314 2 2 30 8 1317 1421 1401
2315 2 2 30 8 1318 1390 1378
2316 2 2 30 8 1378 1391 1318
2317 2 2 30 8 1318 1434 1390
2318 2 2 30 8 1391 1455 1318
2319 2 2 30 8 1319 1389 1380
2320 2 2 30 8 1380 1428 1319
2321 2 2 30 8 1428 1449 1319
2322 2 2 30 8 1401 1432 1320
2323 2 2 30 8 1320 1435 1401
2324 2 2 30 8 1320 1432 1414
2325 2 2 30 8 1321 1392 1390
2326 2 2 30 8 1390 1434 1321
2327 2 2 30 8 1321 1454 1392
2328 2 2 30 8 1434 1447 1321
2329 2 2 30 8 1322 1449 1428
2330 2 2 30 8 1428 1450 1322
2331 2 2 30 8 1324 1421 1323
2332 2 2 30 8 1325 1326 1324
2333 2 2 30 8 1326 1418 1324
2334 2 2 30 8 1418 1421 1324
2335 2 2 30 8 1325 1327 1326
2336 2 2 30 8 1325 1403 1327
2337 2 2 30 8 1397 1403 1325
2338 2 2 30 8 1327 1328 1326
2339 2 2 30 8 1328 1351 1326
2340 2 2 30 8 1351 1418 1326
2341 2 2 30 8 1327 1329 1328
2342 2 2 30 8 1327 1365 1329
2343 2 2 30 8 1327 1403 1365
2344 2 2 30 8 1329 1330 1328
2345 2 2 30 8 1330 1407 1328
2346 2 2 30 8 1328 1407 1351
2347 2 2 30 8 1329 1331 1330
2348 2 2 30 8 1329 1429 1331
2349 2 2 30 8 1365 1429 1329
2350 2 2 30 8 1331 1332 1330
2351 2 2 30 8 1332 1342 1330
2352 2 2 30 8 1342 1407 1330
2353 2 2 30 8 1331 1333 1332
2354 2 2 30 8 1331 1422 1333
2355 2 2 30 8 1331 1429 1422
2356 2 2 30 8 1333 1334 1332
2357 2 2 30 8 1334 1406 1332
2358 2 2 30 8 1332 1406 1342
2359 2 2 30 8 1333 1335 1334
2360 2 2 30 8 1333 1337 1335
2361 2 2 30 8 1333 1422 1337
2362 2 2 30 8 1335 1336 1334
2363 2 2 30 8 1336 1340 1334
2364 2 2 30 8 1340 1406 1334
2365 2 2 30 8 1335 1408 1336
2366 2 2 30 8 1337 1338 1335
2367 2 2 30 8 1338 1408 1335
2368 2 2 30 8 1336 1341 1340
2369 2 2 30 8 1336 1343 1341
2370 2 2 30 8 1336 1408 1343
2371 2 2 30 8 1337 1339 1338
2372 2 2 30 8 1337 1346 1339
2373 2 2 30 8 1337 1422 1346
2374 2 2 30 8 1339 1411 1338
2375 2 2 30 8 1338 1412 1408
2376 2 2 30 8 1411 1412 1338
2377 2 2 30 8 1346 1347 1339
2378 2 2 30 8 1347 1348 1339
2379 2 2 30 8 1348 1411 1339
2380 2 2 30 8 1341 1345 1340
2381 2 2 30 8 1345 1362 1340
2382 2 2 30 8 1362 1406 1340
2383 2 2 30 8 1343 1344 1341
2384 2 2 30 8 1344 1416 1341
2385 2 2 30 8 1341 1416 1345
2386 2 2 30 8 1406 1420 1342
2387 2 2 30 8 1342 1431 1407
2388 2 2 30 8 1420 1431 1342
2389 2 2 30 8 1343 1352 1344
2390 2 2 30 8 1343 1361 1352
2391 2 2 30 8 1343 1408 1361
2392 2 2 30 8 1352 1355 1344
2393 2 2 30 8 1355 1356 1344
2394 2 2 30 8 1356 1416 1344
2395 2 2 30 8 1345 1363 1362
2396 2 2 30 8 1345 1425 1363
2397 2 2 30 8 1416 1425 1345
2398 2 2 30 8 1346 1350 1347
2399 2 2 30 8 1346 1369 1350
2400 2 2 30 8 1346 1422 1369
2401 2 2 30 8 1347 1349 1348
2402 2 2 30 8 1347 1423 1349
2403 2 2 30 8 1350 1423 1347
2404 2 2 30 8 1349 1353 1348
2405 2 2 30 8 1353 1354 1348
2406 2 2 30 8 1354 1411 1348
2407 2 2 30 8 1349 1357 1353
2408 2 2 30 8 1349 1367 1357
2409 2 2 30 8 1349 1423 1367
2410 2 2 30 8 1369 1370 1350
2411 2 2 30 8 1370 1371 1350
2412 2 2 30 8 1371 1423 1350
2413 2 2 30 8 1407 1439 1351
2414 2 2 30 8 1351 1419 1418
2415 2 2 30 8 1351 1439 1419
2416 2 2 30 8 1352 1366 1355
2417 2 2 30 8 1361 1437 1352
2418 2 2 30 8 1352 1437 1366
2419 2 2 30 8 1353 1372 1354
2420 2 2 30 8 1357 1452 1353
2421 2 2 30 8 1353 1452 1372
2422 2 2 30 8 1372 1373 1354
2423 2 2 30 8 1373 1374 1354
2424 2 2 30 8 1374 1411 1354
2425 2 2 30 8 1355 1358 1356
2426 2 2 30 8 1355 1410 1358
2427 2 2 30 8 1366 1410 1355
2428 2 2 30 8 1358 1359 1356
2429 2 2 30 8 1359 1360 1356
2430 2 2 30 8 1360 1416 1356
2431 2 2 30 8 1367 1378 1357
2432 2 2 30 8 1378 1379 1357
2433 2 2 30 8 1379 1452 1357
2434 2 2 30 8 1358 1368 1359
2435 2 2 30 8 1358 1377 1368
2436 2 2 30 8 1358 1410 1377
2437 2 2 30 8 1359 1456 1360
2438 2 2 30 8 1368 1380 1359
2439 2 2 30 8 1380 1456 1359
2440 2 2 30 8 1399 1425 1360
2441 2 2 30 8 1360 1456 1399
2442 2 2 30 8 1360 1425 1416
2443 2 2 30 8 1408 1412 1361
2444 2 2 30 8 1412 1417 1361
2445 2 2 30 8 1417 1437 1361
2446 2 2 30 8 1363 1364 1362
2447 2 2 30 8 1364 1420 1362
2448 2 2 30 8 1362 1420 1406
2449 2 2 30 8 1363 1382 1364
2450 2 2 30 8 1363 1383 1382
2451 2 2 30 8 1363 1425 1383
2452 2 2 30 8 1382 1384 1364
2453 2 2 30 8 1384 1385 1364
2454 2 2 30 8 1385 1420 1364
2455 2 2 30 8 1403 1426 1365
2456 2 2 30 8 1426 1436 1365
2457 2 2 30 8 1365 1436 1429
2458 2 2 30 8 1366 1442 1410
2459 2 2 30 8 1366 1437 1430
2460 2 2 30 8 1430 1442 1366
2461 2 2 30 8 1367 1391 1378
2462 2 2 30 8 1367 1424 1391
2463 2 2 30 8 1423 1424 1367
2464 2 2 30 8 1377 1443 1368
2465 2 2 30 8 1368 1428 1380
2466 2 2 30 8 1368 1443 1428
2467 2 2 30 8 1369 1436 1370
2468 2 2 30 8 1422 1429 1369
2469 2 2 30 8 1429 1436 1369
2470 2 2 30 8 1370 1376 1371
2471 2 2 30 8 1370 1440 1376
2472 2 2 30 8 1436 1440 1370
2473 2 2 30 8 1376 1404 1371
2474 2 2 30 8 1404 1424 1371
2475 2 2 30 8 1371 1424 1423
2476 2 2 30 8 1372 1448 1373
2477 2 2 30 8 1393 1448 1372
2478 2 2 30 8 1372 1452 1393
2479 2 2 30 8 1373 1375 1374
2480 2 2 30 8 1373 1381 1375
2481 2 2 30 8 1375 1417 1374
2482 2 2 30 8 1374 1412 1411
2483 2 2 30 8 1374 1417 1412
2484 2 2 30 8 1381 1394 1375
2485 2 2 30 8 1394 1395 1375
2486 2 2 30 8 1395 1417 1375
2487 2 2 30 8 1376 1446 1404
2488 2 2 30 8 1440 1446 1376
2489 2 2 30 8 1427 1443 1377
2490 2 2 30 8 1378 1390 1379
2491 2 2 30 8 1390 1392 1379
2492 2 2 30 8 1393 1452 1379
2493 2 2 30 8 1389 1441 1380
2494 2 2 30 8 1441 1456 1380
2495 2 2 30 8 1381 1451 1394
2496 2 2 30 8 1383 1388 1382
2497 2 2 30 8 1383 1398 1388
2498 2 2 30 8 1383 1399 1398
2499 2 2 30 8 1383 1425 1399
2500 2 2 30 8 1384 1386 1385
2501 2 2 30 8 1384 1396 1386
2502 2 2 30 8 1386 1387 1385
2503 2 2 30 8 1387 1431 1385
2504 2 2 30 8 1385 1431 1420
2505 2 2 30 8 1386 1438 1387
2506 2 2 30 8 1396 1413 1386
2507 2 2 30 8 1413 1438 1386
2508 2 2 30 8 1387 1439 1431
2509 2 2 30 8 1438 1444 1387
2510 2 2 30 8 1387 1444 1439
2511 2 2 30 8 1409 1448 1393
2512 2 2 30 8 1395 1437 1417
2513 2 2 30 8 1430 1437 1395
2514 2 2 30 8 1402 1403 1397
2515 2 2 30 8 1399 1456 1441
2516 2 2 30 8 1401 1435 1400
2517 2 2 30 8 1435 1445 1400
2518 2 2 30 8 1421 1433 1401
2519 2 2 30 8 1401 1433 1432
2520 2 2 30 8 1402 1426 1403
2521 2 2 30 8 1405 1442 1430
2522 2 2 30 8 1431 1439 1407
2523 2 2 30 8 1414 1432 1415
2524 2 2 30 8 1415 1432 1419
2525 2 2 30 8 1419 1444 1415
2526 2 2 30 8 1415 1444 1438
2527 2 2 30 8 1419 1433 1418
2528 2 2 30 8 1418 1433 1421
2529 2 2 30 8 1432 1433 1419
2530 2 2 30 8 1439 1444 1419
2531 2 2 30 8 1426 1440 1436
2532 2 2 30 8 1443 1450 1428
2533 2 2 20 9 1 1543 19
2534 2 2 20 9 235 1543 1
2535 2 2 20 9 30 1540 3
2536 2 2 20 9 3 1540 249
2537 2 2 20 9 11 1539 229
2538 2 2 20 9 285 1539 11
2539 2 2 20 9 243 1536 13
2540 2 2 20 9 13 1536 291
2541 2 2 20 9 19 1513 20
2542 2 2 20 9 19 1543 1513
2543 2 2 20 9 20 1463 21
2544 2 2 20 9 20 1513 1463
2545 2 2 20 9 21 1512 22
2546 2 2 20 9 1463 1512 21
2547 2 2 20 9 22 1461 23
2548 2 2 20 9 22 1512 1461
2549 2 2 20 9 23 1545 24
2550 2 2 20 9 1461 1545 23
2551 2 2 20 9 24 1537 25
2552 2 2 20 9 1510 1537 24
2553 2 2 20 9 24 1545 1510
2554 2 2 20 9 25 1458 26
2555 2 2 20 9 25 1537 1458
2556 2 2 20 9 26 1531 27
2557 2 2 20 9 1458 1531 26
2558 2 2 20 9 27 1464 28
2559 2 2 20 9 27 1531 1464
2560 2 2 20 9 28 1515 29
2561 2 2 20 9 1464 1515 28
2562 2 2 20 9 29 1469 30
2563 2 2 20 9 29 1515 1469
2564 2 2 20 9 1469 1540 30
2565 2 2 20 9 229 1499 230
2566 2 2 20 9 229 1539 1499
2567 2 2 20 9 230 1521 231
2568 2 2 20 9 1499 1521 230
2569 2 2 20 9 231 1459 232
2570 2 2 20 9 231 1521 1459
2571 2 2 20 9 232 1519 233
2572 2 2 20 9 1459 1519 232
2573 2 2 20 9 233 1467 234
2574 2 2 20 9 233 1519 1467
2575 2 2 20 9 234 1518 235
2576 2 2 20 9 1467 1518 234
2577 2 2 20 9 1518 1543 235
2578 2 2 20 9 244 1468 243
2579 2 2 20 9 1468 1536 243
2580 2 2 20 9 245 1529 244
2581 2 2 20 9 244 1529 1468
2582 2 2 20 9 246 1457 245
2583 2 2 20 9 1457 1529 245
2584 2 2 20 9 247 1520 246
2585 2 2 20 9 246 1520 1457
2586 2 2 20 9 248 1465 247
2587 2 2 20 9 1465 1520 247
2588 2 2 20 9 249 1526 248
2589 2 2 20 9 248 1526 1465
2590 2 2 20 9 249 1540 1526
2591 2 2 20 9 286 1466 285
2592 2 2 20 9 1466 1539 285
2593 2 2 20 9 287 1496 286
2594 2 2 20 9 286 1496 1466
2595 2 2 20 9 288 1460 287
2596 2 2 20 9 1460 1496 287
2597 2 2 20 9 289 1498 288
2598 2 2 20 9 288 1498 1460
2599 2 2 20 9 290 1462 289
2600 2 2 20 9 1462 1498 289
2601 2 2 20 9 291 1470 290
2602 2 2 20 9 290 1470 1462
2603 2 2 20 9 291 1536 1470
2604 2 2 20 9 1506 1529 1457
2605 2 2 20 9 1457 1541 1506
2606 2 2 20 9 1520 1541 1457
2607 2 2 20 9 1527 1534 1458
2608 2 2 20 9 1458 1537 1527
2609 2 2 20 9 1458 1534 1531
2610 2 2 20 9 1500 1502 1459
2611 2 2 20 9 1459 1521 1500
2612 2 2 20 9 1502 1519 1459
2613 2 2 20 9 1460 1497 1496
2614 2 2 20 9 1460 1503 1497
2615 2 2 20 9 1498 1503 1460
2616 2 2 20 9 1461 1524 1508
2617 2 2 20 9 1508 1545 1461
2618 2 2 20 9 1512 1524 1461
2619 2 2 20 9 1470 1471 1462
2620 2 2 20 9 1471 1472 1462
2621 2 2 20 9 1472 1498 1462
2622 2 2 20 9 1463 1528 1495
2623 2 2 20 9 1495 1532 1463
2624 2 2 20 9 1463 1532 1512
2625 2 2 20 9 1513 1528 1463
2626 2 2 20 9 1464 1530 1515
2627 2 2 20 9 1517 1530 1464
2628 2 2 20 9 1464 1531 1517
2629 2 2 20 9 1465 1535 1520
2630 2 2 20 9 1465 1526 1525
2631 2 2 20 9 1525 1535 1465
2632 2 2 20 9 1496 1533 1466
2633 2 2 20 9 1466 1501 1499
2634 2 2 20 9 1499 1539 1466
2635 2 2 20 9 1466 1533 1501
2636 2 2 20 9 1467 1528 1518
2637 2 2 20 9 1519 1523 1467
2638 2 2 20 9 1523 1528 1467
2639 2 2 20 9 1468 1514 1470
2640 2 2 20 9 1470 1536 1468
2641 2 2 20 9 1468 1529 1514
2642 2 2 20 9 1515 1525 1469
2643 2 2 20 9 1525 1526 1469
2644 2 2 20 9 1526 1540 1469
2645 2 2 20 9 1470 1514 1471
2646 2 2 20 9 1471 1473 1472
2647 2 2 20 9 1471 1505 1473
2648 2 2 20 9 1471 1514 1505
2649 2 2 20 9 1473 1474 1472
2650 2 2 20 9 1474 1542 1472
2651 2 2 20 9 1472 1542 1498
2652 2 2 20 9 1473 1475 1474
2653 2 2 20 9 1473 1477 1475
2654 2 2 20 9 1473 1505 1477
2655 2 2 20 9 1475 1476 1474
2656 2 2 20 9 1476 1480 1474
2657 2 2 20 9 1480 1542 1474
2658 2 2 20 9 1475 1516 1476
2659 2 2 20 9 1477 1478 1475
2660 2 2 20 9 1478 1516 1475
2661 2 2 20 9 1476 1481 1480
2662 2 2 20 9 1476 1511 1481
2663 2 2 20 9 1476 1516 1511
2664 2 2 20 9 1477 1479 1478
2665 2 2 20 9 1477 1504 1479
2666 2 2 20 9 1477 1505 1504
2667 2 2 20 9 1479 1491 1478
2668 2 2 20 9 1491 1493 1478
2669 2 2 20 9 1493 1516 1478
2670 2 2 20 9 1479 1492 1491
2671 2 2 20 9 1479 1494 1492
2672 2 2 20 9 1479 1504 1494
2673 2 2 20 9 1481 1482 1480
2674 2 2 20 9 1482 1544 1480
2675 2 2 20 9 1503 1542 1480
2676 2 2 20 9 1480 1544 1503
2677 2 2 20 9 1481 1483 1482
2678 2 2 20 9 1481 1486 1483
2679 2 2 20 9 1481 1511 1486
2680 2 2 20 9 1483 1484 1482
2681 2 2 20 9 1484 1538 1482
2682 2 2 20 9 1538 1544 1482
2683 2 2 20 9 1483 1485 1484
2684 2 2 20 9 1483 1507 1485
2685 2 2 20 9 1486 1507 1483
2686 2 2 20 9 1485 1487 1484
2687 2 2 20 9 1487 1490 1484
2688 2 2 20 9 1490 1538 1484
2689 2 2 20 9 1485 1488 1487
2690 2 2 20 9 1485 1489 1488
2691 2 2 20 9 1485 1507 1489
2692 2 2 20 9 1486 1508 1507
2693 2 2 20 9 1486 1509 1508
2694 2 2 20 9 1486 1511 1509
2695 2 2 20 9 1488 1502 1487
2696 2 2 20 9 1487 1500 1490
2697 2 2 20 9 1487 1502 1500
2698 2 2 20 9 1489 1495 1488
2699 2 2 20 9 1495 1523 1488
2700 2 2 20 9 1488 1523 1502
2701 2 2 20 9 1489 1532 1495
2702 2 2 20 9 1507 1524 1489
2703 2 2 20 9 1524 1532 1489
2704 2 2 20 9 1500 1501 1490
2705 2 2 20 9 1501 1533 1490
2706 2 2 20 9 1533 1538 1490
2707 2 2 20 9 1492 1530 1491
2708 2 2 20 9 1491 1517 1493
2709 2 2 20 9 1491 1530 1517
2710 2 2 20 9 1494 1535 1492
2711 2 2 20 9 1525 1530 1492
2712 2 2 20 9 1492 1535 1525
2713 2 2 20 9 1493 1522 1516
2714 2 2 20 9 1517 1534 1493
2715 2 2 20 9 1493 1534 1522
2716 2 2 20 9 1504 1541 1494
2717 2 2 20 9 1520 1535 1494
2718 2 2 20 9 1494 1541 1520
2719 2 2 20 9 1495 1528 1523
2720 2 2 20 9 1497 1533 1496
2721 2 2 20 9 1503 1544 1497
2722 2 2 20 9 1497 1538 1533
2723 2 2 20 9 1497 1544 1538
2724 2 2 20 9 1498 1542 1503
2725 2 2 20 9 1501 1521 1499
2726 2 2 20 9 1500 1521 1501
2727 2 2 20 9 1502 1523 1519
2728 2 2 20 9 1505 1506 1504
2729 2 2 20 9 1506 1541 1504
2730 2 2 20 9 1505 1514 1506
2731 2 2 20 9 1514 1529 1506
2732 2 2 20 9 1508 1524 1507
2733 2 2 20 9 1509 1510 1508
2734 2 2 20 9 1510 1545 1508
2735 2 2 20 9 1509 1527 1510
2736 2 2 20 9 1511 1522 1509
2737 2 2 20 9 1522 1527 1509
2738 2 2 20 9 1527 1537 1510
2739 2 2 20 9 1516 1522 1511
2740 2 2 20 9 1512 1532 1524
2741 2 2 20 9 1518 1528 1513
2742 2 2 20 9 1513 1543 1518
2743 2 2 20 9 1515 1530 1525
2744 2 2 20 9 1531 1534 1517
2745 2 2 20 9 1522 1534 1527
2746 2 2 30 10 5 1649 67
2747 2 2 30 10 263 1649 5
2748 2 2 30 10 80 1648 7
2749 2 2 30 10 7 1648 277
2750 2 2 30 10 15 1646 257
2751 2 2 30 10 313 1646 15
2752 2 2 30 10 271 1645 17
2753 2 2 30 10 17 1645 322
2754 2 2 30 10 67 1560 68
2755 2 2 30 10 67 1649 1560
2756 2 2 30 10 68 1608 69
2757 2 2 30 10 1560 1608 68
2758 2 2 30 10 69 1551 70
2759 2 2 30 10 69 1608 1551
2760 2 2 30 10 70 1614 71
2761 2 2 30 10 1551 1614 70
2762 2 2 30 10 71 1622 72
2763 2 2 30 10 1614 1622 71
2764 2 2 30 10 72 1549 73
2765 2 2 30 10 72 1622 1549
2766 2 2 30 10 73 1638 74
2767 2 2 30 10 1549 1638 73
2768 2 2 30 10 74 1640 75
2769 2 2 30 10 1638 1640 74
2770 2 2 30 10 75 1550 76
2771 2 2 30 10 75 1640 1550
2772 2 2 30 10 76 1619 77
2773 2 2 30 10 1550 1619 76
2774 2 2 30 10 77 1554 78
2775 2 2 30 10 77 1619 1554
2776 2 2 30 10 78 1611 79
2777 2 2 30 10 1554 1611 78
2778 2 2 30 10 79 1559 80
2779 2 2 30 10 79 1611 1559
2780 2 2 30 10 1559 1648 80
2781 2 2 30 10 257 1613 258
2782 2 2 30 10 257 1646 1613
2783 2 2 30 10 258 1636 259
2784 2 2 30 10 1613 1636 258
2785 2 2 30 10 259 1552 260
2786 2 2 30 10 259 1636 1552
2787 2 2 30 10 260 1607 261
2788 2 2 30 10 1552 1607 260
2789 2 2 30 10 261 1555 262
2790 2 2 30 10 261 1607 1555
2791 2 2 30 10 262 1627 263
2792 2 2 30 10 1555 1627 262
2793 2 2 30 10 1627 1649 263
2794 2 2 30 10 272 1558 271
2795 2 2 30 10 1558 1645 271
2796 2 2 30 10 273 1620 272
2797 2 2 30 10 272 1620 1558
2798 2 2 30 10 274 1548 273
2799 2 2 30 10 1548 1620 273
2800 2 2 30 10 275 1624 274
2801 2 2 30 10 274 1624 1548
2802 2 2 30 10 276 1556 275
2803 2 2 30 10 1556 1624 275
2804 2 2 30 10 277 1629 276
2805 2 2 30 10 276 1629 1556
2806 2 2 30 10 277 1648 1629
2807 2 2 30 10 314 1557 313
2808 2 2 30 10 1557 1646 313
2809 2 2 30 10 315 1602 314
2810 2 2 30 10 314 1602 1557
2811 2 2 30 10 316 1547 315
2812 2 2 30 10 1547 1602 315
2813 2 2 30 10 317 1597 316
2814 2 2 30 10 316 1597 1547
2815 2 2 30 10 318 1598 317
2816 2 2 30 10 317 1598 1597
2817 2 2 30 10 319 1546 318
2818 2 2 30 10 1546 1598 318
2819 2 2 30 10 320 1561 319
2820 2 2 30 10 319 1561 1546
2821 2 2 30 10 321 1553 320
2822 2 2 30 10 1553 1561 320
2823 2 2 30 10 322 1601 321
2824 2 2 30 10 321 1601 1553
2825 2 2 30 10 322 1645 1601
2826 2 2 30 10 1561 1562 1546
2827 2 2 30 10 1562 1563 1546
2828 2 2 30 10 1563 1598 1546
2829 2 2 30 10 1597 1644 1547
2830 2 2 30 10 1547 1631 1602
2831 2 2 30 10 1547 1644 1631
2832 2 2 30 10 1548 1641 1620
2833 2 2 30 10 1624 1652 1548
2834 2 2 30 10 1548 1652 1641
2835 2 2 30 10 1622 1647 1549
2836 2 2 30 10 1549 1643 1638
2837 2 2 30 10 1549 1647 1643
2838 2 2 30 10 1550 1635 1619
2839 2 2 30 10 1550 1637 1635
2840 2 2 30 10 1550 1640 1637
2841 2 2 30 10 1608 1650 1551
2842 2 2 30 10 1551 1615 1614
2843 2 2 30 10 1551 1650 1615
2844 2 2 30 10 1552 1642 1607
2845 2 2 30 10 1636 1642 1552
2846 2 2 30 10 1553 1599 1561
2847 2 2 30 10 1553 1600 1599
2848 2 2 30 10 1553 1601 1600
2849 2 2 30 10 1554 1633 1611
2850 2 2 30 10 1619 1634 1554
2851 2 2 30 10 1554 1634 1633
2852 2 2 30 10 1604 1606 1555
2853 2 2 30 10 1555 1607 1604
2854 2 2 30 10 1606 1627 1555
2855 2 2 30 10 1556 1651 1624
2856 2 2 30 10 1629 1630 1556
2857 2 2 30 10 1630 1651 1556
2858 2 2 30 10 1595 1596 1557
2859 2 2 30 10 1557 1602 1595
2860 2 2 30 10 1596 1613 1557
2861 2 2 30 10 1613 1646 1557
2862 2 2 30 10 1558 1632 1601
2863 2 2 30 10 1601 1645 1558
2864 2 2 30 10 1620 1632 1558
2865 2 2 30 10 1611 1630 1559
2866 2 2 30 10 1559 1630 1629
2867 2 2 30 10 1629 1648 1559
2868 2 2 30 10 1606 1608 1560
2869 2 2 30 10 1560 1627 1606
2870 2 2 30 10 1560 1649 1627
2871 2 2 30 10 1561 1599 1562
2872 2 2 30 10 1562 1564 1563
2873 2 2 30 10 1562 1566 1564
2874 2 2 30 10 1562 1599 1566
2875 2 2 30 10 1564 1565 1563
2876 2 2 30 10 1565 1612 1563
2877 2 2 30 10 1563 1612 1598
2878 2 2 30 10 1564 1567 1565
2879 2 2 30 10 1566 1618 1564
2880 2 2 30 10 1564 1618 1567
2881 2 2 30 10 1567 1568 1565
2882 2 2 30 10 1568 1571 1565
2883 2 2 30 10 1571 1612 1565
2884 2 2 30 10 1599 1628 1566
2885 2 2 30 10 1566 1621 1618
2886 2 2 30 10 1566 1628 1621
2887 2 2 30 10 1567 1569 1568
2888 2 2 30 10 1567 1570 1569
2889 2 2 30 10 1567 1618 1570
2890 2 2 30 10 1569 1616 1568
2891 2 2 30 10 1568 1572 1571
2892 2 2 30 10 1568 1616 1572
2893 2 2 30 10 1570 1581 1569
2894 2 2 30 10 1581 1590 1569
2895 2 2 30 10 1590 1616 1569
2896 2 2 30 10 1570 1582 1581
2897 2 2 30 10 1570 1583 1582
2898 2 2 30 10 1570 1618 1583
2899 2 2 30 10 1572 1573 1571
2900 2 2 30 10 1573 1591 1571
2901 2 2 30 10 1591 1612 1571
2902 2 2 30 10 1572 1574 1573
2903 2 2 30 10 1572 1623 1574
2904 2 2 30 10 1616 1623 1572
2905 2 2 30 10 1574 1575 1573
2906 2 2 30 10 1575 1609 1573
2907 2 2 30 10 1573 1609 1591
2908 2 2 30 10 1574 1576 1575
2909 2 2 30 10 1574 1577 1576
2910 2 2 30 10 1574 1623 1577
2911 2 2 30 10 1576 1578 1575
2912 2 2 30 10 1578 1580 1575
2913 2 2 30 10 1580 1609 1575
2914 2 2 30 10 1577 1639 1576
2915 2 2 30 10 1576 1579 1578
2916 2 2 30 10 1576 1639 1579
2917 2 2 30 10 1577 1625 1615
2918 2 2 30 10 1615 1639 1577
2919 2 2 30 10 1623 1625 1577
2920 2 2 30 10 1579 1603 1578
2921 2 2 30 10 1578 1589 1580
2922 2 2 30 10 1578 1603 1589
2923 2 2 30 10 1579 1604 1603
2924 2 2 30 10 1579 1605 1604
2925 2 2 30 10 1579 1639 1605
2926 2 2 30 10 1589 1595 1580
2927 2 2 30 10 1595 1631 1580
2928 2 2 30 10 1580 1631 1609
2929 2 2 30 10 1582 1637 1581
2930 2 2 30 10 1581 1593 1590
2931 2 2 30 10 1581 1637 1593
2932 2 2 30 10 1583 1584 1582
2933 2 2 30 10 1584 1635 1582
2934 2 2 30 10 1635 1637 1582
2935 2 2 30 10 1583 1585 1584
2936 2 2 30 10 1583 1621 1585
2937 2 2 30 10 1618 1621 1583
2938 2 2 30 10 1585 1586 1584
2939 2 2 30 10 1586 1634 1584
2940 2 2 30 10 1634 1635 1584
2941 2 2 30 10 1585 1587 1586
2942 2 2 30 10 1585 1588 1587
2943 2 2 30 10 1585 1621 1588
2944 2 2 30 10 1587 1592 1586
2945 2 2 30 10 1592 1633 1586
2946 2 2 30 10 1633 1634 1586
2947 2 2 30 10 1588 1610 1587
2948 2 2 30 10 1587 1594 1592
2949 2 2 30 10 1587 1610 1594
2950 2 2 30 10 1588 1626 1610
2951 2 2 30 10 1621 1628 1588
2952 2 2 30 10 1588 1628 1626
2953 2 2 30 10 1589 1596 1595
2954 2 2 30 10 1589 1642 1596
2955 2 2 30 10 1603 1642 1589
2956 2 2 30 10 1593 1643 1590
2957 2 2 30 10 1590 1617 1616
2958 2 2 30 10 1590 1643 1617
2959 2 2 30 10 1597 1612 1591
2960 2 2 30 10 1591 1644 1597
2961 2 2 30 10 1609 1644 1591
2962 2 2 30 10 1594 1651 1592
2963 2 2 30 10 1630 1633 1592
2964 2 2 30 10 1592 1651 1630
2965 2 2 30 10 1637 1640 1593
2966 2 2 30 10 1593 1640 1638
2967 2 2 30 10 1638 1643 1593
2968 2 2 30 10 1610 1652 1594
2969 2 2 30 10 1624 1651 1594
2970 2 2 30 10 1594 1652 1624
2971 2 2 30 10 1602 1631 1595
2972 2 2 30 10 1596 1636 1613
2973 2 2 30 10 1596 1642 1636
2974 2 2 30 10 1598 1612 1597
2975 2 2 30 10 1600 1628 1599
2976 2 2 30 10 1601 1632 1600
2977 2 2 30 10 1626 1628 1600
2978 2 2 30 10 1600 1632 1626
2979 2 2 30 10 1604 1607 1603
2980 2 2 30 10 1607 1642 1603
2981 2 2 30 10 1605 1606 1604
2982 2 2 30 10 1605 1650 1606
2983 2 2 30 10 1605 1639 1615
2984 2 2 30 10 1615 1650 1605
2985 2 2 30 10 1606 1650 1608
2986 2 2 30 10 1631 1644 1609
2987 2 2 30 10 1626 1641 1610
2988 2 2 30 10 1641 1652 1610
2989 2 2 30 10 1611 1633 1630
2990 2 2 30 10 1615 1625 1614
2991 2 2 30 10 1614 1625 1622
2992 2 2 30 10 1617 1623 1616
2993 2 2 30 10 1617 1647 1623
2994 2 2 30 10 1643 1647 1617
2995 2 2 30 10 1619 1635 1634
2996 2 2 30 10 1620 1641 1632
2997 2 2 30 10 1625 1647 1622
2998 2 2 30 10 1623 1647 1625
2999 2 2 30 10 1632 1641 1626
3000 2 2 20 11 2 1739 42
3001 2 2 20 11 236 1739 2
3002 2 2 20 11 31 1736 3
3003 2 2 20 11 3 1736 249
3004 2 2 20 11 12 1735 242
3005 2 2 20 11 298 1735 12
3006 2 2 20 11 243 1732 13
3007 2 2 20 11 13 1732 292
3008 2 2 20 11 32 1665 31
3009 2 2 20 11 1665 1736 31
3010 2 2 20 11 33 1711 32
3011 2 2 20 11 32 1711 1665
3012 2 2 20 11 34 1660 33
3013 2 2 20 11 1660 1711 33
3014 2 2 20 11 35 1727 34
3015 2 2 20 11 34 1727 1660
3016 2 2 20 11 36 1654 35
3017 2 2 20 11 1654 1727 35
3018 2 2 20 11 37 1733 36
3019 2 2 20 11 36 1733 1654
3020 2 2 20 11 38 1741 37
3021 2 2 20 11 1706 1733 37
3022 2 2 20 11 37 1741 1706
3023 2 2 20 11 39 1657 38
3024 2 2 20 11 1657 1741 38
3025 2 2 20 11 40 1708 39
3026 2 2 20 11 39 1708 1657
3027 2 2 20 11 41 1659 40
3028 2 2 20 11 1659 1708 40
3029 2 2 20 11 42 1709 41
3030 2 2 20 11 41 1709 1659
3031 2 2 20 11 42 1739 1709
3032 2 2 20 11 237 1714 236
3033 2 2 20 11 1714 1739 236
3034 2 2 20 11 238 1663 237
3035 2 2 20 11 1663 1714 237
3036 2 2 20 11 239 1715 238
3037 2 2 20 11 238 1715 1663
3038 2 2 20 11 240 1655 239
3039 2 2 20 11 1655 1715 239
3040 2 2 20 11 241 1717 240
3041 2 2 20 11 240 1717 1655
3042 2 2 20 11 242 1695 241
3043 2 2 20 11 1695 1717 241
3044 2 2 20 11 242 1735 1695
3045 2 2 20 11 244 1664 243
3046 2 2 20 11 1664 1732 243
3047 2 2 20 11 245 1725 244
3048 2 2 20 11 244 1725 1664
3049 2 2 20 11 246 1653 245
3050 2 2 20 11 1653 1725 245
3051 2 2 20 11 247 1716 246
3052 2 2 20 11 246 1716 1653
3053 2 2 20 11 248 1661 247
3054 2 2 20 11 1661 1716 247
3055 2 2 20 11 249 1722 248
3056 2 2 20 11 248 1722 1661
3057 2 2 20 11 249 1736 1722
3058 2 2 20 11 292 1666 293
3059 2 2 20 11 292 1732 1666
3060 2 2 20 11 293 1658 294
3061 2 2 20 11 293 1666 1658
3062 2 2 20 11 294 1694 295
3063 2 2 20 11 1658 1694 294
3064 2 2 20 11 295 1656 296
3065 2 2 20 11 295 1694 1656
3066 2 2 20 11 296 1692 297
3067 2 2 20 11 1656 1692 296
3068 2 2 20 11 297 1662 298
3069 2 2 20 11 297 1692 1662
3070 2 2 20 11 1662 1735 298
3071 2 2 20 11 1702 1725 1653
3072 2 2 20 11 1653 1737 1702
3073 2 2 20 11 1716 1737 1653
3074 2 2 20 11 1723 1730 1654
3075 2 2 20 11 1654 1733 1723
3076 2 2 20 11 1654 1730 1727
3077 2 2 20 11 1696 1698 1655
3078 2 2 20 11 1655 1717 1696
3079 2 2 20 11 1698 1715 1655
3080 2 2 20 11 1656 1693 1692
3081 2 2 20 11 1656 1699 1693
3082 2 2 20 11 1694 1699 1656
3083 2 2 20 11 1657 1720 1704
3084 2 2 20 11 1704 1741 1657
3085 2 2 20 11 1708 1720 1657
3086 2 2 20 11 1666 1667 1658
3087 2 2 20 11 1667 1668 1658
3088 2 2 20 11 1668 1694 1658
3089 2 2 20 11 1659 1724 1691
3090 2 2 20 11 1691 1728 1659
3091 2 2 20 11 1659 1728 1708
3092 2 2 20 11 1709 1724 1659
3093 2 2 20 11 1660 1726 1711
3094 2 2 20 11 1713 1726 1660
3095 2 2 20 11 1660 1727 1713
3096 2 2 20 11 1661 1731 1716
3097 2 2 20 11 1661 1722 1721
3098 2 2 20 11 1721 1731 1661
3099 2 2 20 11 1692 1729 1662
3100 2 2 20 11 1662 1697 1695
3101 2 2 20 11 1695 1735 1662
3102 2 2 20 11 1662 1729 1697
3103 2 2 20 11 1663 1724 1714
3104 2 2 20 11 1715 1719 1663
3105 2 2 20 11 1719 1724 1663
3106 2 2 20 11 1664 1710 1666
3107 2 2 20 11 1666 1732 1664
3108 2 2 20 11 1664 1725 1710
3109 2 2 20 11 1711 1721 1665
3110 2 2 20 11 1721 1722 1665
3111 2 2 20 11 1722 1736 1665
3112 2 2 20 11 1666 1710 1667
3113 2 2 20 11 1667 1669 1668
3114 2 2 20 11 1667 1701 1669
3115 2 2 20 11 1667 1710 1701
3116 2 2 20 11 1669 1670 1668
3117 2 2 20 11 1670 1738 1668
3118 2 2 20 11 1668 1738 1694
3119 2 2 20 11 1669 1671 1670
3120 2 2 20 11 1669 1673 1671
3121 2 2 20 11 1669 1701 1673
3122 2 2 20 11 1671 1672 1670
3123 2 2 20 11 1672 1676 1670
3124 2 2 20 11 1676 1738 1670
3125 2 2 20 11 1671 1712 1672
3126 2 2 20 11 1673 1674 1671
3127 2 2 20 11 1674 1712 1671
3128 2 2 20 11 1672 1677 1676
3129 2 2 20 11 1672 1707 1677
3130 2 2 20 11 1672 1712 1707
3131 2 2 20 11 1673 1675 1674
3132 2 2 20 11 1673 1700 1675
3133 2 2 20 11 1673 1701 1700
3134 2 2 20 11 1675 1687 1674
3135 2 2 20 11 1687 1689 1674
3136 2 2 20 11 1689 1712 1674
3137 2 2 20 11 1675 1688 1687
3138 2 2 20 11 1675 1690 1688
3139 2 2 20 11 1675 1700 1690
3140 2 2 20 11 1677 1678 1676
3141 2 2 20 11 1678 1740 1676
3142 2 2 20 11 1699 1738 1676
3143 2 2 20 11 1676 1740 1699
3144 2 2 20 11 1677 1679 1678
3145 2 2 20 11 1677 1682 1679
3146 2 2 20 11 1677 1707 1682
3147 2 2 20 11 1679 1680 1678
3148 2 2 20 11 1680 1734 1678
3149 2 2 20 11 1734 1740 1678
3150 2 2 20 11 1679 1681 1680
3151 2 2 20 11 1679 1703 1681
3152 2 2 20 11 1682 1703 1679
3153 2 2 20 11 1681 1683 1680
3154 2 2 20 11 1683 1686 1680
3155 2 2 20 11 1686 1734 1680
3156 2 2 20 11 1681 1684 1683
3157 2 2 20 11 1681 1685 1684
3158 2 2 20 11 1681 1703 1685
3159 2 2 20 11 1682 1704 1703
3160 2 2 20 11 1682 1705 1704
3161 2 2 20 11 1682 1707 1705
3162 2 2 20 11 1684 1698 1683
3163 2 2 20 11 1683 1696 1686
3164 2 2 20 11 1683 1698 1696
3165 2 2 20 11 1685 1691 1684
3166 2 2 20 11 1691 1719 1684
3167 2 2 20 11 1684 1719 1698
3168 2 2 20 11 1685 1728 1691
3169 2 2 20 11 1703 1720 1685
3170 2 2 20 11 1720 1728 1685
3171 2 2 20 11 1696 1697 1686
3172 2 2 20 11 1697 1729 1686
3173 2 2 20 11 1729 1734 1686
3174 2 2 20 11 1688 1726 1687
3175 2 2 20 11 1687 1713 1689
3176 2 2 20 11 1687 1726 1713
3177 2 2 20 11 1690 1731 1688
3178 2 2 20 11 1721 1726 1688
3179 2 2 20 11 1688 1731 1721
3180 2 2 20 11 1689 1718 1712
3181 2 2 20 11 1713 1730 1689
3182 2 2 20 11 1689 1730 1718
3183 2 2 20 11 1700 1737 1690
3184 2 2 20 11 1716 1731 1690
3185 2 2 20 11 1690 1737 1716
3186 2 2 20 11 1691 1724 1719
3187 2 2 20 11 1693 1729 1692
3188 2 2 20 11 1699 1740 1693
3189 2 2 20 11 1693 1734 1729
3190 2 2 20 11 1693 1740 1734
3191 2 2 20 11 1694 1738 1699
3192 2 2 20 11 1697 1717 1695
3193 2 2 20 11 1696 1717 1697
3194 2 2 20 11 1698 1719 1715
3195 2 2 20 11 1701 1702 1700
3196 2 2 20 11 1702 1737 1700
3197 2 2 20 11 1701 1710 1702
3198 2 2 20 11 1710 1725 1702
3199 2 2 20 11 1704 1720 1703
3200 2 2 20 11 1705 1706 1704
3201 2 2 20 11 1706 1741 1704
3202 2 2 20 11 1705 1723 1706
3203 2 2 20 11 1707 1718 1705
3204 2 2 20 11 1718 1723 1705
3205 2 2 20 11 1723 1733 1706
3206 2 2 20 11 1712 1718 1707
3207 2 2 20 11 1708 1728 1720
3208 2 2 20 11 1714 1724 1709
3209 2 2 20 11 1709 1739 1714
3210 2 2 20 11 1711 1726 1721
3211 2 2 20 11 1727 1730 1713
3212 2 2 20 11 1718 1730 1723
3213 2 2 30 12 6 1845 94
3214 2 2 30 12 264 1845 6
3215 2 2 30 12 81 1844 7
3216 2 2 30 12 7 1844 277
3217 2 2 30 12 16 1842 270
3218 2 2 30 12 332 1842 16
3219 2 2 30 12 271 1841 17
3220 2 2 30 12 17 1841 323
3221 2 2 30 12 82 1755 81
3222 2 2 30 12 1755 1844 81
3223 2 2 30 12 83 1807 82
3224 2 2 30 12 82 1807 1755
3225 2 2 30 12 84 1750 83
3226 2 2 30 12 1750 1807 83
3227 2 2 30 12 85 1815 84
3228 2 2 30 12 84 1815 1750
3229 2 2 30 12 86 1746 85
3230 2 2 30 12 1746 1815 85
3231 2 2 30 12 87 1836 86
3232 2 2 30 12 86 1836 1746
3233 2 2 30 12 88 1834 87
3234 2 2 30 12 1834 1836 87
3235 2 2 30 12 89 1745 88
3236 2 2 30 12 1745 1834 88
3237 2 2 30 12 90 1818 89
3238 2 2 30 12 89 1818 1745
3239 2 2 30 12 91 1810 90
3240 2 2 30 12 1810 1818 90
3241 2 2 30 12 92 1747 91
3242 2 2 30 12 1747 1810 91
3243 2 2 30 12 93 1804 92
3244 2 2 30 12 92 1804 1747
3245 2 2 30 12 94 1756 93
3246 2 2 30 12 1756 1804 93
3247 2 2 30 12 94 1845 1756
3248 2 2 30 12 265 1823 264
3249 2 2 30 12 1823 1845 264
3250 2 2 30 12 266 1751 265
3251 2 2 30 12 1751 1823 265
3252 2 2 30 12 267 1803 266
3253 2 2 30 12 266 1803 1751
3254 2 2 30 12 268 1748 267
3255 2 2 30 12 1748 1803 267
3256 2 2 30 12 269 1832 268
3257 2 2 30 12 268 1832 1748
3258 2 2 30 12 270 1809 269
3259 2 2 30 12 1809 1832 269
3260 2 2 30 12 270 1842 1809
3261 2 2 30 12 272 1754 271
3262 2 2 30 12 1754 1841 271
3263 2 2 30 12 273 1816 272
3264 2 2 30 12 272 1816 1754
3265 2 2 30 12 274 1744 273
3266 2 2 30 12 1744 1816 273
3267 2 2 30 12 275 1820 274
3268 2 2 30 12 274 1820 1744
3269 2 2 30 12 276 1752 275
3270 2 2 30 12 1752 1820 275
3271 2 2 30 12 277 1825 276
3272 2 2 30 12 276 1825 1752
3273 2 2 30 12 277 1844 1825
3274 2 2 30 12 323 1797 324
3275 2 2 30 12 323 1841 1797
3276 2 2 30 12 324 1749 325
3277 2 2 30 12 324 1797 1749
3278 2 2 30 12 325 1757 326
3279 2 2 30 12 1749 1757 325
3280 2 2 30 12 326 1742 327
3281 2 2 30 12 326 1757 1742
3282 2 2 30 12 327 1794 328
3283 2 2 30 12 1742 1794 327
3284 2 2 30 12 328 1793 329
3285 2 2 30 12 328 1794 1793
3286 2 2 30 12 329 1743 330
3287 2 2 30 12 329 1793 1743
3288 2 2 30 12 330 1798 331
3289 2 2 30 12 1743 1798 330
3290 2 2 30 12 331 1753 332
3291 2 2 30 12 331 1798 1753
3292 2 2 30 12 1753 1842 332
3293 2 2 30 12 1757 1758 1742
3294 2 2 30 12 1758 1759 1742
3295 2 2 30 12 1759 1794 1742
3296 2 2 30 12 1793 1840 1743
3297 2 2 30 12 1743 1827 1798
3298 2 2 30 12 1743 1840 1827
3299 2 2 30 12 1744 1837 1816
3300 2 2 30 12 1820 1848 1744
3301 2 2 30 12 1744 1848 1837
3302 2 2 30 12 1818 1843 1745
3303 2 2 30 12 1745 1839 1834
3304 2 2 30 12 1745 1843 1839
3305 2 2 30 12 1746 1831 1815
3306 2 2 30 12 1746 1833 1831
3307 2 2 30 12 1746 1836 1833
3308 2 2 30 12 1804 1846 1747
3309 2 2 30 12 1747 1811 1810
3310 2 2 30 12 1747 1846 1811
3311 2 2 30 12 1748 1838 1803
3312 2 2 30 12 1832 1838 1748
3313 2 2 30 12 1749 1795 1757
3314 2 2 30 12 1749 1796 1795
3315 2 2 30 12 1749 1797 1796
3316 2 2 30 12 1750 1829 1807
3317 2 2 30 12 1815 1830 1750
3318 2 2 30 12 1750 1830 1829
3319 2 2 30 12 1800 1802 1751
3320 2 2 30 12 1751 1803 1800
3321 2 2 30 12 1802 1823 1751
3322 2 2 30 12 1752 1847 1820
3323 2 2 30 12 1825 1826 1752
3324 2 2 30 12 1826 1847 1752
3325 2 2 30 12 1791 1792 1753
3326 2 2 30 12 1753 1798 1791
3327 2 2 30 12 1792 1809 1753
3328 2 2 30 12 1809 1842 1753
3329 2 2 30 12 1754 1828 1797
3330 2 2 30 12 1797 1841 1754
3331 2 2 30 12 1816 1828 1754
3332 2 2 30 12 1807 1826 1755
3333 2 2 30 12 1755 1826 1825
3334 2 2 30 12 1825 1844 1755
3335 2 2 30 12 1802 1804 1756
3336 2 2 30 12 1756 1823 1802
3337 2 2 30 12 1756 1845 1823
3338 2 2 30 12 1757 1795 1758
3339 2 2 30 12 1758 1760 1759
3340 2 2 30 12 1758 1762 1760
3341 2 2 30 12 1758 1795 1762
3342 2 2 30 12 1760 1761 1759
3343 2 2 30 12 1761 1808 1759
3344 2 2 30 12 1759 1808 1794
3345 2 2 30 12 1760 1763 1761
3346 2 2 30 12 1762 1814 1760
3347 2 2 30 12 1760 1814 1763
3348 2 2 30 12 1763 1764 1761
3349 2 2 30 12 1764 1767 1761
3350 2 2 30 12 1767 1808 1761
3351 2 2 30 12 1795 1824 1762
3352 2 2 30 12 1762 1817 1814
3353 2 2 30 12 1762 1824 1817
3354 2 2 30 12 1763 1765 1764
3355 2 2 30 12 1763 1766 1765
3356 2 2 30 12 1763 1814 1766
3357 2 2 30 12 1765 1812 1764
3358 2 2 30 12 1764 1768 1767
3359 2 2 30 12 1764 1812 1768
3360 2 2 30 12 1766 1777 1765
3361 2 2 30 12 1777 1786 1765
3362 2 2 30 12 1786 1812 1765
3363 2 2 30 12 1766 1778 1777
3364 2 2 30 12 1766 1779 1778
3365 2 2 30 12 1766 1814 1779
3366 2 2 30 12 1768 1769 1767
3367 2 2 30 12 1769 1787 1767
3368 2 2 30 12 1787 1808 1767
3369 2 2 30 12 1768 1770 1769
3370 2 2 30 12 1768 1819 1770
3371 2 2 30 12 1812 1819 1768
3372 2 2 30 12 1770 1771 1769
3373 2 2 30 12 1771 1805 1769
3374 2 2 30 12 1769 1805 1787
3375 2 2 30 12 1770 1772 1771
3376 2 2 30 12 1770 1773 1772
3377 2 2 30 12 1770 1819 1773
3378 2 2 30 12 1772 1774 1771
3379 2 2 30 12 1774 1776 1771
3380 2 2 30 12 1776 1805 1771
3381 2 2 30 12 1773 1835 1772
3382 2 2 30 12 1772 1775 1774
3383 2 2 30 12 1772 1835 1775
3384 2 2 30 12 1773 1821 1811
3385 2 2 30 12 1811 1835 1773
3386 2 2 30 12 1819 1821 1773
3387 2 2 30 12 1775 1799 1774
3388 2 2 30 12 1774 1785 1776
3389 2 2 30 12 1774 1799 1785
3390 2 2 30 12 1775 1800 1799
3391 2 2 30 12 1775 1801 1800
3392 2 2 30 12 1775 1835 1801
3393 2 2 30 12 1785 1791 1776
3394 2 2 30 12 1791 1827 1776
3395 2 2 30 12 1776 1827 1805
3396 2 2 30 12 1778 1833 1777
3397 2 2 30 12 1777 1789 1786
3398 2 2 30 12 1777 1833 1789
3399 2 2 30 12 1779 1780 1778
3400 2 2 30 12 1780 1831 1778
3401 2 2 30 12 1831 1833 1778
3402 2 2 30 12 1779 1781 1780
3403 2 2 30 12 1779 1817 1781
3404 2 2 30 12 1814 1817 1779
3405 2 2 30 12 1781 1782 1780
3406 2 2 30 12 1782 1830 1780
3407 2 2 30 12 1830 1831 1780
3408 2 2 30 12 1781 1783 1782
3409 2 2 30 12 1781 1784 1783
3410 2 2 30 12 1781 1817 1784
3411 2 2 30 12 1783 1788 1782
3412 2 2 30 12 1788 1829 1782
3413 2 2 30 12 1829 1830 1782
3414 2 2 30 12 1784 1806 1783
3415 2 2 30 12 1783 1790 1788
3416 2 2 30 12 1783 1806 1790
3417 2 2 30 12 1784 1822 1806
3418 2 2 30 12 1817 1824 1784
3419 2 2 30 12 1784 1824 1822
3420 2 2 30 12 1785 1792 1791
3421 2 2 30 12 1785 1838 1792
3422 2 2 30 12 1799 1838 1785
3423 2 2 30 12 1789 1839 1786
3424 2 2 30 12 1786 1813 1812
3425 2 2 30 12 1786 1839 1813
3426 2 2 30 12 1793 1808 1787
3427 2 2 30 12 1787 1840 1793
3428 2 2 30 12 1805 1840 1787
3429 2 2 30 12 1790 1847 1788
3430 2 2 30 12 1826 1829 1788
3431 2 2 30 12 1788 1847 1826
3432 2 2 30 12 1833 1836 1789
3433 2 2 30 12 1789 1836 1834
3434 2 2 30 12 1834 1839 1789
3435 2 2 30 12 1806 1848 1790
3436 2 2 30 12 1820 1847 1790
3437 2 2 30 12 1790 1848 1820
3438 2 2 30 12 1798 1827 1791
3439 2 2 30 12 1792 1832 1809
3440 2 2 30 12 1792 1838 1832
3441 2 2 30 12 1794 1808 1793
3442 2 2 30 12 1796 1824 1795
3443 2 2 30 12 1797 1828 1796
3444 2 2 30 12 1822 1824 1796
3445 2 2 30 12 1796 1828 1822
3446 2 2 30 12 1800 1803 1799
3447 2 2 30 12 1803 1838 1799
3448 2 2 30 12 1801 1802 1800
3449 2 2 30 12 1801 1846 1802
3450 2 2 30 12 1801 1835 1811
3451 2 2 30 12 1811 1846 1801
3452 2 2 30 12 1802 1846 1804
3453 2 2 30 12 1827 1840 1805
3454 2 2 30 12 1822 1837 1806
3455 2 2 30 12 1837 1848 1806
3456 2 2 30 12 1807 1829 1826
3457 2 2 30 12 1811 1821 1810
3458 2 2 30 12 1810 1821 1818
3459 2 2 30 12 1813 1819 1812
3460 2 2 30 12 1813 1843 1819
3461 2 2 30 12 1839 1843 1813
3462 2 2 30 12 1815 1831 1830
3463 2 2 30 12 1816 1837 1828
3464 2 2 30 12 1821 1843 1818
3465 2 2 30 12 1819 1843 1821
3466 2 2 30 12 1828 1837 1822
3467 2 2 20 13 2 1935 43
3468 2 2 20 13 236 1935 2
3469 2 2 20 13 54 1932 4
3470 2 2 20 13 4 1932 250
3471 2 2 20 13 12 1931 242
3472 2 2 20 13 299 1931 12
3473 2 2 20 13 256 1928 14
3474 2 2 20 13 14 1928 305
3475 2 2 20 13 43 1905 44
3476 2 2 20 13 43 1935 1905
3477 2 2 20 13 44 1855 45
3478 2 2 20 13 44 1905 1855
3479 2 2 20 13 45 1904 46
3480 2 2 20 13 1855 1904 45
3481 2 2 20 13 46 1853 47
3482 2 2 20 13 46 1904 1853
3483 2 2 20 13 47 1937 48
3484 2 2 20 13 1853 1937 47
3485 2 2 20 13 48 1929 49
3486 2 2 20 13 1902 1929 48
3487 2 2 20 13 48 1937 1902
3488 2 2 20 13 49 1850 50
3489 2 2 20 13 49 1929 1850
3490 2 2 20 13 50 1923 51
3491 2 2 20 13 1850 1923 50
3492 2 2 20 13 51 1856 52
3493 2 2 20 13 51 1923 1856
3494 2 2 20 13 52 1907 53
3495 2 2 20 13 1856 1907 52
3496 2 2 20 13 53 1861 54
3497 2 2 20 13 53 1907 1861
3498 2 2 20 13 1861 1932 54
3499 2 2 20 13 237 1910 236
3500 2 2 20 13 1910 1935 236
3501 2 2 20 13 238 1859 237
3502 2 2 20 13 1859 1910 237
3503 2 2 20 13 239 1911 238
3504 2 2 20 13 238 1911 1859
3505 2 2 20 13 240 1851 239
3506 2 2 20 13 1851 1911 239
3507 2 2 20 13 241 1913 240
3508 2 2 20 13 240 1913 1851
3509 2 2 20 13 242 1891 241
3510 2 2 20 13 1891 1913 241
3511 2 2 20 13 242 1931 1891
3512 2 2 20 13 250 1918 251
3513 2 2 20 13 250 1932 1918
3514 2 2 20 13 251 1857 252
3515 2 2 20 13 251 1918 1857
3516 2 2 20 13 252 1912 253
3517 2 2 20 13 1857 1912 252
3518 2 2 20 13 253 1849 254
3519 2 2 20 13 253 1912 1849
3520 2 2 20 13 254 1921 255
3521 2 2 20 13 1849 1921 254
3522 2 2 20 13 255 1860 256
3523 2 2 20 13 255 1921 1860
3524 2 2 20 13 1860 1928 256
3525 2 2 20 13 300 1858 299
3526 2 2 20 13 1858 1931 299
3527 2 2 20 13 301 1888 300
3528 2 2 20 13 300 1888 1858
3529 2 2 20 13 302 1852 301
3530 2 2 20 13 1852 1888 301
3531 2 2 20 13 303 1890 302
3532 2 2 20 13 302 1890 1852
3533 2 2 20 13 304 1854 303
3534 2 2 20 13 1854 1890 303
3535 2 2 20 13 305 1862 304
3536 2 2 20 13 304 1862 1854
3537 2 2 20 13 305 1928 1862
3538 2 2 20 13 1898 1921 1849
3539 2 2 20 13 1849 1933 1898
3540 2 2 20 13 1912 1933 1849
3541 2 2 20 13 1919 1926 1850
3542 2 2 20 13 1850 1929 1919
3543 2 2 20 13 1850 1926 1923
3544 2 2 20 13 1892 1894 1851
3545 2 2 20 13 1851 1913 1892
3546 2 2 20 13 1894 1911 1851
3547 2 2 20 13 1852 1889 1888
3548 2 2 20 13 1852 1895 1889
3549 2 2 20 13 1890 1895 1852
3550 2 2 20 13 1853 1916 1900
3551 2 2 20 13 1900 1937 1853
3552 2 2 20 13 1904 1916 1853
3553 2 2 20 13 1862 1863 1854
3554 2 2 20 13 1863 1864 1854
3555 2 2 20 13 1864 1890 1854
3556 2 2 20 13 1855 1920 1887
3557 2 2 20 13 1887 1924 1855
3558 2 2 20 13 1855 1924 1904
3559 2 2 20 13 1905 1920 1855
3560 2 2 20 13 1856 1922 1907
3561 2 2 20 13 1909 1922 1856
3562 2 2 20 13 1856 1923 1909
3563 2 2 20 13 1857 1927 1912
3564 2 2 20 13 1857 1918 1917
3565 2 2 20 13 1917 1927 1857
3566 2 2 20 13 1888 1925 1858
3567 2 2 20 13 1858 1893 1891
3568 2 2 20 13 1891 1931 1858
3569 2 2 20 13 1858 1925 1893
3570 2 2 20 13 1859 1920 1910
3571 2 2 20 13 1911 1915 1859
3572 2 2 20 13 1915 1920 1859
3573 2 2 20 13 1860 1906 1862
3574 2 2 20 13 1862 1928 1860
3575 2 2 20 13 1860 1921 1906
3576 2 2 20 13 1907 1917 1861
3577 2 2 20 13 1917 1918 1861
3578 2 2 20 13 1918 1932 1861
3579 2 2 20 13 1862 1906 1863
3580 2 2 20 13 1863 1865 1864
3581 2 2 20 13 1863 1897 1865
3582 2 2 20 13 1863 1906 1897
3583 2 2 20 13 1865 1866 1864
3584 2 2 20 13 1866 1934 1864
3585 2 2 20 13 1864 1934 1890
3586 2 2 20 13 1865 1867 1866
3587 2 2 20 13 1865 1869 1867
3588 2 2 20 13 1865 1897 1869
3589 2 2 20 13 1867 1868 1866
3590 2 2 20 13 1868 1872 1866
3591 2 2 20 13 1872 1934 1866
3592 2 2 20 13 1867 1908 1868
3593 2 2 20 13 1869 1870 1867
3594 2 2 20 13 1870 1908 1867
3595 2 2 20 13 1868 1873 1872
3596 2 2 20 13 1868 1903 1873
3597 2 2 20 13 1868 1908 1903
3598 2 2 20 13 1869 1871 1870
3599 2 2 20 13 1869 1896 1871
3600 2 2 20 13 1869 1897 1896
3601 2 2 20 13 1871 1883 1870
3602 2 2 20 13 1883 1885 1870
3603 2 2 20 13 1885 1908 1870
3604 2 2 20 13 1871 1884 1883
3605 2 2 20 13 1871 1886 1884
3606 2 2 20 13 1871 1896 1886
3607 2 2 20 13 1873 1874 1872
3608 2 2 20 13 1874 1936 1872
3609 2 2 20 13 1895 1934 1872
3610 2 2 20 13 1872 1936 1895
3611 2 2 20 13 1873 1875 1874
3612 2 2 20 13 1873 1878 1875
3613 2 2 20 13 1873 1903 1878
3614 2 2 20 13 1875 1876 1874
3615 2 2 20 13 1876 1930 1874
3616 2 2 20 13 1930 1936 1874
3617 2 2 20 13 1875 1877 1876
3618 2 2 20 13 1875 1899 1877
3619 2 2 20 13 1878 1899 1875
3620 2 2 20 13 1877 1879 1876
3621 2 2 20 13 1879 1882 1876
3622 2 2 20 13 1882 1930 1876
3623 2 2 20 13 1877 1880 1879
3624 2 2 20 13 1877 1881 1880
3625 2 2 20 13 1877 1899 1881
3626 2 2 20 13 1878 1900 1899
3627 2 2 20 13 1878 1901 1900
3628 2 2 20 13 1878 1903 1901
3629 2 2 20 13 1880 1894 1879
3630 2 2 20 13 1879 1892 1882
3631 2 2 20 13 1879 1894 1892
3632 2 2 20 13 1881 1887 1880
3633 2 2 20 13 1887 1915 1880
3634 2 2 20 13 1880 1915 1894
3635 2 2 20 13 1881 1924 1887
3636 2 2 20 13 1899 1916 1881
3637 2 2 20 13 1916 1924 1881
3638 2 2 20 13 1892 1893 1882
3639 2 2 20 13 1893 1925 1882
3640 2 2 20 13 1925 1930 1882
3641 2 2 20 13 1884 1922 1883
3642 2 2 20 13 1883 1909 1885
3643 2 2 20 13 1883 1922 1909
3644 2 2 20 13 1886 1927 1884
3645 2 2 20 13 1917 1922 1884
3646 2 2 20 13 1884 1927 1917
3647 2 2 20 13 1885 1914 1908
3648 2 2 20 13 1909 1926 1885
3649 2 2 20 13 1885 1926 1914
3650 2 2 20 13 1896 1933 1886
3651 2 2 20 13 1912 1927 1886
3652 2 2 20 13 1886 1933 1912
3653 2 2 20 13 1887 1920 1915
3654 2 2 20 13 1889 1925 1888
3655 2 2 20 13 1895 1936 1889
3656 2 2 20 13 1889 1930 1925
3657 2 2 20 13 1889 1936 1930
3658 2 2 20 13 1890 1934 1895
3659 2 2 20 13 1893 1913 1891
3660 2 2 20 13 1892 1913 1893
3661 2 2 20 13 1894 1915 1911
3662 2 2 20 13 1897 1898 1896
3663 2 2 20 13 1898 1933 1896
3664 2 2 20 13 1897 1906 1898
3665 2 2 20 13 1906 1921 1898
3666 2 2 20 13 1900 1916 1899
3667 2 2 20 13 1901 1902 1900
3668 2 2 20 13 1902 1937 1900
3669 2 2 20 13 1901 1919 1902
3670 2 2 20 13 1903 1914 1901
3671 2 2 20 13 1914 1919 1901
3672 2 2 20 13 1919 1929 1902
3673 2 2 20 13 1908 1914 1903
3674 2 2 20 13 1904 1924 1916
3675 2 2 20 13 1910 1920 1905
3676 2 2 20 13 1905 1935 1910
3677 2 2 20 13 1907 1922 1917
3678 2 2 20 13 1923 1926 1909
3679 2 2 20 13 1914 1926 1919
3680 2 2 30 14 6 2041 95
3681 2 2 30 14 264 2041 6
3682 2 2 30 14 108 2040 8
3683 2 2 30 14 8 2040 278
3684 2 2 30 14 16 2038 270
3685 2 2 30 14 333 2038 16
3686 2 2 30 14 284 2037 18
3687 2 2 30 14 18 2037 342
3688 2 2 30 14 95 1952 96
3689 2 2 30 14 95 2041 1952
3690 2 2 30 14 96 2000 97
3691 2 2 30 14 1952 2000 96
3692 2 2 30 14 97 1943 98
3693 2 2 30 14 97 2000 1943
3694 2 2 30 14 98 2006 99
3695 2 2 30 14 1943 2006 98
3696 2 2 30 14 99 2014 100
3697 2 2 30 14 2006 2014 99
3698 2 2 30 14 100 1941 101
3699 2 2 30 14 100 2014 1941
3700 2 2 30 14 101 2030 102
3701 2 2 30 14 1941 2030 101
3702 2 2 30 14 102 2032 103
3703 2 2 30 14 2030 2032 102
3704 2 2 30 14 103 1942 104
3705 2 2 30 14 103 2032 1942
3706 2 2 30 14 104 2011 105
3707 2 2 30 14 1942 2011 104
3708 2 2 30 14 105 1946 106
3709 2 2 30 14 105 2011 1946
3710 2 2 30 14 106 2003 107
3711 2 2 30 14 1946 2003 106
3712 2 2 30 14 107 1951 108
3713 2 2 30 14 107 2003 1951
3714 2 2 30 14 1951 2040 108
3715 2 2 30 14 265 2019 264
3716 2 2 30 14 2019 2041 264
3717 2 2 30 14 266 1947 265
3718 2 2 30 14 1947 2019 265
3719 2 2 30 14 267 1999 266
3720 2 2 30 14 266 1999 1947
3721 2 2 30 14 268 1944 267
3722 2 2 30 14 1944 1999 267
3723 2 2 30 14 269 2028 268
3724 2 2 30 14 268 2028 1944
3725 2 2 30 14 270 2005 269
3726 2 2 30 14 2005 2028 269
3727 2 2 30 14 270 2038 2005
3728 2 2 30 14 278 2021 279
3729 2 2 30 14 278 2040 2021
3730 2 2 30 14 279 1948 280
3731 2 2 30 14 279 2021 1948
3732 2 2 30 14 280 2016 281
3733 2 2 30 14 1948 2016 280
3734 2 2 30 14 281 1940 282
3735 2 2 30 14 281 2016 1940
3736 2 2 30 14 282 2012 283
3737 2 2 30 14 1940 2012 282
3738 2 2 30 14 283 1950 284
3739 2 2 30 14 283 2012 1950
3740 2 2 30 14 1950 2037 284
3741 2 2 30 14 334 1949 333
3742 2 2 30 14 1949 2038 333
3743 2 2 30 14 335 1994 334
3744 2 2 30 14 334 1994 1949
3745 2 2 30 14 336 1939 335
3746 2 2 30 14 1939 1994 335
3747 2 2 30 14 337 1989 336
3748 2 2 30 14 336 1989 1939
3749 2 2 30 14 338 1990 337
3750 2 2 30 14 337 1990 1989
3751 2 2 30 14 339 1938 338
3752 2 2 30 14 1938 1990 338
3753 2 2 30 14 340 1953 339
3754 2 2 30 14 339 1953 1938
3755 2 2 30 14 341 1945 340
3756 2 2 30 14 1945 1953 340
3757 2 2 30 14 342 1993 341
3758 2 2 30 14 341 1993 1945
3759 2 2 30 14 342 2037 1993
3760 2 2 30 14 1953 1954 1938
3761 2 2 30 14 1954 1955 1938
3762 2 2 30 14 1955 1990 1938
3763 2 2 30 14 1989 2036 1939
3764 2 2 30 14 1939 2023 1994
3765 2 2 30 14 1939 2036 2023
3766 2 2 30 14 1940 2033 2012
3767 2 2 30 14 2016 2044 1940
3768 2 2 30 14 1940 2044 2033
3769 2 2 30 14 2014 2039 1941
3770 2 2 30 14 1941 2035 2030
3771 2 2 30 14 1941 2039 2035
3772 2 2 30 14 1942 2027 2011
3773 2 2 30 14 1942 2029 2027
3774 2 2 30 14 1942 2032 2029
3775 2 2 30 14 2000 2042 1943
3776 2 2 30 14 1943 2007 2006
3777 2 2 30 14 1943 2042 2007
3778 2 2 30 14 1944 2034 1999
3779 2 2 30 14 2028 2034 1944
3780 2 2 30 14 1945 1991 1953
3781 2 2 30 14 1945 1992 1991
3782 2 2 30 14 1945 1993 1992
3783 2 2 30 14 1946 2025 2003
3784 2 2 30 14 2011 2026 1946
3785 2 2 30 14 1946 2026 2025
3786 2 2 30 14 1996 1998 1947
3787 2 2 30 14 1947 1999 1996
3788 2 2 30 14 1998 2019 1947
3789 2 2 30 14 1948 2043 2016
3790 2 2 30 14 2021 2022 1948
3791 2 2 30 14 2022 2043 1948
3792 2 2 30 14 1987 1988 1949
3793 2 2 30 14 1949 1994 1987
3794 2 2 30 14 1988 2005 1949
3795 2 2 30 14 2005 2038 1949
3796 2 2 30 14 1950 2024 1993
3797 2 2 30 14 1993 2037 1950
3798 2 2 30 14 2012 2024 1950
3799 2 2 30 14 2003 2022 1951
3800 2 2 30 14 1951 2022 2021
3801 2 2 30 14 2021 2040 1951
3802 2 2 30 14 1998 2000 1952
3803 2 2 30 14 1952 2019 1998
3804 2 2 30 14 1952 2041 2019
3805 2 2 30 14 1953 1991 1954
3806 2 2 30 14 1954 1956 1955
3807 2 2 30 14 1954 1958 1956
3808 2 2 30 14 1954 1991 1958
3809 2 2 30 14 1956 1957 1955
3810 2 2 30 14 1957 2004 1955
3811 2 2 30 14 1955 2004 1990
3812 2 2 30 14 1956 1959 1957
3813 2 2 30 14 1958 2010 1956
3814 2 2 30 14 1956 2010 1959
3815 2 2 30 14 1959 1960 1957
3816 2 2 30 14 1960 1963 1957
3817 2 2 30 14 1963 2004 1957
3818 2 2 30 14 1991 2020 1958
3819 2 2 30 14 1958 2013 2010
3820 2 2 30 14 1958 2020 2013
3821 2 2 30 14 1959 1961 1960
3822 2 2 30 14 1959 1962 1961
3823 2 2 30 14 1959 2010 1962
3824 2 2 30 14 1961 2008 1960
3825 2 2 30 14 1960 1964 1963
3826 2 2 30 14 1960 2008 1964
3827 2 2 30 14 1962 1973 1961
3828 2 2 30 14 1973 1982 1961
3829 2 2 30 14 1982 2008 1961
3830 2 2 30 14 1962 1974 1973
3831 2 2 30 14 1962 1975 1974
3832 2 2 30 14 1962 2010 1975
3833 2 2 30 14 1964 1965 1963
3834 2 2 30 14 1965 1983 1963
3835 2 2 30 14 1983 2004 1963
3836 2 2 30 14 1964 1966 1965
3837 2 2 30 14 1964 2015 1966
3838 2 2 30 14 2008 2015 1964
3839 2 2 30 14 1966 1967 1965
3840 2 2 30 14 1967 2001 1965
3841 2 2 30 14 1965 2001 1983
3842 2 2 30 14 1966 1968 1967
3843 2 2 30 14 1966 1969 1968
3844 2 2 30 14 1966 2015 1969
3845 2 2 30 14 1968 1970 1967
3846 2 2 30 14 1970 1972 1967
3847 2 2 30 14 1972 2001 1967
3848 2 2 30 14 1969 2031 1968
3849 2 2 30 14 1968 1971 1970
3850 2 2 30 14 1968 2031 1971
3851 2 2 30 14 1969 2017 2007
3852 2 2 30 14 2007 2031 1969
3853 2 2 30 14 2015 2017 1969
3854 2 2 30 14 1971 1995 1970
3855 2 2 30 14 1970 1981 1972
3856 2 2 30 14 1970 1995 1981
3857 2 2 30 14 1971 1996 1995
3858 2 2 30 14 1971 1997 1996
3859 2 2 30 14 1971 2031 1997
3860 2 2 30 14 1981 1987 1972
3861 2 2 30 14 1987 2023 1972
3862 2 2 30 14 1972 2023 2001
3863 2 2 30 14 1974 2029 1973
3864 2 2 30 14 1973 1985 1982
3865 2 2 30 14 1973 2029 1985
3866 2 2 30 14 1975 1976 1974
3867 2 2 30 14 1976 2027 1974
3868 2 2 30 14 2027 2029 1974
3869 2 2 30 14 1975 1977 1976
3870 2 2 30 14 1975 2013 1977
3871 2 2 30 14 2010 2013 1975
3872 2 2 30 14 1977 1978 1976
3873 2 2 30 14 1978 2026 1976
3874 2 2 30 14 2026 2027 1976
3875 2 2 30 14 1977 1979 1978
3876 2 2 30 14 1977 1980 1979
3877 2 2 30 14 1977 2013 1980
3878 2 2 30 14 1979 1984 1978
3879 2 2 30 14 1984 2025 1978
3880 2 2 30 14 2025 2026 1978
3881 2 2 30 14 1980 2002 1979
3882 2 2 30 14 1979 1986 1984
3883 2 2 30 14 1979 2002 1986
3884 2 2 30 14 1980 2018 2002
3885 2 2 30 14 2013 2020 1980
3886 2 2 30 14 1980 2020 2018
3887 2 2 30 14 1981 1988 1987
3888 2 2 30 14 1981 2034 1988
3889 2 2 30 14 1995 2034 1981
3890 2 2 30 14 1985 2035 1982
3891 2 2 30 14 1982 2009 2008
3892 2 2 30 14 1982 2035 2009
3893 2 2 30 14 1989 2004 1983
3894 2 2 30 14 1983 2036 1989
3895 2 2 30 14 2001 2036 1983
3896 2 2 30 14 1986 2043 1984
3897 2 2 30 14 2022 2025 1984
3898 2 2 30 14 1984 2043 2022
3899 2 2 30 14 2029 2032 1985
3900 2 2 30 14 1985 2032 2030
3901 2 2 30 14 2030 2035 1985
3902 2 2 30 14 2002 2044 1986
3903 2 2 30 14 2016 2043 1986
3904 2 2 30 14 1986 2044 2016
3905 2 2 30 14 1994 2023 1987
3906 2 2 30 14 1988 2028 2005
3907 2 2 30 14 1988 2034 2028
3908 2 2 30 14 1990 2004 1989
3909 2 2 30 14 1992 2020 1991
3910 2 2 30 14 1993 2024 1992
3911 2 2 30 14 2018 2020 1992
3912 2 2 30 14 1992 2024 2018
3913 2 2 30 14 1996 1999 1995
3914 2 2 30 14 1999 2034 1995
3915 2 2 30 14 1997 1998 1996
3916 2 2 30 14 1997 2042 1998
3917 2 2 30 14 1997 2031 2007
3918 2 2 30 14 2007 2042 1997
3919 2 2 30 14 1998 2042 2000
3920 2 2 30 14 2023 2036 2001
3921 2 2 30 14 2018 2033 2002
3922 2 2 30 14 2033 2044 2002
3923 2 2 30 14 2003 2025 2022
3924 2 2 30 14 2007 2017 2006
3925 2 2 30 14 2006 2017 2014
3926 2 2 30 14 2009 2015 2008
3927 2 2 30 14 2009 2039 2015
3928 2 2 30 14 2035 2039 2009
3929 2 2 30 14 2011 2027 2026
3930 2 2 30 14 2012 2033 2024
3931 2 2 30 14 2017 2039 2014
3932 2 2 30 14 2015 2039 2017
3933 2 2 30 14 2024 2033 2018
3934 2 2 20 15 1 2131 66
3935 2 2 20 15 235 2131 1
3936 2 2 20 15 55 2128 4
3937 2 2 20 15 4 2128 250
3938 2 2 20 15 11 2127 229
3939 2 2 20 15 312 2127 11
3940 2 2 20 15 256 2124 14
3941 2 2 20 15 14 2124 306
3942 2 2 20 15 56 2057 55
3943 2 2 20 15 2057 2128 55
3944 2 2 20 15 57 2103 56
3945 2 2 20 15 56 2103 2057
3946 2 2 20 15 58 2052 57
3947 2 2 20 15 2052 2103 57
3948 2 2 20 15 59 2119 58
3949 2 2 20 15 58 2119 2052
3950 2 2 20 15 60 2046 59
3951 2 2 20 15 2046 2119 59
3952 2 2 20 15 61 2125 60
3953 2 2 20 15 60 2125 2046
3954 2 2 20 15 62 2133 61
3955 2 2 20 15 2098 2125 61
3956 2 2 20 15 61 2133 2098
3957 2 2 20 15 63 2049 62
3958 2 2 20 15 2049 2133 62
3959 2 2 20 15 64 2100 63
3960 2 2 20 15 63 2100 2049
3961 2 2 20 15 65 2051 64
3962 2 2 20 15 2051 2100 64
3963 2 2 20 15 66 2101 65
3964 2 2 20 15 65 2101 2051
3965 2 2 20 15 66 2131 2101
3966 2 2 20 15 229 2087 230
3967 2 2 20 15 229 2127 2087
3968 2 2 20 15 230 2109 231
3969 2 2 20 15 2087 2109 230
3970 2 2 20 15 231 2047 232
3971 2 2 20 15 231 2109 2047
3972 2 2 20 15 232 2107 233
3973 2 2 20 15 2047 2107 232
3974 2 2 20 15 233 2055 234
3975 2 2 20 15 233 2107 2055
3976 2 2 20 15 234 2106 235
3977 2 2 20 15 2055 2106 234
3978 2 2 20 15 2106 2131 235
3979 2 2 20 15 250 2114 251
3980 2 2 20 15 250 2128 2114
3981 2 2 20 15 251 2053 252
3982 2 2 20 15 251 2114 2053
3983 2 2 20 15 252 2108 253
3984 2 2 20 15 2053 2108 252
3985 2 2 20 15 253 2045 254
3986 2 2 20 15 253 2108 2045
3987 2 2 20 15 254 2117 255
3988 2 2 20 15 2045 2117 254
3989 2 2 20 15 255 2056 256
3990 2 2 20 15 255 2117 2056
3991 2 2 20 15 2056 2124 256
3992 2 2 20 15 306 2058 307
3993 2 2 20 15 306 2124 2058
3994 2 2 20 15 307 2050 308
3995 2 2 20 15 307 2058 2050
3996 2 2 20 15 308 2086 309
3997 2 2 20 15 2050 2086 308
3998 2 2 20 15 309 2048 310
3999 2 2 20 15 309 2086 2048
4000 2 2 20 15 310 2084 311
4001 2 2 20 15 2048 2084 310
4002 2 2 20 15 311 2054 312
4003 2 2 20 15 311 2084 2054
4004 2 2 20 15 2054 2127 312
4005 2 2 20 15 2094 2117 2045
4006 2 2 20 15 2045 2129 2094
4007 2 2 20 15 2108 2129 2045
4008 2 2 20 15 2115 2122 2046
4009 2 2 20 15 2046 2125 2115
4010 2 2 20 15 2046 2122 2119
4011 2 2 20 15 2088 2090 2047
4012 2 2 20 15 2047 2109 2088
4013 2 2 20 15 2090 2107 2047
4014 2 2 20 15 2048 2085 2084
4015 2 2 20 15 2048 2091 2085
4016 2 2 20 15 2086 2091 2048
4017 2 2 20 15 2049 2112 2096
4018 2 2 20 15 2096 2133 2049
4019 2 2 20 15 2100 2112 2049
4020 2 2 20 15 2058 2059 2050
4021 2 2 20 15 2059 2060 2050
4022 2 2 20 15 2060 2086 2050
4023 2 2 20 15 2051 2116 2083
4024 2 2 20 15 2083 2120 2051
4025 2 2 20 15 2051 2120 2100
4026 2 2 20 15 2101 2116 2051
4027 2 2 20 15 2052 2118 2103
4028 2 2 20 15 2105 2118 2052
4029 2 2 20 15 2052 2119 2105
4030 2 2 20 15 2053 2123 2108
4031 2 2 20 15 2053 2114 2113
4032 2 2 20 15 2113 2123 2053
4033 2 2 20 15 2084 2121 2054
4034 2 2 20 15 2054 2089 2087
4035 2 2 20 15 2087 2127 2054
4036 2 2 20 15 2054 2121 2089
4037 2 2 20 15 2055 2116 2106
4038 2 2 20 15 2107 2111 2055
4039 2 2 20 15 2111 2116 2055
4040 2 2 20 15 2056 2102 2058
4041 2 2 20 15 2058 2124 2056
4042 2 2 20 15 2056 2117 2102
4043 2 2 20 15 2103 2113 2057
4044 2 2 20 15 2113 2114 2057
4045 2 2 20 15 2114 2128 2057
4046 2 2 20 15 2058 2102 2059
4047 2 2 20 15 2059 2061 2060
4048 2 2 20 15 2059 2093 2061
4049 2 2 20 15 2059 2102 2093
4050 2 2 20 15 2061 2062 2060
4051 2 2 20 15 2062 2130 2060
4052 2 2 20 15 2060 2130 2086
4053 2 2 20 15 2061 2063 2062
4054 2 2 20 15 2061 2065 2063
4055 2 2 20 15 2061 2093 2065
4056 2 2 20 15 2063 2064 2062
4057 2 2 20 15 2064 2068 2062
4058 2 2 20 15 2068 2130 2062
4059 2 2 20 15 2063 2104 2064
4060 2 2 20 15 2065 2066 2063
4061 2 2 20 15 2066 2104 2063
4062 2 2 20 15 2064 2069 2068
4063 2 2 20 15 2064 2099 2069
4064 2 2 20 15 2064 2104 2099
4065 2 2 20 15 2065 2067 2066
4066 2 2 20 15 2065 2092 2067
4067 2 2 20 15 2065 2093 2092
4068 2 2 20 15 2067 2079 2066
4069 2 2 20 15 2079 2081 2066
4070 2 2 20 15 2081 2104 2066
4071 2 2 20 15 2067 2080 2079
4072 2 2 20 15 2067 2082 2080
4073 2 2 20 15 2067 2092 2082
4074 2 2 20 15 2069 2070 2068
4075 2 2 20 15 2070 2132 2068
4076 2 2 20 15 2091 2130 2068
4077 2 2 20 15 2068 2132 2091
4078 2 2 20 15 2069 2071 2070
4079 2 2 20 15 2069 2074 2071
4080 2 2 20 15 2069 2099 2074
4081 2 2 20 15 2071 2072 2070
4082 2 2 20 15 2072 2126 2070
4083 2 2 20 15 2126 2132 2070
4084 2 2 20 15 2071 2073 2072
4085 2 2 20 15 2071 2095 2073
4086 2 2 20 15 2074 2095 2071
4087 2 2 20 15 2073 2075 2072
4088 2 2 20 15 2075 2078 2072
4089 2 2 20 15 2078 2126 2072
4090 2 2 20 15 2073 2076 2075
4091 2 2 20 15 2073 2077 2076
4092 2 2 20 15 2073 2095 2077
4093 2 2 20 15 2074 2096 2095
4094 2 2 20 15 2074 2097 2096
4095 2 2 20 15 2074 2099 2097
4096 2 2 20 15 2076 2090 2075
4097 2 2 20 15 2075 2088 2078
4098 2 2 20 15 2075 2090 2088
4099 2 2 20 15 2077 2083 2076
4100 2 2 20 15 2083 2111 2076
4101 2 2 20 15 2076 2111 2090
4102 2 2 20 15 2077 2120 2083
4103 2 2 20 15 2095 2112 2077
4104 2 2 20 15 2112 2120 2077
4105 2 2 20 15 2088 2089 2078
4106 2 2 20 15 2089 2121 2078
4107 2 2 20 15 2121 2126 2078
4108 2 2 20 15 2080 2118 2079
4109 2 2 20 15 2079 2105 2081
4110 2 2 20 15 2079 2118 2105
4111 2 2 20 15 2082 2123 2080
4112 2 2 20 15 2113 2118 2080
4113 2 2 20 15 2080 2123 2113
4114 2 2 20 15 2081 2110 2104
4115 2 2 20 15 2105 2122 2081
4116 2 2 20 15 2081 2122 2110
4117 2 2 20 15 2092 2129 2082
4118 2 2 20 15 2108 2123 2082
4119 2 2 20 15 2082 2129 2108
4120 2 2 20 15 2083 2116 2111
4121 2 2 20 15 2085 2121 2084
4122 2 2 20 15 2091 2132 2085
4123 2 2 20 15 2085 2126 2121
4124 2 2 20 15 2085 2132 2126
4125 2 2 20 15 2086 2130 2091
4126 2 2 20 15 2089 2109 2087
4127 2 2 20 15 2088 2109 2089
4128 2 2 20 15 2090 2111 2107
4129 2 2 20 15 2093 2094 2092
4130 2 2 20 15 2094 2129 2092
4131 2 2 20 15 2093 2102 2094
4132 2 2 20 15 2102 2117 2094
4133 2 2 20 15 2096 2112 2095
4134 2 2 20 15 2097 2098 2096
4135 2 2 20 15 2098 2133 2096
4136 2 2 20 15 2097 2115 2098
4137 2 2 20 15 2099 2110 2097
4138 2 2 20 15 2110 2115 2097
4139 2 2 20 15 2115 2125 2098
4140 2 2 20 15 2104 2110 2099
4141 2 2 20 15 2100 2120 2112
4142 2 2 20 15 2106 2116 2101
4143 2 2 20 15 2101 2131 2106
4144 2 2 20 15 2103 2118 2113
4145 2 2 20 15 2119 2122 2105
4146 2 2 20 15 2110 2122 2115
4147 2 2 30 16 5 2237 122
4148 2 2 30 16 263 2237 5
4149 2 2 30 16 109 2236 8
4150 2 2 30 16 8 2236 278
4151 2 2 30 16 15 2234 257
4152 2 2 30 16 352 2234 15
4153 2 2 30 16 284 2233 18
4154 2 2 30 16 18 2233 343
4155 2 2 30 16 110 2147 109
4156 2 2 30 16 2147 2236 109
4157 2 2 30 16 111 2199 110
4158 2 2 30 16 110 2199 2147
4159 2 2 30 16 112 2142 111
4160 2 2 30 16 2142 2199 111
4161 2 2 30 16 113 2207 112
4162 2 2 30 16 112 2207 2142
4163 2 2 30 16 114 2138 113
4164 2 2 30 16 2138 2207 113
4165 2 2 30 16 115 2228 114
4166 2 2 30 16 114 2228 2138
4167 2 2 30 16 116 2226 115
4168 2 2 30 16 2226 2228 115
4169 2 2 30 16 117 2137 116
4170 2 2 30 16 2137 2226 116
4171 2 2 30 16 118 2210 117
4172 2 2 30 16 117 2210 2137
4173 2 2 30 16 119 2202 118
4174 2 2 30 16 2202 2210 118
4175 2 2 30 16 120 2139 119
4176 2 2 30 16 2139 2202 119
4177 2 2 30 16 121 2196 120
4178 2 2 30 16 120 2196 2139
4179 2 2 30 16 122 2148 121
4180 2 2 30 16 2148 2196 121
4181 2 2 30 16 122 2237 2148
4182 2 2 30 16 257 2201 258
4183 2 2 30 16 257 2234 2201
4184 2 2 30 16 258 2224 259
4185 2 2 30 16 2201 2224 258
4186 2 2 30 16 259 2140 260
4187 2 2 30 16 259 2224 2140
4188 2 2 30 16 260 2195 261
4189 2 2 30 16 2140 2195 260
4190 2 2 30 16 261 2143 262
4191 2 2 30 16 261 2195 2143
4192 2 2 30 16 262 2215 263
4193 2 2 30 16 2143 2215 262
4194 2 2 30 16 2215 2237 263
4195 2 2 30 16 278 2217 279
4196 2 2 30 16 278 2236 2217
4197 2 2 30 16 279 2144 280
4198 2 2 30 16 279 2217 2144
4199 2 2 30 16 280 2212 281
4200 2 2 30 16 2144 2212 280
4201 2 2 30 16 281 2136 282
4202 2 2 30 16 281 2212 2136
4203 2 2 30 16 282 2208 283
4204 2 2 30 16 2136 2208 282
4205 2 2 30 16 283 2146 284
4206 2 2 30 16 283 2208 2146
4207 2 2 30 16 2146 2233 284
4208 2 2 30 16 343 2189 344
4209 2 2 30 16 343 2233 2189
4210 2 2 30 16 344 2141 345
4211 2 2 30 16 344 2189 2141
4212 2 2 30 16 345 2149 346
4213 2 2 30 16 2141 2149 345
4214 2 2 30 16 346 2134 347
4215 2 2 30 16 346 2149 2134
4216 2 2 30 16 347 2186 348
4217 2 2 30 16 2134 2186 347
4218 2 2 30 16 348 2185 349
4219 2 2 30 16 348 2186 2185
4220 2 2 30 16 349 2135 350
4221 2 2 30 16 349 2185 2135
4222 2 2 30 16 350 2190 351
4223 2 2 30 16 2135 2190 350
4224 2 2 30 16 351 2145 352
4225 2 2 30 16 351 2190 2145
4226 2 2 30 16 2145 2234 352
4227 2 2 30 16 2149 2150 2134
4228 2 2 30 16 2150 2151 2134
4229 2 2 30 16 2151 2186 2134
4230 2 2 30 16 2185 2232 2135
4231 2 2 30 16 2135 2219 2190
4232 2 2 30 16 2135 2232 2219
4233 2 2 30 16 2136 2229 2208
4234 2 2 30 16 2212 2240 2136
4235 2 2 30 16 2136 2240 2229
4236 2 2 30 16 2210 2235 2137
4237 2 2 30 16 2137 2231 2226
4238 2 2 30 16 2137 2235 2231
4239 2 2 30 16 2138 2223 2207
4240 2 2 30 16 2138 2225 2223
4241 2 2 30 16 2138 2228 2225
4242 2 2 30 16 2196 2238 2139
4243 2 2 30 16 2139 2203 2202
4244 2 2 30 16 2139 2238 2203
4245 2 2 30 16 2140 2230 2195
4246 2 2 30 16 2224 2230 2140
4247 2 2 30 16 2141 2187 2149
4248 2 2 30 16 2141 2188 2187
4249 2 2 30 16 2141 2189 2188
4250 2 2 30 16 2142 2221 2199
4251 2 2 30 16 2207 2222 2142
4252 2 2 30 16 2142 2222 2221
4253 2 2 30 16 2192 2194 2143
4254 2 2 30 16 2143 2195 2192
4255 2 2 30 16 2194 2215 2143
4256 2 2 30 16 2144 2239 2212
4257 2 2 30 16 2217 2218 2144
4258 2 2 30 16 2218 2239 2144
4259 2 2 30 16 2183 2184 2145
4260 2 2 30 16 2145 2190 2183
4261 2 2 30 16 2184 2201 2145
4262 2 2 30 16 2201 2234 2145
4263 2 2 30 16 2146 2220 2189
4264 2 2 30 16 2189 2233 2146
4265 2 2 30 16 2208 2220 2146
4266 2 2 30 16 2199 2218 2147
4267 2 2 30 16 2147 2218 2217
4268 2 2 30 16 2217 2236 2147
4269 2 2 30 16 2194 2196 2148
4270 2 2 30 16 2148 2215 2194
4271 2 2 30 16 2148 2237 2215
4272 2 2 30 16 2149 2187 2150
4273 2 2 30 16 2150 2152 2151
4274 2 2 30 16 2150 2154 2152
4275 2 2 30 16 2150 2187 2154
4276 2 2 30 16 2152 2153 2151
4277 2 2 30 16 2153 2200 2151
4278 2 2 30 16 2151 2200 2186
4279 2 2 30 16 2152 2155 2153
4280 2 2 30 16 2154 2206 2152
4281 2 2 30 16 2152 2206 2155
4282 2 2 30 16 2155 2156 2153
4283 2 2 30 16 2156 2159 2153
4284 2 2 30 16 2159 2200 2153
4285 2 2 30 16 2187 2216 2154
4286 2 2 30 16 2154 2209 2206
4287 2 2 30 16 2154 2216 2209
4288 2 2 30 16 2155 2157 2156
4289 2 2 30 16 2155 2158 2157
4290 2 2 30 16 2155 2206 2158
4291 2 2 30 16 2157 2204 2156
4292 2 2 30 16 2156 2160 2159
4293 2 2 30 16 2156 2204 2160
4294 2 2 30 16 2158 2169 2157
4295 2 2 30 16 2169 2178 2157
4296 2 2 30 16 2178 2204 2157
4297 2 2 30 16 2158 2170 2169
4298 2 2 30 16 2158 2171 2170
4299 2 2 30 16 2158 2206 2171
4300 2 2 30 16 2160 2161 2159
4301 2 2 30 16 2161 2179 2159
4302 2 2 30 16 2179 2200 2159
4303 2 2 30 16 2160 2162 2161
4304 2 2 30 16 2160 2211 2162
4305 2 2 30 16 2204 2211 2160
4306 2 2 30 16 2162 2163 2161
4307 2 2 30 16 2163 2197 2161
4308 2 2 30 16 2161 2197 2179
4309 2 2 30 16 2162 2164 2163
4310 2 2 30 16 2162 2165 2164
4311 2 2 30 16 2162 2211 2165
4312 2 2 30 16 2164 2166 2163
4313 2 2 30 16 2166 2168 2163
4314 2 2 30 16 2168 2197 2163
4315 2 2 30 16 2165 2227 2164
4316 2 2 30 16 2164 2167 2166
4317 2 2 30 16 2164 2227 2167
4318 2 2 30 16 2165 2213 2203
4319 2 2 30 16 2203 2227 2165
4320 2 2 30 16 2211 2213 2165
4321 2 2 30 16 2167 2191 2166
4322 2 2 30 16 2166 2177 2168
4323 2 2 30 16 2166 2191 2177
4324 2 2 30 16 2167 2192 2191
4325 2 2 30 16 2167 2193 2192
4326 2 2 30 16 2167 2227 2193
4327 2 2 30 16 2177 2183 2168
4328 2 2 30 16 2183 2219 2168
4329 2 2 30 16 2168 2219 2197
4330 2 2 30 16 2170 2225 2169
4331 2 2 30 16 2169 2181 2178
4332 2 2 30 16 2169 2225 2181
4333 2 2 30 16 2171 2172 2170
4334 2 2 30 16 2172 2223 2170
4335 2 2 30 16 2223 2225 2170
4336 2 2 30 16 2171 2173 2172
4337 2 2 30 16 2171 2209 2173
4338 2 2 30 16 2206 2209 2171
4339 2 2 30 16 2173 2174 2172
4340 2 2 30 16 2174 2222 2172
4341 2 2 30 16 2222 2223 2172
4342 2 2 30 16 2173 2175 2174
4343 2 2 30 16 2173 2176 2175
4344 2 2 30 16 2173 2209 2176
4345 2 2 30 16 2175 2180 2174
4346 2 2 30 16 2180 2221 2174
4347 2 2 30 16 2221 2222 2174
4348 2 2 30 16 2176 2198 2175
4349 2 2 30 16 2175 2182 2180
4350 2 2 30 16 2175 2198 2182
4351 2 2 30 16 2176 2214 2198
4352 2 2 30 16 2209 2216 2176
4353 2 2 30 16 2176 2216 2214
4354 2 2 30 16 2177 2184 2183
4355 2 2 30 16 2177 2230 2184
4356 2 2 30 16 2191 2230 2177
4357 2 2 30 16 2181 2231 2178
4358 2 2 30 16 2178 2205 2204
4359 2 2 30 16 2178 2231 2205
4360 2 2 30 16 2185 2200 2179
4361 2 2 30 16 2179 2232 2185
4362 2 2 30 16 2197 2232 2179
4363 2 2 30 16 2182 2239 2180
4364 2 2 30 16 2218 2221 2180
4365 2 2 30 16 2180 2239 2218
4366 2 2 30 16 2225 2228 2181
4367 2 2 30 16 2181 2228 2226
4368 2 2 30 16 2226 2231 2181
4369 2 2 30 16 2198 2240 2182
4370 2 2 30 16 2212 2239 2182
4371 2 2 30 16 2182 2240 2212
4372 2 2 30 16 2190 2219 2183
4373 2 2 30 16 2184 2224 2201
4374 2 2 30 16 2184 2230 2224
4375 2 2 30 16 2186 2200 2185
4376 2 2 30 16 2188 2216 2187
4377 2 2 30 16 2189 2220 2188
4378 2 2 30 16 2214 2216 2188
4379 2 2 30 16 2188 2220 2214
4380 2 2 30 16 2192 2195 2191
4381 2 2 30 16 2195 2230 2191
4382 2 2 30 16 2193 2194 2192
4383 2 2 30 16 2193 2238 2194
4384 2 2 30 16 2193 2227 2203
4385 2 2 30 16 2203 2238 2193
4386 2 2 30 16 2194 2238 2196
4387 2 2 30 16 2219 2232 2197
4388 2 2 30 16 2214 2229 2198
4389 2 2 30 16 2229 2240 2198
4390 2 2 30 16 2199 2221 2218
4391 2 2 30 16 2203 2213 2202
4392 2 2 30 16 2202 2213 2210
4393 2 2 30 16 2205 2211 2204
4394 2 2 30 16 2205 2235 2211
4395 2 2 30 16 2231 2235 2205
4396 2 2 30 16 2207 2223 2222
4397 2 2 30 16 2208 2229 2220
4398 2 2 30 16 2213 2235 2210
4399 2 2 30 16 2211 2235 2213
4400 2 2 30 16 2220 2229 2214
4401 2 2 10 17 285 11 2254
4402 2 2 10 17 11 312 2253
4403 2 2 10 17 11 2253 2254
4404 2 2 10 17 12 298 2255
4405 2 2 10 17 299 12 2256
4406 2 2 10 17 12 2255 2256
4407 2 2 10 17 13 291 2246
4408 2 2 10 17 292 13 2247
4409 2 2 10 17 13 2246 2247
4410 2 2 10 17 14 305 2245
4411 2 2 10 17 306 14 2248
4412 2 2 10 17 14 2245 2248
4413 2 2 10 17 15 313 2254
4414 2 2 10 17 352 15 2253
4415 2 2 10 17 2253 15 2254
4416 2 2 10 17 332 16 2255
4417 2 2 10 17 16 333 2256
4418 2 2 10 17 2255 16 2256
4419 2 2 10 17 322 17 2246
4420 2 2 10 17 17 323 2247
4421 2 2 10 17 2246 17 2247
4422 2 2 10 17 342 18 2245
4423 2 2 10 17 18 343 2248
4424 2 2 10 17 2245 18 2248
4425 2 2 10 17 286 285 2275
4426 2 2 10 17 285 2254 2275
4427 2 2 10 17 287 286 2262
4428 2 2 10 17 2262 286 2275
4429 2 2 10 17 288 287 2249
4430 2 2 10 17 2249 287 2262
4431 2 2 10 17 289 288 2265
4432 2 2 10 17 288 2249 2272
4433 2 2 10 17 2265 288 2272
4434 2 2 10 17 290 289 2242
4435 2 2 10 17 2242 289 2265
4436 2 2 10 17 291 290 2258
4437 2 2 10 17 290 2242 2258
4438 2 2 10 17 2246 291 2277
4439 2 2 10 17 291 2258 2277
4440 2 2 10 17 293 292 2259
4441 2 2 10 17 292 2247 2259
4442 2 2 10 17 294 293 2243
4443 2 2 10 17 2243 293 2259
4444 2 2 10 17 295 294 2267
4445 2 2 10 17 294 2243 2267
4446 2 2 10 17 296 295 2251
4447 2 2 10 17 2251 295 2270
4448 2 2 10 17 295 2267 2270
4449 2 2 10 17 297 296 2264
4450 2 2 10 17 296 2251 2264
4451 2 2 10 17 298 297 2274
4452 2 2 10 17 297 2264 2274
4453 2 2 10 17 2255 298 2274
4454 2 2 10 17 300 299 2276
4455 2 2 10 17 299 2256 2276
4456 2 2 10 17 301 300 2261
4457 2 2 10 17 2261 300 2276
4458 2 2 10 17 302 301 2250
4459 2 2 10 17 2250 301 2261
4460 2 2 10 17 303 302 2266
4461 2 2 10 17 302 2250 2271
4462 2 2 10 17 2266 302 2271
4463 2 2 10 17 304 303 2241
4464 2 2 10 17 2241 303 2266
4465 2 2 10 17 305 304 2257
4466 2 2 10 17 304 2241 2257
4467 2 2 10 17 2245 305 2278
4468 2 2 10 17 305 2257 2278
4469 2 2 10 17 307 306 2260
4470 2 2 10 17 306 2248 2260
4471 2 2 10 17 308 307 2244
4472 2 2 10 17 2244 307 2260
4473 2 2 10 17 309 308 2268
4474 2 2 10 17 308 2244 2268
4475 2 2 10 17 310 309 2252
4476 2 2 10 17 2252 309 2269
4477 2 2 10 17 309 2268 2269
4478 2 2 10 17 311 310 2263
4479 2 2 10 17 310 2252 2263
4480 2 2 10 17 312 311 2273
4481 2 2 10 17 311 2263 2273
4482 2 2 10 17 2253 312 2273
4483 2 2 10 17 313 314 2275
4484 2 2 10 17 2254 313 2275
4485 2 2 10 17 314 315 2275
4486 2 2 10 17 315 316 2262
4487 2 2 10 17 315 2262 2275
4488 2 2 10 17 316 317 2249
4489 2 2 10 17 316 2249 2262
4490 2 2 10 17 317 318 2272
4491 2 2 10 17 2249 317 2272
4492 2 2 10 17 318 319 2265
4493 2 2 10 17 318 2265 2272
4494 2 2 10 17 319 320 2242
4495 2 2 10 17 319 2242 2265
4496 2 2 10 17 320 321 2258
4497 2 2 10 17 2242 320 2258
4498 2 2 10 17 321 322 2277
4499 2 2 10 17 2258 321 2277
4500 2 2 10 17 322 2246 2277
4501 2 2 10 17 323 324 2259
4502 2 2 10 17 2247 323 2259
4503 2 2 10 17 324 325 2259
4504 2 2 10 17 325 326 2243
4505 2 2 10 17 325 2243 2259
4506 2 2 10 17 326 327 2267
4507 2 2 10 17 2243 326 2267
4508 2 2 10 17 327 328 2270
4509 2 2 10 17 2267 327 2270
4510 2 2 10 17 328 329 2251
4511 2 2 10 17 328 2251 2270
4512 2 2 10 17 329 330 2264
4513 2 2 10 17 2251 329 2264
4514 2 2 10 17 330 331 2274
4515 2 2 10 17 2264 330 2274
4516 2 2 10 17 331 332 2274
4517 2 2 10 17 332 2255 2274
4518 2 2 10 17 333 334 2276
4519 2 2 10 17 2256 333 2276
4520 2 2 10 17 334 335 2276
4521 2 2 10 17 335 336 2261
4522 2 2 10 17 335 2261 2276
4523 2 2 10 17 336 337 2250
4524 2 2 10 17 336 2250 2261
4525 2 2 10 17 337 338 2271
4526 2 2 10 17 2250 337 2271
4527 2 2 10 17 338 339 2266
4528 2 2 10 17 338 2266 2271
4529 2 2 10 17 339 340 2241
4530 2 2 10 17 339 2241 2266
4531 2 2 10 17 340 341 2257
4532 2 2 10 17 2241 340 2257
4533 2 2 10 17 341 342 2278
4534 2 2 10 17 2257 341 2278
4535 2 2 10 17 342 2245 2278
4536 2 2 10 17 343 344 2260
4537 2 2 10 17 2248 343 2260
4538 2 2 10 17 344 345 2260
4539 2 2 10 17 345 346 2244
4540 2 2 10 17 345 2244 2260
4541 2 2 10 17 346 347 2268
4542 2 2 10 17 2244 346 2268
4543 2 2 10 17 347 348 2269
4544 2 2 10 17 2268 347 2269
4545 2 2 10 17 348 349 2252
4546 2 2 10 17 348 2252 2269
4547 2 2 10 17 349 350 2263
4548 2 2 10 17 2252 349 2263
4549 2 2 10 17 350 351 2273
4550 2 2 10 17 2263 350 2273
4551 2 2 10 17 351 352 2273
4552 2 2 10 17 352 2253 2273
4553 4 2 31 1 1817 1673 1674 1814
4554 4 2 31 1 2065 2066 2209 2206
4555 4 2 31 1 1870 2013 2010 1869
4556 4 2 31 1 1477 1618 1621 1478
4557 4 2 31 1 530 509 565 440
4558 4 2 31 1 995 1129 1063 1085
4559 4 2 31 1 1063 932 1129 995
4560 4 2 31 1 509 377 565 440
4561 4 2 31 1 1214 1213 1339 1209
4562 4 2 31 1 930 1129 995 1085
4563 4 2 31 1 375 530 565 440
4564 4 2 31 1 995 932 1129 930
4565 4 2 31 1 375 565 377 440
4566 4 2 31 1 1209 1213 1339 1338
4567 4 2 31 1 1211 1330 1331 1270
4568 4 2 31 1 1209 1339 1214 1337
4569 4 2 31 1 1061 1060 935 938
4570 4 2 31 1 506 507 383 380
4571 4 2 31 1 939 1061 935 938
4572 4 2 31 1 507 384 383 380
4573 4 2 31 1 1337 1209 1339 1338
4574 4 2 31 1 659 799 801 711
4575 4 2 31 1 1061 1060 938 1062
4576 4 2 31 1 1330 1211 1252 1270
4577 4 2 31 1 507 383 508 506
4578 4 2 31 1 2010 1867 1870 1869
4579 4 2 31 1 1478 1477 1618 1475
4580 4 2 31 1 1671 1674 1673 1814
4581 4 2 31 1 2066 2065 2063 2206
4582 4 2 31 1 938 939 1061 1062
4583 4 2 31 1 383 384 507 508
4584 4 2 31 1 1330 1331 1270 1329
4585 4 2 31 1 1362 1267 1406 1340
4586 4 2 31 1 799 800 801 711
4587 4 2 31 1 1206 1406 1267 1340
4588 4 2 31 1 511 396 388 512
4589 4 2 31 1 2018 1897 1896 1898
4590 4 2 31 1 1504 1506 1626 1505
4591 4 2 31 1 2092 2094 2093 2214
4592 4 2 31 1 1701 1700 1702 1822
4593 4 2 31 1 943 1067 1066 951
4594 4 2 31 1 2033 1912 1933 2044
4595 4 2 31 1 1652 1641 1541 1520
4596 4 2 31 1 1837 1737 1716 1848
4597 4 2 31 1 2129 2229 2240 2108
4598 4 2 31 1 1406 1267 1204 1206
4599 4 2 31 1 1267 1204 1362 1406
4600 4 2 31 1 230 257 229 1646
4601 4 2 31 1 229 257 230 2234
4602 4 2 31 1 242 270 241 1842
4603 4 2 31 1 241 270 242 2038
4604 4 2 31 1 1897 2020 2018 1896
4605 4 2 31 1 1504 1626 1628 1505
4606 4 2 31 1 2216 2092 2093 2214
4607 4 2 31 1 1701 1700 1822 1824
4608 4 2 31 1 1265 1199 1444 1269
4609 4 2 31 1 2088 2075 2168 2177
4610 4 2 31 1 1270 1253 1252 1328
4611 4 2 31 1 1352 1230 1266 1361
4612 4 2 31 1 75 26 25 417
4613 4 2 31 1 801 659 711 662
4614 4 2 31 1 241 269 240 1809
4615 4 2 31 1 240 269 241 2005
4616 4 2 31 1 231 230 258 2201
4617 4 2 31 1 258 230 231 1613
4618 4 2 31 1 257 15 229 1646
4619 4 2 31 1 257 229 15 2234
4620 4 2 31 1 16 270 242 1842
4621 4 2 31 1 242 270 16 2038
4622 4 2 31 1 1762 1673 1817 1814
4623 4 2 31 1 2209 2154 2065 2206
4624 4 2 31 1 1477 1621 1618 1566
4625 4 2 31 1 1958 2010 2013 1869
4626 4 2 31 1 557 75 25 417
4627 4 2 31 1 1331 1429 1271 1270
4628 4 2 31 1 396 511 517 512
4629 4 2 31 1 1067 1075 1066 951
4630 4 2 31 1 50 49 103 972
4631 4 2 31 1 865 679 788 714
4632 4 2 31 1 2002 1933 1886 2044
4633 4 2 31 1 1652 1541 1610 1494
4634 4 2 31 1 1737 1806 1690 1848
4635 4 2 31 1 2240 2198 2129 2082
4636 4 2 31 1 387 396 388 511
4637 4 2 31 1 1117 103 49 972
4638 4 2 31 1 1066 942 943 951
4639 4 2 31 1 722 665 826 713
4640 4 2 31 1 369 370 610 621
4641 4 2 31 1 1780 1778 1779 1687
4642 4 2 31 1 2172 2171 2079 2170
4643 4 2 31 1 1883 1976 1974 1975
4644 4 2 31 1 1491 1584 1582 1583
4645 4 2 31 1 1827 1776 1680 1805
4646 4 2 31 1 2168 2219 2197 2072
4647 4 2 31 1 2001 1972 1876 2023
4648 4 2 31 1 1484 1631 1609 1580
4649 4 2 31 1 1266 1343 1352 1361
4650 4 2 31 1 784 652 654 854
4651 4 2 31 1 826 825 722 713
4652 4 2 31 1 239 268 1748 1655
4653 4 2 31 1 2047 259 232 2140
4654 4 2 31 1 1944 268 239 1851
4655 4 2 31 1 1459 232 259 1552
4656 4 2 31 1 1271 1211 1331 1270
4657 4 2 31 1 1220 1266 1230 1361
4658 4 2 31 1 652 654 653 784
4659 4 2 31 1 2081 2079 2171 2170
4660 4 2 31 1 1687 1778 1779 1689
4661 4 2 31 1 1974 1885 1883 1975
4662 4 2 31 1 1582 1493 1491 1583
4663 4 2 31 1 1330 1211 1205 1252
4664 4 2 31 1 2044 2033 1912 1940
4665 4 2 31 1 1652 1641 1520 1548
4666 4 2 31 1 1837 1716 1744 1848
4667 4 2 31 1 2136 2240 2229 2108
4668 4 2 31 1 372 606 554 371
4669 4 2 31 1 658 855 782 654
4670 4 2 31 1 94 6 2 750
4671 4 2 31 1 1330 1205 1211 1332
4672 4 2 31 1 714 679 788 675
4673 4 2 31 1 1225 1369 1370 1226
4674 4 2 31 1 370 606 569 567
4675 4 2 31 1 710 654 782 781
4676 4 2 31 1 649 651 789 786
4677 4 2 31 1 399 429 532 443
4678 4 2 31 1 897 751 685 884
4679 4 2 31 1 1274 1236 1356 1416
4680 4 2 31 1 60 1308 1244 1396
4681 4 2 31 1 954 984 1087 998
4682 4 2 31 1 972 49 1117 1031
4683 4 2 31 1 283 254 255 1950
4684 4 2 31 1 245 244 272 1558
4685 4 2 31 1 254 283 255 2146
4686 4 2 31 1 272 244 245 1754
4687 4 2 31 1 1031 972 49 910
4688 4 2 31 1 1673 1762 1671 1814
4689 4 2 31 1 2063 2065 2154 2206
4690 4 2 31 1 2010 1958 1867 1869
4691 4 2 31 1 1475 1477 1618 1566
4692 4 2 31 1 1308 1184 60 1244
4693 4 2 31 1 1203 1407 1216 1431
4694 4 2 31 1 264 236 2 2041
4695 4 2 31 1 2 236 264 1845
4696 4 2 31 1 658 855 654 656
4697 4 2 31 1 94 6 750 891
4698 4 2 31 1 789 651 649 700
4699 4 2 31 1 796 701 703 812
4700 4 2 31 1 782 710 781 780
4701 4 2 31 1 660 791 850 790
4702 4 2 31 1 816 709 717 811
4703 4 2 31 1 796 703 701 702
4704 4 2 31 1 796 660 701 791
4705 4 2 31 1 700 866 785 657
4706 4 2 31 1 1776 1680 1686 1827
4707 4 2 31 1 2072 2168 2219 2078
4708 4 2 31 1 1972 1882 1876 2023
4709 4 2 31 1 1484 1490 1631 1580
4710 4 2 31 1 711 799 798 663
4711 4 2 31 1 628 687 753 708
4712 4 2 31 1 1089 1075 951 953
4713 4 2 31 1 534 396 398 517
4714 4 2 31 1 860 670 715 778
4715 4 2 31 1 1225 1369 1226 1223
4716 4 2 31 1 1621 1583 1585 1478
4717 4 2 31 1 1975 1977 2013 1870
4718 4 2 31 1 1779 1781 1674 1817
4719 4 2 31 1 2173 2209 2066 2171
4720 4 2 31 1 1201 1203 1216 1431
4721 4 2 31 1 1541 1641 1626 1506
4722 4 2 31 1 2033 2018 1933 1898
4723 4 2 31 1 1702 1737 1837 1822
4724 4 2 31 1 2094 2229 2214 2129
4725 4 2 31 1 1 263 235 1649
4726 4 2 31 1 235 263 1 2237
4727 4 2 31 1 567 370 606 372
4728 4 2 31 1 860 792 670 778
4729 4 2 31 1 1356 1344 1274 1416
4730 4 2 31 1 417 355 25 475
4731 4 2 31 1 417 25 557 475
4732 4 2 31 1 855 782 654 854
4733 4 2 31 1 576 533 441 387
4734 4 2 31 1 942 1088 1133 996
4735 4 2 31 1 1479 1621 1585 1478
4736 4 2 31 1 1977 2013 1870 1871
4737 4 2 31 1 1675 1674 1781 1817
4738 4 2 31 1 2209 2066 2067 2173
4739 4 2 31 1 1977 1975 1883 1870
4740 4 2 31 1 1585 1583 1491 1478
4741 4 2 31 1 1674 1781 1779 1687
4742 4 2 31 1 2066 2173 2171 2079
4743 4 2 31 1 1067 1139 1077 943
4744 4 2 31 1 854 654 784 781
4745 4 2 31 1 1396 59 114 1413
4746 4 2 31 1 777 865 788 714
4747 4 2 31 1 654 710 655 781
4748 4 2 31 1 388 512 525 585
4749 4 2 31 1 784 654 653 781
4750 4 2 31 1 1075 1132 1089 951
4751 4 2 31 1 855 794 799 659
4752 4 2 31 1 1314 1198 1438 1189
4753 4 2 31 1 855 654 656 854
4754 4 2 31 1 658 794 855 659
4755 4 2 31 1 951 1132 1089 963
4756 4 2 31 1 795 796 701 791
4757 4 2 31 1 1396 1244 59 1413
4758 4 2 31 1 1335 1212 1209 1338
4759 4 2 31 1 710 655 781 780
4760 4 2 31 1 254 283 2012 1950
4761 4 2 31 1 1558 272 245 1620
4762 4 2 31 1 2146 254 283 2208
4763 4 2 31 1 1754 245 272 1816
4764 4 2 31 1 1263 1225 1217 1350
4765 4 2 31 1 1094 1095 956 958
4766 4 2 31 1 683 802 711 662
4767 4 2 31 1 372 554 373 371
4768 4 2 31 1 878 826 665 713
4769 4 2 31 1 539 403 540 401
4770 4 2 31 1 74 75 25 557
4771 4 2 31 1 811 717 816 880
4772 4 2 31 1 610 581 369 621
4773 4 2 31 1 927 929 1153 1131
4774 4 2 31 1 1809 240 241 1717
4775 4 2 31 1 231 230 2201 2109
4776 4 2 31 1 1913 240 241 2005
4777 4 2 31 1 1521 231 230 1613
4778 4 2 31 1 825 826 878 713
4779 4 2 31 1 709 645 816 717
4780 4 2 31 1 673 714 715 778
4781 4 2 31 1 240 239 268 1851
4782 4 2 31 1 259 231 232 1459
4783 4 2 31 1 268 239 240 1655
4784 4 2 31 1 232 231 259 2047
4785 4 2 31 1 670 776 673 778
4786 4 2 31 1 898 646 647 894
4787 4 2 31 1 717 645 816 880
4788 4 2 31 1 700 789 651 785
4789 4 2 31 1 1251 1273 1224 1382
4790 4 2 31 1 714 673 777 778
4791 4 2 31 1 926 1107 1109 927
4792 4 2 31 1 1327 1298 1256 1255
4793 4 2 31 1 996 1061 1058 935
4794 4 2 31 1 1226 1369 1436 1271
4795 4 2 31 1 583 396 534 517
4796 4 2 31 1 1201 1200 1385 1387
4797 4 2 31 1 380 504 507 441
4798 4 2 31 1 915 1037 924 1161
4799 4 2 31 1 1238 1236 1416 1360
4800 4 2 31 1 1364 1251 1224 1382
4801 4 2 31 1 1331 1211 1261 1333
4802 4 2 31 1 789 700 866 785
4803 4 2 31 1 927 1153 1163 1131
4804 4 2 31 1 186 213 187 367
4805 4 2 31 1 1212 1335 1408 1338
4806 4 2 31 1 728 706 730 819
4807 4 2 31 1 1415 1444 1199 1269
4808 4 2 31 1 843 792 879 669
4809 4 2 31 1 396 534 408 583
4810 4 2 31 1 554 595 606 372
4811 4 2 31 1 566 567 595 372
4812 4 2 31 1 1052 1050 1051 992
4813 4 2 31 1 1075 1089 1088 953
4814 4 2 31 1 236 2 1739 1845
4815 4 2 31 1 1935 2 236 2041
4816 4 2 31 1 398 533 534 517
4817 4 2 31 1 496 497 498 437
4818 4 2 31 1 2206 2104 2066 2158
4819 4 2 31 1 1712 1674 1814 1766
4820 4 2 31 1 1870 2010 1962 1908
4821 4 2 31 1 1618 1570 1478 1516
4822 4 2 31 1 26 76 360 477
4823 4 2 31 1 711 659 799 663
4824 4 2 31 1 2081 2171 2066 2158
4825 4 2 31 1 1766 1674 1779 1689
4826 4 2 31 1 1962 1885 1975 1870
4827 4 2 31 1 1570 1493 1583 1478
4828 4 2 31 1 1198 1199 1438 1189
4829 4 2 31 1 114 115 60 1396
4830 4 2 31 1 785 651 700 657
4831 4 2 31 1 49 102 103 1117
4832 4 2 31 1 1609 1644 1538 1482
4833 4 2 31 1 2001 1874 2036 1930
4834 4 2 31 1 1840 1734 1678 1805
4835 4 2 31 1 2232 2197 2126 2070
4836 4 2 31 1 1282 1429 1365 1270
4837 4 2 31 1 381 505 387 511
4838 4 2 31 1 1871 1980 2013 1869
4839 4 2 31 1 1477 1621 1588 1479
4840 4 2 31 1 1784 1673 1675 1817
4841 4 2 31 1 2209 2067 2065 2176
4842 4 2 31 1 1058 1133 1061 996
4843 4 2 31 1 1814 1674 1779 1766
4844 4 2 31 1 2066 2171 2206 2158
4845 4 2 31 1 1975 2010 1962 1870
4846 4 2 31 1 1583 1618 1570 1478
4847 4 2 31 1 504 576 507 441
4848 4 2 31 1 1 235 2237 2131
4849 4 2 31 1 1649 235 1 1543
4850 4 2 31 1 284 283 255 1950
4851 4 2 31 1 244 271 272 1558
4852 4 2 31 1 255 283 284 2146
4853 4 2 31 1 272 271 244 1754
4854 4 2 31 1 1265 1444 1419 1269
4855 4 2 31 1 43 2 1935 2041
4856 4 2 31 1 1059 1066 942 936
4857 4 2 31 1 377 503 565 376
4858 4 2 31 1 599 360 477 417
4859 4 2 31 1 1879 1880 1894 1970
4860 4 2 31 1 1487 1488 1502 1578
4861 4 2 31 1 1684 1698 1774 1683
4862 4 2 31 1 2076 2166 2075 2090
4863 4 2 31 1 1331 1261 1422 1333
4864 4 2 31 1 1212 1266 1361 1408
4865 4 2 31 1 1129 932 1057 931
4866 4 2 31 1 803 660 850 709
4867 4 2 31 1 1184 60 116 1308
4868 4 2 31 1 429 551 532 443
4869 4 2 31 1 360 370 610 369
4870 4 2 31 1 1104 1087 984 998
4871 4 2 31 1 1031 49 101 910
4872 4 2 31 1 1221 1348 1349 1215
4873 4 2 31 1 894 646 647 648
4874 4 2 31 1 901 666 738 744
4875 4 2 31 1 714 788 777 675
4876 4 2 31 1 2227 2077 2112 2120
4877 4 2 31 1 1835 1685 1720 1728
4878 4 2 31 1 1881 1916 1924 2031
4879 4 2 31 1 1524 1532 1489 1639
4880 4 2 31 1 533 441 387 398
4881 4 2 31 1 830 753 687 708
4882 4 2 31 1 1870 1883 1977 1871
4883 4 2 31 1 1479 1585 1491 1478
4884 4 2 31 1 1674 1675 1781 1687
4885 4 2 31 1 2173 2066 2067 2079
4886 4 2 31 1 1334 1406 1205 1206
4887 4 2 31 1 1429 1436 1369 1271
4888 4 2 31 1 1252 1407 1203 1342
4889 4 2 31 1 996 942 1088 953
4890 4 2 31 1 1886 1986 2002 2044
4891 4 2 31 1 1494 1610 1652 1594
4892 4 2 31 1 2240 2198 2082 2182
4893 4 2 31 1 1790 1690 1806 1848
4894 4 2 31 1 1308 60 115 1396
4895 4 2 31 1 49 102 1117 1031
4896 4 2 31 1 1 19 1649 1543
4897 4 2 31 1 2237 66 1 2131
4898 4 2 31 1 1215 1349 1221 1218
4899 4 2 31 1 372 595 566 374
4900 4 2 31 1 1261 1209 1337 1333
4901 4 2 31 1 930 954 1144 1085
4902 4 2 31 1 516 395 385 519
4903 4 2 31 1 1070 950 940 1072
4904 4 2 31 1 1280 1238 1236 1416
4905 4 2 31 1 370 569 389 567
4906 4 2 31 1 505 377 509 381
4907 4 2 31 1 806 672 676 743
4908 4 2 31 1 1678 1840 1805 1787
4909 4 2 31 1 2179 2197 2232 2070
4910 4 2 31 1 1644 1609 1591 1482
4911 4 2 31 1 2001 2036 1874 1983
4912 4 2 31 1 530 375 587 399
4913 4 2 31 1 1213 1215 1339 1411
4914 4 2 31 1 850 647 816 709
4915 4 2 31 1 174 2 6 750
4916 4 2 31 1 628 721 708 829
4917 4 2 31 1 932 1063 1059 936
4918 4 2 31 1 1225 1369 1350 1370
4919 4 2 31 1 1256 1253 1270 1327
4920 4 2 31 1 659 794 799 663
4921 4 2 31 1 910 1031 972 1106
4922 4 2 31 1 122 5 1 1453
4923 4 2 31 1 67 1 5 623
4924 4 2 31 1 1384 1184 1308 1244
4925 4 2 31 1 951 1076 1132 965
4926 4 2 31 1 1617 1509 1616 1486
4927 4 2 31 1 1901 2008 2009 1878
4928 4 2 31 1 1682 1812 1813 1705
4929 4 2 31 1 2205 2097 2074 2204
4930 4 2 31 1 141 168 140 629
4931 4 2 31 1 505 381 510 511
4932 4 2 31 1 355 73 25 475
4933 4 2 31 1 1879 1894 1981 1970
4934 4 2 31 1 1589 1487 1502 1578
4935 4 2 31 1 1698 1785 1774 1683
4936 4 2 31 1 2090 2166 2075 2177
4937 4 2 31 1 660 647 850 709
4938 4 2 31 1 1274 1210 1341 1266
4939 4 2 31 1 792 776 670 778
4940 4 2 31 1 1138 104 50 915
4941 4 2 31 1 750 6 174 891
4942 4 2 31 1 1335 1208 1212 1408
4943 4 2 31 1 860 715 710 780
4944 4 2 31 1 492 204 177 436
4945 4 2 31 1 1066 1059 1064 936
4946 4 2 31 1 1943 97 45 2000
4947 4 2 31 1 1551 69 21 1608
4948 4 2 31 1 92 40 1804 1747
4949 4 2 31 1 120 64 2196 2139
4950 4 2 31 1 249 3 277 1844
4951 4 2 31 1 249 277 3 1648
4952 4 2 31 1 250 4 278 2236
4953 4 2 31 1 250 278 4 2040
4954 4 2 31 1 1108 972 1106 926
4955 4 2 31 1 925 915 924 1161
4956 4 2 31 1 1075 1067 1076 951
4957 4 2 31 1 961 1180 1018 960
4958 4 2 31 1 557 25 74 475
4959 4 2 31 1 553 355 417 475
4960 4 2 31 1 1875 1876 1965 1967
4961 4 2 31 1 1484 1573 1483 1575
4962 4 2 31 1 1769 1679 1771 1680
4963 4 2 31 1 2161 2071 2163 2072
4964 4 2 31 1 595 554 373 372
4965 4 2 31 1 1386 1200 1384 1244
4966 4 2 31 1 1189 113 59 1413
4967 4 2 31 1 1350 1369 1225 1223
4968 4 2 31 1 503 501 565 376
4969 4 2 31 1 1209 1208 1212 1335
4970 4 2 31 1 270 269 241 1809
4971 4 2 31 1 241 269 270 2005
4972 4 2 31 1 230 257 258 2201
4973 4 2 31 1 258 257 230 1613
4974 4 2 31 1 1867 1959 2010 1908
4975 4 2 31 1 1516 1618 1567 1475
4976 4 2 31 1 1763 1712 1671 1814
4977 4 2 31 1 2104 2063 2155 2206
4978 4 2 31 1 429 553 355 417
4979 4 2 31 1 1485 1487 1575 1578
4980 4 2 31 1 1879 1877 1970 1967
4981 4 2 31 1 1681 1774 1771 1683
4982 4 2 31 1 2075 2163 2166 2073
4983 4 2 31 1 1270 1331 1429 1329
4984 4 2 31 1 1282 1226 1436 1271
4985 4 2 31 1 1057 1055 1129 931
4986 4 2 31 1 2066 2104 2081 2158
4987 4 2 31 1 1766 1712 1674 1689
4988 4 2 31 1 1870 1962 1885 1908
4989 4 2 31 1 1478 1570 1493 1516
4990 4 2 31 1 389 370 567 372
4991 4 2 31 1 1209 1261 1207 1333
4992 4 2 31 1 1205 1330 1252 1342
4993 4 2 31 1 792 843 860 668
4994 4 2 31 1 1133 1058 934 996
4995 4 2 31 1 441 504 576 379
4996 4 2 31 1 1675 1690 1784 1783
4997 4 2 31 1 2067 2176 2175 2082
4998 4 2 31 1 1494 1588 1587 1479
4999 4 2 31 1 1980 1979 1886 1871
5000 4 2 31 1 1332 1406 1205 1334
5001 4 2 31 1 876 82 31 697
5002 4 2 31 1 753 88 36 628
5003 4 2 31 1 786 789 649 790
5004 4 2 31 1 1915 1894 1995 1911
5005 4 2 31 1 1502 1523 1519 1603
5006 4 2 31 1 1719 1715 1799 1698
5007 4 2 31 1 2107 2111 2090 2191
5008 4 2 31 1 1436 1429 1282 1271
5009 4 2 31 1 984 1106 972 926
5010 4 2 31 1 702 660 796 803
5011 4 2 31 1 104 51 915 1037
5012 4 2 31 1 993 1076 1067 951
5013 4 2 31 1 1215 1347 1349 1218
5014 4 2 31 1 1274 1236 1232 1356
5015 4 2 31 1 928 1107 926 927
5016 4 2 31 1 996 1058 934 935
5017 4 2 31 1 250 279 251 2114
5018 4 2 31 1 249 248 276 1526
5019 4 2 31 1 251 279 250 1918
5020 4 2 31 1 276 248 249 1722
5021 4 2 31 1 1385 1200 1201 1202
5022 4 2 31 1 619 409 453 578
5023 4 2 31 1 398 396 534 408
5024 4 2 31 1 953 951 1089 963
5025 4 2 31 1 371 610 599 360
5026 4 2 31 1 441 380 504 379
5027 4 2 31 1 1340 1210 1206 1336
5028 4 2 31 1 858 717 881 880
5029 4 2 31 1 1176 964 1008 1135
5030 4 2 31 1 991 198 225 1046
5031 4 2 31 1 1200 1251 1384 1244
5032 4 2 31 1 512 517 396 524
5033 4 2 31 1 1480 1571 1565 1481
5034 4 2 31 1 1873 1957 1963 1872
5035 4 2 31 1 1677 1676 1767 1761
5036 4 2 31 1 2068 2069 2153 2159
5037 4 2 31 1 1212 1266 1220 1361
5038 4 2 31 1 532 373 554 429
5039 4 2 31 1 915 972 1138 1108
5040 4 2 31 1 1629 249 276 1526
5041 4 2 31 1 279 250 1918 2021
5042 4 2 31 1 279 250 2217 2114
5043 4 2 31 1 1722 249 276 1825
5044 4 2 31 1 1106 972 910 984
5045 4 2 31 1 1332 1207 1211 1333
5046 4 2 31 1 631 644 905 645
5047 4 2 31 1 1362 1204 1224 1420
5048 4 2 31 1 884 751 685 678
5049 4 2 31 1 2080 2113 2180 2174
5050 4 2 31 1 1721 1688 1782 1788
5051 4 2 31 1 1917 1978 1884 1984
5052 4 2 31 1 1592 1525 1492 1586
5053 4 2 31 1 385 383 516 508
5054 4 2 31 1 1314 113 58 1189
5055 4 2 31 1 721 665 708 829
5056 4 2 31 1 652 651 787 784
5057 4 2 31 1 1267 1363 1362 1224
5058 4 2 31 1 980 1053 1055 931
5059 4 2 31 1 1746 35 1836 1654
5060 4 2 31 1 2228 2138 59 2046
5061 4 2 31 1 1640 1458 26 1550
5062 4 2 31 1 2032 1850 50 1942
5063 4 2 31 1 710 715 860 668
5064 4 2 31 1 1972 1876 1879 1967
5065 4 2 31 1 1487 1484 1575 1580
5066 4 2 31 1 1771 1776 1680 1683
5067 4 2 31 1 2072 2163 2168 2075
5068 4 2 31 1 940 938 1070 1062
5069 4 2 31 1 1407 1328 1252 1216
5070 4 2 31 1 1384 1251 1184 1244
5071 4 2 31 1 940 1134 939 1062
5072 4 2 31 1 1087 1144 954 1085
5073 4 2 31 1 651 649 650 786
5074 4 2 31 1 505 576 379 387
5075 4 2 31 1 499 501 425 376
5076 4 2 31 1 800 799 798 711
5077 4 2 31 1 942 1133 1059 934
5078 4 2 31 1 930 1129 1065 931
5079 4 2 31 1 1748 268 1832 1655
5080 4 2 31 1 2224 259 2047 2140
5081 4 2 31 1 1851 1944 268 2028
5082 4 2 31 1 1552 259 1459 1636
5083 4 2 31 1 385 577 384 508
5084 4 2 31 1 2207 58 113 2138
5085 4 2 31 1 76 27 1619 1550
5086 4 2 31 1 1205 1204 1406 1342
5087 4 2 31 1 581 360 610 369
5088 4 2 31 1 1344 1274 1232 1356
5089 4 2 31 1 1016 2 95 1167
5090 4 2 31 1 36 753 687 907
5091 4 2 31 1 1201 1385 1431 1387
5092 4 2 31 1 925 997 944 1168
5093 4 2 31 1 1386 1189 1244 1413
5094 4 2 31 1 860 715 670 668
5095 4 2 31 1 653 785 651 784
5096 4 2 31 1 263 1 5 1649
5097 4 2 31 1 5 1 263 2237
5098 4 2 31 1 1806 1700 1690 1784
5099 4 2 31 1 2198 2176 2092 2082
5100 4 2 31 1 1886 2002 1980 1896
5101 4 2 31 1 1494 1610 1588 1504
5102 4 2 31 1 1933 2002 2033 2044
5103 4 2 31 1 1541 1641 1652 1610
5104 4 2 31 1 2198 2229 2240 2129
5105 4 2 31 1 1806 1737 1837 1848
5106 4 2 31 1 382 588 502 500
5107 4 2 31 1 532 530 587 399
5108 4 2 31 1 1107 1153 1109 927
5109 4 2 31 1 1094 1073 1095 958
5110 4 2 31 1 1215 1348 1339 1411
5111 4 2 31 1 1198 1438 1415 1314
5112 4 2 31 1 235 262 234 1518
5113 4 2 31 1 237 236 265 1910
5114 4 2 31 1 235 234 262 2106
5115 4 2 31 1 265 236 237 1714
5116 4 2 31 1 539 540 403 520
5117 4 2 31 1 396 438 512 524
5118 4 2 31 1 1980 2020 2013 1869
5119 4 2 31 1 1588 1628 1621 1477
5120 4 2 31 1 1784 1824 1673 1817
5121 4 2 31 1 2176 2065 2209 2216
5122 4 2 31 1 1205 1207 1332 1334
5123 4 2 31 1 381 505 377 379
5124 4 2 31 1 1687 1780 1778 1713
5125 4 2 31 1 2079 2105 2172 2170
5126 4 2 31 1 1883 1974 1976 1909
5127 4 2 31 1 1584 1517 1491 1582
5128 4 2 31 1 1298 1327 1325 1255
5129 4 2 31 1 786 649 650 851
5130 4 2 31 1 2 6 264 2041
5131 4 2 31 1 6 2 264 1845
5132 4 2 31 1 565 513 375 376
5133 4 2 31 1 1202 1385 1251 1364
5134 4 2 31 1 1407 1252 1330 1342
5135 4 2 31 1 1063 995 1068 936
5136 4 2 31 1 669 843 668 667
5137 4 2 31 1 1716 274 1744 1820
5138 4 2 31 1 2108 281 2136 2212
5139 4 2 31 1 936 1059 932 934
5140 4 2 31 1 440 514 509 381
5141 4 2 31 1 1267 1345 1210 1340
5142 4 2 31 1 984 928 1087 1107
5143 4 2 31 1 1339 1347 1215 1214
5144 4 2 31 1 1933 1849 1912 2033
5145 4 2 31 1 1641 1541 1520 1457
5146 4 2 31 1 1737 1716 1653 1837
5147 4 2 31 1 2229 2129 2045 2108
5148 4 2 31 1 715 714 779 778
5149 4 2 31 1 715 670 673 778
5150 4 2 31 1 527 609 438 439
5151 4 2 31 1 533 590 441 398
5152 4 2 31 1 189 188 216 1277
5153 4 2 31 1 1232 1230 1344 1355
5154 4 2 31 1 1412 1213 1212 1338
5155 4 2 31 1 1482 1573 1571 1481
5156 4 2 31 1 1963 1873 1874 1965
5157 4 2 31 1 1769 1677 1678 1767
5158 4 2 31 1 2069 2070 2161 2159
5159 4 2 31 1 1972 1879 1970 1967
5160 4 2 31 1 1487 1575 1578 1580
5161 4 2 31 1 1774 1776 1771 1683
5162 4 2 31 1 2163 2166 2168 2075
5163 4 2 31 1 1088 1148 996 953
5164 4 2 31 1 1272 1254 1419 1265
5165 4 2 31 1 1087 1144 928 954
5166 4 2 31 1 1106 910 1104 984
5167 4 2 31 1 599 553 554 371
5168 4 2 31 1 1491 1492 1586 1585
5169 4 2 31 1 1883 1884 1978 1977
5170 4 2 31 1 1688 1782 1781 1687
5171 4 2 31 1 2080 2173 2079 2174
5172 4 2 31 1 1214 1346 1261 1337
5173 4 2 31 1 865 679 727 810
5174 4 2 31 1 1816 245 273 1653
5175 4 2 31 1 2208 254 282 2045
5176 4 2 31 1 1457 245 273 1620
5177 4 2 31 1 1849 254 282 2012
5178 4 2 31 1 899 187 9 735
5179 4 2 31 1 385 518 516 519
5180 4 2 31 1 2010 1956 1959 1867
5181 4 2 31 1 1618 1564 1567 1475
5182 4 2 31 1 1760 1763 1671 1814
5183 4 2 31 1 2152 2155 2063 2206
5184 4 2 31 1 87 88 36 753
5185 4 2 31 1 1256 1298 1327 1403
5186 4 2 31 1 717 858 644 880
5187 4 2 31 1 2167 2164 2227 2077
5188 4 2 31 1 1775 1772 1835 1685
5189 4 2 31 1 1881 2031 1971 1968
5190 4 2 31 1 1489 1639 1579 1576
5191 4 2 31 1 1809 269 240 1832
5192 4 2 31 1 258 231 2201 2224
5193 4 2 31 1 269 240 2028 2005
5194 4 2 31 1 1613 231 258 1636
5195 4 2 31 1 980 1054 952 1146
5196 4 2 31 1 1094 956 945 958
5197 4 2 31 1 658 794 659 663
5198 4 2 31 1 940 1071 1070 1072
5199 4 2 31 1 646 898 831 894
5200 4 2 31 1 1251 1382 1384 1184
5201 4 2 31 1 2207 2119 58 2138
5202 4 2 31 1 1619 27 1531 1550
5203 4 2 31 1 1680 1734 1827 1805
5204 4 2 31 1 2219 2126 2197 2072
5205 4 2 31 1 1930 2001 1876 2023
5206 4 2 31 1 1538 1631 1609 1484
5207 4 2 31 1 1869 1871 1980 1896
5208 4 2 31 1 1588 1504 1477 1479
5209 4 2 31 1 1700 1673 1675 1784
5210 4 2 31 1 2067 2092 2065 2176
5211 4 2 31 1 738 666 901 841
5212 4 2 31 1 1199 1438 1415 1198
5213 4 2 31 1 1054 1052 1053 980
5214 4 2 31 1 390 403 539 401
5215 4 2 31 1 1336 1266 1208 1408
5216 4 2 31 1 1538 1644 1544 1482
5217 4 2 31 1 1840 1678 1734 1740
5218 4 2 31 1 2232 2126 2132 2070
5219 4 2 31 1 1936 2036 1874 1930
5220 4 2 31 1 256 255 18 2233
5221 4 2 31 1 243 244 17 1841
5222 4 2 31 1 256 18 255 2037
5223 4 2 31 1 17 244 243 1645
5224 4 2 31 1 1684 1774 1772 1681
5225 4 2 31 1 2164 2166 2073 2076
5226 4 2 31 1 1576 1488 1485 1578
5227 4 2 31 1 1968 1880 1877 1970
5228 4 2 31 1 1117 972 1031 1106
5229 4 2 31 1 935 1060 1056 937
5230 4 2 31 1 2 6 94 1845
5231 4 2 31 1 586 493 492 436
5232 4 2 31 1 498 425 499 500
5233 4 2 31 1 1246 1294 1293 1394
5234 4 2 31 1 656 855 862 659
5235 4 2 31 1 1244 1308 1384 1396
5236 4 2 31 1 1265 1444 1199 1201
5237 4 2 31 1 1205 1207 1334 1206
5238 4 2 31 1 141 168 629 840
5239 4 2 31 1 382 502 506 380
5240 4 2 31 1 553 551 429 355
5241 4 2 31 1 2 43 95 2041
5242 4 2 31 1 1202 1201 1385 1431
5243 4 2 31 1 2105 2079 2081 2170
5244 4 2 31 1 1689 1687 1778 1713
5245 4 2 31 1 1883 1885 1974 1909
5246 4 2 31 1 1517 1493 1491 1582
5247 4 2 31 1 721 665 829 826
5248 4 2 31 1 915 1138 104 1037
5249 4 2 31 1 587 373 532 399
5250 4 2 31 1 1919 2035 1985 1929
5251 4 2 31 1 1527 1537 1643 1593
5252 4 2 31 1 1506 1600 1626 1505
5253 4 2 31 1 1897 2018 1992 1898
5254 4 2 31 1 2188 2093 2094 2214
5255 4 2 31 1 1822 1702 1701 1796
5256 4 2 31 1 524 609 438 527
5257 4 2 31 1 926 1108 915 1161
5258 4 2 31 1 1106 984 1107 926
5259 4 2 31 1 1412 1212 1220 1361
5260 4 2 31 1 1335 1209 1207 1333
5261 4 2 31 1 1107 928 1153 927
5262 4 2 31 1 429 554 553 371
5263 4 2 31 1 1253 1351 1326 1254
5264 4 2 31 1 865 779 727 714
5265 4 2 31 1 539 604 598 397
5266 4 2 31 1 1777 1718 1766 1689
5267 4 2 31 1 2110 2169 2081 2158
5268 4 2 31 1 1493 1581 1522 1570
5269 4 2 31 1 1962 1914 1973 1885
5270 4 2 31 1 645 905 833 898
5271 4 2 31 1 879 847 671 792
5272 4 2 31 1 1160 1094 952 1152
5273 4 2 31 1 370 610 606 371
5274 4 2 31 1 700 866 718 795
5275 4 2 31 1 821 741 728 680
5276 4 2 31 1 417 557 553 475
5277 4 2 31 1 847 776 672 670
5278 4 2 31 1 1765 1705 1718 1786
5279 4 2 31 1 2178 2110 2097 2157
5280 4 2 31 1 1590 1509 1522 1569
5281 4 2 31 1 1901 1961 1914 1982
5282 4 2 31 1 1144 928 954 930
5283 4 2 31 1 425 382 502 500
5284 4 2 31 1 139 140 166 692
5285 4 2 31 1 363 594 620 584
5286 4 2 31 1 51 50 104 915
5287 4 2 31 1 76 27 26 360
5288 4 2 31 1 1933 2018 2002 1896
5289 4 2 31 1 1610 1541 1626 1504
5290 4 2 31 1 1737 1700 1806 1822
5291 4 2 31 1 2214 2198 2092 2129
5292 4 2 31 1 395 394 385 519
5293 4 2 31 1 719 709 809 811
5294 4 2 31 1 672 774 806 676
5295 4 2 31 1 2088 2168 2183 2177
5296 4 2 31 1 1085 995 954 1086
5297 4 2 31 1 1284 1363 1267 1224
5298 4 2 31 1 510 388 391 585
5299 4 2 31 1 530 531 440 399
5300 4 2 31 1 721 628 828 829
5301 4 2 31 1 30 3 80 1648
5302 4 2 31 1 81 3 31 1844
5303 4 2 31 1 1200 1251 1385 1384
5304 4 2 31 1 1355 1231 1230 1366
5305 4 2 31 1 1508 1509 1617 1486
5306 4 2 31 1 1900 1901 2009 1878
5307 4 2 31 1 1705 1813 1682 1704
5308 4 2 31 1 2074 2096 2097 2205
5309 4 2 31 1 1772 1775 1684 1685
5310 4 2 31 1 2164 2167 2076 2077
5311 4 2 31 1 1971 1880 1881 1968
5312 4 2 31 1 1579 1488 1489 1576
5313 4 2 31 1 1189 1314 113 1413
5314 4 2 31 1 949 940 950 1072
5315 4 2 31 1 943 1064 1139 946
5316 4 2 31 1 777 779 714 778
5317 4 2 31 1 996 1148 1061 939
5318 4 2 31 1 1438 1200 1386 1189
5319 4 2 31 1 169 141 693 840
5320 4 2 31 1 55 109 4 2236
5321 4 2 31 1 108 54 4 2040
5322 4 2 31 1 384 507 590 441
5323 4 2 31 1 1265 1439 1444 1201
5324 4 2 31 1 385 383 427 516
5325 4 2 31 1 795 700 789 791
5326 4 2 31 1 816 803 850 709
5327 4 2 31 1 1220 1230 1229 1437
5328 4 2 31 1 85 35 34 631
5329 4 2 31 1 113 59 58 1189
5330 4 2 31 1 518 385 394 519
5331 4 2 31 1 1678 1840 1787 1740
5332 4 2 31 1 2132 2179 2232 2070
5333 4 2 31 1 1591 1544 1644 1482
5334 4 2 31 1 1983 2036 1874 1936
5335 4 2 31 1 1037 105 51 924
5336 4 2 31 1 940 938 982 1070
5337 4 2 31 1 1048 988 1049 987
5338 4 2 31 1 409 619 536 578
5339 4 2 31 1 1210 1208 1206 1336
5340 4 2 31 1 1016 174 2 1167
5341 4 2 31 1 60 115 116 1308
5342 4 2 31 1 785 653 657 783
5343 4 2 31 1 940 949 1071 1072
5344 4 2 31 1 645 644 905 880
5345 4 2 31 1 885 703 868 904
5346 4 2 31 1 1765 1763 1712 1707
5347 4 2 31 1 1961 1959 1903 1908
5348 4 2 31 1 2104 2157 2155 2099
5349 4 2 31 1 1511 1569 1567 1516
5350 4 2 31 1 214 9 187 613
5351 4 2 31 1 215 188 9 1447
5352 4 2 31 1 215 9 188 1171
5353 4 2 31 1 101 102 49 1031
5354 4 2 31 1 751 884 680 678
5355 4 2 31 1 373 587 375 399
5356 4 2 31 1 786 787 651 784
5357 4 2 31 1 1056 1058 1060 935
5358 4 2 31 1 1230 1352 1355 1366
5359 4 2 31 1 95 43 2 1016
5360 4 2 31 1 1270 1429 1365 1329
5361 4 2 31 1 604 539 401 397
5362 4 2 31 1 214 187 9 899
5363 4 2 31 1 178 204 481 436
5364 4 2 31 1 1980 2020 1869 1896
5365 4 2 31 1 1628 1588 1504 1477
5366 4 2 31 1 1673 1700 1824 1784
5367 4 2 31 1 2176 2092 2065 2216
5368 4 2 31 1 1135 1176 964 1091
5369 4 2 31 1 1094 952 956 1160
5370 4 2 31 1 505 503 377 379
5371 4 2 31 1 1161 1037 924 1141
5372 4 2 31 1 504 506 502 380
5373 4 2 31 1 1420 1224 1362 1364
5374 4 2 31 1 34 35 85 1727
5375 4 2 31 1 104 50 51 1923
5376 4 2 31 1 1348 1215 1268 1411
5377 4 2 31 1 255 256 2056 2233
5378 4 2 31 1 2037 255 256 1860
5379 4 2 31 1 244 243 1664 1841
5380 4 2 31 1 1645 244 243 1468
5381 4 2 31 1 1746 85 35 1727
5382 4 2 31 1 50 104 1942 1923
5383 4 2 31 1 1057 932 1059 934
5384 4 2 31 1 710 782 658 793
5385 4 2 31 1 1335 1337 1209 1333
5386 4 2 31 1 1273 1363 1224 1382
5387 4 2 31 1 1433 1248 1272 1269
5388 4 2 31 1 703 704 742 812
5389 4 2 31 1 1600 1628 1626 1505
5390 4 2 31 1 2018 1992 2020 1897
5391 4 2 31 1 2188 2216 2093 2214
5392 4 2 31 1 1824 1822 1701 1796
5393 4 2 31 1 1326 1327 1253 1255
5394 4 2 31 1 1303 1373 1294 1381
5395 4 2 31 1 583 410 396 524
5396 4 2 31 1 972 1138 50 915
5397 4 2 31 1 824 729 888 721
5398 4 2 31 1 66 1 122 2237
5399 4 2 31 1 1 19 67 1649
5400 4 2 31 1 1326 1351 1253 1328
5401 4 2 31 1 727 657 783 810
5402 4 2 31 1 1206 1208 1334 1336
5403 4 2 31 1 140 167 168 983
5404 4 2 31 1 397 437 598 500
5405 4 2 31 1 839 169 142 693
5406 4 2 31 1 1213 1268 1215 1411
5407 4 2 31 1 1084 1180 961 960
5408 4 2 31 1 1071 1134 940 1062
5409 4 2 31 1 787 651 650 786
5410 4 2 31 1 952 1054 992 1152
5411 4 2 31 1 1202 1224 1420 1364
5412 4 2 31 1 1192 1198 1269 1414
5413 4 2 31 1 599 371 360 417
5414 4 2 31 1 729 699 888 721
5415 4 2 31 1 1348 1347 1349 1215
5416 4 2 31 1 1244 1189 59 1413
5417 4 2 31 1 1444 1415 1419 1269
5418 4 2 31 1 518 577 385 508
5419 4 2 31 1 648 649 894 851
5420 4 2 31 1 437 498 598 500
5421 4 2 31 1 1832 268 240 1655
5422 4 2 31 1 2224 259 231 2047
5423 4 2 31 1 268 240 1851 2028
5424 4 2 31 1 1459 259 231 1636
5425 4 2 31 1 1419 1418 1254 1272
5426 4 2 31 1 687 753 36 628
5427 4 2 31 1 396 438 388 512
5428 4 2 31 1 679 731 727 810
5429 4 2 31 1 1734 1686 1680 1827
5430 4 2 31 1 2219 2126 2072 2078
5431 4 2 31 1 1930 1876 1882 2023
5432 4 2 31 1 1631 1538 1490 1484
5433 4 2 31 1 847 670 671 792
5434 4 2 31 1 1331 1330 1211 1332
5435 4 2 31 1 991 225 197 1034
5436 4 2 31 1 1730 1778 1833 1831
5437 4 2 31 1 2223 2225 2170 2122
5438 4 2 31 1 1637 1534 1635 1582
5439 4 2 31 1 1974 1926 2029 2027
5440 4 2 31 1 754 140 168 629
5441 4 2 31 1 198 225 197 991
5442 4 2 31 1 204 178 177 436
5443 4 2 31 1 1756 93 1709 1804
5444 4 2 31 1 2 6 95 1167
5445 4 2 31 1 1052 992 1054 1152
5446 4 2 31 1 1237 1359 1236 1360
5447 4 2 31 1 1163 927 944 1168
5448 4 2 31 1 993 1067 943 951
5449 4 2 31 1 1469 30 79 1559
5450 4 2 31 1 54 107 1861 1951
5451 4 2 31 1 1755 31 82 1665
5452 4 2 31 1 2147 55 110 2057
5453 4 2 31 1 273 272 245 1816
5454 4 2 31 1 282 283 254 2208
5455 4 2 31 1 254 283 282 2012
5456 4 2 31 1 245 272 273 1620
5457 4 2 31 1 1347 1215 1214 1217
5458 4 2 31 1 1345 1210 1280 1267
5459 4 2 31 1 801 862 799 659
5460 4 2 31 1 1952 43 96 1905
5461 4 2 31 1 672 776 774 674
5462 4 2 31 1 73 74 25 475
5463 4 2 31 1 703 742 885 812
5464 4 2 31 1 1746 35 1654 1727
5465 4 2 31 1 2138 2119 59 2046
5466 4 2 31 1 1458 1531 26 1550
5467 4 2 31 1 1942 1850 50 1923
5468 4 2 31 1 1107 1108 1106 926
5469 4 2 31 1 1223 1346 1422 1261
5470 4 2 31 1 717 639 858 881
5471 4 2 31 1 360 610 599 477
5472 4 2 31 1 471 609 547 439
5473 4 2 31 1 388 510 511 512
5474 4 2 31 1 503 505 377 509
5475 4 2 31 1 351 2089 2054 2190
5476 4 2 31 1 1798 1662 1697 331
5477 4 2 31 1 1994 334 1893 1858
5478 4 2 31 1 1466 1501 314 1602
5479 4 2 31 1 1341 1280 1274 1416
5480 4 2 31 1 684 798 807 663
5481 4 2 31 1 477 360 26 417
5482 4 2 31 1 1384 1385 1200 1386
5483 4 2 31 1 1718 1777 1786 1723
5484 4 2 31 1 2169 2178 2110 2115
5485 4 2 31 1 1581 1590 1527 1522
5486 4 2 31 1 1982 1914 1919 1973
5487 4 2 31 1 1046 991 1001 1047
5488 4 2 31 1 710 860 793 668
5489 4 2 31 1 35 36 86 1836
5490 4 2 31 1 25 26 75 1640
5491 4 2 31 1 1202 1420 1203 1431
5492 4 2 31 1 1836 1833 1746 1654
5493 4 2 31 1 2228 2225 2138 2046
5494 4 2 31 1 1550 1640 1458 1637
5495 4 2 31 1 1942 2032 1850 2029
5496 4 2 31 1 715 779 655 780
5497 4 2 31 1 80 3 30 466
5498 4 2 31 1 81 31 3 740
5499 4 2 31 1 1204 1205 1203 1342
5500 4 2 31 1 1086 995 954 999
5501 4 2 31 1 6 2 95 2041
5502 4 2 31 1 1161 924 925 1141
5503 4 2 31 1 1059 1063 932 1057
5504 4 2 31 1 1064 1067 1066 943
5505 4 2 31 1 153 129 128 1246
5506 4 2 31 1 468 187 9 613
5507 4 2 31 1 1023 188 9 1171
5508 4 2 31 1 651 785 653 657
5509 4 2 31 1 980 1055 1056 933
5510 4 2 31 1 501 502 425 378
5511 4 2 31 1 1219 1213 1412 1411
5512 4 2 31 1 513 501 499 376
5513 4 2 31 1 493 586 446 436
5514 4 2 31 1 2157 2110 2104 2158
5515 4 2 31 1 1766 1765 1712 1718
5516 4 2 31 1 1914 1962 1961 1908
5517 4 2 31 1 1522 1570 1569 1516
5518 4 2 31 1 1075 1076 1132 951
5519 4 2 31 1 4 54 108 1021
5520 4 2 31 1 802 683 682 662
5521 4 2 31 1 847 776 670 792
5522 4 2 31 1 281 252 253 1940
5523 4 2 31 1 274 247 246 1548
5524 4 2 31 1 422 79 30 489
5525 4 2 31 1 699 89 38 755
5526 4 2 31 1 1064 1063 1068 936
5527 4 2 31 1 2122 2225 2181 2046
5528 4 2 31 1 1730 1833 1789 1654
5529 4 2 31 1 1593 1534 1458 1637
5530 4 2 31 1 1985 1926 1850 2029
5531 4 2 31 1 531 440 399 444
5532 4 2 31 1 894 831 646 648
5533 4 2 31 1 925 944 927 1168
5534 4 2 31 1 1364 1224 1363 1382
5535 4 2 31 1 178 205 357 481
5536 4 2 31 1 445 453 409 578
5537 4 2 31 1 1341 1210 1280 1345
5538 4 2 31 1 381 514 509 510
5539 4 2 31 1 1065 1055 1053 931
5540 4 2 31 1 433 357 481 436
5541 4 2 31 1 884 685 897 678
5542 4 2 31 1 1135 964 1008 1000
5543 4 2 31 1 1342 1205 1330 1332
5544 4 2 31 1 1199 1438 1200 1387
5545 4 2 31 1 402 598 604 397
5546 4 2 31 1 609 410 438 439
5547 4 2 31 1 673 776 672 674
5548 4 2 31 1 936 1068 1064 946
5549 4 2 31 1 516 383 427 515
5550 4 2 31 1 1340 1206 1334 1336
5551 4 2 31 1 1791 1776 1683 1686
5552 4 2 31 1 1879 1882 1972 1987
5553 4 2 31 1 1487 1490 1580 1595
5554 4 2 31 1 952 957 1160 1152
5555 4 2 31 1 609 438 410 524
5556 4 2 31 1 391 514 381 510
5557 4 2 31 1 1069 982 938 1070
5558 4 2 31 1 1077 1067 943 993
5559 4 2 31 1 1654 1833 1746 1727
5560 4 2 31 1 2119 2138 2225 2046
5561 4 2 31 1 1550 1458 1531 1637
5562 4 2 31 1 2029 1850 1942 1923
5563 4 2 31 1 1420 1204 1203 1342
5564 4 2 31 1 1415 1269 1198 1414
5565 4 2 31 1 1220 1412 1417 1219
5566 4 2 31 1 1217 1214 1347 1346
5567 4 2 31 1 438 388 512 525
5568 4 2 31 1 751 884 821 680
5569 4 2 31 1 1356 1236 1359 1360
5570 4 2 31 1 112 58 1198 1314
5571 4 2 31 1 787 650 651 652
5572 4 2 31 1 1737 1653 1702 1837
5573 4 2 31 1 1641 1541 1457 1506
5574 4 2 31 1 1933 1849 2033 1898
5575 4 2 31 1 2094 2229 2129 2045
5576 4 2 31 1 704 741 730 819
5577 4 2 31 1 719 717 811 817
5578 4 2 31 1 466 80 3 614
5579 4 2 31 1 1412 1212 1213 1219
5580 4 2 31 1 843 808 668 667
5581 4 2 31 1 1 5 122 2237
5582 4 2 31 1 67 5 1 1649
5583 4 2 31 1 1565 1476 1564 1474
5584 4 2 31 1 1956 1957 1868 1866
5585 4 2 31 1 1761 1672 1670 1760
5586 4 2 31 1 2064 2152 2062 2153
5587 4 2 31 1 2101 66 121 2148
5588 4 2 31 1 796 868 703 702
5589 4 2 31 1 19 68 1560 1513
5590 4 2 31 1 1201 1444 1199 1387
5591 4 2 31 1 1993 2278 341 1860
5592 4 2 31 1 2277 1601 1468 321
5593 4 2 31 1 35 85 892 631
5594 4 2 31 1 204 177 726 872
5595 4 2 31 1 915 972 1108 926
5596 4 2 31 1 809 702 803 709
5597 4 2 31 1 2181 2115 2169 2122
5598 4 2 31 1 1730 1789 1777 1723
5599 4 2 31 1 1926 1985 1919 1973
5600 4 2 31 1 1527 1534 1593 1581
5601 4 2 31 1 649 647 894 790
5602 4 2 31 1 1420 1204 1224 1202
5603 4 2 31 1 533 590 576 441
5604 4 2 31 1 1481 1482 1573 1483
5605 4 2 31 1 1873 1874 1965 1875
5606 4 2 31 1 1679 1677 1678 1769
5607 4 2 31 1 2070 2161 2071 2069
5608 4 2 31 1 832 708 831 648
5609 4 2 31 1 501 503 378 376
5610 4 2 31 1 908 195 222 1126
5611 4 2 31 1 703 868 796 812
5612 4 2 31 1 1983 1874 1872 1936
5613 4 2 31 1 59 60 114 2228
5614 4 2 31 1 766 32 82 697
5615 4 2 31 1 103 49 50 2032
5616 4 2 31 1 803 702 660 709
5617 4 2 31 1 1767 1764 1677 1761
5618 4 2 31 1 2156 2153 2069 2159
5619 4 2 31 1 1963 1960 1957 1873
5620 4 2 31 1 1565 1571 1568 1481
5621 4 2 31 1 1133 1088 1148 996
5622 4 2 31 1 830 753 708 829
5623 4 2 31 1 925 1109 926 1161
5624 4 2 31 1 933 1055 1057 931
5625 4 2 31 1 1873 1963 1964 1965
5626 4 2 31 1 1572 1571 1573 1481
5627 4 2 31 1 2161 2069 2159 2160
5628 4 2 31 1 1767 1769 1677 1768
5629 4 2 31 1 860 670 792 668
5630 4 2 31 1 2150 2062 2063 2152
5631 4 2 31 1 1758 1670 1671 1760
5632 4 2 31 1 1474 1475 1564 1562
5633 4 2 31 1 1867 1956 1866 1954
5634 4 2 31 1 713 825 661 869
5635 4 2 31 1 900 81 3 740
5636 4 2 31 1 788 877 678 679
5637 4 2 31 1 224 197 1034 912
5638 4 2 31 1 2031 1916 1924 2007
5639 4 2 31 1 1639 1524 1532 1615
5640 4 2 31 1 1720 1811 1835 1728
5641 4 2 31 1 2112 2203 2227 2120
5642 4 2 31 1 1323 198 225 1281
5643 4 2 31 1 1328 1351 1253 1216
5644 4 2 31 1 912 991 1034 988
5645 4 2 31 1 1263 1217 1423 1350
5646 4 2 31 1 467 547 527 439
5647 4 2 31 1 1403 1298 1327 1325
5648 4 2 31 1 1345 1341 1210 1340
5649 4 2 31 1 176 202 175 836
5650 4 2 31 1 1253 1252 1328 1216
5651 4 2 31 1 539 588 390 397
5652 4 2 31 1 1094 945 952 1146
5653 4 2 31 1 664 658 794 793
5654 4 2 31 1 1271 1422 1429 1331
5655 4 2 31 1 387 505 576 511
5656 4 2 31 1 1894 2034 1995 1911
5657 4 2 31 1 1642 1502 1519 1603
5658 4 2 31 1 1715 1838 1799 1698
5659 4 2 31 1 2230 2107 2090 2191
5660 4 2 31 1 982 950 940 1070
5661 4 2 31 1 1288 1277 1321 1197
5662 4 2 31 1 1203 1205 1252 1342
5663 4 2 31 1 925 997 1168 1141
5664 4 2 31 1 1189 1200 1386 1244
5665 4 2 31 1 1402 195 222 1258
5666 4 2 31 1 894 647 850 790
5667 4 2 31 1 1066 1133 1059 942
5668 4 2 31 1 427 395 385 516
5669 4 2 31 1 1701 1673 1795 1669
5670 4 2 31 1 2065 2061 2187 2093
5671 4 2 31 1 1865 1897 1869 1991
5672 4 2 31 1 1473 1505 1477 1599
5673 4 2 31 1 1232 1231 1355 1234
5674 4 2 31 1 1426 1286 1436 1282
5675 4 2 31 1 1959 1956 1868 1867
5676 4 2 31 1 1476 1567 1564 1475
5677 4 2 31 1 1763 1671 1672 1760
5678 4 2 31 1 2063 2155 2152 2064
5679 4 2 31 1 2002 1886 1933 1896
5680 4 2 31 1 1541 1610 1494 1504
5681 4 2 31 1 1806 1690 1700 1737
5682 4 2 31 1 2129 2198 2092 2082
5683 4 2 31 1 1950 254 255 1921
5684 4 2 31 1 245 244 1558 1529
5685 4 2 31 1 2117 254 255 2146
5686 4 2 31 1 1725 245 244 1754
5687 4 2 31 1 2000 1952 96 1905
5688 4 2 31 1 506 383 515 382
5689 4 2 31 1 644 760 631 905
5690 4 2 31 1 1140 52 105 924
5691 4 2 31 1 427 395 516 589
5692 4 2 31 1 982 950 1070 1147
5693 4 2 31 1 727 655 779 783
5694 4 2 31 1 1104 910 1110 998
5695 4 2 31 1 1833 1730 1831 1727
5696 4 2 31 1 2225 2223 2119 2122
5697 4 2 31 1 1534 1635 1531 1637
5698 4 2 31 1 1926 2029 2027 1923
5699 4 2 31 1 2169 2170 2081 2158
5700 4 2 31 1 1766 1778 1777 1689
5701 4 2 31 1 1974 1962 1973 1885
5702 4 2 31 1 1582 1581 1493 1570
5703 4 2 31 1 1069 937 1060 938
5704 4 2 31 1 665 832 878 650
5705 4 2 31 1 1334 1208 1207 1335
5706 4 2 31 1 1223 1214 1346 1261
5707 4 2 31 1 2169 2081 2170 2122
5708 4 2 31 1 1730 1777 1778 1689
5709 4 2 31 1 1974 1973 1926 1885
5710 4 2 31 1 1493 1534 1581 1582
5711 4 2 31 1 1094 945 1073 958
5712 4 2 31 1 952 937 980 1146
5713 4 2 31 1 1284 1363 1345 1267
5714 4 2 31 1 1261 1346 1422 1337
5715 4 2 31 1 711 798 684 663
5716 4 2 31 1 378 503 377 376
5717 4 2 31 1 1362 1345 1363 1267
5718 4 2 31 1 773 772 774 676
5719 4 2 31 1 403 390 539 520
5720 4 2 31 1 858 644 639 717
5721 4 2 31 1 1254 1253 1351 1216
5722 4 2 31 1 936 995 1068 946
5723 4 2 31 1 1183 127 152 1405
5724 4 2 31 1 1057 932 933 931
5725 4 2 31 1 929 927 990 1131
5726 4 2 31 1 6 2 174 1167
5727 4 2 31 1 576 533 387 511
5728 4 2 31 1 1422 1369 1223 1271
5729 4 2 31 1 1946 105 52 1856
5730 4 2 31 1 555 443 551 355
5731 4 2 31 1 1056 1058 935 933
5732 4 2 31 1 1169 4 108 1021
5733 4 2 31 1 2038 1891 241 2005
5734 4 2 31 1 1842 1809 241 1695
5735 4 2 31 1 1646 1499 230 1613
5736 4 2 31 1 2201 230 2234 2087
5737 4 2 31 1 1968 1971 1880 1970
5738 4 2 31 1 1576 1579 1488 1578
5739 4 2 31 1 1774 1772 1775 1684
5740 4 2 31 1 2166 2164 2167 2076
5741 4 2 31 1 2052 112 57 2142
5742 4 2 31 1 923 145 173 1123
5743 4 2 31 1 1883 1978 1976 1977
5744 4 2 31 1 1491 1586 1584 1585
5745 4 2 31 1 1782 1780 1781 1687
5746 4 2 31 1 2172 2079 2173 2174
5747 4 2 31 1 514 440 391 381
5748 4 2 31 1 2198 2175 2176 2082
5749 4 2 31 1 1690 1806 1784 1783
5750 4 2 31 1 1979 1886 2002 1980
5751 4 2 31 1 1610 1588 1587 1494
5752 4 2 31 1 1410 1355 1231 1234
5753 4 2 31 1 378 504 502 380
5754 4 2 31 1 1045 923 173 1123
5755 4 2 31 1 981 142 170 1032
5756 4 2 31 1 785 789 651 786
5757 4 2 31 1 1271 1429 1282 1270
5758 4 2 31 1 1980 2002 2018 1896
5759 4 2 31 1 1610 1626 1588 1504
5760 4 2 31 1 1700 1806 1822 1784
5761 4 2 31 1 2198 2092 2176 2214
5762 4 2 31 1 693 839 169 840
5763 4 2 31 1 1933 1912 1886 2044
5764 4 2 31 1 1652 1541 1494 1520
5765 4 2 31 1 1690 1716 1737 1848
5766 4 2 31 1 2108 2240 2129 2082
5767 4 2 31 1 1587 1585 1492 1479
5768 4 2 31 1 1977 1884 1979 1871
5769 4 2 31 1 2175 2173 2067 2080
5770 4 2 31 1 1675 1783 1781 1688
5771 4 2 31 1 1487 1484 1485 1575
5772 4 2 31 1 1877 1879 1876 1967
5773 4 2 31 1 1680 1681 1771 1683
5774 4 2 31 1 2075 2072 2163 2073
5775 4 2 31 1 32 31 82 697
5776 4 2 31 1 1066 1088 1133 942
5777 4 2 31 1 493 433 481 436
5778 4 2 31 1 110 56 55 1247
5779 4 2 31 1 807 666 684 663
5780 4 2 31 1 392 405 585 529
5781 4 2 31 1 852 689 749 893
5782 4 2 31 1 1139 1077 943 947
5783 4 2 31 1 1148 1000 1134 939
5784 4 2 31 1 60 116 61 1184
5785 4 2 31 1 590 445 577 384
5786 4 2 31 1 48 101 49 910
5787 4 2 31 1 255 284 18 2233
5788 4 2 31 1 17 244 271 1841
5789 4 2 31 1 18 284 255 2037
5790 4 2 31 1 271 244 17 1645
5791 4 2 31 1 525 392 388 585
5792 4 2 31 1 502 501 425 500
5793 4 2 31 1 2035 2030 1985 1929
5794 4 2 31 1 1643 1537 1638 1593
5795 4 2 31 1 791 796 660 803
5796 4 2 31 1 465 413 591 570
5797 4 2 31 1 676 772 806 749
5798 4 2 31 1 1054 1055 1056 980
5799 4 2 31 1 149 124 1316 1240
5800 4 2 31 1 1086 1068 995 999
5801 4 2 31 1 155 130 129 1451
5802 4 2 31 1 9 134 1447 1296
5803 4 2 31 1 128 127 152 1183
5804 4 2 31 1 1950 2012 254 1921
5805 4 2 31 1 1620 245 1558 1529
5806 4 2 31 1 2117 254 2146 2208
5807 4 2 31 1 1754 1725 245 1816
5808 4 2 31 1 73 25 24 355
5809 4 2 31 1 968 1125 1149 1020
5810 4 2 31 1 1163 990 927 1131
5811 4 2 31 1 1294 1373 1303 1233
5812 4 2 31 1 1000 1148 996 939
5813 4 2 31 1 927 1109 925 1168
5814 4 2 31 1 1862 341 2278 1860
5815 4 2 31 1 1468 2277 321 1470
5816 4 2 31 1 1029 168 167 983
5817 4 2 31 1 567 566 435 372
5818 4 2 31 1 76 26 75 477
5819 4 2 31 1 590 445 384 441
5820 4 2 31 1 440 531 514 444
5821 4 2 31 1 2037 256 2245 1860
5822 4 2 31 1 243 1645 1468 2246
5823 4 2 31 1 443 429 551 355
5824 4 2 31 1 1273 1382 1184 1388
5825 4 2 31 1 473 496 535 498
5826 4 2 31 1 645 816 647 709
5827 4 2 31 1 1139 1084 947 960
5828 4 2 31 1 1716 247 274 1820
5829 4 2 31 1 2108 252 281 2212
5830 4 2 31 1 876 766 82 697
5831 4 2 31 1 741 821 867 680
5832 4 2 31 1 1343 1266 1336 1408
5833 4 2 31 1 803 809 709 811
5834 4 2 31 1 905 833 631 645
5835 4 2 31 1 731 866 657 810
5836 4 2 31 1 984 910 1104 998
5837 4 2 31 1 1028 1052 1050 1090
5838 4 2 31 1 1832 240 1809 1717
5839 4 2 31 1 231 2201 2224 2109
5840 4 2 31 1 2028 240 1913 2005
5841 4 2 31 1 1521 231 1613 1636
5842 4 2 31 1 2148 121 2101 2196
5843 4 2 31 1 536 445 409 578
5844 4 2 31 1 862 656 661 869
5845 4 2 31 1 783 657 785 810
5846 4 2 31 1 679 877 731 810
5847 4 2 31 1 68 1608 1560 1513
5848 4 2 31 1 603 187 213 367
5849 4 2 31 1 1382 1384 1184 1308
5850 4 2 31 1 1739 2 42 1845
5851 4 2 31 1 1007 1073 982 958
5852 4 2 31 1 822 751 897 884
5853 4 2 31 1 1031 910 1104 1106
5854 4 2 31 1 37 36 88 628
5855 4 2 31 1 1744 1816 273 1653
5856 4 2 31 1 2136 2208 282 2045
5857 4 2 31 1 1940 1849 282 2012
5858 4 2 31 1 1548 1457 273 1620
5859 4 2 31 1 403 452 427 520
5860 4 2 31 1 1365 1256 1282 1270
5861 4 2 31 1 1000 1135 964 1091
5862 4 2 31 1 703 885 635 904
5863 4 2 31 1 781 655 653 783
5864 4 2 31 1 2150 2062 2061 2063
5865 4 2 31 1 1671 1670 1758 1669
5866 4 2 31 1 1866 1865 1867 1954
5867 4 2 31 1 1473 1475 1474 1562
5868 4 2 31 1 140 168 141 983
5869 4 2 31 1 877 679 865 810
5870 4 2 31 1 2207 2119 2223 2052
5871 4 2 31 1 1660 1815 1831 1727
5872 4 2 31 1 2027 2011 1856 1923
5873 4 2 31 1 1619 1531 1464 1635
5874 4 2 31 1 991 1047 1034 988
5875 4 2 31 1 678 897 884 864
5876 4 2 31 1 671 743 847 848
5877 4 2 31 1 1672 1677 1764 1761
5878 4 2 31 1 2069 2064 2153 2156
5879 4 2 31 1 1957 1960 1868 1873
5880 4 2 31 1 1568 1476 1565 1481
5881 4 2 31 1 2037 256 18 2245
5882 4 2 31 1 1645 243 17 2246
5883 4 2 31 1 1308 116 1184 1388
5884 4 2 31 1 1616 1623 1617 1486
5885 4 2 31 1 2015 2009 2008 1878
5886 4 2 31 1 2074 2211 2205 2204
5887 4 2 31 1 1819 1682 1812 1813
5888 4 2 31 1 1031 101 1110 910
5889 4 2 31 1 680 884 877 678
5890 4 2 31 1 2227 2083 2167 2077
5891 4 2 31 1 1835 1691 1775 1685
5892 4 2 31 1 1489 1639 1495 1579
5893 4 2 31 1 1881 2031 1887 1971
5894 4 2 31 1 877 680 678 679
5895 4 2 31 1 682 896 683 802
5896 4 2 31 1 2181 2115 2122 2046
5897 4 2 31 1 1789 1730 1654 1723
5898 4 2 31 1 1985 1850 1926 1919
5899 4 2 31 1 1527 1534 1458 1593
5900 4 2 31 1 357 494 433 481
5901 4 2 31 1 1310 1324 1323 1281
5902 4 2 31 1 1818 38 90 1657
5903 4 2 31 1 993 1093 1076 965
5904 4 2 31 1 698 697 766 886
5905 4 2 31 1 557 599 477 417
5906 4 2 31 1 492 481 204 436
5907 4 2 31 1 1089 964 1091 953
5908 4 2 31 1 36 87 86 1836
5909 4 2 31 1 29 30 79 1469
5910 4 2 31 1 107 53 54 1861
5911 4 2 31 1 31 32 82 1665
5912 4 2 31 1 55 56 110 2057
5913 4 2 31 1 353 180 207 571
5914 4 2 31 1 1856 1946 105 2011
5915 4 2 31 1 2052 2207 112 2142
5916 4 2 31 1 373 554 429 371
5917 4 2 31 1 1834 37 1745 1733
5918 4 2 31 1 2226 2125 61 2137
5919 4 2 31 1 2030 1941 48 1929
5920 4 2 31 1 1638 24 1537 1549
5921 4 2 31 1 1795 1673 1701 1824
5922 4 2 31 1 2187 2065 2093 2216
5923 4 2 31 1 1897 2020 1869 1991
5924 4 2 31 1 1477 1505 1628 1599
5925 4 2 31 1 199 198 226 1195
5926 4 2 31 1 662 805 801 661
5927 4 2 31 1 776 673 775 674
5928 4 2 31 1 1146 1054 952 1152
5929 4 2 31 1 397 598 588 500
5930 4 2 31 1 910 974 1110 998
5931 4 2 31 1 536 534 409 398
5932 4 2 31 1 1986 1886 1912 2044
5933 4 2 31 1 1652 1494 1594 1520
5934 4 2 31 1 2082 2108 2240 2182
5935 4 2 31 1 1690 1790 1716 1848
5936 4 2 31 1 3 7 277 1844
5937 4 2 31 1 277 7 3 1648
5938 4 2 31 1 356 465 544 570
5939 4 2 31 1 223 195 986 1126
5940 4 2 31 1 177 203 176 641
5941 4 2 31 1 1831 1730 1778 1713
5942 4 2 31 1 2170 2105 2223 2122
5943 4 2 31 1 2027 1974 1926 1909
5944 4 2 31 1 1534 1517 1635 1582
5945 4 2 31 1 655 727 779 714
5946 4 2 31 1 1894 2034 1851 1892
5947 4 2 31 1 1500 1502 1459 1642
5948 4 2 31 1 1698 1655 1838 1696
5949 4 2 31 1 2047 2090 2088 2230
5950 4 2 31 1 1119 100 47 974
5951 4 2 31 1 1344 1230 1352 1355
5952 4 2 31 1 911 1099 1125 1020
5953 4 2 31 1 1056 935 937 933
5954 4 2 31 1 1457 1520 1641 1548
5955 4 2 31 1 2033 1849 1912 1940
5956 4 2 31 1 1744 1653 1716 1837
5957 4 2 31 1 2045 2136 2229 2108
5958 4 2 31 1 147 1 5 1453
5959 4 2 31 1 147 5 1 623
5960 4 2 31 1 1679 1681 1771 1680
5961 4 2 31 1 2072 2071 2163 2073
5962 4 2 31 1 1877 1876 1875 1967
5963 4 2 31 1 1485 1484 1483 1575
5964 4 2 31 1 1526 248 276 1556
5965 4 2 31 1 251 279 1918 1948
5966 4 2 31 1 2144 251 279 2114
5967 4 2 31 1 248 276 1752 1722
5968 4 2 31 1 1565 1476 1474 1480
5969 4 2 31 1 1866 1957 1868 1872
5970 4 2 31 1 1672 1670 1676 1761
5971 4 2 31 1 2064 2062 2068 2153
5972 4 2 31 1 563 72 23 419
5973 4 2 31 1 1891 241 242 2038
5974 4 2 31 1 1499 230 229 1646
5975 4 2 31 1 1842 241 242 1695
5976 4 2 31 1 2234 230 229 2087
5977 4 2 31 1 536 445 590 398
5978 4 2 31 1 1338 1412 1213 1411
5979 4 2 31 1 502 382 378 380
5980 4 2 31 1 710 860 780 793
5981 4 2 31 1 35 36 1836 1654
5982 4 2 31 1 59 60 2228 2046
5983 4 2 31 1 652 869 656 854
5984 4 2 31 1 776 775 774 674
5985 4 2 31 1 26 25 1458 1640
5986 4 2 31 1 1850 50 49 2032
5987 4 2 31 1 766 83 32 639
5988 4 2 31 1 881 717 698 817
5989 4 2 31 1 443 555 419 355
5990 4 2 31 1 402 535 598 437
5991 4 2 31 1 1168 997 944 1143
5992 4 2 31 1 1211 1331 1332 1333
5993 4 2 31 1 1148 1091 1000 953
5994 4 2 31 1 1256 1253 1327 1255
5995 4 2 31 1 1705 1707 1765 1718
5996 4 2 31 1 2110 2097 2157 2099
5997 4 2 31 1 1511 1522 1509 1569
5998 4 2 31 1 1903 1961 1914 1901
5999 4 2 31 1 1204 1420 1406 1342
6000 4 2 31 1 782 794 658 793
6001 4 2 31 1 1962 1959 1961 1908
6002 4 2 31 1 1567 1569 1570 1516
6003 4 2 31 1 2155 2157 2104 2158
6004 4 2 31 1 1765 1712 1763 1766
6005 4 2 31 1 1573 1484 1609 1575
6006 4 2 31 1 1967 1876 1965 2001
6007 4 2 31 1 1680 1771 1769 1805
6008 4 2 31 1 2161 2163 2197 2072
6009 4 2 31 1 1152 992 957 1090
6010 4 2 31 1 1585 1587 1588 1479
6011 4 2 31 1 1979 1980 1977 1871
6012 4 2 31 1 1783 1784 1675 1781
6013 4 2 31 1 2176 2173 2067 2175
6014 4 2 31 1 1683 1696 1791 1686
6015 4 2 31 1 1882 1879 1892 1987
6016 4 2 31 1 1490 1487 1500 1595
6017 4 2 31 1 953 1089 964 963
6018 4 2 31 1 159 134 490 449
6019 4 2 31 1 564 626 529 463
6020 4 2 31 1 963 951 1132 965
6021 4 2 31 1 783 779 727 865
6022 4 2 31 1 52 51 105 924
6023 4 2 31 1 1964 1873 1965 1875
6024 4 2 31 1 1481 1573 1572 1483
6025 4 2 31 1 2069 2161 2071 2160
6026 4 2 31 1 1769 1679 1677 1768
6027 4 2 31 1 135 162 1004 1044
6028 4 2 31 1 141 142 169 693
6029 4 2 31 1 1205 1207 1211 1332
6030 4 2 31 1 766 639 697 698
6031 4 2 31 1 1144 1129 1065 930
6032 4 2 31 1 788 678 864 675
6033 4 2 31 1 1034 912 988 1048
6034 4 2 31 1 360 76 27 581
6035 4 2 31 1 553 551 355 475
6036 4 2 31 1 1396 1386 1244 1413
6037 4 2 31 1 1877 1875 1966 1967
6038 4 2 31 1 1574 1485 1483 1575
6039 4 2 31 1 1771 1770 1681 1679
6040 4 2 31 1 2071 2162 2163 2073
6041 4 2 31 1 1350 1217 1346 1223
6042 4 2 31 1 1117 1138 972 1108
6043 4 2 31 1 1868 1959 1867 1908
6044 4 2 31 1 1567 1476 1516 1475
6045 4 2 31 1 1672 1712 1671 1763
6046 4 2 31 1 2155 2063 2104 2064
6047 4 2 31 1 534 409 398 408
6048 4 2 31 1 494 495 496 434
6049 4 2 31 1 80 7 3 614
6050 4 2 31 1 794 798 799 663
6051 4 2 31 1 1447 188 9 1296
6052 4 2 31 1 658 664 710 793
6053 4 2 31 1 1412 1220 1212 1219
6054 4 2 31 1 717 719 698 817
6055 4 2 31 1 629 693 141 840
6056 4 2 31 1 581 360 76 477
6057 4 2 31 1 993 994 1093 965
6058 4 2 31 1 1551 1650 1532 1615
6059 4 2 31 1 1924 1943 2042 2007
6060 4 2 31 1 1811 1728 1747 1846
6061 4 2 31 1 2238 2120 2203 2139
6062 4 2 31 1 1113 922 1004 1044
6063 4 2 31 1 449 490 558 367
6064 4 2 31 1 853 712 814 711
6065 4 2 31 1 81 3 7 900
6066 4 2 31 1 355 555 73 475
6067 4 2 31 1 1361 1412 1212 1408
6068 4 2 31 1 1192 111 57 1414
6069 4 2 31 1 795 718 701 813
6070 4 2 31 1 1231 1229 1230 1366
6071 4 2 31 1 727 657 653 783
6072 4 2 31 1 94 2 42 750
6073 4 2 31 1 1316 1427 149 1240
6074 4 2 31 1 979 1111 98 1035
6075 4 2 31 1 1232 1230 1274 1344
6076 4 2 31 1 717 881 811 817
6077 4 2 31 1 1306 194 221 1182
6078 4 2 31 1 700 866 657 718
6079 4 2 31 1 213 186 187 691
6080 4 2 31 1 113 114 59 1413
6081 4 2 31 1 1394 129 1185 1451
6082 4 2 31 1 1218 1347 1423 1217
6083 4 2 31 1 50 103 104 1138
6084 4 2 31 1 57 112 1198 1414
6085 4 2 31 1 1215 1347 1218 1217
6086 4 2 31 1 2207 112 58 2052
6087 4 2 31 1 105 51 1856 2011
6088 4 2 31 1 755 888 823 729
6089 4 2 31 1 342 2037 2245 1860
6090 4 2 31 1 322 1468 1645 2246
6091 4 2 31 1 80 3 7 1648
6092 4 2 31 1 7 3 81 1844
6093 4 2 31 1 129 154 153 428
6094 4 2 31 1 1532 1650 1551 1463
6095 4 2 31 1 1924 2042 1943 1855
6096 4 2 31 1 1747 1728 1659 1846
6097 4 2 31 1 2051 2120 2238 2139
6098 4 2 31 1 405 391 392 585
6099 4 2 31 1 1382 1251 1273 1184
6100 4 2 31 1 809 702 709 719
6101 4 2 31 1 1435 110 55 1247
6102 4 2 31 1 566 435 372 374
6103 4 2 31 1 825 862 661 869
6104 4 2 31 1 713 661 656 869
6105 4 2 31 1 1609 1484 1573 1482
6106 4 2 31 1 1876 1874 1965 2001
6107 4 2 31 1 2070 2161 2197 2072
6108 4 2 31 1 1680 1769 1678 1805
6109 4 2 31 1 2221 2180 2113 2174
6110 4 2 31 1 1782 1829 1721 1788
6111 4 2 31 1 2025 1978 1917 1984
6112 4 2 31 1 1525 1592 1633 1586
6113 4 2 31 1 673 777 775 675
6114 4 2 31 1 383 516 508 515
6115 4 2 31 1 1245 1273 1184 1388
6116 4 2 31 1 1081 994 1093 993
6117 4 2 31 1 441 590 445 398
6118 4 2 31 1 1107 984 928 926
6119 4 2 31 1 996 1148 1000 953
6120 4 2 31 1 375 513 565 587
6121 4 2 31 1 995 1085 1068 1086
6122 4 2 31 1 684 853 798 711
6123 4 2 31 1 1108 1138 915 1161
6124 4 2 31 1 1070 938 1069 1062
6125 4 2 31 1 1668 1742 1738 1670
6126 4 2 31 1 2134 2130 2060 2062
6127 4 2 31 1 1934 1864 1866 1938
6128 4 2 31 1 1542 1472 1474 1546
6129 4 2 31 1 371 370 610 360
6130 4 2 31 1 766 698 886 881
6131 4 2 31 1 867 877 731 680
6132 4 2 31 1 610 599 606 371
6133 4 2 31 1 766 639 698 881
6134 4 2 31 1 796 701 660 702
6135 4 2 31 1 487 176 202 450
6136 4 2 31 1 922 1042 189 1156
6137 4 2 31 1 530 531 514 440
6138 4 2 31 1 94 42 2 1845
6139 4 2 31 1 960 947 1139 946
6140 4 2 31 1 424 556 70 482
6141 4 2 31 1 701 704 812 813
6142 4 2 31 1 744 901 839 693
6143 4 2 31 1 276 277 249 1629
6144 4 2 31 1 250 279 278 2021
6145 4 2 31 1 249 277 276 1825
6146 4 2 31 1 250 278 279 2217
6147 4 2 31 1 940 948 1134 1071
6148 4 2 31 1 928 1144 1153 929
6149 4 2 31 1 1894 1981 2034 1892
6150 4 2 31 1 1502 1500 1589 1642
6151 4 2 31 1 1838 1785 1698 1696
6152 4 2 31 1 2088 2090 2177 2230
6153 4 2 31 1 1385 1251 1200 1202
6154 4 2 31 1 1453 1322 147 1292
6155 4 2 31 1 697 876 886 836
6156 4 2 31 1 276 1629 1526 1556
6157 4 2 31 1 2021 1918 279 1948
6158 4 2 31 1 2217 2144 279 2114
6159 4 2 31 1 276 1752 1722 1825
6160 4 2 31 1 408 410 396 583
6161 4 2 31 1 492 177 203 366
6162 4 2 31 1 385 393 577 518
6163 4 2 31 1 1417 1412 1220 1361
6164 4 2 31 1 225 991 1046 1034
6165 4 2 31 1 857 139 166 692
6166 4 2 31 1 278 4 8 2236
6167 4 2 31 1 278 8 4 2040
6168 4 2 31 1 1076 1081 1093 993
6169 4 2 31 1 704 701 718 813
6170 4 2 31 1 604 401 402 397
6171 4 2 31 1 862 656 659 661
6172 4 2 31 1 1254 1351 1419 1265
6173 4 2 31 1 1321 134 159 1197
6174 4 2 31 1 195 222 194 908
6175 4 2 31 1 1339 1347 1214 1346
6176 4 2 31 1 907 687 35 892
6177 4 2 31 1 952 957 956 1160
6178 4 2 31 1 1673 1762 1795 1669
6179 4 2 31 1 2065 2187 2061 2154
6180 4 2 31 1 1865 1869 1958 1991
6181 4 2 31 1 1473 1477 1566 1599
6182 4 2 31 1 802 682 804 662
6183 4 2 31 1 80 30 79 489
6184 4 2 31 1 929 930 1065 931
6185 4 2 31 1 1880 1995 1894 1970
6186 4 2 31 1 1603 1502 1488 1578
6187 4 2 31 1 1698 1774 1799 1684
6188 4 2 31 1 2090 2076 2166 2191
6189 4 2 31 1 1386 1438 1189 1413
6190 4 2 31 1 1361 1266 1343 1408
6191 4 2 31 1 1671 1762 1758 1760
6192 4 2 31 1 2063 2154 2150 2152
6193 4 2 31 1 1564 1475 1566 1562
6194 4 2 31 1 1867 1958 1956 1954
6195 4 2 31 1 862 801 805 661
6196 4 2 31 1 134 160 9 1447
6197 4 2 31 1 683 814 712 711
6198 4 2 31 1 923 173 146 1045
6199 4 2 31 1 744 738 901 693
6200 4 2 31 1 2052 2105 2223 2222
6201 4 2 31 1 1660 1831 1830 1713
6202 4 2 31 1 2027 1856 2026 1909
6203 4 2 31 1 1635 1517 1464 1634
6204 4 2 31 1 604 535 598 402
6205 4 2 31 1 666 807 901 841
6206 4 2 31 1 925 926 915 1161
6207 4 2 31 1 957 1160 1152 1090
6208 4 2 31 1 81 82 31 876
6209 4 2 31 1 1438 1199 1200 1189
6210 4 2 31 1 1135 1008 1098 948
6211 4 2 31 1 866 700 789 795
6212 4 2 31 1 2110 2081 2169 2122
6213 4 2 31 1 1718 1777 1730 1689
6214 4 2 31 1 1973 1914 1926 1885
6215 4 2 31 1 1581 1534 1493 1522
6216 4 2 31 1 168 167 140 754
6217 4 2 31 1 214 10 9 613
6218 4 2 31 1 9 10 215 1447
6219 4 2 31 1 215 10 9 1171
6220 4 2 31 1 9 10 214 899
6221 4 2 31 1 950 955 949 1072
6222 4 2 31 1 578 453 543 393
6223 4 2 31 1 97 44 45 2000
6224 4 2 31 1 69 20 21 1608
6225 4 2 31 1 92 40 41 1804
6226 4 2 31 1 120 64 65 2196
6227 4 2 31 1 395 400 394 519
6228 4 2 31 1 685 756 897 856
6229 4 2 31 1 701 700 718 795
6230 4 2 31 1 8 4 228 1445
6231 4 2 31 1 4 8 228 1169
6232 4 2 31 1 457 593 604 402
6233 4 2 31 1 595 373 587 374
6234 4 2 31 1 689 749 806 852
6235 4 2 31 1 1012 957 1151 1160
6236 4 2 31 1 1245 117 62 1398
6237 4 2 31 1 713 650 878 787
6238 4 2 31 1 936 942 1059 934
6239 4 2 31 1 379 381 505 387
6240 4 2 31 1 4 8 109 1445
6241 4 2 31 1 8 4 108 1169
6242 4 2 31 1 105 1037 1140 924
6243 4 2 31 1 1234 1355 1232 1358
6244 4 2 31 1 168 754 629 840
6245 4 2 31 1 930 1065 1144 929
6246 4 2 31 1 1417 1437 1220 1227
6247 4 2 31 1 267 239 1748 1715
6248 4 2 31 1 2107 232 260 2140
6249 4 2 31 1 1944 239 267 1911
6250 4 2 31 1 260 232 1519 1552
6251 4 2 31 1 376 513 375 374
6252 4 2 31 1 1590 1643 1527 1509
6253 4 2 31 1 1901 1919 2035 1982
6254 4 2 31 1 721 628 699 828
6255 4 2 31 1 2228 2125 2181 2046
6256 4 2 31 1 1654 1836 1789 1733
6257 4 2 31 1 1640 1537 1458 1593
6258 4 2 31 1 1985 2032 1850 1929
6259 4 2 31 1 438 527 407 525
6260 4 2 31 1 1474 1563 1565 1480
6261 4 2 31 1 1866 1955 1957 1872
6262 4 2 31 1 1759 1676 1670 1761
6263 4 2 31 1 2153 2062 2068 2151
6264 4 2 31 1 562 179 205 357
6265 4 2 31 1 443 552 455 419
6266 4 2 31 1 105 51 52 1856
6267 4 2 31 1 1268 1221 1348 1354
6268 4 2 31 1 1285 1256 1365 1403
6269 4 2 31 1 1328 1252 1330 1407
6270 4 2 31 1 527 407 467 439
6271 4 2 31 1 57 58 112 2052
6272 4 2 31 1 912 224 196 1118
6273 4 2 31 1 879 736 671 890
6274 4 2 31 1 1449 66 121 1275
6275 4 2 31 1 893 689 638 870
6276 4 2 31 1 1837 1737 1806 1822
6277 4 2 31 1 2229 2198 2214 2129
6278 4 2 31 1 2002 2018 1933 2033
6279 4 2 31 1 1626 1641 1541 1610
6280 4 2 31 1 1229 1220 1437 1227
6281 4 2 31 1 1812 1707 1765 1705
6282 4 2 31 1 2097 2157 2099 2204
6283 4 2 31 1 1511 1509 1616 1569
6284 4 2 31 1 1961 1903 2008 1901
6285 4 2 31 1 587 375 513 374
6286 4 2 31 1 731 657 866 718
6287 4 2 31 1 676 774 773 674
6288 4 2 31 1 1105 998 974 1010
6289 4 2 31 1 25 75 74 1640
6290 4 2 31 1 381 388 391 510
6291 4 2 31 1 1746 35 86 1836
6292 4 2 31 1 1640 26 75 1550
6293 4 2 31 1 724 176 175 836
6294 4 2 31 1 225 197 1310 1281
6295 4 2 31 1 576 441 379 387
6296 4 2 31 1 586 492 366 436
6297 4 2 31 1 850 791 660 803
6298 4 2 31 1 1263 1367 1218 1228
6299 4 2 31 1 378 503 504 379
6300 4 2 31 1 1058 1057 934 933
6301 4 2 31 1 109 8 4 2236
6302 4 2 31 1 108 4 8 2040
6303 4 2 31 1 788 877 884 678
6304 4 2 31 1 1272 1419 1433 1269
6305 4 2 31 1 943 936 1064 946
6306 4 2 31 1 934 942 1133 996
6307 4 2 31 1 423 594 620 363
6308 4 2 31 1 1360 1416 1238 1425
6309 4 2 31 1 580 458 579 446
6310 4 2 31 1 429 532 373 399
6311 4 2 31 1 1004 1014 922 1113
6312 4 2 31 1 737 882 630 685
6313 4 2 31 1 1434 216 188 1277
6314 4 2 31 1 517 583 396 524
6315 4 2 31 1 641 203 176 763
6316 4 2 31 1 767 42 93 745
6317 4 2 31 1 2223 2207 2052 2222
6318 4 2 31 1 1815 1831 1830 1660
6319 4 2 31 1 2011 1856 2026 2027
6320 4 2 31 1 1464 1619 1635 1634
6321 4 2 31 1 558 459 449 367
6322 4 2 31 1 1305 1238 1289 1399
6323 4 2 31 1 1808 1787 1678 1767
6324 4 2 31 1 2070 2179 2159 2200
6325 4 2 31 1 1591 1571 1612 1482
6326 4 2 31 1 437 397 425 500
6327 4 2 31 1 1635 1531 1517 1534
6328 4 2 31 1 2027 1926 1923 1909
6329 4 2 31 1 1713 1831 1730 1727
6330 4 2 31 1 2105 2119 2223 2122
6331 4 2 31 1 980 1054 992 952
6332 4 2 31 1 491 623 147 461
6333 4 2 31 1 1079 1135 1098 948
6334 4 2 31 1 832 665 648 650
6335 4 2 31 1 1237 1279 1456 1441
6336 4 2 31 1 418 186 367 486
6337 4 2 31 1 1395 1293 1294 1394
6338 4 2 31 1 543 523 578 393
6339 4 2 31 1 439 547 471 361
6340 4 2 31 1 753 36 87 907
6341 4 2 31 1 515 588 506 382
6342 4 2 31 1 973 1042 189 922
6343 4 2 31 1 194 222 195 1258
6344 4 2 31 1 2181 2169 2225 2122
6345 4 2 31 1 1789 1777 1833 1730
6346 4 2 31 1 1973 1926 1985 2029
6347 4 2 31 1 1581 1534 1593 1637
6348 4 2 31 1 2201 230 257 2234
6349 4 2 31 1 1809 241 270 1842
6350 4 2 31 1 1646 230 257 1613
6351 4 2 31 1 241 270 2038 2005
6352 4 2 31 1 1932 4 54 2040
6353 4 2 31 1 30 3 1648 1540
6354 4 2 31 1 1736 31 3 1844
6355 4 2 31 1 4 55 2236 2128
6356 4 2 31 1 1758 1762 1671 1669
6357 4 2 31 1 2154 2150 2061 2063
6358 4 2 31 1 1958 1867 1865 1954
6359 4 2 31 1 1566 1475 1473 1562
6360 4 2 31 1 1087 928 984 954
6361 4 2 31 1 1069 1060 937 1146
6362 4 2 31 1 112 58 57 1198
6363 4 2 31 1 1251 1224 1202 1364
6364 4 2 31 1 356 413 465 570
6365 4 2 31 1 1705 1765 1812 1786
6366 4 2 31 1 2097 2178 2157 2204
6367 4 2 31 1 1509 1590 1616 1569
6368 4 2 31 1 1901 2008 1961 1982
6369 4 2 31 1 672 806 847 743
6370 4 2 31 1 2123 2180 2175 2080
6371 4 2 31 1 1731 1783 1688 1788
6372 4 2 31 1 1492 1535 1592 1587
6373 4 2 31 1 1884 1927 1984 1979
6374 4 2 31 1 1960 1868 1903 1959
6375 4 2 31 1 1476 1567 1511 1568
6376 4 2 31 1 1764 1672 1763 1707
6377 4 2 31 1 2064 2099 2155 2156
6378 4 2 31 1 968 911 1125 1020
6379 4 2 31 1 629 738 693 840
6380 4 2 31 1 760 85 34 631
6381 4 2 31 1 1324 1310 1186 1281
6382 4 2 31 1 1305 1441 1311 1249
6383 4 2 31 1 794 658 664 663
6384 4 2 31 1 1134 1061 1148 939
6385 4 2 31 1 1912 253 252 1940
6386 4 2 31 1 1520 246 247 1548
6387 4 2 31 1 1877 1881 1880 1968
6388 4 2 31 1 1488 1485 1489 1576
6389 4 2 31 1 1772 1684 1681 1685
6390 4 2 31 1 2076 2073 2164 2077
6391 4 2 31 1 645 833 646 898
6392 4 2 31 1 749 772 806 852
6393 4 2 31 1 1966 1875 1965 1967
6394 4 2 31 1 1483 1573 1574 1575
6395 4 2 31 1 2163 2162 2071 2161
6396 4 2 31 1 1771 1770 1679 1769
6397 4 2 31 1 1109 1108 926 1161
6398 4 2 31 1 369 77 28 483
6399 4 2 31 1 203 204 177 492
6400 4 2 31 1 663 807 666 797
6401 4 2 31 1 577 507 590 384
6402 4 2 31 1 60 115 114 2228
6403 4 2 31 1 1648 3 249 1540
6404 4 2 31 1 3 249 1736 1844
6405 4 2 31 1 1932 250 4 2040
6406 4 2 31 1 2236 250 4 2128
6407 4 2 31 1 357 205 562 481
6408 4 2 31 1 222 194 908 1030
6409 4 2 31 1 2000 45 1943 1855
6410 4 2 31 1 1608 21 1551 1463
6411 4 2 31 1 1804 40 1659 1747
6412 4 2 31 1 2196 64 2051 2139
6413 4 2 31 1 779 715 778 780
6414 4 2 31 1 1410 1355 1234 1358
6415 4 2 31 1 103 102 49 2032
6416 4 2 31 1 814 800 853 711
6417 4 2 31 1 649 648 650 851
6418 4 2 31 1 2138 59 114 2228
6419 4 2 31 1 1364 1385 1251 1384
6420 4 2 31 1 1387 1438 1200 1386
6421 4 2 31 1 9 161 1023 1171
6422 4 2 31 1 9 160 468 613
6423 4 2 31 1 2032 50 103 1942
6424 4 2 31 1 1623 1508 1617 1486
6425 4 2 31 1 2009 2015 1900 1878
6426 4 2 31 1 1813 1819 1682 1704
6427 4 2 31 1 2096 2074 2211 2205
6428 4 2 31 1 563 455 552 419
6429 4 2 31 1 1795 1762 1673 1824
6430 4 2 31 1 2154 2065 2187 2216
6431 4 2 31 1 1566 1477 1628 1599
6432 4 2 31 1 2020 1958 1869 1991
6433 4 2 31 1 1266 1208 1210 1336
6434 4 2 31 1 974 1119 1105 1010
6435 4 2 31 1 882 737 756 685
6436 4 2 31 1 93 41 1709 1804
6437 4 2 31 1 2228 60 2125 2046
6438 4 2 31 1 819 728 706 820
6439 4 2 31 1 36 1836 1654 1733
6440 4 2 31 1 25 1537 1458 1640
6441 4 2 31 1 2032 49 1850 1929
6442 4 2 31 1 1087 1106 984 1107
6443 4 2 31 1 98 1943 1904 2006
6444 4 2 31 1 2100 119 2202 2139
6445 4 2 31 1 1072 1070 950 1147
6446 4 2 31 1 481 357 178 436
6447 4 2 31 1 997 924 1140 1141
6448 4 2 31 1 787 713 650 652
6449 4 2 31 1 1134 939 948 940
6450 4 2 31 1 1512 70 1551 1614
6451 4 2 31 1 1857 280 251 1948
6452 4 2 31 1 275 248 1465 1556
6453 4 2 31 1 1752 275 248 1661
6454 4 2 31 1 280 251 2144 2053
6455 4 2 31 1 519 516 395 589
6456 4 2 31 1 9 161 899 735
6457 4 2 31 1 808 664 793 668
6458 4 2 31 1 1139 1067 1064 943
6459 4 2 31 1 388 510 512 585
6460 4 2 31 1 1416 1280 1238 1425
6461 4 2 31 1 894 649 790 851
6462 4 2 31 1 86 36 35 907
6463 4 2 31 1 577 384 393 385
6464 4 2 31 1 1252 1407 1216 1203
6465 4 2 31 1 42 93 1709 1756
6466 4 2 31 1 56 111 57 1192
6467 4 2 31 1 83 33 32 639
6468 4 2 31 1 122 66 1449 1292
6469 4 2 31 1 1733 1745 1834 1706
6470 4 2 31 1 2226 2098 2125 2137
6471 4 2 31 1 54 53 107 977
6472 4 2 31 1 79 30 29 422
6473 4 2 31 1 585 405 592 529
6474 4 2 31 1 226 198 921 1046
6475 4 2 31 1 134 159 133 449
6476 4 2 31 1 136 135 162 1004
6477 4 2 31 1 390 588 515 382
6478 4 2 31 1 1351 1419 1418 1254
6479 4 2 31 1 738 732 842 629
6480 4 2 31 1 653 785 784 783
6481 4 2 31 1 1069 937 945 1146
6482 4 2 31 1 1389 1249 1279 1193
6483 4 2 31 1 1249 1311 119 1389
6484 4 2 31 1 647 816 645 898
6485 4 2 31 1 1764 1763 1765 1707
6486 4 2 31 1 2157 2155 2099 2156
6487 4 2 31 1 1567 1569 1511 1568
6488 4 2 31 1 1959 1903 1960 1961
6489 4 2 31 1 721 699 888 828
6490 4 2 31 1 1289 1383 1273 1245
6491 4 2 31 1 950 1007 966 1147
6492 4 2 31 1 1285 1426 1365 1282
6493 4 2 31 1 474 153 154 428
6494 4 2 31 1 149 124 420 485
6495 4 2 31 1 395 452 411 589
6496 4 2 31 1 1271 1223 1422 1261
6497 4 2 31 1 1700 1675 1690 1784
6498 4 2 31 1 2176 2067 2092 2082
6499 4 2 31 1 1871 1886 1980 1896
6500 4 2 31 1 1588 1494 1504 1479
6501 4 2 31 1 1266 1212 1208 1408
6502 4 2 31 1 602 487 202 450
6503 4 2 31 1 1956 1955 1957 1866
6504 4 2 31 1 1563 1565 1564 1474
6505 4 2 31 1 2153 2152 2062 2151
6506 4 2 31 1 1670 1759 1761 1760
6507 4 2 31 1 170 142 634 839
6508 4 2 31 1 912 1034 224 1118
6509 4 2 31 1 590 533 536 398
6510 4 2 31 1 1084 1139 1150 960
6511 4 2 31 1 955 949 1072 1078
6512 4 2 31 1 199 227 200 1400
6513 4 2 31 1 456 465 403 541
6514 4 2 31 1 799 862 855 659
6515 4 2 31 1 1695 1809 241 1717
6516 4 2 31 1 1891 1913 241 2005
6517 4 2 31 1 230 2201 2109 2087
6518 4 2 31 1 1499 1521 230 1613
6519 4 2 31 1 493 433 494 481
6520 4 2 31 1 149 420 596 485
6521 4 2 31 1 2125 61 60 2226
6522 4 2 31 1 1834 36 37 1733
6523 4 2 31 1 2030 48 49 1929
6524 4 2 31 1 25 24 1537 1638
6525 4 2 31 1 1192 1269 1432 1414
6526 4 2 31 1 400 394 519 522
6527 4 2 31 1 1011 1096 1020 958
6528 4 2 31 1 527 528 407 525
6529 4 2 31 1 708 753 628 829
6530 4 2 31 1 1660 84 33 1750
6531 4 2 31 1 432 494 496 434
6532 4 2 31 1 1088 1091 1148 953
6533 4 2 31 1 197 991 1034 912
6534 4 2 31 1 1554 77 28 1464
6535 4 2 31 1 554 553 532 429
6536 4 2 31 1 9 161 135 1023
6537 4 2 31 1 9 160 134 468
6538 4 2 31 1 649 786 790 851
6539 4 2 31 1 997 1168 1141 1143
6540 4 2 31 1 866 731 718 867
6541 4 2 31 1 798 807 663 797
6542 4 2 31 1 1207 1261 1211 1333
6543 4 2 31 1 971 1027 1130 1033
6544 4 2 31 1 416 472 575 478
6545 4 2 31 1 1915 1880 1887 1971
6546 4 2 31 1 1523 1488 1495 1579
6547 4 2 31 1 1775 1719 1684 1691
6548 4 2 31 1 2167 2111 2076 2083
6549 4 2 31 1 994 1022 962 1136
6550 4 2 31 1 1995 1981 1894 1970
6551 4 2 31 1 1603 1589 1502 1578
6552 4 2 31 1 1774 1799 1785 1698
6553 4 2 31 1 2177 2090 2166 2191
6554 4 2 31 1 644 84 34 760
6555 4 2 31 1 1494 1587 1492 1479
6556 4 2 31 1 1979 1884 1886 1871
6557 4 2 31 1 1675 1690 1783 1688
6558 4 2 31 1 2082 2175 2067 2080
6559 4 2 31 1 1260 1287 1376 1182
6560 4 2 31 1 787 869 713 652
6561 4 2 31 1 128 129 153 428
6562 4 2 31 1 736 633 857 692
6563 4 2 31 1 1069 1073 945 982
6564 4 2 31 1 427 515 390 520
6565 4 2 31 1 455 564 463 358
6566 4 2 31 1 1120 913 1018 1010
6567 4 2 31 1 422 29 79 584
6568 4 2 31 1 130 155 472 478
6569 4 2 31 1 1708 91 1810 1747
6570 4 2 31 1 1306 222 194 1258
6571 4 2 31 1 873 699 628 828
6572 4 2 31 1 1777 1718 1730 1723
6573 4 2 31 1 2115 2110 2169 2122
6574 4 2 31 1 1527 1534 1581 1522
6575 4 2 31 1 1914 1926 1919 1973
6576 4 2 31 1 951 993 1076 965
6577 4 2 31 1 1183 152 128 1307
6578 4 2 31 1 793 664 710 668
6579 4 2 31 1 2245 18 2037 342
6580 4 2 31 1 322 1645 17 2246
6581 4 2 31 1 1399 1289 1305 1398
6582 4 2 31 1 1127 1015 1028 1090
6583 4 2 31 1 460 572 535 473
6584 4 2 31 1 1231 1295 1366 1442
6585 4 2 31 1 1402 223 195 1259
6586 4 2 31 1 1399 1238 1289 1383
6587 4 2 31 1 1414 112 1198 1314
6588 4 2 31 1 211 185 762 716
6589 4 2 31 1 986 1015 1127 1126
6590 4 2 31 1 721 824 722 826
6591 4 2 31 1 571 180 206 431
6592 4 2 31 1 431 572 571 460
6593 4 2 31 1 825 661 805 722
6594 4 2 31 1 1215 1221 1348 1268
6595 4 2 31 1 1246 129 1185 1394
6596 4 2 31 1 1047 1034 988 1048
6597 4 2 31 1 897 751 822 685
6598 4 2 31 1 647 649 894 648
6599 4 2 31 1 133 159 134 1197
6600 4 2 31 1 363 620 600 483
6601 4 2 31 1 458 600 580 568
6602 4 2 31 1 391 405 592 585
6603 4 2 31 1 86 87 36 907
6604 4 2 31 1 214 213 187 768
6605 4 2 31 1 1054 1053 1055 980
6606 4 2 31 1 879 671 848 890
6607 4 2 31 1 137 163 136 638
6608 4 2 31 1 629 842 738 841
6609 4 2 31 1 2095 2165 2112 2211
6610 4 2 31 1 1773 1703 1819 1720
6611 4 2 31 1 1524 1577 1507 1623
6612 4 2 31 1 1916 1899 2015 1969
6613 4 2 31 1 1201 1439 1444 1387
6614 4 2 31 1 1217 1214 1346 1223
6615 4 2 31 1 43 44 96 1905
6616 4 2 31 1 1914 1961 1903 1908
6617 4 2 31 1 1569 1511 1522 1516
6618 4 2 31 1 2157 2104 2110 2099
6619 4 2 31 1 1712 1765 1707 1718
6620 4 2 31 1 1354 1268 1283 1233
6621 4 2 31 1 1257 1255 1326 1254
6622 4 2 31 1 676 773 772 686
6623 4 2 31 1 2175 2082 2182 2123
6624 4 2 31 1 1783 1690 1790 1731
6625 4 2 31 1 1886 1986 1927 1979
6626 4 2 31 1 1494 1535 1587 1594
6627 4 2 31 1 499 425 501 500
6628 4 2 31 1 1571 1480 1482 1481
6629 4 2 31 1 1963 1873 1872 1874
6630 4 2 31 1 1677 1676 1678 1767
6631 4 2 31 1 2069 2068 2070 2159
6632 4 2 31 1 1915 1995 1999 1911
6633 4 2 31 1 1519 1523 1607 1603
6634 4 2 31 1 1799 1803 1715 1719
6635 4 2 31 1 2107 2111 2191 2195
6636 4 2 31 1 960 1139 1150 946
6637 4 2 31 1 538 547 527 467
6638 4 2 31 1 1512 1532 1551 1463
6639 4 2 31 1 1943 1904 1924 1855
6640 4 2 31 1 1708 1728 1659 1747
6641 4 2 31 1 2120 2051 2100 2139
6642 4 2 31 1 1356 1232 1358 1235
6643 4 2 31 1 672 776 673 670
6644 4 2 31 1 1109 927 1163 1168
6645 4 2 31 1 33 83 858 639
6646 4 2 31 1 1551 1532 1512 1615
6647 4 2 31 1 1924 1904 1943 2007
6648 4 2 31 1 1811 1728 1708 1747
6649 4 2 31 1 2120 2100 2203 2139
6650 4 2 31 1 2000 96 44 1905
6651 4 2 31 1 225 226 198 1323
6652 4 2 31 1 198 226 225 1046
6653 4 2 31 1 631 833 687 646
6654 4 2 31 1 1221 1452 1241 1222
6655 4 2 31 1 1373 1294 1381 1375
6656 4 2 31 1 1185 129 130 1451
6657 4 2 31 1 1184 116 61 1388
6658 4 2 31 1 1420 1203 1204 1202
6659 4 2 31 1 1657 90 1818 1810
6660 4 2 31 1 101 48 1110 910
6661 4 2 31 1 575 474 154 428
6662 4 2 31 1 200 228 4 1445
6663 4 2 31 1 4 228 200 1169
6664 4 2 31 1 998 974 1110 1105
6665 4 2 31 1 1774 1771 1772 1681
6666 4 2 31 1 2164 2166 2163 2073
6667 4 2 31 1 1575 1576 1485 1578
6668 4 2 31 1 1877 1968 1970 1967
6669 4 2 31 1 1280 1274 1210 1341
6670 4 2 31 1 687 892 833 631
6671 4 2 31 1 1130 1029 167 983
6672 4 2 31 1 366 446 586 436
6673 4 2 31 1 277 249 1629 1648
6674 4 2 31 1 2021 278 250 2040
6675 4 2 31 1 249 277 1825 1844
6676 4 2 31 1 278 250 2236 2217
6677 4 2 31 1 1921 1906 2024 1898
6678 4 2 31 1 1632 1529 1514 1506
6679 4 2 31 1 1710 1702 1725 1828
6680 4 2 31 1 2102 2094 2117 2220
6681 4 2 31 1 1660 1815 84 1750
6682 4 2 31 1 832 878 650 851
6683 4 2 31 1 555 73 24 355
6684 4 2 31 1 806 847 774 672
6685 4 2 31 1 706 752 730 819
6686 4 2 31 1 2180 2175 2182 2123
6687 4 2 31 1 1731 1790 1783 1788
6688 4 2 31 1 1986 1984 1927 1979
6689 4 2 31 1 1587 1535 1592 1594
6690 4 2 31 1 2049 118 62 2210
6691 4 2 31 1 2014 99 47 1853
6692 4 2 31 1 830 646 831 708
6693 4 2 31 1 177 204 203 872
6694 4 2 31 1 1032 142 169 909
6695 4 2 31 1 720 838 896 846
6696 4 2 31 1 498 598 535 437
6697 4 2 31 1 552 443 555 419
6698 4 2 31 1 1464 1554 77 1619
6699 4 2 31 1 1381 1294 1185 1394
6700 4 2 31 1 1235 1359 1236 1237
6701 4 2 31 1 1118 223 196 986
6702 4 2 31 1 972 1117 1108 1106
6703 4 2 31 1 1249 119 64 1389
6704 4 2 31 1 1461 23 71 1622
6705 4 2 31 1 1080 955 1072 1078
6706 4 2 31 1 873 89 699 755
6707 4 2 31 1 176 203 177 366
6708 4 2 31 1 1384 1386 1244 1396
6709 4 2 31 1 1681 1684 1774 1683
6710 4 2 31 1 2166 2075 2073 2076
6711 4 2 31 1 1487 1485 1488 1578
6712 4 2 31 1 1879 1877 1880 1970
6713 4 2 31 1 201 7 3 900
6714 4 2 31 1 226 198 199 921
6715 4 2 31 1 1881 1969 1916 2031
6716 4 2 31 1 1489 1577 1524 1639
6717 4 2 31 1 2227 2077 2165 2112
6718 4 2 31 1 1835 1685 1773 1720
6719 4 2 31 1 1052 992 1152 1090
6720 4 2 31 1 1676 1677 1672 1761
6721 4 2 31 1 2068 2069 2064 2153
6722 4 2 31 1 1565 1476 1480 1481
6723 4 2 31 1 1868 1957 1873 1872
6724 4 2 31 1 828 628 753 829
6725 4 2 31 1 663 664 794 797
6726 4 2 31 1 579 495 493 433
6727 4 2 31 1 2226 60 2125 2228
6728 4 2 31 1 1836 36 1834 1733
6729 4 2 31 1 49 2032 2030 1929
6730 4 2 31 1 25 1537 1640 1638
6731 4 2 31 1 363 422 594 584
6732 4 2 31 1 1077 962 1081 993
6733 4 2 31 1 741 704 813 819
6734 4 2 31 1 201 3 7 614
6735 4 2 31 1 1233 1374 1219 1227
6736 4 2 31 1 1037 51 915 924
6737 4 2 31 1 461 491 19 616
6738 4 2 31 1 977 107 54 1159
6739 4 2 31 1 526 400 519 522
6740 4 2 31 1 653 651 652 784
6741 4 2 31 1 933 980 1055 931
6742 4 2 31 1 1441 1399 1305 1311
6743 4 2 31 1 795 701 812 813
6744 4 2 31 1 857 633 139 692
6745 4 2 31 1 727 653 655 783
6746 4 2 31 1 1448 1283 1243 1373
6747 4 2 31 1 378 425 501 376
6748 4 2 31 1 1111 98 45 979
6749 4 2 31 1 410 438 396 524
6750 4 2 31 1 172 145 975 1123
6751 4 2 31 1 2031 1924 1881 1887
6752 4 2 31 1 1639 1532 1489 1495
6753 4 2 31 1 1685 1835 1691 1728
6754 4 2 31 1 2077 2227 2083 2120
6755 4 2 31 1 646 631 833 645
6756 4 2 31 1 992 1050 1051 989
6757 4 2 31 1 146 2 174 750
6758 4 2 31 1 581 77 27 369
6759 4 2 31 1 665 708 829 832
6760 4 2 31 1 1423 1349 1347 1218
6761 4 2 31 1 121 65 66 2101
6762 4 2 31 1 489 422 79 584
6763 4 2 31 1 497 496 434 437
6764 4 2 31 1 129 154 155 1451
6765 4 2 31 1 68 19 20 1513
6766 4 2 31 1 896 682 720 846
6767 4 2 31 1 94 42 93 767
6768 4 2 31 1 691 187 213 768
6769 4 2 31 1 1418 1257 1326 1254
6770 4 2 31 1 130 155 1309 1451
6771 4 2 31 1 515 383 390 382
6772 4 2 31 1 428 575 605 416
6773 4 2 31 1 1130 1162 983 971
6774 4 2 31 1 1703 1772 1681 1685
6775 4 2 31 1 2077 2073 2164 2095
6776 4 2 31 1 1485 1507 1489 1576
6777 4 2 31 1 1877 1899 1881 1968
6778 4 2 31 1 77 28 27 369
6779 4 2 31 1 786 651 785 784
6780 4 2 31 1 714 779 655 715
6781 4 2 31 1 1986 1886 2002 1979
6782 4 2 31 1 1494 1587 1610 1594
6783 4 2 31 1 1806 1690 1790 1783
6784 4 2 31 1 2082 2198 2175 2182
6785 4 2 31 1 1069 945 937 938
6786 4 2 31 1 539 598 588 397
6787 4 2 31 1 734 671 736 890
6788 4 2 31 1 1067 1077 1076 993
6789 4 2 31 1 628 753 88 873
6790 4 2 31 1 121 65 2101 2196
6791 4 2 31 1 1777 1765 1718 1786
6792 4 2 31 1 2110 2178 2169 2157
6793 4 2 31 1 1522 1581 1590 1569
6794 4 2 31 1 1961 1914 1982 1973
6795 4 2 31 1 952 1094 1146 1152
6796 4 2 31 1 202 175 602 450
6797 4 2 31 1 442 389 569 568
6798 4 2 31 1 442 569 370 621
6799 4 2 31 1 1608 68 20 1513
6800 4 2 31 1 1162 1176 1025 1008
6801 4 2 31 1 1292 66 1449 1275
6802 4 2 31 1 1022 1083 962 1136
6803 4 2 31 1 1950 255 284 2037
6804 4 2 31 1 271 244 1645 1558
6805 4 2 31 1 2233 255 284 2146
6806 4 2 31 1 1754 271 244 1841
6807 4 2 31 1 593 353 571 460
6808 4 2 31 1 605 619 470 453
6809 4 2 31 1 1372 1283 1243 1448
6810 4 2 31 1 178 205 179 357
6811 4 2 31 1 1015 908 1151 1126
6812 4 2 31 1 1277 216 189 1318
6813 4 2 31 1 1365 1256 1285 1282
6814 4 2 31 1 177 203 641 872
6815 4 2 31 1 665 708 832 648
6816 4 2 31 1 2011 51 1856 1923
6817 4 2 31 1 1464 27 1531 1619
6818 4 2 31 1 2207 58 2119 2052
6819 4 2 31 1 34 1815 1660 1727
6820 4 2 31 1 1480 1612 1571 1482
6821 4 2 31 1 1808 1678 1676 1767
6822 4 2 31 1 2159 2068 2070 2200
6823 4 2 31 1 1226 1370 1287 1440
6824 4 2 31 1 1286 1426 1285 1282
6825 4 2 31 1 197 224 196 912
6826 4 2 31 1 1003 43 96 1158
6827 4 2 31 1 217 189 190 973
6828 4 2 31 1 203 487 492 366
6829 4 2 31 1 556 70 21 424
6830 4 2 31 1 937 952 945 1146
6831 4 2 31 1 1200 1201 1199 1387
6832 4 2 31 1 431 562 572 432
6833 4 2 31 1 987 1127 1118 986
6834 4 2 31 1 564 529 405 463
6835 4 2 31 1 749 806 743 689
6836 4 2 31 1 1423 1367 1218 1263
6837 4 2 31 1 588 390 397 382
6838 4 2 31 1 658 855 656 659
6839 4 2 31 1 1815 84 34 1660
6840 4 2 31 1 991 1001 921 1046
6841 4 2 31 1 1018 1165 1180 961
6842 4 2 31 1 557 553 599 417
6843 4 2 31 1 1287 1286 1226 1440
6844 4 2 31 1 1187 1305 1289 1398
6845 4 2 31 1 227 199 200 1005
6846 4 2 31 1 498 535 473 437
6847 4 2 31 1 856 686 636 771
6848 4 2 31 1 1464 77 27 1619
6849 4 2 31 1 796 809 702 803
6850 4 2 31 1 738 629 841 840
6851 4 2 31 1 656 713 869 652
6852 4 2 31 1 350 351 2054 2190
6853 4 2 31 1 1662 1798 330 331
6854 4 2 31 1 1994 335 334 1858
6855 4 2 31 1 315 1466 314 1602
6856 4 2 31 1 638 137 163 870
6857 4 2 31 1 1245 1383 1273 1388
6858 4 2 31 1 992 1052 1028 1090
6859 4 2 31 1 472 155 575 478
6860 4 2 31 1 666 901 807 744
6861 4 2 31 1 1394 1293 1246 1307
6862 4 2 31 1 444 443 531 552
6863 4 2 31 1 999 998 1086 1105
6864 4 2 31 1 1373 1354 1283 1233
6865 4 2 31 1 694 845 91 761
6866 4 2 31 1 644 760 905 880
6867 4 2 31 1 1645 1558 1529 1601
6868 4 2 31 1 1993 1950 2037 1921
6869 4 2 31 1 1754 1725 1797 1841
6870 4 2 31 1 2189 2117 2233 2146
6871 4 2 31 1 1045 1003 923 1124
6872 4 2 31 1 174 2 146 1016
6873 4 2 31 1 1967 1972 1876 2001
6874 4 2 31 1 1575 1484 1609 1580
6875 4 2 31 1 1776 1771 1680 1805
6876 4 2 31 1 2197 2163 2168 2072
6877 4 2 31 1 239 238 267 1911
6878 4 2 31 1 233 260 232 1519
6879 4 2 31 1 239 267 238 1715
6880 4 2 31 1 232 260 233 2107
6881 4 2 31 1 723 772 749 852
6882 4 2 31 1 58 1198 1314 1189
6883 4 2 31 1 455 592 405 564
6884 4 2 31 1 1248 1433 1432 1269
6885 4 2 31 1 2169 2178 2115 2181
6886 4 2 31 1 1789 1786 1777 1723
6887 4 2 31 1 1919 1985 1982 1973
6888 4 2 31 1 1590 1527 1593 1581
6889 4 2 31 1 908 986 195 1126
6890 4 2 31 1 1010 1120 1150 960
6891 4 2 31 1 178 204 726 757
6892 4 2 31 1 718 741 813 867
6893 4 2 31 1 571 353 180 431
6894 4 2 31 1 1348 1349 1353 1221
6895 4 2 31 1 1268 1213 1219 1411
6896 4 2 31 1 161 9 135 735
6897 4 2 31 1 1431 1420 1203 1342
6898 4 2 31 1 1910 236 265 2019
6899 4 2 31 1 262 235 1627 1518
6900 4 2 31 1 2215 235 262 2106
6901 4 2 31 1 1714 265 236 1823
6902 4 2 31 1 458 442 600 568
6903 4 2 31 1 620 600 442 363
6904 4 2 31 1 203 176 487 366
6905 4 2 31 1 1258 1426 1402 1285
6906 4 2 31 1 2143 262 234 2106
6907 4 2 31 1 237 265 1714 1751
6908 4 2 31 1 1555 234 262 1518
6909 4 2 31 1 1910 265 237 1947
6910 4 2 31 1 495 579 447 433
6911 4 2 31 1 141 169 168 840
6912 4 2 31 1 982 1073 1007 1147
6913 4 2 31 1 589 427 452 520
6914 4 2 31 1 62 1187 1245 1398
6915 4 2 31 1 169 142 141 909
6916 4 2 31 1 1118 912 1048 987
6917 4 2 31 1 671 734 848 890
6918 4 2 31 1 1142 1047 988 1049
6919 4 2 31 1 494 562 357 432
6920 4 2 31 1 779 655 781 783
6921 4 2 31 1 442 369 483 621
6922 4 2 31 1 438 512 524 525
6923 4 2 31 1 888 824 721 828
6924 4 2 31 1 1246 128 153 1307
6925 4 2 31 1 2175 2173 2080 2174
6926 4 2 31 1 1782 1781 1783 1688
6927 4 2 31 1 1492 1586 1585 1587
6928 4 2 31 1 1979 1978 1884 1977
6929 4 2 31 1 1311 119 63 1249
6930 4 2 31 1 1279 1359 1237 1456
6931 4 2 31 1 1053 1052 941 980
6932 4 2 31 1 499 425 498 386
6933 4 2 31 1 743 676 806 749
6934 4 2 31 1 646 830 687 708
6935 4 2 31 1 154 129 1394 1451
6936 4 2 31 1 1957 1868 1960 1959
6937 4 2 31 1 1567 1476 1565 1568
6938 4 2 31 1 1764 1672 1761 1763
6939 4 2 31 1 2153 2064 2155 2156
6940 4 2 31 1 1005 200 227 1121
6941 4 2 31 1 1324 1255 1326 1257
6942 4 2 31 1 638 163 136 765
6943 4 2 31 1 1509 1590 1643 1617
6944 4 2 31 1 1901 2035 2009 1982
6945 4 2 31 1 1813 1705 1786 1839
6946 4 2 31 1 2178 2097 2231 2205
6947 4 2 31 1 53 106 52 1907
6948 4 2 31 1 57 111 56 2103
6949 4 2 31 1 32 33 83 1711
6950 4 2 31 1 636 834 856 771
6951 4 2 31 1 1185 130 1309 1451
6952 4 2 31 1 1135 1134 1000 948
6953 4 2 31 1 1245 1289 1383 1398
6954 4 2 31 1 37 89 38 699
6955 4 2 31 1 1183 127 1405 1250
6956 4 2 31 1 577 445 578 393
6957 4 2 31 1 829 708 831 832
6958 4 2 31 1 437 598 402 397
6959 4 2 31 1 1356 1359 1236 1235
6960 4 2 31 1 857 736 692 844
6961 4 2 31 1 1983 1872 2004 1936
6962 4 2 31 1 2023 1882 1925 1994
6963 4 2 31 1 1602 1631 1533 1490
6964 4 2 31 1 2121 2219 2190 2078
6965 4 2 31 1 1827 1729 1686 1798
6966 4 2 31 1 2079 2067 2173 2080
6967 4 2 31 1 1688 1781 1675 1687
6968 4 2 31 1 1883 1884 1977 1871
6969 4 2 31 1 1491 1492 1585 1479
6970 4 2 31 1 957 952 992 1152
6971 4 2 31 1 927 1109 926 925
6972 4 2 31 1 743 734 689 848
6973 4 2 31 1 861 140 167 754
6974 4 2 31 1 1417 1219 1374 1227
6975 4 2 31 1 1766 1765 1718 1777
6976 4 2 31 1 2169 2110 2157 2158
6977 4 2 31 1 1581 1522 1570 1569
6978 4 2 31 1 1914 1961 1962 1973
6979 4 2 31 1 51 104 105 1037
6980 4 2 31 1 689 688 638 870
6981 4 2 31 1 1436 1365 1426 1282
6982 4 2 31 1 142 170 169 839
6983 4 2 31 1 1556 1465 275 1624
6984 4 2 31 1 1948 1857 280 2016
6985 4 2 31 1 1752 1820 275 1661
6986 4 2 31 1 2144 2212 280 2053
6987 4 2 31 1 402 593 535 460
6988 4 2 31 1 569 389 442 370
6989 4 2 31 1 145 173 146 923
6990 4 2 31 1 957 1015 1151 1090
6991 4 2 31 1 341 1945 1906 1862
6992 4 2 31 1 321 1514 1470 1553
6993 4 2 31 1 2102 344 2058 2141
6994 4 2 31 1 1710 1666 1749 324
6995 4 2 31 1 650 648 832 851
6996 4 2 31 1 689 893 849 870
6997 4 2 31 1 416 605 428 470
6998 4 2 31 1 1269 1415 1432 1414
6999 4 2 31 1 1025 983 1162 971
7000 4 2 31 1 694 91 40 761
7001 4 2 31 1 715 860 778 780
7002 4 2 31 1 1660 1726 1830 1750
7003 4 2 31 1 419 555 24 355
7004 4 2 31 1 1334 1207 1208 1206
7005 4 2 31 1 353 457 593 476
7006 4 2 31 1 463 608 626 406
7007 4 2 31 1 974 1110 48 910
7008 4 2 31 1 1030 908 1151 1012
7009 4 2 31 1 1369 1346 1422 1223
7010 4 2 31 1 759 138 633 688
7011 4 2 31 1 1245 1184 61 1388
7012 4 2 31 1 1022 1038 1172 1136
7013 4 2 31 1 896 682 804 802
7014 4 2 31 1 33 34 84 1660
7015 4 2 31 1 58 112 113 1314
7016 4 2 31 1 96 44 43 1003
7017 4 2 31 1 27 28 77 1464
7018 4 2 31 1 907 35 86 892
7019 4 2 31 1 155 130 156 478
7020 4 2 31 1 1008 1025 1162 971
7021 4 2 31 1 193 221 194 1182
7022 4 2 31 1 824 681 729 722
7023 4 2 31 1 491 19 67 461
7024 4 2 31 1 470 416 605 453
7025 4 2 31 1 502 382 425 378
7026 4 2 31 1 2098 61 2125 2137
7027 4 2 31 1 1733 37 1745 1706
7028 4 2 31 1 1902 48 1941 1929
7029 4 2 31 1 24 1510 1537 1549
7030 4 2 31 1 937 980 1056 933
7031 4 2 31 1 2145 2089 351 2190
7032 4 2 31 1 1697 1753 1798 331
7033 4 2 31 1 1602 1501 314 1557
7034 4 2 31 1 1893 334 1994 1949
7035 4 2 31 1 687 35 36 907
7036 4 2 31 1 67 623 491 461
7037 4 2 31 1 1093 1132 1076 965
7038 4 2 31 1 1038 144 171 916
7039 4 2 31 1 1836 1834 1789 1733
7040 4 2 31 1 2181 2226 2125 2228
7041 4 2 31 1 2032 1985 2030 1929
7042 4 2 31 1 1537 1640 1638 1593
7043 4 2 31 1 175 202 176 450
7044 4 2 31 1 1257 1326 1324 1418
7045 4 2 31 1 1299 1377 1304 1190
7046 4 2 31 1 670 672 847 671
7047 4 2 31 1 1002 1142 988 1049
7048 4 2 31 1 341 340 1945 1862
7049 4 2 31 1 1553 1470 321 320
7050 4 2 31 1 1186 1255 1325 1324
7051 4 2 31 1 491 67 19 616
7052 4 2 31 1 1943 45 98 1904
7053 4 2 31 1 64 119 2100 2139
7054 4 2 31 1 1551 21 70 1512
7055 4 2 31 1 176 202 203 487
7056 4 2 31 1 1016 174 1167 1045
7057 4 2 31 1 252 280 251 1857
7058 4 2 31 1 251 280 252 2053
7059 4 2 31 1 247 275 248 1465
7060 4 2 31 1 275 247 248 1661
7061 4 2 31 1 169 170 142 1032
7062 4 2 31 1 655 710 715 780
7063 4 2 31 1 1195 226 199 1317
7064 4 2 31 1 80 79 30 1559
7065 4 2 31 1 81 31 82 1755
7066 4 2 31 1 818 742 704 812
7067 4 2 31 1 1842 242 16 2255
7068 4 2 31 1 2234 229 15 2253
7069 4 2 31 1 681 805 661 722
7070 4 2 31 1 569 600 442 568
7071 4 2 31 1 1323 225 1310 1281
7072 4 2 31 1 366 492 177 436
7073 4 2 31 1 483 600 442 621
7074 4 2 31 1 572 535 593 460
7075 4 2 31 1 1151 1015 1127 1090
7076 4 2 31 1 732 692 861 629
7077 4 2 31 1 443 531 399 444
7078 4 2 31 1 1233 1294 1373 1375
7079 4 2 31 1 109 55 110 2147
7080 4 2 31 1 107 54 108 1951
7081 4 2 31 1 1007 1096 1073 958
7082 4 2 31 1 2099 2069 2074 2156
7083 4 2 31 1 1682 1677 1764 1707
7084 4 2 31 1 1481 1568 1511 1486
7085 4 2 31 1 1873 1960 1903 1878
7086 4 2 31 1 520 403 452 541
7087 4 2 31 1 1323 226 198 1195
7088 4 2 31 1 338 1934 1990 1938
7089 4 2 31 1 1546 1598 1542 318
7090 4 2 31 1 1738 1742 327 1794
7091 4 2 31 1 2134 347 2130 2186
7092 4 2 31 1 709 719 717 811
7093 4 2 31 1 1145 1046 1001 1047
7094 4 2 31 1 876 697 740 836
7095 4 2 31 1 541 544 465 570
7096 4 2 31 1 756 209 183 737
7097 4 2 31 1 986 1118 223 1126
7098 4 2 31 1 1376 1404 1291 1260
7099 4 2 31 1 696 162 135 875
7100 4 2 31 1 1246 1183 128 1307
7101 4 2 31 1 1286 1226 1436 1282
7102 4 2 31 1 2256 242 16 2038
7103 4 2 31 1 2254 229 15 1646
7104 4 2 31 1 10 9 161 899
7105 4 2 31 1 827 747 719 817
7106 4 2 31 1 760 892 85 631
7107 4 2 31 1 1096 1125 1099 1020
7108 4 2 31 1 719 809 827 817
7109 4 2 31 1 1770 1772 1681 1703
7110 4 2 31 1 2073 2162 2164 2095
7111 4 2 31 1 1576 1485 1507 1574
7112 4 2 31 1 1966 1899 1877 1968
7113 4 2 31 1 1380 1441 1249 1389
7114 4 2 31 1 1232 1231 1230 1355
7115 4 2 31 1 998 1086 954 999
7116 4 2 31 1 899 768 187 735
7117 4 2 31 1 650 787 786 851
7118 4 2 31 1 84 34 33 644
7119 4 2 31 1 1334 1207 1332 1333
7120 4 2 31 1 1228 1301 1424 1391
7121 4 2 31 1 1203 1201 1202 1431
7122 4 2 31 1 1134 1135 1000 1148
7123 4 2 31 1 773 775 864 677
7124 4 2 31 1 1265 1351 1439 1216
7125 4 2 31 1 1291 1287 1376 1260
7126 4 2 31 1 445 590 577 578
7127 4 2 31 1 2112 2096 2095 2211
7128 4 2 31 1 1703 1704 1819 1720
7129 4 2 31 1 1508 1524 1507 1623
7130 4 2 31 1 2015 1900 1899 1916
7131 4 2 31 1 872 705 726 904
7132 4 2 31 1 1922 1978 1976 1883
7133 4 2 31 1 1586 1530 1491 1584
7134 4 2 31 1 2079 2172 2118 2174
7135 4 2 31 1 1780 1782 1726 1687
7136 4 2 31 1 532 373 587 554
7137 4 2 31 1 1194 1277 189 1318
7138 4 2 31 1 201 175 202 836
7139 4 2 31 1 1358 1234 1368 1235
7140 4 2 31 1 647 850 816 898
7141 4 2 31 1 1742 1738 1670 1759
7142 4 2 31 1 2062 2134 2130 2151
7143 4 2 31 1 1474 1563 1542 1546
7144 4 2 31 1 1866 1955 1934 1938
7145 4 2 31 1 777 673 776 778
7146 4 2 31 1 161 9 10 1171
7147 4 2 31 1 10 9 160 1447
7148 4 2 31 1 160 9 10 613
7149 4 2 31 1 510 391 514 585
7150 4 2 31 1 1674 1675 1673 1817
7151 4 2 31 1 2066 2067 2065 2209
7152 4 2 31 1 1479 1477 1621 1478
7153 4 2 31 1 2013 1870 1871 1869
7154 4 2 31 1 667 664 666 906
7155 4 2 31 1 743 806 847 848
7156 4 2 31 1 395 427 452 589
7157 4 2 31 1 2081 2104 2110 2158
7158 4 2 31 1 1718 1712 1766 1689
7159 4 2 31 1 1885 1962 1914 1908
7160 4 2 31 1 1570 1522 1493 1516
7161 4 2 31 1 693 901 839 840
7162 4 2 31 1 1649 19 1560 1543
7163 4 2 31 1 1935 1952 43 2041
7164 4 2 31 1 2131 2237 66 2148
7165 4 2 31 1 872 726 204 757
7166 4 2 31 1 1208 1209 1207 1335
7167 4 2 31 1 1655 1748 239 1715
7168 4 2 31 1 232 2107 2047 2140
7169 4 2 31 1 239 1944 1851 1911
7170 4 2 31 1 1459 1519 232 1552
7171 4 2 31 1 2119 2105 2223 2052
7172 4 2 31 1 1713 1660 1831 1727
7173 4 2 31 1 1923 1856 2027 1909
7174 4 2 31 1 1531 1517 1464 1635
7175 4 2 31 1 950 982 1007 1147
7176 4 2 31 1 1297 200 4 1445
7177 4 2 31 1 1169 200 4 1021
7178 4 2 31 1 1336 1208 1334 1335
7179 4 2 31 1 1280 1236 1274 1416
7180 4 2 31 1 328 1699 2270 1794
7181 4 2 31 1 2269 348 2091 2186
7182 4 2 31 1 2271 1990 1895 337
7183 4 2 31 1 1503 2272 1598 317
7184 4 2 31 1 1068 1139 1064 946
7185 4 2 31 1 98 46 979 1035
7186 4 2 31 1 1286 1426 1306 1258
7187 4 2 31 1 987 1118 912 986
7188 4 2 31 1 1110 1031 910 1104
7189 4 2 31 1 1184 1382 1308 1388
7190 4 2 31 1 772 686 771 723
7191 4 2 31 1 152 127 354 573
7192 4 2 31 1 431 357 562 432
7193 4 2 31 1 1801 1802 1659 1846
7194 4 2 31 1 2193 2194 2051 2238
7195 4 2 31 1 1998 2042 1997 1855
7196 4 2 31 1 1606 1650 1605 1463
7197 4 2 31 1 1514 321 1601 1553
7198 4 2 31 1 1945 1906 1993 341
7199 4 2 31 1 1797 1710 1749 324
7200 4 2 31 1 2189 344 2102 2141
7201 4 2 31 1 945 1069 982 938
7202 4 2 31 1 424 70 22 482
7203 4 2 31 1 1468 1645 1529 1601
7204 4 2 31 1 1921 2037 1993 1860
7205 4 2 31 1 1725 1664 1797 1841
7206 4 2 31 1 2189 2117 2056 2233
7207 4 2 31 1 1857 252 280 2016
7208 4 2 31 1 1465 247 275 1624
7209 4 2 31 1 247 275 1820 1661
7210 4 2 31 1 2212 252 280 2053
7211 4 2 31 1 639 32 766 697
7212 4 2 31 1 28 29 78 1515
7213 4 2 31 1 492 493 481 436
7214 4 2 31 1 1059 1058 1057 934
7215 4 2 31 1 203 202 176 763
7216 4 2 31 1 515 383 427 390
7217 4 2 31 1 503 505 504 379
7218 4 2 31 1 1322 122 1449 1292
7219 4 2 31 1 88 37 628 873
7220 4 2 31 1 160 134 159 1321
7221 4 2 31 1 1687 1779 1674 1689
7222 4 2 31 1 2079 2171 2066 2081
7223 4 2 31 1 1885 1883 1975 1870
7224 4 2 31 1 1493 1491 1583 1478
7225 4 2 31 1 681 729 823 824
7226 4 2 31 1 1930 2036 2023 1939
7227 4 2 31 1 1631 1644 1547 1538
7228 4 2 31 1 1734 1827 1840 1743
7229 4 2 31 1 2135 2219 2126 2232
7230 4 2 31 1 2023 1925 1930 1939
7231 4 2 31 1 1547 1631 1538 1533
7232 4 2 31 1 2135 2219 2121 2126
7233 4 2 31 1 1827 1734 1729 1743
7234 4 2 31 1 892 687 35 631
7235 4 2 31 1 1416 1341 1280 1345
7236 4 2 31 1 40 91 1708 1747
7237 4 2 31 1 134 160 159 490
7238 4 2 31 1 1286 1436 1226 1440
7239 4 2 31 1 1013 1142 1155 1001
7240 4 2 31 1 162 135 161 1044
7241 4 2 31 1 527 407 538 467
7242 4 2 31 1 1879 1882 1876 1972
7243 4 2 31 1 1484 1487 1490 1580
7244 4 2 31 1 1683 1776 1680 1686
7245 4 2 31 1 2078 2072 2168 2075
7246 4 2 31 1 1023 1004 922 1044
7247 4 2 31 1 468 490 449 367
7248 4 2 31 1 1369 1422 1429 1271
7249 4 2 31 1 982 1069 1073 1070
7250 4 2 31 1 407 528 392 525
7251 4 2 31 1 214 187 213 603
7252 4 2 31 1 1519 1467 233 1607
7253 4 2 31 1 1999 238 1859 1911
7254 4 2 31 1 1715 1803 238 1663
7255 4 2 31 1 2195 233 2107 2055
7256 4 2 31 1 1484 1573 1482 1483
7257 4 2 31 1 1965 1874 1876 1875
7258 4 2 31 1 2071 2161 2070 2072
7259 4 2 31 1 1769 1678 1679 1680
7260 4 2 31 1 1363 1284 1273 1224
7261 4 2 31 1 216 215 188 1156
7262 4 2 31 1 427 516 515 520
7263 4 2 31 1 1344 1341 1274 1416
7264 4 2 31 1 188 215 216 1434
7265 4 2 31 1 433 493 579 446
7266 4 2 31 1 805 681 824 722
7267 4 2 31 1 1284 1273 1383 1363
7268 4 2 31 1 644 645 717 880
7269 4 2 31 1 569 442 600 621
7270 4 2 31 1 498 473 496 437
7271 4 2 31 1 110 55 109 1435
7272 4 2 31 1 108 54 107 1159
7273 4 2 31 1 1436 1429 1365 1282
7274 4 2 31 1 20 19 68 616
7275 4 2 31 1 205 178 204 481
7276 4 2 31 1 195 196 223 986
7277 4 2 31 1 266 238 1803 1663
7278 4 2 31 1 2195 261 233 2055
7279 4 2 31 1 1467 261 233 1607
7280 4 2 31 1 266 238 1859 1999
7281 4 2 31 1 712 853 684 711
7282 4 2 31 1 63 119 2202 2100
7283 4 2 31 1 1447 134 1321 1296
7284 4 2 31 1 3 175 900 740
7285 4 2 31 1 992 1052 1050 1028
7286 4 2 31 1 442 600 580 458
7287 4 2 31 1 1327 1326 1325 1255
7288 4 2 31 1 223 196 1259 1397
7289 4 2 31 1 410 583 609 524
7290 4 2 31 1 661 662 805 681
7291 4 2 31 1 2074 2099 2156 2204
7292 4 2 31 1 1707 1764 1682 1812
7293 4 2 31 1 1616 1511 1568 1486
7294 4 2 31 1 1903 1960 2008 1878
7295 4 2 31 1 43 96 95 1952
7296 4 2 31 1 375 587 373 374
7297 4 2 31 1 667 669 843 842
7298 4 2 31 1 136 163 137 920
7299 4 2 31 1 133 158 132 365
7300 4 2 31 1 876 31 81 740
7301 4 2 31 1 1047 1001 1142 988
7302 4 2 31 1 708 646 831 648
7303 4 2 31 1 2015 2017 1916 1969
7304 4 2 31 1 1577 1524 1625 1623
7305 4 2 31 1 1720 1819 1773 1821
7306 4 2 31 1 2213 2112 2165 2211
7307 4 2 31 1 1197 1277 1321 1296
7308 4 2 31 1 514 440 444 391
7309 4 2 31 1 372 370 606 371
7310 4 2 31 1 2119 2225 2122 2046
7311 4 2 31 1 1654 1730 1833 1727
7312 4 2 31 1 1926 1850 2029 1923
7313 4 2 31 1 1458 1534 1531 1637
7314 4 2 31 1 771 686 636 716
7315 4 2 31 1 2228 2181 2225 2046
7316 4 2 31 1 1836 1789 1833 1654
7317 4 2 31 1 1458 1640 1593 1637
7318 4 2 31 1 1850 2032 1985 2029
7319 4 2 31 1 819 741 728 821
7320 4 2 31 1 1144 928 930 929
7321 4 2 31 1 36 88 87 1834
7322 4 2 31 1 448 461 19 616
7323 4 2 31 1 800 798 853 711
7324 4 2 31 1 211 185 212 762
7325 4 2 31 1 1326 1253 1327 1328
7326 4 2 31 1 989 1049 988 987
7327 4 2 31 1 636 834 771 716
7328 4 2 31 1 1268 1283 1221 1354
7329 4 2 31 1 928 1144 1087 1107
7330 4 2 31 1 2101 2106 2215 2194
7331 4 2 31 1 1823 1709 1714 1802
7332 4 2 31 1 1910 1998 1905 2019
7333 4 2 31 1 1513 1606 1627 1518
7334 4 2 31 1 586 625 580 423
7335 4 2 31 1 866 731 867 810
7336 4 2 31 1 197 225 198 1281
7337 4 2 31 1 999 1068 995 946
7338 4 2 31 1 106 52 1140 918
7339 4 2 31 1 66 65 121 1275
7340 4 2 31 1 1262 1264 1194 1391
7341 4 2 31 1 867 731 741 680
7342 4 2 31 1 1202 1420 1385 1364
7343 4 2 31 1 586 580 579 446
7344 4 2 31 1 1293 1294 1227 1395
7345 4 2 31 1 1346 1347 1217 1350
7346 4 2 31 1 110 56 1247 1320
7347 4 2 31 1 466 3 175 614
7348 4 2 31 1 1648 80 30 1559
7349 4 2 31 1 1755 81 31 1844
7350 4 2 31 1 180 207 181 353
7351 4 2 31 1 177 178 204 726
7352 4 2 31 1 687 833 830 646
7353 4 2 31 1 583 469 410 574
7354 4 2 31 1 1468 322 1601 2277
7355 4 2 31 1 342 2278 1993 1860
7356 4 2 31 1 886 724 697 836
7357 4 2 31 1 893 638 690 765
7358 4 2 31 1 535 402 460 473
7359 4 2 31 1 355 551 555 475
7360 4 2 31 1 1746 1831 1815 1727
7361 4 2 31 1 2207 2223 2119 2138
7362 4 2 31 1 1635 1619 1531 1550
7363 4 2 31 1 1942 2011 2027 1923
7364 4 2 31 1 699 37 89 873
7365 4 2 31 1 1028 1015 957 1090
7366 4 2 31 1 389 567 521 435
7367 4 2 31 1 386 513 499 376
7368 4 2 31 1 55 109 2236 2147
7369 4 2 31 1 1951 54 108 2040
7370 4 2 31 1 862 855 656 869
7371 4 2 31 1 1382 1364 1251 1384
7372 4 2 31 1 963 1132 1112 1024
7373 4 2 31 1 1027 139 166 1033
7374 4 2 31 1 562 206 179 431
7375 4 2 31 1 722 729 824 721
7376 4 2 31 1 200 227 228 1400
7377 4 2 31 1 228 227 200 1121
7378 4 2 31 1 193 220 192 911
7379 4 2 31 1 945 1094 1069 1146
7380 4 2 31 1 1087 1106 1104 984
7381 4 2 31 1 613 468 187 603
7382 4 2 31 1 188 1023 1156 1171
7383 4 2 31 1 95 96 43 1158
7384 4 2 31 1 680 877 731 679
7385 4 2 31 1 1013 1002 1143 1142
7386 4 2 31 1 244 1645 1558 1529
7387 4 2 31 1 2037 1950 255 1921
7388 4 2 31 1 2233 2117 255 2146
7389 4 2 31 1 1754 244 1725 1841
7390 4 2 31 1 766 858 83 639
7391 4 2 31 1 515 588 390 539
7392 4 2 31 1 30 80 466 489
7393 4 2 31 1 194 1306 1258 1182
7394 4 2 31 1 600 580 620 442
7395 4 2 31 1 709 816 803 811
7396 4 2 31 1 225 197 224 1310
7397 4 2 31 1 224 197 225 1034
7398 4 2 31 1 38 89 37 1741
7399 4 2 31 1 1219 1417 1220 1227
7400 4 2 31 1 485 124 420 368
7401 4 2 31 1 246 273 245 1653
7402 4 2 31 1 253 282 254 2045
7403 4 2 31 1 245 273 246 1457
7404 4 2 31 1 254 282 253 1849
7405 4 2 31 1 2018 2033 2024 1898
7406 4 2 31 1 1837 1828 1702 1822
7407 4 2 31 1 1632 1626 1641 1506
7408 4 2 31 1 2229 2220 2094 2214
7409 4 2 31 1 2086 2269 2091 2186
7410 4 2 31 1 2271 1990 1890 1895
7411 4 2 31 1 2270 1699 1694 1794
7412 4 2 31 1 1498 2272 1598 1503
7413 4 2 31 1 143 171 916 1128
7414 4 2 31 1 1374 1268 1219 1411
7415 4 2 31 1 541 465 591 570
7416 4 2 31 1 1405 152 1183 1307
7417 4 2 31 1 201 3 175 900
7418 4 2 31 1 743 847 672 671
7419 4 2 31 1 775 788 864 675
7420 4 2 31 1 1053 941 1065 931
7421 4 2 31 1 363 78 29 584
7422 4 2 31 1 1105 999 998 1010
7423 4 2 31 1 866 785 657 810
7424 4 2 31 1 652 656 654 854
7425 4 2 31 1 1125 1096 1149 1020
7426 4 2 31 1 497 498 437 386
7427 4 2 31 1 201 175 3 614
7428 4 2 31 1 992 1051 1052 941
7429 4 2 31 1 346 2050 2149 2060
7430 4 2 31 1 326 1658 1757 1668
7431 4 2 31 1 1864 1953 339 1854
7432 4 2 31 1 1462 1561 1472 319
7433 4 2 31 1 498 497 499 386
7434 4 2 31 1 1174 971 1130 1033
7435 4 2 31 1 83 32 1711 1807
7436 4 2 31 1 2103 111 56 2199
7437 4 2 31 1 106 53 2003 1907
7438 4 2 31 1 1030 908 222 1126
7439 4 2 31 1 1358 1355 1232 1356
7440 4 2 31 1 442 580 620 423
7441 4 2 31 1 741 718 731 867
7442 4 2 31 1 689 734 688 849
7443 4 2 31 1 941 1051 1052 1053
7444 4 2 31 1 1047 1046 991 1034
7445 4 2 31 1 416 575 618 478
7446 4 2 31 1 1924 2031 1997 1887
7447 4 2 31 1 1532 1639 1605 1495
7448 4 2 31 1 2193 2083 2227 2120
7449 4 2 31 1 1801 1691 1835 1728
7450 4 2 31 1 939 938 940 1062
7451 4 2 31 1 726 641 705 872
7452 4 2 31 1 2161 2197 2179 2070
7453 4 2 31 1 1805 1769 1678 1787
7454 4 2 31 1 1573 1591 1609 1482
7455 4 2 31 1 2001 1874 1965 1983
7456 4 2 31 1 48 100 1110 974
7457 4 2 31 1 61 117 1245 1388
7458 4 2 31 1 1213 1339 1215 1214
7459 4 2 31 1 384 383 385 508
7460 4 2 31 1 86 85 35 1746
7461 4 2 31 1 76 75 26 1550
7462 4 2 31 1 552 444 443 455
7463 4 2 31 1 977 918 1043 978
7464 4 2 31 1 1196 1316 124 1240
7465 4 2 31 1 919 97 45 1111
7466 4 2 31 1 1436 1370 1226 1440
7467 4 2 31 1 555 24 72 419
7468 4 2 31 1 1013 1155 978 1001
7469 4 2 31 1 777 673 714 675
7470 4 2 31 1 821 884 877 680
7471 4 2 31 1 948 1008 1098 970
7472 4 2 31 1 775 777 673 776
7473 4 2 31 1 1231 1295 1442 1299
7474 4 2 31 1 1444 1438 1199 1387
7475 4 2 31 1 181 208 902 630
7476 4 2 31 1 587 513 595 374
7477 4 2 31 1 415 543 453 393
7478 4 2 31 1 201 202 175 602
7479 4 2 31 1 652 787 869 854
7480 4 2 31 1 1335 1336 1208 1408
7481 4 2 31 1 535 604 593 402
7482 4 2 31 1 100 1119 1110 974
7483 4 2 31 1 134 468 490 449
7484 4 2 31 1 991 921 198 1046
7485 4 2 31 1 804 739 823 681
7486 4 2 31 1 1004 1023 135 1044
7487 4 2 31 1 957 1151 1160 1090
7488 4 2 31 1 633 736 857 890
7489 4 2 31 1 1896 1933 2018 1898
7490 4 2 31 1 1626 1541 1506 1504
7491 4 2 31 1 1737 1702 1700 1822
7492 4 2 31 1 2214 2092 2094 2129
7493 4 2 31 1 1553 1471 1470 320
7494 4 2 31 1 1863 1945 340 1862
7495 4 2 31 1 1830 1831 1780 1713
7496 4 2 31 1 2105 2172 2223 2222
7497 4 2 31 1 1976 2027 2026 1909
7498 4 2 31 1 1635 1584 1517 1634
7499 4 2 31 1 1946 52 106 1907
7500 4 2 31 1 1705 1718 1786 1723
7501 4 2 31 1 2097 2110 2178 2115
7502 4 2 31 1 1509 1527 1590 1522
7503 4 2 31 1 1901 1914 1919 1982
7504 4 2 31 1 918 924 1140 997
7505 4 2 31 1 505 576 504 379
7506 4 2 31 1 57 111 2103 2142
7507 4 2 31 1 1711 33 83 1750
7508 4 2 31 1 1999 1995 2034 1911
7509 4 2 31 1 1607 1642 1519 1603
7510 4 2 31 1 1799 1803 1838 1715
7511 4 2 31 1 2191 2230 2107 2195
7512 4 2 31 1 1335 1207 1334 1333
7513 4 2 31 1 864 678 897 677
7514 4 2 31 1 889 901 839 744
7515 4 2 31 1 643 767 42 750
7516 4 2 31 1 761 92 640 837
7517 4 2 31 1 1255 1253 1326 1254
7518 4 2 31 1 408 469 410 583
7519 4 2 31 1 1133 1058 1059 934
7520 4 2 31 1 1355 1344 1232 1356
7521 4 2 31 1 583 408 469 550
7522 4 2 31 1 532 553 551 429
7523 4 2 31 1 2049 2202 118 2210
7524 4 2 31 1 1111 919 97 1041
7525 4 2 31 1 941 1053 980 931
7526 4 2 31 1 1853 2014 99 2006
7527 4 2 31 1 1700 1701 1673 1824
7528 4 2 31 1 1897 1869 2020 1896
7529 4 2 31 1 2093 2065 2092 2216
7530 4 2 31 1 1505 1628 1504 1477
7531 4 2 31 1 2206 2155 2104 2158
7532 4 2 31 1 1814 1763 1712 1766
7533 4 2 31 1 1962 2010 1959 1908
7534 4 2 31 1 1570 1618 1567 1516
7535 4 2 31 1 1653 1828 1702 1837
7536 4 2 31 1 2229 2094 2220 2045
7537 4 2 31 1 1632 1641 1457 1506
7538 4 2 31 1 2024 2033 1849 1898
7539 4 2 31 1 1895 1990 1934 1872
7540 4 2 31 1 1598 1542 1503 1480
7541 4 2 31 1 2130 2091 2068 2186
7542 4 2 31 1 949 1071 1072 1078
7543 4 2 31 1 678 884 788 864
7544 4 2 31 1 158 133 624 365
7545 4 2 31 1 72 563 555 419
7546 4 2 31 1 136 163 920 1178
7547 4 2 31 1 1068 999 1150 946
7548 4 2 31 1 1826 1847 1752 1722
7549 4 2 31 1 370 569 610 621
7550 4 2 31 1 808 793 860 668
7551 4 2 31 1 1136 994 916 1181
7552 4 2 31 1 1005 227 199 1040
7553 4 2 31 1 394 518 519 522
7554 4 2 31 1 833 892 687 830
7555 4 2 31 1 993 943 1077 947
7556 4 2 31 1 948 1098 1079 970
7557 4 2 31 1 1461 71 1614 1622
7558 4 2 31 1 832 829 665 826
7559 4 2 31 1 592 514 444 391
7560 4 2 31 1 2142 2221 2103 2222
7561 4 2 31 1 1633 1554 1515 1634
7562 4 2 31 1 2026 1946 2025 1907
7563 4 2 31 1 1586 1492 1592 1587
7564 4 2 31 1 1978 1884 1984 1979
7565 4 2 31 1 1688 1783 1782 1788
7566 4 2 31 1 2080 2180 2175 2174
7567 4 2 31 1 81 900 876 740
7568 4 2 31 1 1097 949 1079 970
7569 4 2 31 1 415 523 543 393
7570 4 2 31 1 364 69 21 556
7571 4 2 31 1 386 499 425 376
7572 4 2 31 1 152 127 128 354
7573 4 2 31 1 1919 1902 2035 1929
7574 4 2 31 1 1527 1537 1510 1643
7575 4 2 31 1 603 468 187 367
7576 4 2 31 1 357 562 179 431
7577 4 2 31 1 188 1023 922 1156
7578 4 2 31 1 1544 1644 1538 1497
7579 4 2 31 1 2036 1936 1889 1930
7580 4 2 31 1 2132 2085 2126 2232
7581 4 2 31 1 1840 1734 1693 1740
7582 4 2 31 1 1995 1880 1915 1971
7583 4 2 31 1 1488 1523 1603 1579
7584 4 2 31 1 1719 1799 1775 1684
7585 4 2 31 1 2076 2111 2167 2191
7586 4 2 31 1 465 356 544 456
7587 4 2 31 1 135 136 162 696
7588 4 2 31 1 848 689 743 849
7589 4 2 31 1 1011 1099 911 1020
7590 4 2 31 1 415 542 523 394
7591 4 2 31 1 1997 1998 1855 1887
7592 4 2 31 1 1118 196 912 986
7593 4 2 31 1 949 1079 948 1071
7594 4 2 31 1 499 566 513 386
7595 4 2 31 1 1598 318 2272 1498
7596 4 2 31 1 1890 338 1990 2271
7597 4 2 31 1 2269 2086 347 2186
7598 4 2 31 1 327 2270 1694 1794
7599 4 2 31 1 388 438 392 525
7600 4 2 31 1 129 130 155 472
7601 4 2 31 1 1144 1065 1153 929
7602 4 2 31 1 185 186 212 642
7603 4 2 31 1 1385 1420 1202 1431
7604 4 2 31 1 394 523 393 518
7605 4 2 31 1 147 617 491 461
7606 4 2 31 1 447 521 495 434
7607 4 2 31 1 839 142 634 693
7608 4 2 31 1 1284 1425 1280 1345
7609 4 2 31 1 682 739 804 681
7610 4 2 31 1 624 133 159 449
7611 4 2 31 1 1178 136 162 1004
7612 4 2 31 1 1153 1144 928 1107
7613 4 2 31 1 1441 1305 1237 1249
7614 4 2 31 1 1070 1071 940 1062
7615 4 2 31 1 1128 981 170 1032
7616 4 2 31 1 122 121 66 2148
7617 4 2 31 1 961 1009 1165 1102
7618 4 2 31 1 489 80 466 614
7619 4 2 31 1 440 375 530 399
7620 4 2 31 1 677 685 897 856
7621 4 2 31 1 1994 1882 1925 1893
7622 4 2 31 1 2121 2190 2089 2078
7623 4 2 31 1 1533 1501 1602 1490
7624 4 2 31 1 1798 1729 1686 1697
7625 4 2 31 1 516 518 385 508
7626 4 2 31 1 795 866 718 813
7627 4 2 31 1 68 67 19 1560
7628 4 2 31 1 1276 199 200 1400
7629 4 2 31 1 1712 1674 1671 1814
7630 4 2 31 1 2063 2104 2066 2206
7631 4 2 31 1 1870 1867 2010 1908
7632 4 2 31 1 1516 1478 1618 1475
7633 4 2 31 1 2031 1969 1916 2007
7634 4 2 31 1 1639 1577 1524 1615
7635 4 2 31 1 2165 2203 2227 2112
7636 4 2 31 1 1773 1811 1835 1720
7637 4 2 31 1 90 38 89 755
7638 4 2 31 1 1851 1944 2034 1911
7639 4 2 31 1 1655 1838 1748 1715
7640 4 2 31 1 1519 1459 1642 1552
7641 4 2 31 1 2140 2107 2047 2230
7642 4 2 31 1 2171 2081 2170 2158
7643 4 2 31 1 1778 1766 1779 1689
7644 4 2 31 1 1885 1974 1962 1975
7645 4 2 31 1 1570 1493 1582 1583
7646 4 2 31 1 353 207 181 476
7647 4 2 31 1 1306 1402 222 1258
7648 4 2 31 1 1999 267 238 1911
7649 4 2 31 1 1519 233 260 1607
7650 4 2 31 1 1803 238 267 1715
7651 4 2 31 1 260 233 2107 2195
7652 4 2 31 1 1781 1784 1675 1817
7653 4 2 31 1 2067 2209 2173 2176
7654 4 2 31 1 2013 1977 1980 1871
7655 4 2 31 1 1621 1585 1588 1479
7656 4 2 31 1 1827 1686 1791 1798
7657 4 2 31 1 2183 2190 2219 2078
7658 4 2 31 1 1994 2023 1882 1987
7659 4 2 31 1 1602 1631 1490 1595
7660 4 2 31 1 662 804 805 681
7661 4 2 31 1 59 114 113 2138
7662 4 2 31 1 1897 1945 1863 1906
7663 4 2 31 1 1514 1505 1471 1553
7664 4 2 31 1 2059 2102 2141 2093
7665 4 2 31 1 1701 1667 1749 1710
7666 4 2 31 1 142 170 143 981
7667 4 2 31 1 818 885 742 812
7668 4 2 31 1 1221 1353 1348 1354
7669 4 2 31 1 869 713 878 787
7670 4 2 31 1 104 103 50 1942
7671 4 2 31 1 507 384 380 441
7672 4 2 31 1 1078 949 1079 1097
7673 4 2 31 1 1423 1218 1217 1263
7674 4 2 31 1 935 996 1061 939
7675 4 2 31 1 613 187 214 603
7676 4 2 31 1 1156 215 188 1171
7677 4 2 31 1 116 115 60 2226
7678 4 2 31 1 215 188 1447 1434
7679 4 2 31 1 1197 133 159 1454
7680 4 2 31 1 754 732 861 629
7681 4 2 31 1 930 995 954 1085
7682 4 2 31 1 675 864 775 677
7683 4 2 31 1 994 962 1081 1136
7684 4 2 31 1 1725 1797 1710 1828
7685 4 2 31 1 2117 2189 2102 2220
7686 4 2 31 1 1993 1906 2024 1921
7687 4 2 31 1 1601 1632 1529 1514
7688 4 2 31 1 49 102 101 2030
7689 4 2 31 1 394 542 523 522
7690 4 2 31 1 812 796 701 795
7691 4 2 31 1 1209 1214 1261 1337
7692 4 2 31 1 1389 1279 1380 1193
7693 4 2 31 1 1123 1124 975 1172
7694 4 2 31 1 1213 1209 1212 1338
7695 4 2 31 1 1609 1538 1484 1482
7696 4 2 31 1 1876 1874 2001 1930
7697 4 2 31 1 2197 2126 2070 2072
7698 4 2 31 1 1734 1680 1678 1805
7699 4 2 31 1 1081 962 1077 1082
7700 4 2 31 1 93 41 42 1709
7701 4 2 31 1 1763 1672 1712 1707
7702 4 2 31 1 2099 2155 2104 2064
7703 4 2 31 1 1959 1868 1903 1908
7704 4 2 31 1 1511 1567 1476 1516
7705 4 2 31 1 1787 1769 1678 1767
7706 4 2 31 1 2070 2179 2161 2159
7707 4 2 31 1 1573 1571 1591 1482
7708 4 2 31 1 1965 1874 1963 1983
7709 4 2 31 1 96 44 1003 1041
7710 4 2 31 1 62 118 1187 1398
7711 4 2 31 1 932 1129 930 931
7712 4 2 31 1 757 178 205 635
7713 4 2 31 1 1298 1259 1397 1403
7714 4 2 31 1 1246 1185 1294 1394
7715 4 2 31 1 375 377 565 376
7716 4 2 31 1 2190 2089 2054 2121
7717 4 2 31 1 1729 1798 1662 1697
7718 4 2 31 1 1893 1925 1994 1858
7719 4 2 31 1 1466 1501 1602 1533
7720 4 2 31 1 1161 925 1109 1168
7721 4 2 31 1 369 442 370 621
7722 4 2 31 1 579 447 458 568
7723 4 2 31 1 1037 915 1138 1161
7724 4 2 31 1 25 74 73 1638
7725 4 2 31 1 641 726 177 872
7726 4 2 31 1 1024 1132 1166 965
7727 4 2 31 1 1780 1779 1781 1687
7728 4 2 31 1 2079 2173 2171 2172
7729 4 2 31 1 1883 1976 1975 1977
7730 4 2 31 1 1583 1491 1584 1585
7731 4 2 31 1 457 604 401 402
7732 4 2 31 1 1365 1426 1285 1403
7733 4 2 31 1 160 134 468 490
7734 4 2 31 1 1406 1204 1205 1206
7735 4 2 31 1 1012 956 957 1160
7736 4 2 31 1 1023 161 135 1044
7737 4 2 31 1 363 28 78 483
7738 4 2 31 1 571 353 431 460
7739 4 2 31 1 322 1601 2277 321
7740 4 2 31 1 341 2278 1993 342
7741 4 2 31 1 1015 986 908 1126
7742 4 2 31 1 1009 1165 979 961
7743 4 2 31 1 1192 56 111 1320
7744 4 2 31 1 1726 1830 1780 1713
7745 4 2 31 1 2172 2105 2118 2222
7746 4 2 31 1 1976 2026 1922 1909
7747 4 2 31 1 1584 1530 1517 1634
7748 4 2 31 1 1280 1284 1345 1267
7749 4 2 31 1 129 155 154 472
7750 4 2 31 1 1258 1402 195 1259
7751 4 2 31 1 1758 1742 1668 1670
7752 4 2 31 1 2060 2150 2134 2062
7753 4 2 31 1 1954 1866 1864 1938
7754 4 2 31 1 1562 1474 1472 1546
7755 4 2 31 1 1295 1229 1366 1430
7756 4 2 31 1 440 509 377 381
7757 4 2 31 1 1703 1772 1685 1773
7758 4 2 31 1 2165 2077 2164 2095
7759 4 2 31 1 1507 1577 1489 1576
7760 4 2 31 1 1899 1969 1881 1968
7761 4 2 31 1 724 698 903 886
7762 4 2 31 1 934 1057 932 933
7763 4 2 31 1 1022 1038 975 1172
7764 4 2 31 1 1453 122 1322 1292
7765 4 2 31 1 171 1038 916 1128
7766 4 2 31 1 134 1447 1321 160
7767 4 2 31 1 1321 1390 1277 1288
7768 4 2 31 1 173 174 146 1045
7769 4 2 31 1 222 223 195 1402
7770 4 2 31 1 591 452 413 465
7771 4 2 31 1 195 223 222 1126
7772 4 2 31 1 378 377 503 379
7773 4 2 31 1 1063 932 995 936
7774 4 2 31 1 1122 977 1043 978
7775 4 2 31 1 1042 216 189 1156
7776 4 2 31 1 773 676 674 686
7777 4 2 31 1 1016 95 1158 1167
7778 4 2 31 1 244 1645 1529 1468
7779 4 2 31 1 255 2037 1921 1860
7780 4 2 31 1 244 1664 1725 1841
7781 4 2 31 1 255 2056 2117 2233
7782 4 2 31 1 977 1159 1005 1122
7783 4 2 31 1 563 23 358 419
7784 4 2 31 1 1109 1108 1107 926
7785 4 2 31 1 968 1149 1007 1020
7786 4 2 31 1 974 47 1119 913
7787 4 2 31 1 944 1013 1002 1143
7788 4 2 31 1 941 1065 1131 1053
7789 4 2 31 1 1403 1397 1298 1325
7790 4 2 31 1 166 1130 1027 1033
7791 4 2 31 1 657 727 731 810
7792 4 2 31 1 1014 973 922 1113
7793 4 2 31 1 1327 1365 1256 1403
7794 4 2 31 1 1611 78 29 1515
7795 4 2 31 1 1285 1402 1259 1403
7796 4 2 31 1 1339 1347 1348 1215
7797 4 2 31 1 1378 1194 1264 1391
7798 4 2 31 1 318 1598 1542 1498
7799 4 2 31 1 1990 1934 338 1890
7800 4 2 31 1 2130 347 2086 2186
7801 4 2 31 1 1738 327 1694 1794
7802 4 2 31 1 1186 224 197 1310
7803 4 2 31 1 367 558 459 418
7804 4 2 31 1 1120 1119 913 1010
7805 4 2 31 1 495 521 497 434
7806 4 2 31 1 1661 1752 1847 1722
7807 4 2 31 1 1816 1725 245 1653
7808 4 2 31 1 2208 2117 254 2045
7809 4 2 31 1 1457 245 1620 1529
7810 4 2 31 1 2012 1849 254 1921
7811 4 2 31 1 599 554 606 371
7812 4 2 31 1 1029 1130 1162 983
7813 4 2 31 1 868 703 705 904
7814 4 2 31 1 474 575 605 428
7815 4 2 31 1 1200 1385 1387 1386
7816 4 2 31 1 380 378 504 379
7817 4 2 31 1 975 144 172 1038
7818 4 2 31 1 1350 1225 1217 1223
7819 4 2 31 1 1321 1390 1434 1277
7820 4 2 31 1 935 1058 934 933
7821 4 2 31 1 1189 1438 1314 1413
7822 4 2 31 1 447 389 458 568
7823 4 2 31 1 1192 57 1198 1414
7824 4 2 31 1 145 172 173 1123
7825 4 2 31 1 455 564 358 563
7826 4 2 31 1 1055 1065 1129 931
7827 4 2 31 1 407 392 438 525
7828 4 2 31 1 1048 1127 1118 987
7829 4 2 31 1 1351 1328 1407 1216
7830 4 2 31 1 562 494 572 432
7831 4 2 31 1 762 834 211 716
7832 4 2 31 1 1542 1612 1563 1480
7833 4 2 31 1 2004 1955 1934 1872
7834 4 2 31 1 1759 1738 1676 1808
7835 4 2 31 1 2200 2068 2130 2151
7836 4 2 31 1 476 353 207 571
7837 4 2 31 1 220 192 1404 1260
7838 4 2 31 1 1711 1807 1665 1721
7839 4 2 31 1 2103 2057 2113 2199
7840 4 2 31 1 1469 1525 1611 1515
7841 4 2 31 1 1861 2003 1907 1917
7842 4 2 31 1 69 364 488 556
7843 4 2 31 1 858 84 33 644
7844 4 2 31 1 369 581 77 483
7845 4 2 31 1 688 689 849 870
7846 4 2 31 1 513 565 501 376
7847 4 2 31 1 568 447 389 521
7848 4 2 31 1 629 754 842 841
7849 4 2 31 1 261 233 234 1467
7850 4 2 31 1 237 266 238 1859
7851 4 2 31 1 234 233 261 2055
7852 4 2 31 1 238 266 237 1663
7853 4 2 31 1 192 220 193 1260
7854 4 2 31 1 1342 1406 1205 1332
7855 4 2 31 1 665 721 722 826
7856 4 2 31 1 446 586 580 423
7857 4 2 31 1 645 646 647 898
7858 4 2 31 1 667 808 664 906
7859 4 2 31 1 507 576 590 441
7860 4 2 31 1 1061 1133 1148 996
7861 4 2 31 1 572 593 571 460
7862 4 2 31 1 2112 2213 2096 2211
7863 4 2 31 1 1720 1704 1819 1821
7864 4 2 31 1 1900 2015 2017 1916
7865 4 2 31 1 1508 1625 1524 1623
7866 4 2 31 1 1554 28 78 1515
7867 4 2 31 1 848 743 806 849
7868 4 2 31 1 1151 1127 1015 1126
7869 4 2 31 1 454 406 608 424
7870 4 2 31 1 654 655 653 781
7871 4 2 31 1 1022 916 1038 1136
7872 4 2 31 1 916 1022 994 1136
7873 4 2 31 1 173 146 874 746
7874 4 2 31 1 1077 962 993 947
7875 4 2 31 1 829 828 721 826
7876 4 2 31 1 554 373 587 595
7877 4 2 31 1 1434 188 1447 1296
7878 4 2 31 1 2113 2239 2218 2053
7879 4 2 31 1 2043 1857 1917 2022
7880 4 2 31 1 1465 1651 1630 1525
7881 4 2 31 1 52 106 53 918
7882 4 2 31 1 1745 37 89 1741
7883 4 2 31 1 1726 1660 1711 1750
7884 4 2 31 1 640 92 41 837
7885 4 2 31 1 273 246 1744 1653
7886 4 2 31 1 282 253 2136 2045
7887 4 2 31 1 1457 273 246 1548
7888 4 2 31 1 1849 282 253 1940
7889 4 2 31 1 1353 1452 1241 1221
7890 4 2 31 1 611 547 467 420
7891 4 2 31 1 423 625 594 450
7892 4 2 31 1 357 562 494 481
7893 4 2 31 1 185 211 184 716
7894 4 2 31 1 456 607 401 457
7895 4 2 31 1 63 118 62 2049
7896 4 2 31 1 1024 963 1132 965
7897 4 2 31 1 1259 1402 223 1397
7898 4 2 31 1 2111 2192 2055 2116
7899 4 2 31 1 1724 1800 1719 1663
7900 4 2 31 1 1996 1859 1920 1915
7901 4 2 31 1 1523 1528 1467 1604
7902 4 2 31 1 386 566 513 374
7903 4 2 31 1 534 536 533 398
7904 4 2 31 1 1012 956 1164 1011
7905 4 2 31 1 1418 1433 1421 1272
7906 4 2 31 1 1398 1245 117 1388
7907 4 2 31 1 2054 2087 2145 351
7908 4 2 31 1 331 1662 1753 1695
7909 4 2 31 1 1891 334 1858 1949
7910 4 2 31 1 1466 1499 314 1557
7911 4 2 31 1 1157 141 168 983
7912 4 2 31 1 683 896 815 802
7913 4 2 31 1 352 2087 2054 351
7914 4 2 31 1 1662 331 332 1695
7915 4 2 31 1 1891 1858 334 333
7916 4 2 31 1 314 313 1499 1466
7917 4 2 31 1 547 467 420 596
7918 4 2 31 1 401 540 607 456
7919 4 2 31 1 1089 1091 1088 953
7920 4 2 31 1 66 121 122 1449
7921 4 2 31 1 775 773 674 677
7922 4 2 31 1 224 196 1397 1186
7923 4 2 31 1 1311 63 118 1187
7924 4 2 31 1 1055 1057 1056 933
7925 4 2 31 1 759 164 138 688
7926 4 2 31 1 2000 44 45 1855
7927 4 2 31 1 1608 20 21 1463
7928 4 2 31 1 1659 41 40 1804
7929 4 2 31 1 2051 65 64 2196
7930 4 2 31 1 249 1629 1648 1540
7931 4 2 31 1 250 1932 2021 2040
7932 4 2 31 1 1825 1736 249 1844
7933 4 2 31 1 250 2236 2217 2128
7934 4 2 31 1 1011 956 1164 1095
7935 4 2 31 1 68 19 67 616
7936 4 2 31 1 1243 1309 1448 1303
7937 4 2 31 1 405 444 592 455
7938 4 2 31 1 1362 1204 1267 1224
7939 4 2 31 1 1103 964 1089 963
7940 4 2 31 1 226 199 227 1040
7941 4 2 31 1 227 199 226 1317
7942 4 2 31 1 501 503 502 378
7943 4 2 31 1 1807 82 32 1665
7944 4 2 31 1 2057 56 110 2199
7945 4 2 31 1 53 107 2003 1861
7946 4 2 31 1 79 29 1469 1611
7947 4 2 31 1 82 83 32 766
7948 4 2 31 1 27 360 581 369
7949 4 2 31 1 1122 921 978 1145
7950 4 2 31 1 461 123 617 368
7951 4 2 31 1 602 594 625 450
7952 4 2 31 1 1408 1412 1212 1338
7953 4 2 31 1 2190 2183 2089 2078
7954 4 2 31 1 1798 1686 1791 1697
7955 4 2 31 1 1893 1994 1882 1987
7956 4 2 31 1 1490 1501 1602 1595
7957 4 2 31 1 613 160 468 490
7958 4 2 31 1 1044 1023 161 1171
7959 4 2 31 1 1293 1183 1246 1307
7960 4 2 31 1 381 509 505 510
7961 4 2 31 1 818 704 730 819
7962 4 2 31 1 529 528 392 406
7963 4 2 31 1 1968 1877 1966 1967
7964 4 2 31 1 1574 1576 1485 1575
7965 4 2 31 1 1771 1770 1772 1681
7966 4 2 31 1 2162 2164 2163 2073
7967 4 2 31 1 1150 999 1010 960
7968 4 2 31 1 1222 1379 1242 1264
7969 4 2 31 1 124 149 125 1240
7970 4 2 31 1 962 1009 1082 1083
7971 4 2 31 1 1158 96 1003 1041
7972 4 2 31 1 562 571 206 431
7973 4 2 31 1 1439 1265 1216 1201
7974 4 2 31 1 594 423 422 363
7975 4 2 31 1 781 653 784 783
7976 4 2 31 1 580 458 446 423
7977 4 2 31 1 645 905 816 880
7978 4 2 31 1 1247 1248 1401 1320
7979 4 2 31 1 779 781 655 780
7980 4 2 31 1 433 579 447 446
7981 4 2 31 1 1227 1437 1229 1395
7982 4 2 31 1 1154 1043 918 978
7983 4 2 31 1 1281 1323 198 1195
7984 4 2 31 1 1064 1059 1063 936
7985 4 2 31 1 679 678 788 675
7986 4 2 31 1 1442 1366 1231 1410
7987 4 2 31 1 223 196 195 1259
7988 4 2 31 1 1801 1659 1728 1846
7989 4 2 31 1 2193 2051 2120 2238
7990 4 2 31 1 2042 1924 1997 1855
7991 4 2 31 1 1650 1532 1605 1463
7992 4 2 31 1 1003 1045 1158 1124
7993 4 2 31 1 1153 928 929 927
7994 4 2 31 1 1721 1807 1665 1826
7995 4 2 31 1 2218 2113 2057 2199
7996 4 2 31 1 1917 1861 2003 2022
7997 4 2 31 1 1469 1525 1630 1611
7998 4 2 31 1 434 521 497 435
7999 4 2 31 1 1450 123 1322 1292
8000 4 2 31 1 607 604 401 457
8001 4 2 31 1 1123 975 172 1038
8002 4 2 31 1 1082 962 1077 947
8003 4 2 31 1 1291 1301 1188 1424
8004 4 2 31 1 1012 1164 956 1160
8005 4 2 31 1 867 821 877 680
8006 4 2 31 1 1131 929 1065 941
8007 4 2 31 1 144 143 171 916
8008 4 2 31 1 1847 1731 1790 1661
8009 4 2 31 1 2123 2182 2239 2053
8010 4 2 31 1 1465 1651 1535 1594
8011 4 2 31 1 2043 1927 1857 1986
8012 4 2 31 1 182 208 181 630
8013 4 2 31 1 356 544 456 430
8014 4 2 31 1 409 534 549 408
8015 4 2 31 1 923 1016 1003 1045
8016 4 2 31 1 1011 1099 985 911
8017 4 2 31 1 813 866 718 867
8018 4 2 31 1 64 63 119 1249
8019 4 2 31 1 998 1110 1104 1105
8020 4 2 31 1 1389 120 64 1193
8021 4 2 31 1 498 437 425 500
8022 4 2 31 1 628 37 699 873
8023 4 2 31 1 1237 1359 1360 1456
8024 4 2 31 1 82 1807 1755 1665
8025 4 2 31 1 2057 110 2147 2199
8026 4 2 31 1 79 1469 1559 1611
8027 4 2 31 1 107 2003 1861 1951
8028 4 2 31 1 384 445 577 393
8029 4 2 31 1 992 1052 1054 980
8030 4 2 31 1 939 1000 1134 948
8031 4 2 31 1 768 187 214 899
8032 4 2 31 1 1276 1401 1435 1247
8033 4 2 31 1 1691 1684 1775 1685
8034 4 2 31 1 2083 2076 2167 2077
8035 4 2 31 1 1488 1489 1495 1579
8036 4 2 31 1 1880 1881 1887 1971
8037 4 2 31 1 1668 1757 1758 1669
8038 4 2 31 1 2149 2150 2060 2061
8039 4 2 31 1 1954 1864 1865 1953
8040 4 2 31 1 1562 1472 1473 1561
8041 4 2 31 1 2101 2116 2106 2194
8042 4 2 31 1 1724 1714 1709 1802
8043 4 2 31 1 1518 1513 1606 1528
8044 4 2 31 1 1920 1998 1905 1910
8045 4 2 31 1 1034 912 1048 1118
8046 4 2 31 1 728 751 820 821
8047 4 2 31 1 425 437 498 386
8048 4 2 31 1 1945 1897 1992 1906
8049 4 2 31 1 1505 1514 1600 1553
8050 4 2 31 1 1710 1749 1701 1796
8051 4 2 31 1 2093 2102 2141 2188
8052 4 2 31 1 183 182 209 356
8053 4 2 31 1 1052 992 941 980
8054 4 2 31 1 1695 242 1842 2255
8055 4 2 31 1 2087 229 2234 2253
8056 4 2 31 1 701 704 703 812
8057 4 2 31 1 1672 1761 1763 1760
8058 4 2 31 1 2155 2152 2064 2153
8059 4 2 31 1 1564 1567 1476 1565
8060 4 2 31 1 1868 1957 1956 1959
8061 4 2 31 1 688 164 137 870
8062 4 2 31 1 1427 125 149 1240
8063 4 2 31 1 1369 1226 1223 1271
8064 4 2 31 1 1029 1157 983 1017
8065 4 2 31 1 428 474 601 462
8066 4 2 31 1 1903 1868 1960 1873
8067 4 2 31 1 1511 1476 1568 1481
8068 4 2 31 1 1672 1764 1677 1707
8069 4 2 31 1 2064 2069 2099 2156
8070 4 2 31 1 1002 1142 1001 988
8071 4 2 31 1 1140 997 1141 1154
8072 4 2 31 1 457 593 402 460
8073 4 2 31 1 1399 1305 1237 1441
8074 4 2 31 1 552 443 551 555
8075 4 2 31 1 772 676 723 749
8076 4 2 31 1 324 1797 1666 1664
8077 4 2 31 1 2189 2056 2058 344
8078 4 2 31 1 321 1601 1468 1470
8079 4 2 31 1 1862 1993 341 1860
8080 4 2 31 1 1015 957 1151 1012
8081 4 2 31 1 569 610 606 370
8082 4 2 31 1 903 827 747 763
8083 4 2 31 1 985 194 221 1030
8084 4 2 31 1 1285 1426 1402 1403
8085 4 2 31 1 137 638 688 870
8086 4 2 31 1 2036 2001 1930 2023
8087 4 2 31 1 1609 1644 1631 1538
8088 4 2 31 1 1840 1827 1734 1805
8089 4 2 31 1 2197 2126 2219 2232
8090 4 2 31 1 762 185 212 642
8091 4 2 31 1 666 664 663 797
8092 4 2 31 1 242 2256 1891 2038
8093 4 2 31 1 229 2254 1499 1646
8094 4 2 31 1 722 825 661 713
8095 4 2 31 1 1653 1816 1828 1837
8096 4 2 31 1 2220 2208 2229 2045
8097 4 2 31 1 2012 2033 1849 2024
8098 4 2 31 1 1632 1457 1641 1620
8099 4 2 31 1 1265 1254 1351 1216
8100 4 2 31 1 1040 1005 1122 921
8101 4 2 31 1 1248 1247 1192 1320
8102 4 2 31 1 650 878 665 713
8103 4 2 31 1 678 685 897 677
8104 4 2 31 1 1612 1571 1565 1480
8105 4 2 31 1 1957 2004 1963 1872
8106 4 2 31 1 1676 1808 1767 1761
8107 4 2 31 1 2159 2153 2068 2200
8108 4 2 31 1 757 872 726 904
8109 4 2 31 1 1240 1427 1304 1443
8110 4 2 31 1 1952 95 43 2041
8111 4 2 31 1 180 179 206 431
8112 4 2 31 1 2162 2071 2074 2095
8113 4 2 31 1 1682 1770 1679 1703
8114 4 2 31 1 1483 1486 1507 1574
8115 4 2 31 1 1899 1875 1878 1966
8116 4 2 31 1 148 124 123 1450
8117 4 2 31 1 166 857 692 861
8118 4 2 31 1 1127 1118 986 1126
8119 4 2 31 1 562 572 571 431
8120 4 2 31 1 727 679 865 714
8121 4 2 31 1 921 1005 1122 978
8122 4 2 31 1 633 139 165 857
8123 4 2 31 1 1040 1005 227 1121
8124 4 2 31 1 145 923 975 1123
8125 4 2 31 1 184 211 185 627
8126 4 2 31 1 2125 2115 2181 2046
8127 4 2 31 1 1733 1789 1654 1723
8128 4 2 31 1 1985 1850 1919 1929
8129 4 2 31 1 1537 1527 1458 1593
8130 4 2 31 1 263 262 235 1627
8131 4 2 31 1 236 264 265 2019
8132 4 2 31 1 235 262 263 2215
8133 4 2 31 1 265 264 236 1823
8134 4 2 31 1 1013 1155 1154 978
8135 4 2 31 1 95 1016 1158 43
8136 4 2 31 1 654 782 658 710
8137 4 2 31 1 1132 1112 1089 963
8138 4 2 31 1 1542 1598 1612 1480
8139 4 2 31 1 1990 2004 1934 1872
8140 4 2 31 1 2200 2130 2068 2186
8141 4 2 31 1 93 42 94 1756
8142 4 2 31 1 175 602 466 614
8143 4 2 31 1 373 595 372 374
8144 4 2 31 1 720 896 815 683
8145 4 2 31 1 1920 1855 1998 1887
8146 4 2 31 1 1143 1002 944 1074
8147 4 2 31 1 1951 1932 54 2040
8148 4 2 31 1 1540 1648 30 1559
8149 4 2 31 1 1736 1755 31 1844
8150 4 2 31 1 2147 2236 55 2128
8151 4 2 31 1 814 835 712 887
8152 4 2 31 1 1206 1267 1210 1340
8153 4 2 31 1 763 641 203 872
8154 4 2 31 1 845 91 39 694
8155 4 2 31 1 1322 123 147 1292
8156 4 2 31 1 1372 1241 1283 1221
8157 4 2 31 1 2060 2059 2149 2061
8158 4 2 31 1 1668 1667 1757 1669
8159 4 2 31 1 1471 1473 1472 1561
8160 4 2 31 1 1953 1864 1865 1863
8161 4 2 31 1 1227 1233 1374 1375
8162 4 2 31 1 1397 224 1186 1310
8163 4 2 31 1 1162 1029 983 1025
8164 4 2 31 1 692 736 732 844
8165 4 2 31 1 19 20 448 616
8166 4 2 31 1 1083 1081 962 1136
8167 4 2 31 1 1231 1295 1229 1366
8168 4 2 31 1 1040 226 199 921
8169 4 2 31 1 1258 1306 1286 1182
8170 4 2 31 1 1273 1383 1289 1284
8171 4 2 31 1 902 208 882 630
8172 4 2 31 1 1340 1341 1210 1336
8173 4 2 31 1 428 605 474 470
8174 4 2 31 1 1431 1203 1407 1342
8175 4 2 31 1 78 29 28 363
8176 4 2 31 1 162 161 135 875
8177 4 2 31 1 1398 1383 1245 1388
8178 4 2 31 1 801 804 805 662
8179 4 2 31 1 1197 1321 134 1296
8180 4 2 31 1 92 93 41 837
8181 4 2 31 1 422 466 450 489
8182 4 2 31 1 760 34 644 631
8183 4 2 31 1 689 690 749 893
8184 4 2 31 1 1419 1432 1433 1269
8185 4 2 31 1 1043 107 53 977
8186 4 2 31 1 409 445 536 398
8187 4 2 31 1 1299 1442 1231 1410
8188 4 2 31 1 537 395 411 589
8189 4 2 31 1 1368 1380 1279 1290
8190 4 2 31 1 456 544 465 541
8191 4 2 31 1 574 583 469 550
8192 4 2 31 1 1092 950 966 1147
8193 4 2 31 1 113 112 58 2207
8194 4 2 31 1 51 105 104 2011
8195 4 2 31 1 1337 1422 1261 1333
8196 4 2 31 1 555 563 552 419
8197 4 2 31 1 1119 1110 974 1105
8198 4 2 31 1 981 170 143 1128
8199 4 2 31 1 403 465 452 541
8200 4 2 31 1 2208 2136 2229 2045
8201 4 2 31 1 1653 1744 1816 1837
8202 4 2 31 1 1940 2033 1849 2012
8203 4 2 31 1 1641 1457 1548 1620
8204 4 2 31 1 1978 1922 1884 1883
8205 4 2 31 1 1492 1530 1491 1586
8206 4 2 31 1 2080 2079 2118 2174
8207 4 2 31 1 1688 1726 1782 1687
8208 4 2 31 1 1091 964 1000 953
8209 4 2 31 1 1099 1011 1096 1020
8210 4 2 31 1 669 732 844 842
8211 4 2 31 1 906 738 667 841
8212 4 2 31 1 38 39 90 1657
8213 4 2 31 1 872 827 705 904
8214 4 2 31 1 668 808 664 667
8215 4 2 31 1 740 175 900 836
8216 4 2 31 1 1096 1007 1020 958
8217 4 2 31 1 1525 1651 1592 1535
8218 4 2 31 1 1984 1927 1917 2043
8219 4 2 31 1 2113 2180 2239 2123
8220 4 2 31 1 1721 1731 1788 1847
8221 4 2 31 1 503 504 502 378
8222 4 2 31 1 403 540 456 541
8223 4 2 31 1 821 728 751 680
8224 4 2 31 1 634 758 170 839
8225 4 2 31 1 1029 1157 168 983
8226 4 2 31 1 975 923 1124 1123
8227 4 2 31 1 873 628 753 828
8228 4 2 31 1 797 666 664 906
8229 4 2 31 1 1057 1058 1056 933
8230 4 2 31 1 635 705 703 904
8231 4 2 31 1 1096 1011 1095 958
8232 4 2 31 1 825 805 824 722
8233 4 2 31 1 146 173 145 746
8234 4 2 31 1 770 723 771 716
8235 4 2 31 1 804 801 802 662
8236 4 2 31 1 1915 1887 1996 1971
8237 4 2 31 1 1604 1523 1495 1579
8238 4 2 31 1 1775 1800 1719 1691
8239 4 2 31 1 2192 2111 2167 2083
8240 4 2 31 1 1156 1023 922 1044
8241 4 2 31 1 490 468 603 367
8242 4 2 31 1 1649 19 67 1560
8243 4 2 31 1 2237 122 66 2148
8244 4 2 31 1 89 38 1818 1741
8245 4 2 31 1 528 529 626 406
8246 4 2 31 1 1113 1156 922 1044
8247 4 2 31 1 2116 2143 2106 2194
8248 4 2 31 1 1751 1714 1724 1802
8249 4 2 31 1 1606 1555 1518 1528
8250 4 2 31 1 1920 1998 1910 1947
8251 4 2 31 1 603 558 490 367
8252 4 2 31 1 834 184 211 716
8253 4 2 31 1 772 806 774 676
8254 4 2 31 1 1372 1283 1448 1373
8255 4 2 31 1 165 138 633 759
8256 4 2 31 1 1197 1321 1288 1392
8257 4 2 31 1 948 940 949 1071
8258 4 2 31 1 100 48 47 974
8259 4 2 31 1 385 394 393 518
8260 4 2 31 1 755 90 38 632
8261 4 2 31 1 567 569 389 568
8262 4 2 31 1 523 577 393 518
8263 4 2 31 1 948 1079 1134 1071
8264 4 2 31 1 1834 87 36 1836
8265 4 2 31 1 251 279 280 2144
8266 4 2 31 1 276 275 248 1752
8267 4 2 31 1 280 279 251 1948
8268 4 2 31 1 248 275 276 1556
8269 4 2 31 1 777 788 775 675
8270 4 2 31 1 793 794 664 797
8271 4 2 31 1 1264 1228 1222 1378
8272 4 2 31 1 1326 1325 1255 1324
8273 4 2 31 1 84 85 34 760
8274 4 2 31 1 24 23 72 419
8275 4 2 31 1 807 853 798 684
8276 4 2 31 1 1346 1369 1350 1223
8277 4 2 31 1 823 632 755 729
8278 4 2 31 1 2055 2192 2143 2116
8279 4 2 31 1 1663 1724 1800 1751
8280 4 2 31 1 1528 1555 1467 1604
8281 4 2 31 1 1947 1859 1920 1996
8282 4 2 31 1 1847 1790 1820 1661
8283 4 2 31 1 2182 2212 2239 2053
8284 4 2 31 1 2016 2043 1857 1986
8285 4 2 31 1 1594 1465 1651 1624
8286 4 2 31 1 568 389 567 521
8287 4 2 31 1 617 123 148 368
8288 4 2 31 1 471 609 479 547
8289 4 2 31 1 386 497 566 435
8290 4 2 31 1 471 410 574 609
8291 4 2 31 1 106 52 105 1140
8292 4 2 31 1 2035 1902 1919 1901
8293 4 2 31 1 1510 1527 1643 1509
8294 4 2 31 1 1394 1395 1293 1307
8295 4 2 31 1 617 491 461 368
8296 4 2 31 1 185 212 486 627
8297 4 2 31 1 633 734 736 890
8298 4 2 31 1 752 180 207 706
8299 4 2 31 1 1538 1644 1547 1497
8300 4 2 31 1 1930 1889 2036 1939
8301 4 2 31 1 2135 2126 2085 2232
8302 4 2 31 1 1840 1693 1734 1743
8303 4 2 31 1 112 57 111 1414
8304 4 2 31 1 1226 1370 1225 1287
8305 4 2 31 1 855 794 658 782
8306 4 2 31 1 1249 1279 1380 1389
8307 4 2 31 1 157 131 414 582
8308 4 2 31 1 1122 1159 1005 1121
8309 4 2 31 1 78 79 29 584
8310 4 2 31 1 89 38 90 1818
8311 4 2 31 1 413 464 480 570
8312 4 2 31 1 1312 191 218 1455
8313 4 2 31 1 727 783 865 810
8314 4 2 31 1 1228 1357 1222 1378
8315 4 2 31 1 181 207 180 706
8316 4 2 31 1 1264 1222 1379 1378
8317 4 2 31 1 1674 1779 1817 1814
8318 4 2 31 1 2171 2209 2066 2206
8319 4 2 31 1 1583 1621 1618 1478
8320 4 2 31 1 2010 1975 2013 1870
8321 4 2 31 1 118 62 117 1398
8322 4 2 31 1 937 935 1060 938
8323 4 2 31 1 1801 1691 1775 1835
8324 4 2 31 1 2193 2083 2167 2227
8325 4 2 31 1 1639 1605 1495 1579
8326 4 2 31 1 2031 1997 1887 1971
8327 4 2 31 1 718 741 704 813
8328 4 2 31 1 1125 1036 1019 968
8329 4 2 31 1 418 367 558 486
8330 4 2 31 1 382 506 383 380
8331 4 2 31 1 100 47 99 1119
8332 4 2 31 1 922 973 1042 1113
8333 4 2 31 1 1999 1859 1996 1915
8334 4 2 31 1 1607 1523 1467 1604
8335 4 2 31 1 1800 1803 1719 1663
8336 4 2 31 1 2111 2192 2195 2055
8337 4 2 31 1 1441 1237 1279 1249
8338 4 2 31 1 2175 2082 2123 2080
8339 4 2 31 1 1690 1783 1688 1731
8340 4 2 31 1 1927 1884 1886 1979
8341 4 2 31 1 1492 1535 1587 1494
8342 4 2 31 1 2156 2069 2074 2160
8343 4 2 31 1 1677 1682 1764 1768
8344 4 2 31 1 1572 1568 1481 1486
8345 4 2 31 1 1964 1960 1873 1878
8346 4 2 31 1 240 1832 1655 1717
8347 4 2 31 1 2109 2224 231 2047
8348 4 2 31 1 1913 1851 240 2028
8349 4 2 31 1 231 1521 1459 1636
8350 4 2 31 1 583 534 408 550
8351 4 2 31 1 1938 1864 339 1890
8352 4 2 31 1 1472 319 1546 1498
8353 4 2 31 1 2134 2086 346 2060
8354 4 2 31 1 326 1742 1694 1668
8355 4 2 31 1 191 1312 1262 1455
8356 4 2 31 1 779 865 777 714
8357 4 2 31 1 23 71 72 563
8358 4 2 31 1 1018 1120 1010 960
8359 4 2 31 1 2182 2082 2108 2123
8360 4 2 31 1 1716 1790 1690 1731
8361 4 2 31 1 1594 1494 1535 1520
8362 4 2 31 1 1886 1927 1986 1912
8363 4 2 31 1 1240 1196 1316 1443
8364 4 2 31 1 1446 1260 1376 1182
8365 4 2 31 1 697 31 876 740
8366 4 2 31 1 136 162 696 765
8367 4 2 31 1 1166 1112 1132 1024
8368 4 2 31 1 401 539 390 397
8369 4 2 31 1 172 145 144 975
8370 4 2 31 1 604 540 607 401
8371 4 2 31 1 46 98 1904 2006
8372 4 2 31 1 405 455 564 463
8373 4 2 31 1 1310 1186 1325 1324
8374 4 2 31 1 1131 1051 990 941
8375 4 2 31 1 1512 22 70 1614
8376 4 2 31 1 1399 1237 1238 1360
8377 4 2 31 1 1913 1893 1892 1988
8378 4 2 31 1 1500 1521 1501 1596
8379 4 2 31 1 2089 2184 2109 2088
8380 4 2 31 1 1697 1696 1792 1717
8381 4 2 31 1 952 956 945 1094
8382 4 2 31 1 2106 234 2143 2055
8383 4 2 31 1 1714 1663 237 1751
8384 4 2 31 1 1518 1555 234 1467
8385 4 2 31 1 237 1859 1910 1947
8386 4 2 31 1 1095 956 1164 1160
8387 4 2 31 1 1119 974 913 1010
8388 4 2 31 1 675 775 673 674
8389 4 2 31 1 1122 1040 921 1145
8390 4 2 31 1 1227 1229 1293 1395
8391 4 2 31 1 1441 1279 1380 1249
8392 4 2 31 1 204 178 205 757
8393 4 2 31 1 1238 1399 1425 1383
8394 4 2 31 1 1119 47 99 913
8395 4 2 31 1 61 116 60 2226
8396 4 2 31 1 967 955 1101 1006
8397 4 2 31 1 1269 1199 1415 1198
8398 4 2 31 1 49 101 48 2030
8399 4 2 31 1 2169 2170 2225 2122
8400 4 2 31 1 1777 1778 1833 1730
8401 4 2 31 1 1974 1926 1973 2029
8402 4 2 31 1 1637 1581 1534 1582
8403 4 2 31 1 71 23 358 563
8404 4 2 31 1 1430 1295 1183 1405
8405 4 2 31 1 563 358 455 419
8406 4 2 31 1 531 530 532 399
8407 4 2 31 1 189 217 1042 973
8408 4 2 31 1 1000 1008 1135 948
8409 4 2 31 1 1456 1399 1237 1441
8410 4 2 31 1 188 1434 1277 1296
8411 4 2 31 1 487 602 625 450
8412 4 2 31 1 1183 1293 1430 1307
8413 4 2 31 1 731 877 867 810
8414 4 2 31 1 170 143 758 634
8415 4 2 31 1 750 146 643 874
8416 4 2 31 1 390 403 427 520
8417 4 2 31 1 843 808 667 842
8418 4 2 31 1 1828 1710 1702 1796
8419 4 2 31 1 2094 2102 2188 2220
8420 4 2 31 1 1992 2024 1906 1898
8421 4 2 31 1 1600 1632 1514 1506
8422 4 2 31 1 1370 1371 1225 1287
8423 4 2 31 1 445 453 578 393
8424 4 2 31 1 546 451 412 400
8425 4 2 31 1 521 566 497 435
8426 4 2 31 1 24 25 73 1638
8427 4 2 31 1 982 1073 945 958
8428 4 2 31 1 466 602 450 489
8429 4 2 31 1 366 176 487 450
8430 4 2 31 1 889 807 744 684
8431 4 2 31 1 1363 1362 1224 1364
8432 4 2 31 1 1303 1243 1283 1373
8433 4 2 31 1 2190 2054 350 2121
8434 4 2 31 1 335 1994 1925 1858
8435 4 2 31 1 1729 1798 330 1662
8436 4 2 31 1 1602 315 1466 1533
8437 4 2 31 1 1103 964 963 1017
8438 4 2 31 1 669 667 732 842
8439 4 2 31 1 1450 1316 124 1196
8440 4 2 31 1 1925 1930 1882 2023
8441 4 2 31 1 1631 1538 1533 1490
8442 4 2 31 1 2219 2121 2126 2078
8443 4 2 31 1 1734 1729 1686 1827
8444 4 2 31 1 462 409 549 408
8445 4 2 31 1 572 496 535 473
8446 4 2 31 1 1894 1981 1892 1879
8447 4 2 31 1 1502 1500 1487 1589
8448 4 2 31 1 1785 1698 1696 1683
8449 4 2 31 1 2075 2088 2090 2177
8450 4 2 31 1 123 124 148 368
8451 4 2 31 1 208 182 882 630
8452 4 2 31 1 1050 1127 1028 1090
8453 4 2 31 1 1085 954 1087 1086
8454 4 2 31 1 1277 1434 216 1318
8455 4 2 31 1 1043 1154 1122 978
8456 4 2 31 1 179 205 178 635
8457 4 2 31 1 852 806 689 849
8458 4 2 31 1 1382 1273 1383 1388
8459 4 2 31 1 879 671 736 669
8460 4 2 31 1 1368 1377 1234 1358
8461 4 2 31 1 572 496 473 432
8462 4 2 31 1 88 36 37 1834
8463 4 2 31 1 388 392 391 585
8464 4 2 31 1 124 148 1316 1450
8465 4 2 31 1 753 687 907 830
8466 4 2 31 1 947 943 1139 946
8467 4 2 31 1 841 629 754 840
8468 4 2 31 1 196 224 197 1186
8469 4 2 31 1 869 855 656 854
8470 4 2 31 1 617 147 123 461
8471 4 2 31 1 2004 1955 1990 1934
8472 4 2 31 1 1598 1612 1563 1542
8473 4 2 31 1 1759 1794 1738 1808
8474 4 2 31 1 2130 2200 2151 2186
8475 4 2 31 1 1074 1049 1002 989
8476 4 2 31 1 724 641 176 763
8477 4 2 31 1 132 157 131 414
8478 4 2 31 1 1305 1237 1238 1399
8479 4 2 31 1 1290 1319 1380 1193
8480 4 2 31 1 971 1162 1008 1098
8481 4 2 31 1 1127 1050 1028 987
8482 4 2 31 1 77 78 28 483
8483 4 2 31 1 438 524 527 525
8484 4 2 31 1 345 2058 344 2141
8485 4 2 31 1 325 1749 1666 324
8486 4 2 31 1 662 682 804 681
8487 4 2 31 1 898 647 850 894
8488 4 2 31 1 416 543 605 453
8489 4 2 31 1 782 710 780 793
8490 4 2 31 1 573 127 354 426
8491 4 2 31 1 1630 1629 1526 1559
8492 4 2 31 1 1951 2022 1918 2021
8493 4 2 31 1 1826 1755 1722 1825
8494 4 2 31 1 2217 2147 2218 2114
8495 4 2 31 1 1672 1671 1670 1760
8496 4 2 31 1 2152 2062 2063 2064
8497 4 2 31 1 1475 1564 1476 1474
8498 4 2 31 1 1867 1956 1868 1866
8499 4 2 31 1 835 695 712 887
8500 4 2 31 1 196 223 224 1397
8501 4 2 31 1 224 223 196 1118
8502 4 2 31 1 695 171 143 758
8503 4 2 31 1 698 724 697 886
8504 4 2 31 1 62 61 117 1245
8505 4 2 31 1 1372 1243 1241 1448
8506 4 2 31 1 1032 981 142 909
8507 4 2 31 1 119 63 64 2100
8508 4 2 31 1 1277 1434 1321 1296
8509 4 2 31 1 118 63 2202 2049
8510 4 2 31 1 2034 1851 1892 1988
8511 4 2 31 1 1642 1459 1500 1596
8512 4 2 31 1 1655 1792 1838 1696
8513 4 2 31 1 2047 2088 2184 2230
8514 4 2 31 1 1102 1082 1009 1083
8515 4 2 31 1 1046 1001 921 1145
8516 4 2 31 1 674 675 775 677
8517 4 2 31 1 166 140 139 1027
8518 4 2 31 1 2074 2071 2162 2160
8519 4 2 31 1 1682 1679 1770 1768
8520 4 2 31 1 1572 1486 1483 1574
8521 4 2 31 1 1878 1875 1964 1966
8522 4 2 31 1 1029 1162 1103 1025
8523 4 2 31 1 449 490 560 558
8524 4 2 31 1 1417 1220 1437 1361
8525 4 2 31 1 1128 1181 1026 1166
8526 4 2 31 1 1113 1004 1115 1044
8527 4 2 31 1 1985 2035 1919 1982
8528 4 2 31 1 1593 1643 1527 1590
8529 4 2 31 1 549 474 605 470
8530 4 2 31 1 125 149 420 596
8531 4 2 31 1 720 682 896 683
8532 4 2 31 1 1375 1395 1294 1394
8533 4 2 31 1 1082 1084 961 947
8534 4 2 31 1 2170 2081 2105 2122
8535 4 2 31 1 1689 1778 1730 1713
8536 4 2 31 1 1885 1926 1974 1909
8537 4 2 31 1 1493 1517 1534 1582
8538 4 2 31 1 852 749 690 893
8539 4 2 31 1 1394 1185 1381 1451
8540 4 2 31 1 93 837 767 745
8541 4 2 31 1 98 46 45 979
8542 4 2 31 1 938 1060 1069 1062
8543 4 2 31 1 1286 1426 1258 1285
8544 4 2 31 1 70 22 21 424
8545 4 2 31 1 1323 1281 1257 1195
8546 4 2 31 1 1452 1241 1242 1393
8547 4 2 31 1 515 508 383 506
8548 4 2 31 1 565 530 375 587
8549 4 2 31 1 593 457 353 460
8550 4 2 31 1 1241 1372 1353 1221
8551 4 2 31 1 1151 908 1015 1012
8552 4 2 31 1 1443 1239 1196 1290
8553 4 2 31 1 575 154 155 472
8554 4 2 31 1 768 691 187 735
8555 4 2 31 1 1229 1295 1293 1430
8556 4 2 31 1 143 170 142 634
8557 4 2 31 1 742 730 707 818
8558 4 2 31 1 1346 1214 1339 1337
8559 4 2 31 1 638 696 690 765
8560 4 2 31 1 2089 2054 2145 351
8561 4 2 31 1 1697 1662 1753 331
8562 4 2 31 1 334 1893 1858 1949
8563 4 2 31 1 314 1501 1466 1557
8564 4 2 31 1 981 1032 1166 1024
8565 4 2 31 1 1144 1129 930 1085
8566 4 2 31 1 460 431 572 432
8567 4 2 31 1 552 592 455 564
8568 4 2 31 1 1938 338 1934 1890
8569 4 2 31 1 318 1542 1546 1498
8570 4 2 31 1 1742 327 1694 1738
8571 4 2 31 1 2086 2134 347 2130
8572 4 2 31 1 987 1015 1127 986
8573 4 2 31 1 1150 1105 1120 1010
8574 4 2 31 1 267 1999 1944 1911
8575 4 2 31 1 1552 1519 260 1607
8576 4 2 31 1 1748 1803 267 1715
8577 4 2 31 1 260 2107 2140 2195
8578 4 2 31 1 1362 1204 1420 1406
8579 4 2 31 1 410 583 574 609
8580 4 2 31 1 644 858 84 760
8581 4 2 31 1 787 652 784 854
8582 4 2 31 1 846 682 739 804
8583 4 2 31 1 1245 1187 1289 1398
8584 4 2 31 1 1673 1671 1762 1669
8585 4 2 31 1 2061 2065 2154 2063
8586 4 2 31 1 1958 1867 1869 1865
8587 4 2 31 1 1473 1477 1475 1566
8588 4 2 31 1 1651 1592 1535 1594
8589 4 2 31 1 1788 1731 1790 1847
8590 4 2 31 1 2182 2239 2180 2123
8591 4 2 31 1 2043 1984 1927 1986
8592 4 2 31 1 734 759 688 849
8593 4 2 31 1 400 395 411 537
8594 4 2 31 1 635 757 726 904
8595 4 2 31 1 754 842 732 629
8596 4 2 31 1 1745 89 1818 1741
8597 4 2 31 1 1018 1035 913 1120
8598 4 2 31 1 320 1561 1462 319
8599 4 2 31 1 1953 339 1854 340
8600 4 2 31 1 601 128 153 428
8601 4 2 31 1 482 463 564 358
8602 4 2 31 1 640 837 871 838
8603 4 2 31 1 1018 1165 1035 1120
8604 4 2 31 1 367 603 558 486
8605 4 2 31 1 955 950 966 1092
8606 4 2 31 1 2156 2099 2157 2204
8607 4 2 31 1 2008 1960 1903 1961
8608 4 2 31 1 1616 1511 1569 1568
8609 4 2 31 1 1707 1765 1764 1812
8610 4 2 31 1 1156 922 1042 1113
8611 4 2 31 1 828 824 721 826
8612 4 2 31 1 167 140 166 1027
8613 4 2 31 1 194 222 221 1030
8614 4 2 31 1 2123 2108 2182 2053
8615 4 2 31 1 1731 1716 1790 1661
8616 4 2 31 1 1594 1535 1465 1520
8617 4 2 31 1 1986 1927 1857 1912
8618 4 2 31 1 1338 1213 1339 1411
8619 4 2 31 1 608 406 454 548
8620 4 2 31 1 827 705 641 872
8621 4 2 31 1 146 174 173 874
8622 4 2 31 1 525 528 392 529
8623 4 2 31 1 221 222 194 1306
8624 4 2 31 1 1298 1256 1285 1403
8625 4 2 31 1 1317 1276 1302 1401
8626 4 2 31 1 1267 1362 1345 1340
8627 4 2 31 1 809 719 811 817
8628 4 2 31 1 2226 115 60 2228
8629 4 2 31 1 102 49 2032 2030
8630 4 2 31 1 1452 1242 1241 1222
8631 4 2 31 1 125 149 124 420
8632 4 2 31 1 1430 1293 1229 1395
8633 4 2 31 1 463 564 608 482
8634 4 2 31 1 1430 1366 1295 1442
8635 4 2 31 1 1640 74 25 1638
8636 4 2 31 1 443 551 531 552
8637 4 2 31 1 1104 1086 998 1105
8638 4 2 31 1 1186 1324 1281 1257
8639 4 2 31 1 939 1134 1061 1062
8640 4 2 31 1 577 507 384 508
8641 4 2 31 1 1828 1725 1816 1653
8642 4 2 31 1 2024 1849 2012 1921
8643 4 2 31 1 1632 1457 1620 1529
8644 4 2 31 1 2208 2220 2117 2045
8645 4 2 31 1 117 61 116 1388
8646 4 2 31 1 644 33 858 639
8647 4 2 31 1 1377 1299 1313 1190
8648 4 2 31 1 101 48 100 1110
8649 4 2 31 1 1259 1258 1402 1285
8650 4 2 31 1 1623 1507 1486 1574
8651 4 2 31 1 2015 1899 1878 1966
8652 4 2 31 1 1770 1682 1819 1703
8653 4 2 31 1 2095 2074 2162 2211
8654 4 2 31 1 117 61 62 2133
8655 4 2 31 1 47 48 100 1937
8656 4 2 31 1 2058 2189 344 2102
8657 4 2 31 1 1666 1710 1797 324
8658 4 2 31 1 341 1906 1993 1862
8659 4 2 31 1 1601 321 1514 1470
8660 4 2 31 1 120 1389 1319 1193
8661 4 2 31 1 1194 1277 1390 1288
8662 4 2 31 1 1807 1711 83 1750
8663 4 2 31 1 2199 2103 111 2142
8664 4 2 31 1 2003 1946 106 1907
8665 4 2 31 1 772 676 686 723
8666 4 2 31 1 1649 263 235 1627
8667 4 2 31 1 236 264 2019 2041
8668 4 2 31 1 2237 235 263 2215
8669 4 2 31 1 1845 236 264 1823
8670 4 2 31 1 819 741 821 867
8671 4 2 31 1 1265 1419 1272 1269
8672 4 2 31 1 1515 1525 1611 1633
8673 4 2 31 1 2003 2025 1907 1917
8674 4 2 31 1 1807 1711 1829 1721
8675 4 2 31 1 2221 2103 2113 2199
8676 4 2 31 1 162 136 163 765
8677 4 2 31 1 1405 1442 1295 1250
8678 4 2 31 1 1856 1922 2026 1909
8679 4 2 31 1 1530 1464 1517 1634
8680 4 2 31 1 2105 2052 2118 2222
8681 4 2 31 1 1830 1726 1660 1713
8682 4 2 31 1 24 72 73 555
8683 4 2 31 1 1756 1739 42 1845
8684 4 2 31 1 72 23 24 1545
8685 4 2 31 1 530 514 509 440
8686 4 2 31 1 1430 1229 1366 1437
8687 4 2 31 1 39 91 1810 1708
8688 4 2 31 1 40 92 640 761
8689 4 2 31 1 1136 916 1038 1181
8690 4 2 31 1 1824 1700 1822 1784
8691 4 2 31 1 2216 2176 2092 2214
8692 4 2 31 1 2020 1980 2018 1896
8693 4 2 31 1 1628 1588 1626 1504
8694 4 2 31 1 842 667 738 841
8695 4 2 31 1 1813 1705 1839 1706
8696 4 2 31 1 2097 2098 2231 2205
8697 4 2 31 1 1509 1643 1510 1617
8698 4 2 31 1 1902 2035 2009 1901
8699 4 2 31 1 1236 1356 1416 1360
8700 4 2 31 1 1120 1105 1119 1010
8701 4 2 31 1 901 889 807 744
8702 4 2 31 1 1165 1035 979 1018
8703 4 2 31 1 949 948 1079 970
8704 4 2 31 1 409 470 619 453
8705 4 2 31 1 1227 1374 1417 1375
8706 4 2 31 1 964 1025 1176 1008
8707 4 2 31 1 377 565 503 509
8708 4 2 31 1 1063 932 1057 1129
8709 4 2 31 1 1206 1334 1406 1340
8710 4 2 31 1 1085 1063 995 1068
8711 4 2 31 1 190 191 1262 1455
8712 4 2 31 1 1071 949 1079 1078
8713 4 2 31 1 447 521 434 435
8714 4 2 31 1 724 740 697 836
8715 4 2 31 1 1165 1180 961 1102
8716 4 2 31 1 1414 1192 111 1320
8717 4 2 31 1 424 463 608 482
8718 4 2 31 1 393 415 523 394
8719 4 2 31 1 1529 1558 1632 1601
8720 4 2 31 1 1993 2024 1950 1921
8721 4 2 31 1 1797 1725 1754 1828
8722 4 2 31 1 2117 2189 2220 2146
8723 4 2 31 1 40 39 91 694
8724 4 2 31 1 737 209 182 882
8725 4 2 31 1 1194 1390 1277 1318
8726 4 2 31 1 1185 1309 1303 1381
8727 4 2 31 1 1180 1084 961 1082
8728 4 2 31 1 564 455 552 563
8729 4 2 31 1 518 394 523 522
8730 4 2 31 1 1740 1699 1794 1808
8731 4 2 31 1 1354 1374 1268 1233
8732 4 2 31 1 706 752 819 820
8733 4 2 31 1 1051 1049 1074 989
8734 4 2 31 1 537 519 395 589
8735 4 2 31 1 1540 1526 1629 1559
8736 4 2 31 1 1918 1932 1951 2021
8737 4 2 31 1 1736 1722 1755 1825
8738 4 2 31 1 2147 2217 2128 2114
8739 4 2 31 1 689 806 743 849
8740 4 2 31 1 1435 1297 1276 1247
8741 4 2 31 1 1358 1232 1234 1235
8742 4 2 31 1 566 595 513 374
8743 4 2 31 1 2105 2079 2172 2118
8744 4 2 31 1 1687 1726 1780 1713
8745 4 2 31 1 1883 1976 1922 1909
8746 4 2 31 1 1530 1517 1491 1584
8747 4 2 31 1 1262 1194 190 1455
8748 4 2 31 1 479 126 426 361
8749 4 2 31 1 163 137 920 1039
8750 4 2 31 1 990 1051 1074 989
8751 4 2 31 1 844 843 669 842
8752 4 2 31 1 1335 1209 1337 1338
8753 4 2 31 1 937 1060 1056 1146
8754 4 2 31 1 484 132 158 365
8755 4 2 31 1 588 502 506 382
8756 4 2 31 1 1092 1072 950 1147
8757 4 2 31 1 2138 2223 2119 2225
8758 4 2 31 1 1831 1746 1833 1727
8759 4 2 31 1 2027 2029 1942 1923
8760 4 2 31 1 1550 1531 1635 1637
8761 4 2 31 1 602 175 201 614
8762 4 2 31 1 1394 1246 153 1307
8763 4 2 31 1 764 172 145 637
8764 4 2 31 1 1354 1348 1268 1411
8765 4 2 31 1 1105 1150 999 1010
8766 4 2 31 1 720 694 838 846
8767 4 2 31 1 552 592 444 455
8768 4 2 31 1 78 363 483 584
8769 4 2 31 1 788 877 679 865
8770 4 2 31 1 1657 39 90 1810
8771 4 2 31 1 1027 1130 983 971
8772 4 2 31 1 183 756 737 636
8773 4 2 31 1 575 428 472 416
8774 4 2 31 1 892 907 687 830
8775 4 2 31 1 1393 1241 1243 1448
8776 4 2 31 1 1249 1311 1305 1187
8777 4 2 31 1 838 871 640 720
8778 4 2 31 1 717 698 639 881
8779 4 2 31 1 732 692 844 861
8780 4 2 31 1 774 847 776 672
8781 4 2 31 1 1045 1016 1003 1158
8782 4 2 31 1 1809 1753 1792 1717
8783 4 2 31 1 2145 2184 2201 2109
8784 4 2 31 1 1988 1913 1949 2005
8785 4 2 31 1 1557 1596 1521 1613
8786 4 2 31 1 921 1040 226 1046
8787 4 2 31 1 180 206 207 571
8788 4 2 31 1 186 213 769 691
8789 4 2 31 1 452 589 520 541
8790 4 2 31 1 1007 1073 1096 1147
8791 4 2 31 1 1281 1324 1323 1257
8792 4 2 31 1 366 487 625 450
8793 4 2 31 1 1801 1659 1691 1728
8794 4 2 31 1 2193 2051 2083 2120
8795 4 2 31 1 1855 1924 1997 1887
8796 4 2 31 1 1463 1532 1605 1495
8797 4 2 31 1 944 990 1163 1074
8798 4 2 31 1 808 860 843 668
8799 4 2 31 1 1016 146 174 1045
8800 4 2 31 1 848 847 671 879
8801 4 2 31 1 854 782 654 781
8802 4 2 31 1 1857 1917 1927 2043
8803 4 2 31 1 1465 1651 1525 1535
8804 4 2 31 1 2239 2113 2123 2053
8805 4 2 31 1 1721 1731 1847 1661
8806 4 2 31 1 1014 1004 1115 1113
8807 4 2 31 1 1142 1002 1143 1074
8808 4 2 31 1 1140 918 997 1154
8809 4 2 31 1 459 449 560 558
8810 4 2 31 1 1093 1166 1132 965
8811 4 2 31 1 175 201 900 836
8812 4 2 31 1 1162 1176 1008 1098
8813 4 2 31 1 640 694 761 838
8814 4 2 31 1 2221 2118 2103 2222
8815 4 2 31 1 1515 1530 1633 1634
8816 4 2 31 1 1922 2026 2025 1907
8817 4 2 31 1 1370 1369 1436 1226
8818 4 2 31 1 1894 1851 2034 1911
8819 4 2 31 1 1502 1519 1459 1642
8820 4 2 31 1 1715 1655 1838 1698
8821 4 2 31 1 2107 2090 2047 2230
8822 4 2 31 1 490 624 159 449
8823 4 2 31 1 345 2059 2058 2141
8824 4 2 31 1 325 1749 1667 1666
8825 4 2 31 1 619 605 543 453
8826 4 2 31 1 635 205 757 859
8827 4 2 31 1 1004 162 1178 1044
8828 4 2 31 1 1250 126 1313 1190
8829 4 2 31 1 499 497 566 386
8830 4 2 31 1 99 46 47 1853
8831 4 2 31 1 401 403 540 456
8832 4 2 31 1 1011 956 1095 958
8833 4 2 31 1 1349 1367 1357 1218
8834 4 2 31 1 1424 1188 1291 1404
8835 4 2 31 1 686 773 772 771
8836 4 2 31 1 1823 1756 1709 1802
8837 4 2 31 1 2148 2101 2215 2194
8838 4 2 31 1 1606 1627 1560 1513
8839 4 2 31 1 1998 1952 1905 2019
8840 4 2 31 1 1405 127 151 1250
8841 4 2 31 1 822 882 756 685
8842 4 2 31 1 353 430 457 476
8843 4 2 31 1 144 145 172 637
8844 4 2 31 1 985 908 1030 1012
8845 4 2 31 1 71 22 23 1461
8846 4 2 31 1 1172 1083 1022 1136
8847 4 2 31 1 822 630 882 685
8848 4 2 31 1 620 442 423 363
8849 4 2 31 1 1445 109 55 1435
8850 4 2 31 1 580 442 458 423
8851 4 2 31 1 38 699 755 632
8852 4 2 31 1 1425 1280 1238 1284
8853 4 2 31 1 1372 1452 1241 1353
8854 4 2 31 1 1116 1006 969 1039
8855 4 2 31 1 2057 2218 2147 2114
8856 4 2 31 1 1755 1665 1826 1722
8857 4 2 31 1 1469 1630 1526 1559
8858 4 2 31 1 2022 1918 1861 1951
8859 4 2 31 1 361 420 467 596
8860 4 2 31 1 469 574 426 471
8861 4 2 31 1 686 771 723 716
8862 4 2 31 1 1356 1358 1359 1235
8863 4 2 31 1 1197 159 1321 1454
8864 4 2 31 1 539 540 604 401
8865 4 2 31 1 635 179 205 859
8866 4 2 31 1 956 1095 1094 1160
8867 4 2 31 1 1065 1153 929 1131
8868 4 2 31 1 451 561 484 414
8869 4 2 31 1 1578 1589 1487 1580
8870 4 2 31 1 1970 1981 1879 1972
8871 4 2 31 1 1785 1776 1774 1683
8872 4 2 31 1 2166 2168 2075 2177
8873 4 2 31 1 1287 1440 1376 1182
8874 4 2 31 1 1192 1432 1248 1320
8875 4 2 31 1 1306 1426 1402 1258
8876 4 2 31 1 1128 1026 981 1166
8877 4 2 31 1 28 363 369 483
8878 4 2 31 1 1155 978 1001 1145
8879 4 2 31 1 1142 1143 1013 1155
8880 4 2 31 1 1456 1279 1380 1441
8881 4 2 31 1 1309 1300 130 1185
8882 4 2 31 1 474 601 153 428
8883 4 2 31 1 467 547 361 596
8884 4 2 31 1 1125 192 220 911
8885 4 2 31 1 1112 1166 1032 1024
8886 4 2 31 1 269 268 240 1832
8887 4 2 31 1 231 258 259 2224
8888 4 2 31 1 809 705 868 702
8889 4 2 31 1 240 268 269 2028
8890 4 2 31 1 259 258 231 1636
8891 4 2 31 1 1770 1772 1703 1773
8892 4 2 31 1 2165 2164 2162 2095
8893 4 2 31 1 1507 1577 1576 1574
8894 4 2 31 1 1969 1899 1966 1968
8895 4 2 31 1 728 751 630 820
8896 4 2 31 1 681 823 805 824
8897 4 2 31 1 873 888 699 828
8898 4 2 31 1 445 536 590 578
8899 4 2 31 1 579 458 580 568
8900 4 2 31 1 762 770 771 716
8901 4 2 31 1 568 579 447 521
8902 4 2 31 1 1991 1897 1945 1863
8903 4 2 31 1 1599 1471 1505 1553
8904 4 2 31 1 1749 1795 1667 1701
8905 4 2 31 1 2141 2187 2059 2093
8906 4 2 31 1 2059 2187 2149 2061
8907 4 2 31 1 1667 1795 1757 1669
8908 4 2 31 1 1473 1471 1599 1561
8909 4 2 31 1 1991 1953 1865 1863
8910 4 2 31 1 1892 1981 2034 1988
8911 4 2 31 1 1642 1500 1589 1596
8912 4 2 31 1 1785 1838 1792 1696
8913 4 2 31 1 2177 2184 2088 2230
8914 4 2 31 1 139 165 138 633
8915 4 2 31 1 2143 2106 2055 2116
8916 4 2 31 1 1724 1663 1714 1751
8917 4 2 31 1 1467 1518 1555 1528
8918 4 2 31 1 1910 1859 1920 1947
8919 4 2 31 1 989 992 1050 1028
8920 4 2 31 1 1611 1554 78 1515
8921 4 2 31 1 694 761 838 846
8922 4 2 31 1 764 145 173 746
8923 4 2 31 1 1000 1135 1091 1148
8924 4 2 31 1 1659 1709 1804 1802
8925 4 2 31 1 2196 2051 2101 2194
8926 4 2 31 1 1905 2000 1998 1855
8927 4 2 31 1 1463 1606 1608 1513
8928 4 2 31 1 589 516 427 520
8929 4 2 31 1 1196 1428 1443 1290
8930 4 2 31 1 593 353 476 571
8931 4 2 31 1 434 496 473 437
8932 4 2 31 1 1356 1236 1232 1235
8933 4 2 31 1 908 1030 1151 1126
8934 4 2 31 1 1294 1227 1395 1375
8935 4 2 31 1 1371 1291 1225 1287
8936 4 2 31 1 1073 982 1070 1147
8937 4 2 31 1 975 1124 976 1172
8938 4 2 31 1 256 18 343 2233
8939 4 2 31 1 323 243 17 1841
8940 4 2 31 1 1060 1058 1061 935
8941 4 2 31 1 707 180 206 752
8942 4 2 31 1 1397 1259 1402 1403
8943 4 2 31 1 504 507 506 380
8944 4 2 31 1 1611 1525 1630 1633
8945 4 2 31 1 2003 2025 1917 2022
8946 4 2 31 1 1721 1829 1807 1826
8947 4 2 31 1 2113 2218 2221 2199
8948 4 2 31 1 528 407 406 454
8949 4 2 31 1 1262 1312 1301 1391
8950 4 2 31 1 702 809 705 719
8951 4 2 31 1 816 905 645 898
8952 4 2 31 1 1076 1077 1081 993
8953 4 2 31 1 435 389 567 372
8954 4 2 31 1 1227 1417 1437 1395
8955 4 2 31 1 559 486 418 412
8956 4 2 31 1 206 179 707 859
8957 4 2 31 1 809 827 705 719
8958 4 2 31 1 1032 1112 1024 909
8959 4 2 31 1 35 85 86 892
8960 4 2 31 1 1423 1367 1349 1218
8961 4 2 31 1 1745 1839 1834 1706
8962 4 2 31 1 2226 2231 2098 2137
8963 4 2 31 1 890 736 857 844
8964 4 2 31 1 433 493 446 436
8965 4 2 31 1 683 815 814 802
8966 4 2 31 1 243 323 1664 1841
8967 4 2 31 1 343 2056 256 2233
8968 4 2 31 1 1670 1758 1742 1759
8969 4 2 31 1 2062 2150 2134 2151
8970 4 2 31 1 1563 1474 1562 1546
8971 4 2 31 1 1955 1866 1954 1938
8972 4 2 31 1 411 545 400 537
8973 4 2 31 1 118 1311 1187 1398
8974 4 2 31 1 708 831 830 829
8975 4 2 31 1 2143 2215 2106 2194
8976 4 2 31 1 1751 1823 1714 1802
8977 4 2 31 1 2019 1910 1998 1947
8978 4 2 31 1 1606 1555 1627 1518
8979 4 2 31 1 363 600 442 483
8980 4 2 31 1 967 1042 1114 973
8981 4 2 31 1 1452 1379 1242 1222
8982 4 2 31 1 712 887 748 853
8983 4 2 31 1 1379 1452 1357 1222
8984 4 2 31 1 1368 1359 1235 1279
8985 4 2 31 1 539 390 515 520
8986 4 2 31 1 430 181 208 476
8987 4 2 31 1 362 185 418 627
8988 4 2 31 1 823 739 632 729
8989 4 2 31 1 2174 2172 2118 2222
8990 4 2 31 1 1830 1780 1782 1726
8991 4 2 31 1 1922 1978 2026 1976
8992 4 2 31 1 1584 1586 1530 1634
8993 4 2 31 1 1166 1093 1026 965
8994 4 2 31 1 1094 1073 945 1069
8995 4 2 31 1 1047 991 1001 988
8996 4 2 31 1 955 966 1100 1092
8997 4 2 31 1 574 469 410 471
8998 4 2 31 1 1405 1295 1183 1250
8999 4 2 31 1 1498 1598 1542 1503
9000 4 2 31 1 1990 1934 1890 1895
9001 4 2 31 1 2130 2086 2091 2186
9002 4 2 31 1 1694 1699 1738 1794
9003 4 2 31 1 1374 1219 1412 1411
9004 4 2 31 1 734 633 759 890
9005 4 2 31 1 191 190 218 1455
9006 4 2 31 1 594 423 450 422
9007 4 2 31 1 2074 2156 2160 2204
9008 4 2 31 1 1812 1764 1682 1768
9009 4 2 31 1 1568 1572 1616 1486
9010 4 2 31 1 1960 1964 2008 1878
9011 4 2 31 1 924 1140 52 918
9012 4 2 31 1 320 1561 1471 1462
9013 4 2 31 1 340 1854 1953 1863
9014 4 2 31 1 1433 1302 1421 1272
9015 4 2 31 1 870 163 638 765
9016 4 2 31 1 1627 235 1649 1543
9017 4 2 31 1 2019 1935 236 2041
9018 4 2 31 1 2215 2237 235 2131
9019 4 2 31 1 1739 236 1845 1823
9020 4 2 31 1 1259 1298 1285 1403
9021 4 2 31 1 164 137 138 688
9022 4 2 31 1 1250 1442 1295 1299
9023 4 2 31 1 844 692 857 861
9024 4 2 31 1 1695 1753 1809 1717
9025 4 2 31 1 2109 2201 2145 2087
9026 4 2 31 1 1521 1499 1557 1613
9027 4 2 31 1 1949 1913 1891 2005
9028 4 2 31 1 1289 1399 1383 1398
9029 4 2 31 1 773 686 856 771
9030 4 2 31 1 376 386 513 374
9031 4 2 31 1 1263 1301 1291 1424
9032 4 2 31 1 1716 1820 1790 1661
9033 4 2 31 1 2212 2182 2108 2053
9034 4 2 31 1 1624 1594 1465 1520
9035 4 2 31 1 1857 2016 1986 1912
9036 4 2 31 1 2133 117 61 2137
9037 4 2 31 1 486 418 185 627
9038 4 2 31 1 470 619 549 409
9039 4 2 31 1 1839 1843 1813 1706
9040 4 2 31 1 2235 2231 2098 2205
9041 4 2 31 1 2009 2039 2035 1902
9042 4 2 31 1 1617 1643 1510 1647
9043 4 2 31 1 34 85 84 1815
9044 4 2 31 1 1941 100 48 1937
9045 4 2 31 1 1176 1103 1025 964
9046 4 2 31 1 1363 1273 1383 1382
9047 4 2 31 1 739 823 846 804
9048 4 2 31 1 2087 352 2145 351
9049 4 2 31 1 332 331 1753 1695
9050 4 2 31 1 1499 313 314 1557
9051 4 2 31 1 334 1891 333 1949
9052 4 2 31 1 1889 1888 336 1939
9053 4 2 31 1 1496 1547 316 1497
9054 4 2 31 1 2084 2135 2085 349
9055 4 2 31 1 1743 329 1693 1692
9056 4 2 31 1 610 360 581 477
9057 4 2 31 1 76 27 77 1619
9058 4 2 31 1 748 758 634 889
9059 4 2 31 1 1301 1188 1312 1262
9060 4 2 31 1 750 643 767 891
9061 4 2 31 1 730 707 818 752
9062 4 2 31 1 1545 24 72 1549
9063 4 2 31 1 1131 1051 941 1053
9064 4 2 31 1 1239 1368 1279 1290
9065 4 2 31 1 744 839 634 693
9066 4 2 31 1 723 771 772 770
9067 4 2 31 1 632 845 739 823
9068 4 2 31 1 478 130 156 359
9069 4 2 31 1 868 796 809 702
9070 4 2 31 1 712 725 835 814
9071 4 2 31 1 591 452 465 541
9072 4 2 31 1 1625 1614 1512 1615
9073 4 2 31 1 2017 2006 1904 2007
9074 4 2 31 1 1810 1811 1821 1708
9075 4 2 31 1 2202 2203 2213 2100
9076 4 2 31 1 567 606 595 372
9077 4 2 31 1 220 193 1170 911
9078 4 2 31 1 1393 1243 1191 1448
9079 4 2 31 1 1149 1096 1007 1020
9080 4 2 31 1 206 179 180 707
9081 4 2 31 1 724 698 747 903
9082 4 2 31 1 1131 990 1051 1074
9083 4 2 31 1 1290 1380 1279 1193
9084 4 2 31 1 941 929 1065 931
9085 4 2 31 1 848 734 689 849
9086 4 2 31 1 1043 53 106 918
9087 4 2 31 1 1756 42 94 1845
9088 4 2 31 1 2227 2203 2193 2120
9089 4 2 31 1 1835 1811 1801 1728
9090 4 2 31 1 1924 2031 2007 1997
9091 4 2 31 1 1532 1639 1615 1605
9092 4 2 31 1 1699 1740 1676 1808
9093 4 2 31 1 893 852 689 849
9094 4 2 31 1 1185 1303 1294 1381
9095 4 2 31 1 165 166 139 1033
9096 4 2 31 1 1157 983 1017 909
9097 4 2 31 1 2149 2134 346 2060
9098 4 2 31 1 1757 1742 326 1668
9099 4 2 31 1 1938 1864 1953 339
9100 4 2 31 1 319 1561 1472 1546
9101 4 2 31 1 1247 1435 110 1320
9102 4 2 31 1 2149 2050 2059 2060
9103 4 2 31 1 1667 1757 1658 1668
9104 4 2 31 1 1472 1471 1561 1462
9105 4 2 31 1 1864 1953 1854 1863
9106 4 2 31 1 663 794 798 797
9107 4 2 31 1 2109 2145 2184 2089
9108 4 2 31 1 1697 1792 1753 1717
9109 4 2 31 1 354 428 601 462
9110 4 2 31 1 1893 1913 1949 1988
9111 4 2 31 1 1521 1501 1596 1557
9112 4 2 31 1 212 186 213 769
9113 4 2 31 1 496 572 494 432
9114 4 2 31 1 491 461 448 616
9115 4 2 31 1 1524 1625 1512 1615
9116 4 2 31 1 1916 2017 1904 2007
9117 4 2 31 1 1811 1720 1821 1708
9118 4 2 31 1 2203 2112 2213 2100
9119 4 2 31 1 808 797 664 906
9120 4 2 31 1 2268 346 2086 2060
9121 4 2 31 1 2267 326 1694 1668
9122 4 2 31 1 339 1864 2266 1890
9123 4 2 31 1 319 1472 2265 1498
9124 4 2 31 1 213 186 212 486
9125 4 2 31 1 1115 920 1178 1004
9126 4 2 31 1 1295 1430 1442 1405
9127 4 2 31 1 2223 2172 2105 2170
9128 4 2 31 1 1780 1831 1778 1713
9129 4 2 31 1 1974 2027 1976 1909
9130 4 2 31 1 1635 1517 1584 1582
9131 4 2 31 1 422 30 466 489
9132 4 2 31 1 1050 1127 1048 987
9133 4 2 31 1 624 560 365 449
9134 4 2 31 1 217 189 216 1318
9135 4 2 31 1 1543 1513 1627 1518
9136 4 2 31 1 1935 1910 1905 2019
9137 4 2 31 1 2131 2106 2215 2101
9138 4 2 31 1 1709 1714 1739 1823
9139 4 2 31 1 1236 1238 1237 1360
9140 4 2 31 1 217 216 189 1042
9141 4 2 31 1 894 832 648 851
9142 4 2 31 1 547 479 471 361
9143 4 2 31 1 1192 1247 56 1320
9144 4 2 31 1 695 883 171 758
9145 4 2 31 1 1001 978 921 1145
9146 4 2 31 1 144 171 172 1038
9147 4 2 31 1 1450 123 147 1322
9148 4 2 31 1 853 748 712 684
9149 4 2 31 1 586 579 493 446
9150 4 2 31 1 586 492 487 366
9151 4 2 31 1 528 407 454 538
9152 4 2 31 1 743 671 734 848
9153 4 2 31 1 1217 1347 1423 1350
9154 4 2 31 1 98 45 97 1111
9155 4 2 31 1 205 206 179 562
9156 4 2 31 1 756 685 636 856
9157 4 2 31 1 61 116 2226 2137
9158 4 2 31 1 267 268 239 1944
9159 4 2 31 1 239 268 267 1748
9160 4 2 31 1 232 260 259 1552
9161 4 2 31 1 259 260 232 2140
9162 4 2 31 1 1303 1448 1243 1373
9163 4 2 31 1 1941 48 101 2030
9164 4 2 31 1 1414 1198 1415 1314
9165 4 2 31 1 1513 1560 19 1543
9166 4 2 31 1 1905 1952 43 1935
9167 4 2 31 1 2101 2131 66 2148
9168 4 2 31 1 1865 1866 1864 1954
9169 4 2 31 1 1473 1474 1472 1562
9170 4 2 31 1 1670 1668 1758 1669
9171 4 2 31 1 2062 2060 2150 2061
9172 4 2 31 1 340 341 2257 1862
9173 4 2 31 1 1470 2258 321 320
9174 4 2 31 1 669 736 879 844
9175 4 2 31 1 1045 1167 1016 1158
9176 4 2 31 1 1638 73 24 1549
9177 4 2 31 1 1945 1863 1906 1862
9178 4 2 31 1 1471 1470 1514 1553
9179 4 2 31 1 2059 2102 2058 2141
9180 4 2 31 1 1666 1749 1667 1710
9181 4 2 31 1 1037 1140 924 1141
9182 4 2 31 1 908 194 985 1030
9183 4 2 31 1 1486 1572 1623 1574
9184 4 2 31 1 1878 1964 2015 1966
9185 4 2 31 1 2074 2162 2211 2160
9186 4 2 31 1 1770 1682 1768 1819
9187 4 2 31 1 545 400 537 526
9188 4 2 31 1 1304 1377 1299 1234
9189 4 2 31 1 1390 1434 1277 1318
9190 4 2 31 1 732 667 738 842
9191 4 2 31 1 221 1446 1306 1182
9192 4 2 31 1 1082 1077 1084 947
9193 4 2 31 1 1262 1228 1264 1391
9194 4 2 31 1 997 1013 1154 978
9195 4 2 31 1 442 458 389 568
9196 4 2 31 1 148 149 124 1316
9197 4 2 31 1 124 149 148 485
9198 4 2 31 1 1180 1165 1018 1120
9199 4 2 31 1 426 151 126 479
9200 4 2 31 1 1091 1103 964 1089
9201 4 2 31 1 861 842 732 754
9202 4 2 31 1 1173 1116 969 1137
9203 4 2 31 1 182 209 356 612
9204 4 2 31 1 615 561 414 582
9205 4 2 31 1 76 77 27 581
9206 4 2 31 1 63 118 119 1311
9207 4 2 31 1 883 144 172 637
9208 4 2 31 1 20 69 364 488
9209 4 2 31 1 1366 1355 1231 1410
9210 4 2 31 1 365 133 624 449
9211 4 2 31 1 1178 920 136 1004
9212 4 2 31 1 1092 1100 955 1080
9213 4 2 31 1 1745 88 37 1834
9214 4 2 31 1 120 64 119 1389
9215 4 2 31 1 69 70 21 556
9216 4 2 31 1 960 1150 999 946
9217 4 2 31 1 697 876 766 886
9218 4 2 31 1 2182 2108 2240 2212
9219 4 2 31 1 1790 1820 1716 1848
9220 4 2 31 1 1652 1594 1624 1520
9221 4 2 31 1 2016 1986 1912 2044
9222 4 2 31 1 732 736 669 844
9223 4 2 31 1 1800 1724 1691 1801
9224 4 2 31 1 2116 2083 2192 2193
9225 4 2 31 1 1528 1495 1605 1604
9226 4 2 31 1 730 741 728 819
9227 4 2 31 1 696 691 863 875
9228 4 2 31 1 642 770 723 690
9229 4 2 31 1 175 602 450 466
9230 4 2 31 1 1401 1400 1276 1435
9231 4 2 31 1 444 531 514 592
9232 4 2 31 1 979 1165 1009 1102
9233 4 2 31 1 999 1086 1068 1150
9234 4 2 31 1 1401 1276 1248 1247
9235 4 2 31 1 1520 1624 1652 1548
9236 4 2 31 1 2044 1912 2016 1940
9237 4 2 31 1 1744 1716 1820 1848
9238 4 2 31 1 2136 2240 2108 2212
9239 4 2 31 1 405 592 444 391
9240 4 2 31 1 1425 1416 1280 1345
9241 4 2 31 1 1631 1547 1602 1533
9242 4 2 31 1 1925 2023 1994 1939
9243 4 2 31 1 2219 2190 2135 2121
9244 4 2 31 1 1729 1827 1743 1798
9245 4 2 31 1 152 153 128 1307
9246 4 2 31 1 549 534 409 536
9247 4 2 31 1 486 558 418 412
9248 4 2 31 1 917 218 1179 1036
9249 4 2 31 1 640 837 745 871
9250 4 2 31 1 1433 1248 1302 1272
9251 4 2 31 1 1319 65 120 1193
9252 4 2 31 1 105 52 106 1946
9253 4 2 31 1 1904 1853 2006 2017
9254 4 2 31 1 1512 1614 1625 1461
9255 4 2 31 1 1810 1821 1657 1708
9256 4 2 31 1 2213 2202 2100 2049
9257 4 2 31 1 1591 1544 1597 1644
9258 4 2 31 1 1989 2036 1983 1936
9259 4 2 31 1 1840 1787 1740 1793
9260 4 2 31 1 2232 2179 2132 2185
9261 4 2 31 1 1368 1234 1239 1235
9262 4 2 31 1 827 641 747 763
9263 4 2 31 1 756 183 210 636
9264 4 2 31 1 111 57 112 2142
9265 4 2 31 1 469 574 573 426
9266 4 2 31 1 967 1042 973 1113
9267 4 2 31 1 183 210 209 756
9268 4 2 31 1 963 1112 1103 1017
9269 4 2 31 1 157 132 484 414
9270 4 2 31 1 194 221 193 985
9271 4 2 31 1 1112 1103 1089 963
9272 4 2 31 1 1455 190 217 1318
9273 4 2 31 1 573 151 127 426
9274 4 2 31 1 1671 1762 1760 1814
9275 4 2 31 1 2063 2154 2152 2206
9276 4 2 31 1 1958 1956 2010 1867
9277 4 2 31 1 1618 1564 1475 1566
9278 4 2 31 1 667 842 906 841
9279 4 2 31 1 1243 1300 1409 1448
9280 4 2 31 1 635 726 705 904
9281 4 2 31 1 616 20 448 488
9282 4 2 31 1 764 883 172 637
9283 4 2 31 1 1222 1357 1379 1378
9284 4 2 31 1 2142 2052 2207 2222
9285 4 2 31 1 1830 1815 1660 1750
9286 4 2 31 1 2026 1946 1856 2011
9287 4 2 31 1 1464 1554 1619 1634
9288 4 2 31 1 713 878 825 869
9289 4 2 31 1 1242 1191 1315 1393
9290 4 2 31 1 521 447 389 435
9291 4 2 31 1 1803 1715 1719 1663
9292 4 2 31 1 2107 2111 2195 2055
9293 4 2 31 1 1519 1523 1467 1607
9294 4 2 31 1 1915 1999 1859 1911
9295 4 2 31 1 1048 988 1047 1049
9296 4 2 31 1 690 863 893 765
9297 4 2 31 1 955 949 1078 1177
9298 4 2 31 1 1797 1710 1666 1664
9299 4 2 31 1 2189 2058 2056 2102
9300 4 2 31 1 1862 1906 1993 1860
9301 4 2 31 1 1514 1468 1601 1470
9302 4 2 31 1 1183 1293 1295 1430
9303 4 2 31 1 704 818 813 819
9304 4 2 31 1 42 41 93 745
9305 4 2 31 1 579 447 521 495
9306 4 2 31 1 759 633 165 857
9307 4 2 31 1 150 125 126 361
9308 4 2 31 1 724 175 740 836
9309 4 2 31 1 1809 1842 1753 1695
9310 4 2 31 1 2234 2145 2201 2087
9311 4 2 31 1 1891 2038 1949 2005
9312 4 2 31 1 1646 1557 1499 1613
9313 4 2 31 1 394 400 622 522
9314 4 2 31 1 495 493 433 494
9315 4 2 31 1 1157 169 141 909
9316 4 2 31 1 631 760 833 905
9317 4 2 31 1 479 150 126 361
9318 4 2 31 1 875 161 135 735
9319 4 2 31 1 221 193 1446 1182
9320 4 2 31 1 540 544 456 541
9321 4 2 31 1 1374 1219 1268 1233
9322 4 2 31 1 146 1016 923 1045
9323 4 2 31 1 564 608 626 463
9324 4 2 31 1 1038 975 144 916
9325 4 2 31 1 1237 1235 1359 1279
9326 4 2 31 1 611 597 617 368
9327 4 2 31 1 406 608 626 548
9328 4 2 31 1 769 212 186 642
9329 4 2 31 1 1099 1011 1095 1096
9330 4 2 31 1 720 682 694 846
9331 4 2 31 1 1526 1540 1469 1559
9332 4 2 31 1 1918 1932 1861 1951
9333 4 2 31 1 1755 1665 1722 1736
9334 4 2 31 1 2128 2057 2147 2114
9335 4 2 31 1 787 650 878 851
9336 4 2 31 1 1560 1608 1606 1513
9337 4 2 31 1 1998 1952 2000 1905
9338 4 2 31 1 2196 2101 2148 2194
9339 4 2 31 1 1709 1756 1804 1802
9340 4 2 31 1 535 402 473 437
9341 4 2 31 1 686 677 773 856
9342 4 2 31 1 1028 957 992 1090
9343 4 2 31 1 1130 167 166 1027
9344 4 2 31 1 21 20 69 364
9345 4 2 31 1 97 45 44 919
9346 4 2 31 1 362 184 185 627
9347 4 2 31 1 252 280 281 2212
9348 4 2 31 1 275 274 247 1820
9349 4 2 31 1 281 280 252 2016
9350 4 2 31 1 247 274 275 1624
9351 4 2 31 1 408 549 462 550
9352 4 2 31 1 207 181 902 706
9353 4 2 31 1 62 117 2133 2210
9354 4 2 31 1 823 845 739 846
9355 4 2 31 1 209 183 356 570
9356 4 2 31 1 2014 47 100 1937
9357 4 2 31 1 1449 1322 1292 1275
9358 4 2 31 1 45 46 98 1904
9359 4 2 31 1 21 22 70 1512
9360 4 2 31 1 1445 55 1297 1435
9361 4 2 31 1 1853 99 46 2006
9362 4 2 31 1 1195 1323 226 1317
9363 4 2 31 1 184 210 183 636
9364 4 2 31 1 712 725 814 683
9365 4 2 31 1 1555 261 234 1467
9366 4 2 31 1 1859 237 266 1947
9367 4 2 31 1 2143 234 261 2055
9368 4 2 31 1 1663 266 237 1751
9369 4 2 31 1 1309 1243 1300 1303
9370 4 2 31 1 1545 72 23 1622
9371 4 2 31 1 824 825 722 826
9372 4 2 31 1 1485 1483 1507 1574
9373 4 2 31 1 1899 1877 1875 1966
9374 4 2 31 1 1770 1681 1679 1703
9375 4 2 31 1 2071 2162 2073 2095
9376 4 2 31 1 22 71 1614 1461
9377 4 2 31 1 811 881 717 880
9378 4 2 31 1 1040 1122 1005 1121
9379 4 2 31 1 521 567 566 435
9380 4 2 31 1 1134 1135 1079 948
9381 4 2 31 1 1313 126 150 1190
9382 4 2 31 1 357 433 494 432
9383 4 2 31 1 1821 1720 1657 1708
9384 4 2 31 1 2112 2213 2100 2049
9385 4 2 31 1 1512 1625 1524 1461
9386 4 2 31 1 1904 1853 2017 1916
9387 4 2 31 1 369 363 442 483
9388 4 2 31 1 1455 1262 1194 1318
9389 4 2 31 1 1074 1002 990 989
9390 4 2 31 1 912 988 1048 987
9391 4 2 31 1 1907 1946 52 1856
9392 4 2 31 1 28 1554 1464 1515
9393 4 2 31 1 2242 320 2258 1462
9394 4 2 31 1 340 2241 1854 2257
9395 4 2 31 1 578 523 577 393
9396 4 2 31 1 1287 1370 1371 1376
9397 4 2 31 1 408 534 549 550
9398 4 2 31 1 1374 1354 1373 1233
9399 4 2 31 1 2103 2052 57 2142
9400 4 2 31 1 1711 1660 33 1750
9401 4 2 31 1 1380 1359 1279 1456
9402 4 2 31 1 919 44 97 1041
9403 4 2 31 1 1243 1409 1191 1448
9404 4 2 31 1 678 864 675 677
9405 4 2 31 1 706 181 902 630
9406 4 2 31 1 1378 1318 1194 1391
9407 4 2 31 1 1324 1186 1255 1257
9408 4 2 31 1 1022 975 976 1172
9409 4 2 31 1 749 690 723 852
9410 4 2 31 1 1181 1136 994 1093
9411 4 2 31 1 973 1014 967 1113
9412 4 2 31 1 392 528 407 406
9413 4 2 31 1 418 558 459 412
9414 4 2 31 1 412 545 546 400
9415 4 2 31 1 944 1163 1143 1074
9416 4 2 31 1 1100 967 955 1101
9417 4 2 31 1 698 886 881 817
9418 4 2 31 1 874 746 733 895
9419 4 2 31 1 131 157 132 1191
9420 4 2 31 1 1437 1430 1229 1395
9421 4 2 31 1 831 894 832 648
9422 4 2 31 1 805 862 661 825
9423 4 2 31 1 2062 2130 2068 2151
9424 4 2 31 1 1670 1738 1676 1759
9425 4 2 31 1 1563 1474 1542 1480
9426 4 2 31 1 1934 1955 1866 1872
9427 4 2 31 1 356 544 430 612
9428 4 2 31 1 1964 1960 1963 1873
9429 4 2 31 1 1568 1571 1572 1481
9430 4 2 31 1 2069 2156 2159 2160
9431 4 2 31 1 1767 1677 1764 1768
9432 4 2 31 1 763 827 641 872
9433 4 2 31 1 1423 1367 1263 1424
9434 4 2 31 1 1099 1170 985 911
9435 4 2 31 1 1009 961 962 1082
9436 4 2 31 1 2126 2121 2135 2085
9437 4 2 31 1 1693 1729 1734 1743
9438 4 2 31 1 1533 1538 1547 1497
9439 4 2 31 1 1889 1930 1925 1939
9440 4 2 31 1 1006 1101 967 1014
9441 4 2 31 1 1250 1313 1442 1299
9442 4 2 31 1 2012 1950 2024 1921
9443 4 2 31 1 1620 1558 1632 1529
9444 4 2 31 1 1816 1754 1725 1828
9445 4 2 31 1 2146 2220 2117 2208
9446 4 2 31 1 411 559 591 413
9447 4 2 31 1 1044 1156 1023 1171
9448 4 2 31 1 468 613 490 603
9449 4 2 31 1 691 768 875 735
9450 4 2 31 1 1418 1421 1257 1272
9451 4 2 31 1 92 40 91 761
9452 4 2 31 1 1114 1149 966 968
9453 4 2 31 1 173 172 145 764
9454 4 2 31 1 879 843 669 844
9455 4 2 31 1 1325 1397 1298 1186
9456 4 2 31 1 1762 1673 1824 1817
9457 4 2 31 1 2065 2154 2209 2216
9458 4 2 31 1 1477 1628 1621 1566
9459 4 2 31 1 1958 2013 2020 1869
9460 4 2 31 1 546 451 459 412
9461 4 2 31 1 814 725 815 683
9462 4 2 31 1 1425 1284 1363 1345
9463 4 2 31 1 1024 1166 1026 965
9464 4 2 31 1 1380 1368 1428 1290
9465 4 2 31 1 979 1165 1018 961
9466 4 2 31 1 1196 1450 1316 1443
9467 4 2 31 1 1082 961 1180 1102
9468 4 2 31 1 944 990 927 1163
9469 4 2 31 1 884 822 751 821
9470 4 2 31 1 1852 1895 1989 337
9471 4 2 31 1 1460 1503 1597 317
9472 4 2 31 1 1699 1793 328 1656
9473 4 2 31 1 2091 2185 348 2048
9474 4 2 31 1 29 422 363 584
9475 4 2 31 1 899 875 768 735
9476 4 2 31 1 2031 1881 1969 1968
9477 4 2 31 1 1639 1489 1577 1576
9478 4 2 31 1 2164 2227 2077 2165
9479 4 2 31 1 1685 1772 1835 1773
9480 4 2 31 1 132 158 133 1278
9481 4 2 31 1 611 547 420 596
9482 4 2 31 1 745 767 42 643
9483 4 2 31 1 56 110 111 1320
9484 4 2 31 1 106 107 53 1043
9485 4 2 31 1 1009 961 1082 1102
9486 4 2 31 1 41 93 92 1804
9487 4 2 31 1 1297 1276 1400 1435
9488 4 2 31 1 1706 1843 1813 1704
9489 4 2 31 1 2098 2096 2235 2205
9490 4 2 31 1 1617 1510 1508 1647
9491 4 2 31 1 1902 2009 2039 1900
9492 4 2 31 1 55 1297 1435 1247
9493 4 2 31 1 1247 1401 1435 1320
9494 4 2 31 1 428 601 128 354
9495 4 2 31 1 406 463 608 424
9496 4 2 31 1 1424 1301 1312 1391
9497 4 2 31 1 1415 1444 1438 1199
9498 4 2 31 1 983 1157 141 909
9499 4 2 31 1 1112 963 1024 1017
9500 4 2 31 1 1101 1115 920 1039
9501 4 2 31 1 691 768 863 875
9502 4 2 31 1 924 997 925 1141
9503 4 2 31 1 625 423 366 450
9504 4 2 31 1 46 99 913 1035
9505 4 2 31 1 1543 1627 235 1518
9506 4 2 31 1 1935 236 1910 2019
9507 4 2 31 1 2106 2215 235 2131
9508 4 2 31 1 236 1739 1714 1823
9509 4 2 31 1 328 1699 1656 2270
9510 4 2 31 1 348 2091 2048 2269
9511 4 2 31 1 1895 1852 2271 337
9512 4 2 31 1 1503 1460 2272 317
9513 4 2 31 1 544 607 456 430
9514 4 2 31 1 1351 1407 1439 1216
9515 4 2 31 1 560 546 484 365
9516 4 2 31 1 1164 1099 985 1011
9517 4 2 31 1 797 664 793 808
9518 4 2 31 1 770 642 863 690
9519 4 2 31 1 597 611 421 368
9520 4 2 31 1 482 71 22 358
9521 4 2 31 1 969 164 138 1137
9522 4 2 31 1 1006 1116 1101 1039
9523 4 2 31 1 1139 1068 1150 946
9524 4 2 31 1 1026 1181 994 1093
9525 4 2 31 1 1301 1228 1262 1391
9526 4 2 31 1 123 148 147 617
9527 4 2 31 1 123 147 148 1450
9528 4 2 31 1 903 698 747 817
9529 4 2 31 1 807 889 853 684
9530 4 2 31 1 143 916 981 1128
9531 4 2 31 1 1013 1002 1142 1001
9532 4 2 31 1 486 362 418 627
9533 4 2 31 1 391 592 514 585
9534 4 2 31 1 1989 2036 1936 1889
9535 4 2 31 1 1644 1544 1597 1497
9536 4 2 31 1 2232 2132 2085 2185
9537 4 2 31 1 1740 1693 1840 1793
9538 4 2 31 1 1287 1371 1291 1376
9539 4 2 31 1 484 546 561 451
9540 4 2 31 1 917 1042 1179 973
9541 4 2 31 1 1168 1161 925 1141
9542 4 2 31 1 1257 1421 1323 1195
9543 4 2 31 1 99 1119 913 1035
9544 4 2 31 1 43 1003 1016 1158
9545 4 2 31 1 737 756 209 882
9546 4 2 31 1 111 110 56 2199
9547 4 2 31 1 32 83 82 1807
9548 4 2 31 1 53 107 106 2003
9549 4 2 31 1 63 1311 1249 1187
9550 4 2 31 1 171 143 144 695
9551 4 2 31 1 891 750 643 874
9552 4 2 31 1 1439 1201 1431 1387
9553 4 2 31 1 1400 228 200 1445
9554 4 2 31 1 1169 228 200 1121
9555 4 2 31 1 585 525 392 529
9556 4 2 31 1 815 871 838 720
9557 4 2 31 1 408 462 469 550
9558 4 2 31 1 927 1153 1109 1163
9559 4 2 31 1 358 482 71 563
9560 4 2 31 1 886 903 724 836
9561 4 2 31 1 1927 1917 1884 1984
9562 4 2 31 1 1592 1525 1535 1492
9563 4 2 31 1 2123 2113 2180 2080
9564 4 2 31 1 1688 1721 1731 1788
9565 4 2 31 1 1699 1793 1740 1794
9566 4 2 31 1 2091 2185 2132 2186
9567 4 2 31 1 1989 1990 1895 1936
9568 4 2 31 1 1598 1503 1597 1544
9569 4 2 31 1 1051 992 989 941
9570 4 2 31 1 489 466 602 614
9571 4 2 31 1 1077 1139 1084 947
9572 4 2 31 1 691 213 769 768
9573 4 2 31 1 2271 338 1990 337
9574 4 2 31 1 2272 318 1598 317
9575 4 2 31 1 327 328 2270 1794
9576 4 2 31 1 348 2269 347 2186
9577 4 2 31 1 437 434 497 386
9578 4 2 31 1 212 185 211 627
9579 4 2 31 1 1529 1468 1601 1514
9580 4 2 31 1 1921 1993 1906 1860
9581 4 2 31 1 1664 1797 1710 1725
9582 4 2 31 1 2056 2117 2189 2102
9583 4 2 31 1 1395 1430 1293 1307
9584 4 2 31 1 875 696 162 765
9585 4 2 31 1 180 207 206 752
9586 4 2 31 1 538 454 597 421
9587 4 2 31 1 1242 1379 1452 1393
9588 4 2 31 1 883 171 144 695
9589 4 2 31 1 170 143 171 758
9590 4 2 31 1 1401 1248 1302 1433
9591 4 2 31 1 62 118 63 1187
9592 4 2 31 1 91 39 40 1708
9593 4 2 31 1 361 150 125 596
9594 4 2 31 1 1294 1381 1375 1394
9595 4 2 31 1 545 412 411 400
9596 4 2 31 1 990 944 1002 1074
9597 4 2 31 1 192 219 220 1404
9598 4 2 31 1 354 469 462 550
9599 4 2 31 1 1004 1115 920 1014
9600 4 2 31 1 261 260 233 1607
9601 4 2 31 1 238 266 267 1999
9602 4 2 31 1 267 266 238 1803
9603 4 2 31 1 233 260 261 2195
9604 4 2 31 1 1005 977 1122 978
9605 4 2 31 1 37 88 89 873
9606 4 2 31 1 449 560 365 459
9607 4 2 31 1 392 405 529 406
9608 4 2 31 1 2137 2133 117 2210
9609 4 2 31 1 916 1038 975 1022
9610 4 2 31 1 220 219 192 1125
9611 4 2 31 1 676 672 774 674
9612 4 2 31 1 1941 2014 100 1937
9613 4 2 31 1 947 1084 961 960
9614 4 2 31 1 420 421 611 368
9615 4 2 31 1 1100 967 966 955
9616 4 2 31 1 1787 1740 1793 1808
9617 4 2 31 1 2185 2179 2132 2200
9618 4 2 31 1 2004 1989 1983 1936
9619 4 2 31 1 1544 1597 1612 1591
9620 4 2 31 1 72 1545 1549 1622
9621 4 2 31 1 977 1043 107 1159
9622 4 2 31 1 454 406 528 548
9623 4 2 31 1 1297 1400 200 1445
9624 4 2 31 1 1021 1169 200 1121
9625 4 2 31 1 1114 917 967 973
9626 4 2 31 1 418 362 559 412
9627 4 2 31 1 1078 1097 1177 959
9628 4 2 31 1 1078 1080 955 1177
9629 4 2 31 1 192 191 219 1188
9630 4 2 31 1 1309 1448 1303 1373
9631 4 2 31 1 1439 1419 1351 1265
9632 4 2 31 1 1424 1367 1228 1391
9633 4 2 31 1 1136 1081 994 1093
9634 4 2 31 1 1463 1608 20 1513
9635 4 2 31 1 44 2000 1905 1855
9636 4 2 31 1 2051 2101 65 2196
9637 4 2 31 1 1709 41 1659 1804
9638 4 2 31 1 1003 1158 1175 1124
9639 4 2 31 1 462 601 354 550
9640 4 2 31 1 368 597 491 448
9641 4 2 31 1 1157 1029 1103 1017
9642 4 2 31 1 2004 1990 1989 1936
9643 4 2 31 1 1597 1612 1598 1544
9644 4 2 31 1 1794 1793 1740 1808
9645 4 2 31 1 2200 2132 2185 2186
9646 4 2 31 1 526 622 400 522
9647 4 2 31 1 320 1471 1470 1462
9648 4 2 31 1 1863 340 1854 1862
9649 4 2 31 1 474 549 601 462
9650 4 2 31 1 839 634 889 744
9651 4 2 31 1 1906 1897 1992 1898
9652 4 2 31 1 1506 1514 1600 1505
9653 4 2 31 1 1701 1702 1710 1796
9654 4 2 31 1 2094 2102 2093 2188
9655 4 2 31 1 859 742 707 818
9656 4 2 31 1 164 138 137 969
9657 4 2 31 1 622 542 404 522
9658 4 2 31 1 685 677 636 856
9659 4 2 31 1 822 820 751 821
9660 4 2 31 1 207 208 181 476
9661 4 2 31 1 400 545 546 526
9662 4 2 31 1 1454 133 158 1278
9663 4 2 31 1 976 923 1124 975
9664 4 2 31 1 1124 1175 1003 976
9665 4 2 31 1 969 1116 1173 959
9666 4 2 31 1 1828 1797 1710 1796
9667 4 2 31 1 2188 2102 2189 2220
9668 4 2 31 1 1906 2024 1992 1993
9669 4 2 31 1 1600 1632 1601 1514
9670 4 2 31 1 561 615 414 404
9671 4 2 31 1 1915 1996 1995 1971
9672 4 2 31 1 1604 1603 1523 1579
9673 4 2 31 1 1775 1800 1799 1719
9674 4 2 31 1 2191 2111 2167 2192
9675 4 2 31 1 1455 1194 190 1318
9676 4 2 31 1 1315 1278 1242 1392
9677 4 2 31 1 123 1450 1196 1292
9678 4 2 31 1 346 2050 345 2149
9679 4 2 31 1 326 1658 325 1757
9680 4 2 31 1 859 635 742 885
9681 4 2 31 1 1017 1024 1112 909
9682 4 2 31 1 977 1159 1021 1005
9683 4 2 31 1 406 626 528 548
9684 4 2 31 1 1100 955 1080 1101
9685 4 2 31 1 889 748 853 684
9686 4 2 31 1 439 467 547 361
9687 4 2 31 1 1283 1243 1241 1372
9688 4 2 31 1 454 548 597 364
9689 4 2 31 1 1112 1157 1017 909
9690 4 2 31 1 607 593 457 476
9691 4 2 31 1 97 96 44 2000
9692 4 2 31 1 407 527 438 439
9693 4 2 31 1 362 559 411 413
9694 4 2 31 1 1151 1164 1030 1012
9695 4 2 31 1 1312 1188 1301 1424
9696 4 2 31 1 1263 1291 1225 1371
9697 4 2 31 1 1315 132 157 1191
9698 4 2 31 1 197 1186 1310 1281
9699 4 2 31 1 559 362 480 413
9700 4 2 31 1 1702 1725 1828 1653
9701 4 2 31 1 1529 1632 1457 1506
9702 4 2 31 1 1921 2024 1849 1898
9703 4 2 31 1 2094 2117 2220 2045
9704 4 2 31 1 1410 1299 1313 1377
9705 4 2 31 1 966 917 1114 968
9706 4 2 31 1 1278 1454 1197 1392
9707 4 2 31 1 1036 1114 917 968
9708 4 2 31 1 837 640 761 838
9709 4 2 31 1 1377 1304 1427 1443
9710 4 2 31 1 748 887 758 889
9711 4 2 31 1 1234 1304 1377 1239
9712 4 2 31 1 132 158 157 484
9713 4 2 31 1 1302 1195 1276 1317
9714 4 2 31 1 638 136 696 765
9715 4 2 31 1 2114 2113 2218 2053
9716 4 2 31 1 1857 1918 1917 2022
9717 4 2 31 1 1526 1465 1630 1525
9718 4 2 31 1 1371 1404 1291 1376
9719 4 2 31 1 157 158 132 1315
9720 4 2 31 1 1290 1275 1319 1193
9721 4 2 31 1 916 1181 1026 1128
9722 4 2 31 1 1427 1190 125 1240
9723 4 2 31 1 774 775 773 674
9724 4 2 31 1 1444 1419 1439 1265
9725 4 2 31 1 139 166 165 857
9726 4 2 31 1 837 93 41 745
9727 4 2 31 1 480 591 559 413
9728 4 2 31 1 1264 1379 1288 1378
9729 4 2 31 1 2257 1854 340 1862
9730 4 2 31 1 1470 2258 320 1462
9731 4 2 31 1 1627 1560 1513 1543
9732 4 2 31 1 1905 1952 1935 2019
9733 4 2 31 1 2215 2131 2101 2148
9734 4 2 31 1 1756 1709 1739 1823
9735 4 2 31 1 837 767 745 871
9736 4 2 31 1 164 163 137 870
9737 4 2 31 1 1306 1440 1286 1182
9738 4 2 31 1 1036 1149 1114 968
9739 4 2 31 1 1002 1142 1049 1074
9740 4 2 31 1 135 696 875 735
9741 4 2 31 1 981 1032 1024 909
9742 4 2 31 1 601 152 128 354
9743 4 2 31 1 769 770 642 863
9744 4 2 31 1 609 471 410 439
9745 4 2 31 1 2150 2149 2187 2061
9746 4 2 31 1 1795 1758 1757 1669
9747 4 2 31 1 1865 1954 1953 1991
9748 4 2 31 1 1562 1473 1599 1561
9749 4 2 31 1 642 691 769 863
9750 4 2 31 1 163 920 1178 1039
9751 4 2 31 1 1241 1393 1372 1448
9752 4 2 31 1 1288 1242 1379 1264
9753 4 2 31 1 704 730 742 818
9754 4 2 31 1 1749 1795 1701 1796
9755 4 2 31 1 1945 1992 1897 1991
9756 4 2 31 1 2093 2141 2187 2188
9757 4 2 31 1 1599 1505 1600 1553
9758 4 2 31 1 29 79 78 1611
9759 4 2 31 1 624 484 158 365
9760 4 2 31 1 65 64 120 1193
9761 4 2 31 1 2019 265 1910 1947
9762 4 2 31 1 1627 1555 262 1518
9763 4 2 31 1 262 2143 2215 2106
9764 4 2 31 1 1823 1714 265 1751
9765 4 2 31 1 1360 1238 1399 1425
9766 4 2 31 1 902 706 630 820
9767 4 2 31 1 1194 1390 1318 1378
9768 4 2 31 1 689 638 690 893
9769 4 2 31 1 1276 1195 199 1317
9770 4 2 31 1 1022 976 1083 1172
9771 4 2 31 1 1269 1432 1248 1192
9772 4 2 31 1 1228 1367 1357 1378
9773 4 2 31 1 994 1026 1093 965
9774 4 2 31 1 1418 1419 1433 1272
9775 4 2 31 1 1125 219 192 1019
9776 4 2 31 1 1166 1026 981 1024
9777 4 2 31 1 887 712 814 853
9778 4 2 31 1 179 206 205 859
9779 4 2 31 1 699 888 873 755
9780 4 2 31 1 646 833 830 831
9781 4 2 31 1 1450 124 123 1196
9782 4 2 31 1 1865 1897 1991 1863
9783 4 2 31 1 1471 1505 1473 1599
9784 4 2 31 1 1795 1667 1701 1669
9785 4 2 31 1 2059 2187 2061 2093
9786 4 2 31 1 550 354 469 573
9787 4 2 31 1 1179 190 917 973
9788 4 2 31 1 1708 1659 40 1747
9789 4 2 31 1 2100 2051 64 2139
9790 4 2 31 1 1512 1551 21 1463
9791 4 2 31 1 1904 1943 45 1855
9792 4 2 31 1 1001 1142 1155 1145
9793 4 2 31 1 64 1249 1389 1193
9794 4 2 31 1 547 609 527 439
9795 4 2 31 1 875 696 691 735
9796 4 2 31 1 458 447 579 446
9797 4 2 31 1 65 121 120 2196
9798 4 2 31 1 742 859 885 818
9799 4 2 31 1 1300 1309 1303 1185
9800 4 2 31 1 151 126 1313 1250
9801 4 2 31 1 69 68 20 1608
9802 4 2 31 1 2194 2116 2192 2193
9803 4 2 31 1 1724 1800 1802 1801
9804 4 2 31 1 1528 1605 1606 1604
9805 4 2 31 1 1140 1043 106 918
9806 4 2 31 1 2178 2097 2205 2204
9807 4 2 31 1 1812 1813 1705 1786
9808 4 2 31 1 1617 1509 1590 1616
9809 4 2 31 1 1901 2009 2008 1982
9810 4 2 31 1 184 210 636 834
9811 4 2 31 1 1379 1242 1315 1393
9812 4 2 31 1 1859 1947 1999 1996
9813 4 2 31 1 1467 1555 1607 1604
9814 4 2 31 1 1800 1803 1663 1751
9815 4 2 31 1 2143 2195 2192 2055
9816 4 2 31 1 1082 961 962 947
9817 4 2 31 1 752 707 180 706
9818 4 2 31 1 2034 1944 1851 2028
9819 4 2 31 1 1459 1642 1552 1636
9820 4 2 31 1 1838 1748 1832 1655
9821 4 2 31 1 2140 2047 2224 2230
9822 4 2 31 1 131 156 130 359
9823 4 2 31 1 1813 1705 1706 1704
9824 4 2 31 1 2098 2097 2096 2205
9825 4 2 31 1 1509 1510 1508 1617
9826 4 2 31 1 2009 1902 1901 1900
9827 4 2 31 1 1005 1159 1021 1121
9828 4 2 31 1 2183 2184 2089 2088
9829 4 2 31 1 1792 1791 1696 1697
9830 4 2 31 1 1988 1893 1892 1987
9831 4 2 31 1 1596 1501 1500 1595
9832 4 2 31 1 886 698 903 817
9833 4 2 31 1 920 969 1006 1039
9834 4 2 31 1 2045 253 2136 2108
9835 4 2 31 1 1653 246 1744 1716
9836 4 2 31 1 246 1520 1457 1548
9837 4 2 31 1 253 1912 1849 1940
9838 4 2 31 1 1553 1561 1471 320
9839 4 2 31 1 1945 340 1953 1863
9840 4 2 31 1 2265 1462 1472 319
9841 4 2 31 1 339 2266 1864 1854
9842 4 2 31 1 2268 2050 346 2060
9843 4 2 31 1 326 2267 1658 1668
9844 4 2 31 1 484 451 414 365
9845 4 2 31 1 1318 1455 1262 1391
9846 4 2 31 1 1168 944 1163 1143
9847 4 2 31 1 757 635 885 904
9848 4 2 31 1 1033 139 165 914
9849 4 2 31 1 759 734 848 849
9850 4 2 31 1 890 879 736 844
9851 4 2 31 1 1101 955 1177 1006
9852 4 2 31 1 1294 1233 1227 1375
9853 4 2 31 1 863 690 696 765
9854 4 2 31 1 748 889 744 684
9855 4 2 31 1 762 771 834 716
9856 4 2 31 1 868 703 885 812
9857 4 2 31 1 181 430 353 476
9858 4 2 31 1 169 1157 1032 909
9859 4 2 31 1 546 622 451 400
9860 4 2 31 1 712 725 695 835
9861 4 2 31 1 627 486 362 559
9862 4 2 31 1 1183 1430 1405 1307
9863 4 2 31 1 1042 1179 1114 917
9864 4 2 31 1 1803 1748 1838 1715
9865 4 2 31 1 2230 2140 2107 2195
9866 4 2 31 1 1999 2034 1944 1911
9867 4 2 31 1 1552 1642 1519 1607
9868 4 2 31 1 1028 1015 1127 987
9869 4 2 31 1 84 83 33 1750
9870 4 2 31 1 473 460 572 432
9871 4 2 31 1 33 83 84 858
9872 4 2 31 1 1799 1719 1698 1684
9873 4 2 31 1 2111 2076 2090 2191
9874 4 2 31 1 1523 1502 1488 1603
9875 4 2 31 1 1880 1894 1995 1915
9876 4 2 31 1 729 888 823 824
9877 4 2 31 1 480 591 413 570
9878 4 2 31 1 126 125 150 1190
9879 4 2 31 1 1380 1428 1319 1290
9880 4 2 31 1 120 121 65 1319
9881 4 2 31 1 69 20 68 488
9882 4 2 31 1 842 732 844 861
9883 4 2 31 1 1377 1368 1234 1239
9884 4 2 31 1 1036 1125 1149 968
9885 4 2 31 1 157 131 1409 1191
9886 4 2 31 1 823 739 729 681
9887 4 2 31 1 182 737 882 630
9888 4 2 31 1 690 770 723 852
9889 4 2 31 1 1462 2242 320 319
9890 4 2 31 1 2241 1854 339 340
9891 4 2 31 1 665 832 826 878
9892 4 2 31 1 1190 125 150 1427
9893 4 2 31 1 1001 1142 1145 1047
9894 4 2 31 1 1379 1315 1242 1392
9895 4 2 31 1 1165 979 1111 1102
9896 4 2 31 1 906 807 666 841
9897 4 2 31 1 1101 1115 1006 920
9898 4 2 31 1 807 666 744 684
9899 4 2 31 1 597 548 454 538
9900 4 2 31 1 199 1005 1040 921
9901 4 2 31 1 138 165 164 759
9902 4 2 31 1 546 560 451 365
9903 4 2 31 1 1284 1383 1425 1363
9904 4 2 31 1 99 46 98 1035
9905 4 2 31 1 1033 971 1027 914
9906 4 2 31 1 478 416 472 359
9907 4 2 31 1 127 126 151 1250
9908 4 2 31 1 594 422 489 584
9909 4 2 31 1 923 1045 1124 1123
9910 4 2 31 1 1432 1401 1248 1320
9911 4 2 31 1 71 22 70 482
9912 4 2 31 1 1093 1026 1181 1166
9913 4 2 31 1 41 40 92 640
9914 4 2 31 1 469 574 550 573
9915 4 2 31 1 181 208 182 430
9916 4 2 31 1 643 745 767 871
9917 4 2 31 1 1241 1191 1242 1393
9918 4 2 31 1 820 751 630 822
9919 4 2 31 1 452 411 591 413
9920 4 2 31 1 1378 1264 1228 1391
9921 4 2 31 1 2059 345 2050 2149
9922 4 2 31 1 1757 1658 325 1667
9923 4 2 31 1 1007 966 1149 968
9924 4 2 31 1 1035 1119 913 1120
9925 4 2 31 1 1397 196 1259 1186
9926 4 2 31 1 1326 1351 1418 1254
9927 4 2 31 1 1934 1955 1990 1938
9928 4 2 31 1 1542 1563 1598 1546
9929 4 2 31 1 2134 2130 2151 2186
9930 4 2 31 1 1738 1742 1794 1759
9931 4 2 31 1 863 642 691 690
9932 4 2 31 1 564 482 358 563
9933 4 2 31 1 1774 1775 1799 1684
9934 4 2 31 1 2076 2167 2166 2191
9935 4 2 31 1 1971 1995 1880 1970
9936 4 2 31 1 1579 1603 1488 1578
9937 4 2 31 1 1404 1188 1291 1260
9938 4 2 31 1 97 45 98 1943
9939 4 2 31 1 119 64 120 2139
9940 4 2 31 1 1188 191 219 1312
9941 4 2 31 1 21 70 69 1551
9942 4 2 31 1 173 874 764 746
9943 4 2 31 1 1412 1417 1219 1374
9944 4 2 31 1 141 168 169 1157
9945 4 2 31 1 819 813 741 867
9946 4 2 31 1 1377 1410 1299 1234
9947 4 2 31 1 640 694 838 720
9948 4 2 31 1 1315 158 132 1278
9949 4 2 31 1 871 815 733 720
9950 4 2 31 1 871 733 640 720
9951 4 2 31 1 747 827 903 817
9952 4 2 31 1 1888 1889 1925 1939
9953 4 2 31 1 1533 1547 1496 1497
9954 4 2 31 1 2085 2121 2135 2084
9955 4 2 31 1 1693 1729 1743 1692
9956 4 2 31 1 1159 977 1043 1122
9957 4 2 31 1 548 454 608 424
9958 4 2 31 1 747 705 827 719
9959 4 2 31 1 219 192 1188 1404
9960 4 2 31 1 1302 1421 1317 1401
9961 4 2 31 1 1124 1003 923 976
9962 4 2 31 1 89 88 37 1745
9963 4 2 31 1 1177 1080 955 1101
9964 4 2 31 1 1286 1426 1440 1306
9965 4 2 31 1 1240 1316 1427 1443
9966 4 2 31 1 2145 2087 2054 2089
9967 4 2 31 1 1753 1662 1697 1695
9968 4 2 31 1 1891 1858 1893 1949
9969 4 2 31 1 1466 1501 1499 1557
9970 4 2 31 1 546 622 400 526
9971 4 2 31 1 887 748 853 889
9972 4 2 31 1 1875 1965 1964 1966
9973 4 2 31 1 1483 1573 1572 1574
9974 4 2 31 1 2161 2162 2071 2160
9975 4 2 31 1 1769 1770 1679 1768
9976 4 2 31 1 1159 54 977 1021
9977 4 2 31 1 556 548 608 424
9978 4 2 31 1 666 738 906 841
9979 4 2 31 1 1368 1359 1358 1235
9980 4 2 31 1 1013 944 997 1143
9981 4 2 31 1 823 805 804 681
9982 4 2 31 1 616 68 20 488
9983 4 2 31 1 161 875 899 735
9984 4 2 31 1 1426 1436 1286 1440
9985 4 2 31 1 769 691 768 863
9986 4 2 31 1 772 723 770 852
9987 4 2 31 1 757 726 178 635
9988 4 2 31 1 1260 220 193 1446
9989 4 2 31 1 604 607 593 457
9990 4 2 31 1 1937 2039 2014 1853
9991 4 2 31 1 1647 1545 1461 1622
9992 4 2 31 1 2049 2133 2235 2210
9993 4 2 31 1 1818 1843 1741 1657
9994 4 2 31 1 1321 1390 1288 1392
9995 4 2 31 1 632 755 90 845
9996 4 2 31 1 1151 1164 1012 1160
9997 4 2 31 1 1377 1304 1190 1427
9998 4 2 31 1 1381 1185 1309 1451
9999 4 2 31 1 117 62 118 2210
10000 4 2 31 1 99 47 100 2014
10001 4 2 31 1 1546 319 2265 1498
10002 4 2 31 1 339 2266 1938 1890
10003 4 2 31 1 2268 2086 346 2134
10004 4 2 31 1 326 1694 1742 2267
10005 4 2 31 1 1446 1376 1440 1182
10006 4 2 31 1 728 630 706 820
10007 4 2 31 1 1447 1321 1434 1296
10008 4 2 31 1 430 607 457 476
10009 4 2 31 1 666 738 667 906
10010 4 2 31 1 1164 985 1030 1012
10011 4 2 31 1 1354 1268 1374 1411
10012 4 2 31 1 90 39 38 632
10013 4 2 31 1 548 528 454 538
10014 4 2 31 1 1038 1123 975 1172
10015 4 2 31 1 28 78 77 1554
10016 4 2 31 1 91 40 92 1747
10017 4 2 31 1 1302 1257 1421 1272
10018 4 2 31 1 978 1155 1122 1145
10019 4 2 31 1 72 71 23 1622
10020 4 2 31 1 759 164 688 870
10021 4 2 31 1 1454 1197 133 1278
10022 4 2 31 1 1275 1319 1428 1290
10023 4 2 31 1 900 876 740 836
10024 4 2 31 1 1101 1177 1116 1006
10025 4 2 31 1 868 827 705 809
10026 4 2 31 1 1917 1984 2043 2022
10027 4 2 31 1 1592 1630 1651 1525
10028 4 2 31 1 2180 2239 2218 2113
10029 4 2 31 1 1826 1721 1788 1847
10030 4 2 31 1 56 2057 2103 2199
10031 4 2 31 1 1807 32 1711 1665
10032 4 2 31 1 1611 29 1469 1515
10033 4 2 31 1 53 2003 1907 1861
10034 4 2 31 1 1181 994 916 1026
10035 4 2 31 1 484 157 414 582
10036 4 2 31 1 981 916 1026 1128
10037 4 2 31 1 864 773 677 856
10038 4 2 31 1 209 182 183 737
10039 4 2 31 1 913 979 1035 1018
10040 4 2 31 1 836 903 724 763
10041 4 2 31 1 546 622 561 451
10042 4 2 31 1 482 424 463 358
10043 4 2 31 1 1791 1776 1686 1827
10044 4 2 31 1 2168 2183 2219 2078
10045 4 2 31 1 2023 1972 1882 1987
10046 4 2 31 1 1580 1490 1631 1595
10047 4 2 31 1 1150 999 1086 1105
10048 4 2 31 1 1989 1895 1990 337
10049 4 2 31 1 1597 1503 1598 317
10050 4 2 31 1 328 1793 1699 1794
10051 4 2 31 1 2091 348 2185 2186
10052 4 2 31 1 190 218 217 1179
10053 4 2 31 1 218 190 217 1455
10054 4 2 31 1 146 643 874 746
10055 4 2 31 1 2147 2218 2057 2199
10056 4 2 31 1 1807 1755 1665 1826
10057 4 2 31 1 2022 1861 2003 1951
10058 4 2 31 1 1559 1469 1630 1611
10059 4 2 31 1 733 640 745 871
10060 4 2 31 1 200 1276 1400 1297
10061 4 2 31 1 131 157 156 582
10062 4 2 31 1 1324 1421 1323 1257
10063 4 2 31 1 1275 65 1319 1193
10064 4 2 31 1 994 1081 962 993
10065 4 2 31 1 919 1111 979 1102
10066 4 2 31 1 592 444 531 552
10067 4 2 31 1 1300 156 131 1409
10068 4 2 31 1 1300 1243 1309 1448
10069 4 2 31 1 1469 1540 30 1559
10070 4 2 31 1 1861 1932 54 1951
10071 4 2 31 1 1665 1755 31 1736
10072 4 2 31 1 2057 2147 55 2128
10073 4 2 31 1 1709 1739 42 1756
10074 4 2 31 1 2039 1941 2035 1902
10075 4 2 31 1 1647 1643 1510 1549
10076 4 2 31 1 1745 1843 1839 1706
10077 4 2 31 1 2137 2231 2098 2235
10078 4 2 31 1 1004 1178 1115 1044
10079 4 2 31 1 1027 139 1033 914
10080 4 2 31 1 478 472 130 359
10081 4 2 31 1 1097 1078 949 959
10082 4 2 31 1 560 624 490 449
10083 4 2 31 1 1454 1321 1197 1392
10084 4 2 31 1 317 1597 1460 316
10085 4 2 31 1 337 1989 1852 336
10086 4 2 31 1 349 348 2185 2048
10087 4 2 31 1 329 328 1793 1656
10088 4 2 31 1 386 434 497 435
10089 4 2 31 1 989 990 1051 941
10090 4 2 31 1 760 644 858 880
10091 4 2 31 1 394 404 542 522
10092 4 2 31 1 1032 1128 981 1166
10093 4 2 31 1 739 845 694 846
10094 4 2 31 1 759 633 734 688
10095 4 2 31 1 1410 1231 1299 1234
10096 4 2 31 1 639 766 858 881
10097 4 2 31 1 1304 1190 1427 1240
10098 4 2 31 1 352 2087 2127 2054
10099 4 2 31 1 1695 332 1662 1735
10100 4 2 31 1 1891 1931 1858 333
10101 4 2 31 1 1539 1499 313 1466
10102 4 2 31 1 1197 1288 1278 1392
10103 4 2 31 1 582 478 156 359
10104 4 2 31 1 2099 2074 2097 2204
10105 4 2 31 1 1812 1682 1707 1705
10106 4 2 31 1 1901 1903 2008 1878
10107 4 2 31 1 1511 1616 1509 1486
10108 4 2 31 1 1797 324 323 1664
10109 4 2 31 1 343 2056 2189 344
10110 4 2 31 1 895 733 874 871
10111 4 2 31 1 1432 1419 1415 1269
10112 4 2 31 1 889 634 748 744
10113 4 2 31 1 491 617 597 368
10114 4 2 31 1 1177 949 1078 959
10115 4 2 31 1 212 769 762 642
10116 4 2 31 1 127 152 151 573
10117 4 2 31 1 582 156 131 359
10118 4 2 31 1 719 747 698 817
10119 4 2 31 1 486 559 545 412
10120 4 2 31 1 1008 971 1098 970
10121 4 2 31 1 969 137 164 1039
10122 4 2 31 1 902 752 207 706
10123 4 2 31 1 151 126 127 426
10124 4 2 31 1 1291 1424 1404 1371
10125 4 2 31 1 453 416 543 415
10126 4 2 31 1 1313 1405 151 1250
10127 4 2 31 1 354 601 152 573
10128 4 2 31 1 1373 1303 1309 1381
10129 4 2 31 1 1114 1100 1042 967
10130 4 2 31 1 487 625 586 366
10131 4 2 31 1 716 185 762 642
10132 4 2 31 1 394 622 404 522
10133 4 2 31 1 970 1173 1097 959
10134 4 2 31 1 316 1597 1460 1497
10135 4 2 31 1 336 1989 1852 1889
10136 4 2 31 1 2185 2085 349 2048
10137 4 2 31 1 1793 1693 329 1656
10138 4 2 31 1 415 615 542 404
10139 4 2 31 1 1728 1811 1801 1846
10140 4 2 31 1 2120 2203 2193 2238
10141 4 2 31 1 2007 2042 1924 1997
10142 4 2 31 1 1615 1650 1532 1605
10143 4 2 31 1 560 451 365 459
10144 4 2 31 1 1115 1006 920 1014
10145 4 2 31 1 1625 1508 1461 1647
10146 4 2 31 1 1853 1900 2039 2017
10147 4 2 31 1 1704 1657 1843 1821
10148 4 2 31 1 2213 2049 2096 2235
10149 4 2 31 1 920 1006 1101 1039
10150 4 2 31 1 1283 1372 1354 1373
10151 4 2 31 1 1629 249 1526 1540
10152 4 2 31 1 1932 1918 250 2021
10153 4 2 31 1 2128 2217 250 2114
10154 4 2 31 1 1736 249 1722 1825
10155 4 2 31 1 1174 1173 1097 970
10156 4 2 31 1 451 484 546 365
10157 4 2 31 1 90 39 632 845
10158 4 2 31 1 1624 1465 247 1520
10159 4 2 31 1 2016 1857 252 1912
10160 4 2 31 1 1820 1716 247 1661
10161 4 2 31 1 2212 2108 252 2053
10162 4 2 31 1 596 420 611 485
10163 4 2 31 1 130 156 131 1300
10164 4 2 31 1 1895 1852 1989 1889
10165 4 2 31 1 1503 1460 1597 1497
10166 4 2 31 1 2085 2185 2091 2048
10167 4 2 31 1 1693 1793 1699 1656
10168 4 2 31 1 1360 1399 1237 1456
10169 4 2 31 1 542 618 615 415
10170 4 2 31 1 1283 1303 1373 1233
10171 4 2 31 1 849 759 688 870
10172 4 2 31 1 1709 1659 1724 1802
10173 4 2 31 1 2116 2101 2051 2194
10174 4 2 31 1 1998 1905 1855 1920
10175 4 2 31 1 1513 1463 1606 1528
10176 4 2 31 1 863 696 875 765
10177 4 2 31 1 44 96 97 1041
10178 4 2 31 1 1428 1196 1322 1275
10179 4 2 31 1 1173 1174 914 970
10180 4 2 31 1 1112 1157 1103 1017
10181 4 2 31 1 835 725 815 814
10182 4 2 31 1 1663 1803 266 1751
10183 4 2 31 1 261 2195 2143 2055
10184 4 2 31 1 1467 1555 261 1607
10185 4 2 31 1 266 1859 1947 1999
10186 4 2 31 1 496 473 432 434
10187 4 2 31 1 359 615 618 415
10188 4 2 31 1 462 549 601 550
10189 4 2 31 1 2056 343 2058 344
10190 4 2 31 1 323 324 1666 1664
10191 4 2 31 1 1005 1021 200 1121
10192 4 2 31 1 2265 319 1546 318
10193 4 2 31 1 2266 1938 338 339
10194 4 2 31 1 346 2268 2134 347
10195 4 2 31 1 326 1742 327 2267
10196 4 2 31 1 1629 1648 1540 1559
10197 4 2 31 1 1932 1951 2021 2040
10198 4 2 31 1 1755 1736 1825 1844
10199 4 2 31 1 2147 2217 2236 2128
10200 4 2 31 1 566 386 435 374
10201 4 2 31 1 1050 989 1028 987
10202 4 2 31 1 990 929 1131 941
10203 4 2 31 1 483 369 581 621
10204 4 2 31 1 2039 1941 1902 1937
10205 4 2 31 1 1647 1510 1545 1549
10206 4 2 31 1 1745 1843 1706 1741
10207 4 2 31 1 2098 2133 2137 2235
10208 4 2 31 1 454 597 421 364
10209 4 2 31 1 895 815 733 871
10210 4 2 31 1 426 573 151 479
10211 4 2 31 1 171 143 170 1128
10212 4 2 31 1 1098 971 1162 1174
10213 4 2 31 1 361 125 420 596
10214 4 2 31 1 756 897 822 685
10215 4 2 31 1 1954 1865 1958 1991
10216 4 2 31 1 1599 1566 1473 1562
10217 4 2 31 1 2187 2150 2061 2154
10218 4 2 31 1 1762 1758 1795 1669
10219 4 2 31 1 1696 1655 1792 1717
10220 4 2 31 1 2184 2109 2088 2047
10221 4 2 31 1 1913 1892 1851 1988
10222 4 2 31 1 1521 1500 1459 1596
10223 4 2 31 1 210 756 636 834
10224 4 2 31 1 1393 1191 1409 1448
10225 4 2 31 1 618 543 605 416
10226 4 2 31 1 859 707 206 752
10227 4 2 31 1 746 874 764 895
10228 4 2 31 1 1379 1390 1288 1378
10229 4 2 31 1 273 246 274 1744
10230 4 2 31 1 282 253 281 2136
10231 4 2 31 1 281 253 282 1940
10232 4 2 31 1 274 246 273 1548
10233 4 2 31 1 248 1526 1465 1556
10234 4 2 31 1 1918 1857 251 1948
10235 4 2 31 1 2114 2144 251 2053
10236 4 2 31 1 1661 248 1752 1722
10237 4 2 31 1 845 632 755 823
10238 4 2 31 1 1006 1115 1101 1014
10239 4 2 31 1 1191 1241 1243 1393
10240 4 2 31 1 451 560 546 459
10241 4 2 31 1 520 540 403 541
10242 4 2 31 1 1404 192 1188 1260
10243 4 2 31 1 354 469 573 426
10244 4 2 31 1 1095 1073 1096 958
10245 4 2 31 1 677 897 864 856
10246 4 2 31 1 574 426 471 479
10247 4 2 31 1 1097 1079 1098 970
10248 4 2 31 1 143 695 758 634
10249 4 2 31 1 1319 1389 1380 1193
10250 4 2 31 1 1302 1421 1401 1433
10251 4 2 31 1 1154 918 997 978
10252 4 2 31 1 556 364 548 424
10253 4 2 31 1 1276 1248 1302 1401
10254 4 2 31 1 542 523 543 415
10255 4 2 31 1 1041 1003 1158 1175
10256 4 2 31 1 1440 1287 1286 1182
10257 4 2 31 1 335 1925 1888 1858
10258 4 2 31 1 2054 350 2121 2084
10259 4 2 31 1 1729 330 1692 1662
10260 4 2 31 1 315 1496 1466 1533
10261 4 2 31 1 359 414 615 404
10262 4 2 31 1 914 969 1173 959
10263 4 2 31 1 1137 969 1173 914
10264 4 2 31 1 582 414 615 359
10265 4 2 31 1 464 480 362 413
10266 4 2 31 1 558 486 545 412
10267 4 2 31 1 1019 1036 917 968
10268 4 2 31 1 1299 1313 1442 1410
10269 4 2 31 1 704 818 812 813
10270 4 2 31 1 1186 1325 1397 1310
10271 4 2 31 1 47 46 99 913
10272 4 2 31 1 2145 2109 2087 2089
10273 4 2 31 1 1695 1697 1753 1717
10274 4 2 31 1 1501 1521 1499 1557
10275 4 2 31 1 1893 1913 1891 1949
10276 4 2 31 1 23 22 71 358
10277 4 2 31 1 119 118 63 2202
10278 4 2 31 1 1100 1042 967 1113
10279 4 2 31 1 1359 1368 1380 1279
10280 4 2 31 1 20 364 448 488
10281 4 2 31 1 919 1003 44 1041
10282 4 2 31 1 594 620 580 423
10283 4 2 31 1 1832 1792 1655 1717
10284 4 2 31 1 2109 2184 2224 2047
10285 4 2 31 1 1851 1913 1988 2028
10286 4 2 31 1 1596 1459 1521 1636
10287 4 2 31 1 191 219 1036 1019
10288 4 2 31 1 1254 1418 1257 1272
10289 4 2 31 1 39 90 91 845
10290 4 2 31 1 447 495 433 434
10291 4 2 31 1 868 705 703 702
10292 4 2 31 1 1936 1895 1989 1889
10293 4 2 31 1 1544 1503 1597 1497
10294 4 2 31 1 2185 2132 2085 2091
10295 4 2 31 1 1740 1693 1793 1699
10296 4 2 31 1 1049 988 1002 989
10297 4 2 31 1 979 46 913 1035
10298 4 2 31 1 22 424 482 358
10299 4 2 31 1 874 643 767 871
10300 4 2 31 1 1667 1658 325 1666
10301 4 2 31 1 2058 2059 345 2050
10302 4 2 31 1 1322 1449 1428 1275
10303 4 2 31 1 1545 1461 1508 1647
10304 4 2 31 1 2039 1937 1900 1853
10305 4 2 31 1 2133 2096 2049 2235
10306 4 2 31 1 1657 1843 1741 1704
10307 4 2 31 1 716 762 770 642
10308 4 2 31 1 1424 1291 1263 1371
10309 4 2 31 1 752 818 730 819
10310 4 2 31 1 839 634 758 889
10311 4 2 31 1 413 356 464 570
10312 4 2 31 1 1524 1577 1489 1507
10313 4 2 31 1 1969 1916 1899 1881
10314 4 2 31 1 1773 1685 1703 1720
10315 4 2 31 1 2077 2165 2112 2095
10316 4 2 31 1 1125 1019 911 968
10317 4 2 31 1 151 152 127 1405
10318 4 2 31 1 1953 1954 1864 1938
10319 4 2 31 1 1561 1562 1472 1546
10320 4 2 31 1 1758 1742 1757 1668
10321 4 2 31 1 2134 2149 2150 2060
10322 4 2 31 1 1318 1262 1194 1391
10323 4 2 31 1 1612 1565 1563 1480
10324 4 2 31 1 1955 2004 1957 1872
10325 4 2 31 1 1808 1676 1759 1761
10326 4 2 31 1 2200 2153 2068 2151
10327 4 2 31 1 1720 1811 1728 1708
10328 4 2 31 1 1512 1532 1524 1615
10329 4 2 31 1 2100 2203 2112 2120
10330 4 2 31 1 1916 1904 1924 2007
10331 4 2 31 1 677 686 636 856
10332 4 2 31 1 1614 1551 1512 1615
10333 4 2 31 1 1708 1810 1811 1747
10334 4 2 31 1 2006 1943 1904 2007
10335 4 2 31 1 2100 2202 2203 2139
10336 4 2 31 1 1409 1300 156 1309
10337 4 2 31 1 265 266 237 1947
10338 4 2 31 1 262 261 234 1555
10339 4 2 31 1 265 237 266 1751
10340 4 2 31 1 262 234 261 2143
10341 4 2 31 1 210 184 211 834
10342 4 2 31 1 1802 1804 1659 1846
10343 4 2 31 1 2194 2196 2051 2238
10344 4 2 31 1 2000 2042 1998 1855
10345 4 2 31 1 1608 1650 1606 1463
10346 4 2 31 1 193 1260 1446 1182
10347 4 2 31 1 1442 1405 1313 1250
10348 4 2 31 1 2116 2192 2143 2194
10349 4 2 31 1 1751 1724 1800 1802
10350 4 2 31 1 1606 1555 1528 1604
10351 4 2 31 1 1947 1920 1998 1996
10352 4 2 31 1 605 619 549 470
10353 4 2 31 1 919 1003 1175 976
10354 4 2 31 1 1162 1176 1103 1025
10355 4 2 31 1 138 165 139 914
10356 4 2 31 1 415 359 615 404
10357 4 2 31 1 970 914 1173 959
10358 4 2 31 1 1309 1409 1300 1448
10359 4 2 31 1 2021 2022 1918 1948
10360 4 2 31 1 1629 1526 1556 1630
10361 4 2 31 1 2144 2217 2218 2114
10362 4 2 31 1 1722 1752 1826 1825
10363 4 2 31 1 1322 1196 1450 1292
10364 4 2 31 1 1371 1225 1350 1370
10365 4 2 31 1 1120 1084 1150 960
10366 4 2 31 1 529 405 592 564
10367 4 2 31 1 1083 1009 1175 976
10368 4 2 31 1 730 707 752 706
10369 4 2 31 1 208 430 476 612
10370 4 2 31 1 918 1043 53 977
10371 4 2 31 1 221 985 1030 1170
10372 4 2 31 1 857 759 633 890
10373 4 2 31 1 1934 1864 1938 1890
10374 4 2 31 1 1542 1472 1546 1498
10375 4 2 31 1 2130 2086 2134 2060
10376 4 2 31 1 1738 1694 1742 1668
10377 4 2 31 1 1125 220 1170 911
10378 4 2 31 1 1486 1481 1572 1483
10379 4 2 31 1 1964 1873 1875 1878
10380 4 2 31 1 2069 2071 2074 2160
10381 4 2 31 1 1679 1682 1677 1768
10382 4 2 31 1 208 182 209 882
10383 4 2 31 1 834 636 184 716
10384 4 2 31 1 1560 1627 1649 1543
10385 4 2 31 1 1952 1935 2019 2041
10386 4 2 31 1 2131 2215 2237 2148
10387 4 2 31 1 1845 1756 1739 1823
10388 4 2 31 1 548 597 364 488
10389 4 2 31 1 2167 2192 2083 2193
10390 4 2 31 1 1775 1800 1691 1801
10391 4 2 31 1 1495 1605 1604 1579
10392 4 2 31 1 1996 1887 1997 1971
10393 4 2 31 1 1409 1300 1243 1191
10394 4 2 31 1 1597 1547 1644 1497
10395 4 2 31 1 1989 2036 1889 1939
10396 4 2 31 1 2085 2135 2232 2185
10397 4 2 31 1 1793 1693 1840 1743
10398 4 2 31 1 770 723 716 642
10399 4 2 31 1 156 157 131 1409
10400 4 2 31 1 1853 2039 2014 2017
10401 4 2 31 1 1647 1461 1625 1622
10402 4 2 31 1 1818 1843 1657 1821
10403 4 2 31 1 2235 2213 2049 2210
10404 4 2 31 1 833 646 898 831
10405 4 2 31 1 137 163 164 1039
10406 4 2 31 1 1370 1287 1440 1376
10407 4 2 31 1 1228 1367 1378 1391
10408 4 2 31 1 707 859 818 752
10409 4 2 31 1 1239 1368 1235 1279
10410 4 2 31 1 611 547 538 467
10411 4 2 31 1 2098 2133 61 2137
10412 4 2 31 1 37 1745 1706 1741
10413 4 2 31 1 1902 1941 48 1937
10414 4 2 31 1 1545 1510 24 1549
10415 4 2 31 1 45 919 1111 979
10416 4 2 31 1 158 159 133 1454
10417 4 2 31 1 133 159 158 624
10418 4 2 31 1 162 163 136 1178
10419 4 2 31 1 976 1083 962 1022
10420 4 2 31 1 635 707 179 859
10421 4 2 31 1 917 191 218 1036
10422 4 2 31 1 1508 1524 1625 1461
10423 4 2 31 1 2017 1853 1900 1916
10424 4 2 31 1 1657 1704 1720 1821
10425 4 2 31 1 2112 2213 2049 2096
10426 4 2 31 1 1822 1828 1702 1796
10427 4 2 31 1 2220 2188 2094 2214
10428 4 2 31 1 1600 1626 1632 1506
10429 4 2 31 1 2018 2024 1992 1898
10430 4 2 31 1 430 208 182 612
10431 4 2 31 1 985 221 193 1170
10432 4 2 31 1 612 209 356 570
10433 4 2 31 1 746 643 874 733
10434 4 2 31 1 333 2256 16 2038
10435 4 2 31 1 313 2254 15 1646
10436 4 2 31 1 1992 1945 1906 1993
10437 4 2 31 1 1514 1601 1600 1553
10438 4 2 31 1 2141 2102 2189 2188
10439 4 2 31 1 1797 1749 1710 1796
10440 4 2 31 1 1163 990 1131 1074
10441 4 2 31 1 457 456 607 430
10442 4 2 31 1 1012 1164 985 1011
10443 4 2 31 1 467 538 611 421
10444 4 2 31 1 1276 1317 1400 1401
10445 4 2 31 1 919 1003 1041 1175
10446 4 2 31 1 2141 345 2059 2149
10447 4 2 31 1 325 1749 1757 1667
10448 4 2 31 1 21 364 556 424
10449 4 2 31 1 116 61 117 2137
10450 4 2 31 1 2078 2183 2089 2088
10451 4 2 31 1 1686 1696 1791 1697
10452 4 2 31 1 1882 1892 1893 1987
10453 4 2 31 1 1501 1490 1500 1595
10454 4 2 31 1 150 126 151 479
10455 4 2 31 1 430 182 356 612
10456 4 2 31 1 193 985 1170 911
10457 4 2 31 1 1889 336 1989 1939
10458 4 2 31 1 1547 1597 316 1497
10459 4 2 31 1 2135 2085 349 2185
10460 4 2 31 1 1793 329 1693 1743
10461 4 2 31 1 100 48 101 1941
10462 4 2 31 1 73 72 24 1549
10463 4 2 31 1 219 191 192 1019
10464 4 2 31 1 1259 1298 1397 1186
10465 4 2 31 1 1306 1446 1440 1182
10466 4 2 31 1 1433 1401 1248 1432
10467 4 2 31 1 91 90 39 1810
10468 4 2 31 1 368 421 597 448
10469 4 2 31 1 632 845 694 739
10470 4 2 31 1 544 607 430 612
10471 4 2 31 1 2183 2184 2145 2089
10472 4 2 31 1 1791 1792 1753 1697
10473 4 2 31 1 1988 1949 1893 1987
10474 4 2 31 1 1595 1596 1501 1557
10475 4 2 31 1 1174 1098 971 970
10476 4 2 31 1 1313 1377 1190 1427
10477 4 2 31 1 1099 985 1170 1164
10478 4 2 31 1 409 619 549 536
10479 4 2 31 1 1176 1103 964 1091
10480 4 2 31 1 1551 1650 1608 1463
10481 4 2 31 1 2000 1943 2042 1855
10482 4 2 31 1 1747 1659 1804 1846
10483 4 2 31 1 2238 2196 2051 2139
10484 4 2 31 1 815 838 896 720
10485 4 2 31 1 1465 1556 1651 1624
10486 4 2 31 1 1948 2043 1857 2016
10487 4 2 31 1 1752 1847 1820 1661
10488 4 2 31 1 2212 2144 2239 2053
10489 4 2 31 1 416 618 543 415
10490 4 2 31 1 1414 1432 1192 1320
10491 4 2 31 1 1009 919 979 1102
10492 4 2 31 1 483 363 620 584
10493 4 2 31 1 1196 1240 1239 1443
10494 4 2 31 1 418 362 486 559
10495 4 2 31 1 690 863 770 852
10496 4 2 31 1 1404 220 1260 1446
10497 4 2 31 1 917 1114 1042 973
10498 4 2 31 1 1190 150 1313 1427
10499 4 2 31 1 1670 1758 1759 1760
10500 4 2 31 1 2150 2062 2152 2151
10501 4 2 31 1 1866 1956 1955 1954
10502 4 2 31 1 1474 1564 1563 1562
10503 4 2 31 1 191 219 218 1036
10504 4 2 31 1 1050 1049 1051 989
10505 4 2 31 1 128 153 152 601
10506 4 2 31 1 1312 1188 191 1262
10507 4 2 31 1 1937 2014 47 1853
10508 4 2 31 1 23 1461 1545 1622
10509 4 2 31 1 2133 2049 62 2210
10510 4 2 31 1 1741 38 1818 1657
10511 4 2 31 1 218 219 191 1312
10512 4 2 31 1 497 496 495 434
10513 4 2 31 1 1239 1240 1304 1443
10514 4 2 31 1 361 479 150 596
10515 4 2 31 1 885 635 742 703
10516 4 2 31 1 1176 1008 1098 1135
10517 4 2 31 1 540 544 607 456
10518 4 2 31 1 1164 1099 1011 1095
10519 4 2 31 1 453 543 619 578
10520 4 2 31 1 760 833 892 631
10521 4 2 31 1 362 559 412 411
10522 4 2 31 1 1175 1102 1009 1083
10523 4 2 31 1 967 917 1114 966
10524 4 2 31 1 1315 1278 1191 1242
10525 4 2 31 1 1666 1732 323 1664
10526 4 2 31 1 2056 343 2124 2058
10527 4 2 31 1 1181 916 1038 1128
10528 4 2 31 1 769 186 691 642
10529 4 2 31 1 1014 1115 1101 1113
10530 4 2 31 1 137 969 920 1039
10531 4 2 31 1 352 2234 15 2253
10532 4 2 31 1 332 1842 16 2255
10533 4 2 31 1 414 132 484 365
10534 4 2 31 1 1137 1033 165 914
10535 4 2 31 1 1255 1325 1298 1186
10536 4 2 31 1 1006 1177 1116 959
10537 4 2 31 1 2192 2111 2083 2116
10538 4 2 31 1 1724 1719 1800 1691
10539 4 2 31 1 1495 1528 1523 1604
10540 4 2 31 1 1996 1920 1887 1915
10541 4 2 31 1 459 560 546 558
10542 4 2 31 1 348 349 2252 2048
10543 4 2 31 1 329 2251 328 1656
10544 4 2 31 1 2249 317 1460 316
10545 4 2 31 1 1852 337 336 2250
10546 4 2 31 1 165 138 1137 914
10547 4 2 31 1 643 874 733 871
10548 4 2 31 1 822 751 630 685
10549 4 2 31 1 333 1891 2256 2038
10550 4 2 31 1 313 1499 2254 1646
10551 4 2 31 1 451 622 561 404
10552 4 2 31 1 559 545 411 537
10553 4 2 31 1 837 41 640 745
10554 4 2 31 1 1143 1141 997 1154
10555 4 2 31 1 1292 1322 1196 1275
10556 4 2 31 1 883 695 835 887
10557 4 2 31 1 733 746 637 895
10558 4 2 31 1 1114 1100 966 1092
10559 4 2 31 1 635 742 707 859
10560 4 2 31 1 637 145 764 746
10561 4 2 31 1 183 209 210 570
10562 4 2 31 1 1645 1468 322 1601
10563 4 2 31 1 342 1993 2037 1860
10564 4 2 31 1 883 695 637 835
10565 4 2 31 1 219 1125 1036 1019
10566 4 2 31 1 1449 1319 1428 1275
10567 4 2 31 1 1275 1428 1196 1290
10568 4 2 31 1 1907 2025 1922 1917
10569 4 2 31 1 1525 1515 1530 1633
10570 4 2 31 1 2118 2103 2113 2221
10571 4 2 31 1 1726 1829 1711 1721
10572 4 2 31 1 971 1130 1162 1174
10573 4 2 31 1 1083 962 1009 976
10574 4 2 31 1 618 605 575 416
10575 4 2 31 1 2100 2202 63 2049
10576 4 2 31 1 464 183 210 570
10577 4 2 31 1 896 682 846 804
10578 4 2 31 1 677 773 674 686
10579 4 2 31 1 1941 2039 2014 1937
10580 4 2 31 1 1549 1545 1647 1622
10581 4 2 31 1 1843 1745 1818 1741
10582 4 2 31 1 2133 2137 2235 2210
10583 4 2 31 1 1039 164 969 1137
10584 4 2 31 1 411 591 559 537
10585 4 2 31 1 764 637 746 895
10586 4 2 31 1 966 1149 1114 1092
10587 4 2 31 1 1373 1374 1233 1375
10588 4 2 31 1 454 548 364 424
10589 4 2 31 1 172 171 144 883
10590 4 2 31 1 1082 1081 962 1083
10591 4 2 31 1 409 549 470 462
10592 4 2 31 1 964 1103 1025 1017
10593 4 2 31 1 1304 1377 1239 1443
10594 4 2 31 1 1019 192 1125 911
10595 4 2 31 1 734 759 848 890
10596 4 2 31 1 921 1040 1046 1145
10597 4 2 31 1 1033 1174 971 914
10598 4 2 31 1 219 1188 1312 1404
10599 4 2 31 1 2234 352 2087 2253
10600 4 2 31 1 1842 332 1695 2255
10601 4 2 31 1 478 618 416 359
10602 4 2 31 1 574 573 426 479
10603 4 2 31 1 2141 2059 2187 2149
10604 4 2 31 1 1795 1757 1749 1667
10605 4 2 31 1 1471 1599 1561 1553
10606 4 2 31 1 1991 1945 1953 1863
10607 4 2 31 1 1623 1508 1625 1647
10608 4 2 31 1 1900 2015 2039 2017
10609 4 2 31 1 1843 1819 1704 1821
10610 4 2 31 1 2235 2096 2213 2211
10611 4 2 31 1 1315 1454 158 1278
10612 4 2 31 1 559 545 412 411
10613 4 2 31 1 1379 1242 1288 1392
10614 4 2 31 1 797 807 666 906
10615 4 2 31 1 1114 1100 967 966
10616 4 2 31 1 820 819 728 821
10617 4 2 31 1 1523 1607 1603 1604
10618 4 2 31 1 1996 1995 1999 1915
10619 4 2 31 1 1803 1799 1800 1719
10620 4 2 31 1 2192 2191 2111 2195
10621 4 2 31 1 1830 1782 1829 1726
10622 4 2 31 1 2118 2221 2174 2222
10623 4 2 31 1 2026 2025 1978 1922
10624 4 2 31 1 1586 1633 1530 1634
10625 4 2 31 1 1918 1861 1917 2022
10626 4 2 31 1 1525 1630 1526 1469
10627 4 2 31 1 2057 2113 2218 2114
10628 4 2 31 1 1665 1721 1826 1722
10629 4 2 31 1 1445 1297 1400 1435
10630 4 2 31 1 1159 1169 1021 1121
10631 4 2 31 1 1545 1508 1510 1647
10632 4 2 31 1 1937 1902 2039 1900
10633 4 2 31 1 1843 1706 1741 1704
10634 4 2 31 1 2098 2096 2133 2235
10635 4 2 31 1 1925 1888 1939 335
10636 4 2 31 1 1547 1496 315 1533
10637 4 2 31 1 350 2135 2121 2084
10638 4 2 31 1 330 1743 1729 1692
10639 4 2 31 1 616 448 597 488
10640 4 2 31 1 467 407 538 421
10641 4 2 31 1 98 46 99 2006
10642 4 2 31 1 1792 1832 1809 1717
10643 4 2 31 1 2184 2224 2201 2109
10644 4 2 31 1 2028 1913 1988 2005
10645 4 2 31 1 1613 1596 1521 1636
10646 4 2 31 1 1379 1288 1390 1392
10647 4 2 31 1 71 70 22 1614
10648 4 2 31 1 1939 1888 336 335
10649 4 2 31 1 1547 315 1496 316
10650 4 2 31 1 350 2135 2084 349
10651 4 2 31 1 329 1743 330 1692
10652 4 2 31 1 1041 1111 919 1102
10653 4 2 31 1 970 1097 949 959
10654 4 2 31 1 542 415 404 394
10655 4 2 31 1 1234 1377 1410 1358
10656 4 2 31 1 1409 131 1300 1191
10657 4 2 31 1 364 597 421 448
10658 4 2 31 1 733 725 815 895
10659 4 2 31 1 157 1409 1315 1191
10660 4 2 31 1 452 591 589 541
10661 4 2 31 1 685 737 756 636
10662 4 2 31 1 1096 1149 1007 1147
10663 4 2 31 1 1122 1154 1155 978
10664 4 2 31 1 1395 1227 1417 1375
10665 4 2 31 1 1299 1250 1313 1190
10666 4 2 31 1 1623 1507 1508 1486
10667 4 2 31 1 1899 1900 2015 1878
10668 4 2 31 1 1704 1819 1682 1703
10669 4 2 31 1 2095 2096 2074 2211
10670 4 2 31 1 448 364 597 488
10671 4 2 31 1 845 39 632 694
10672 4 2 31 1 694 40 640 761
10673 4 2 31 1 882 902 630 820
10674 4 2 31 1 748 758 695 634
10675 4 2 31 1 641 747 705 827
10676 4 2 31 1 891 643 767 874
10677 4 2 31 1 691 863 690 696
10678 4 2 31 1 183 464 356 570
10679 4 2 31 1 315 1602 1547 1533
10680 4 2 31 1 1798 1743 1729 330
10681 4 2 31 1 350 2135 2190 2121
10682 4 2 31 1 1939 1994 1925 335
10683 4 2 31 1 318 1546 2265 1498
10684 4 2 31 1 338 1938 2266 1890
10685 4 2 31 1 2134 2268 2086 347
10686 4 2 31 1 1694 327 1742 2267
10687 4 2 31 1 1195 1302 1421 1317
10688 4 2 31 1 808 667 842 906
10689 4 2 31 1 1112 1032 1157 909
10690 4 2 31 1 1421 1323 1195 1317
10691 4 2 31 1 622 404 400 394
10692 4 2 31 1 955 949 1177 959
10693 4 2 31 1 480 184 210 464
10694 4 2 31 1 1577 1507 1623 1574
10695 4 2 31 1 1969 1899 2015 1966
10696 4 2 31 1 1703 1819 1770 1773
10697 4 2 31 1 2095 2162 2165 2211
10698 4 2 31 1 1424 1312 1188 1404
10699 4 2 31 1 1625 1524 1577 1615
10700 4 2 31 1 2017 1916 1969 2007
10701 4 2 31 1 1720 1773 1811 1821
10702 4 2 31 1 2112 2165 2203 2213
10703 4 2 31 1 2050 345 2058 2244
10704 4 2 31 1 1242 1278 1288 1392
10705 4 2 31 1 2085 2084 349 2048
10706 4 2 31 1 1692 329 1693 1656
10707 4 2 31 1 1888 336 1852 1889
10708 4 2 31 1 316 1460 1496 1497
10709 4 2 31 1 969 1006 1116 959
10710 4 2 31 1 1441 1311 1249 1389
10711 4 2 31 1 637 764 883 835
10712 4 2 31 1 414 451 561 404
10713 4 2 31 1 739 694 682 846
10714 4 2 31 1 1616 1572 1623 1486
10715 4 2 31 1 2015 2008 1964 1878
10716 4 2 31 1 1768 1682 1812 1819
10717 4 2 31 1 2211 2074 2160 2204
10718 4 2 31 1 488 364 548 556
10719 4 2 31 1 887 758 695 748
10720 4 2 31 1 2089 2145 2183 2190
10721 4 2 31 1 1791 1753 1798 1697
10722 4 2 31 1 1501 1602 1595 1557
10723 4 2 31 1 1994 1893 1949 1987
10724 4 2 31 1 725 637 695 835
10725 4 2 31 1 149 125 150 596
10726 4 2 31 1 149 150 125 1427
10727 4 2 31 1 1116 1097 1173 959
10728 4 2 31 1 1829 1721 1788 1826
10729 4 2 31 1 1984 1917 2025 2022
10730 4 2 31 1 2218 2180 2113 2221
10731 4 2 31 1 1525 1592 1630 1633
10732 4 2 31 1 615 561 542 404
10733 4 2 31 1 1006 955 1177 959
10734 4 2 31 1 574 471 609 479
10735 4 2 31 1 404 451 622 400
10736 4 2 31 1 138 969 1137 914
10737 4 2 31 1 131 414 582 359
10738 4 2 31 1 1302 1421 1257 1195
10739 4 2 31 1 1424 1263 1423 1371
10740 4 2 31 1 1324 1421 1257 1418
10741 4 2 31 1 2034 1995 1981 1894
10742 4 2 31 1 1642 1589 1502 1603
10743 4 2 31 1 1799 1838 1785 1698
10744 4 2 31 1 2090 2177 2230 2191
10745 4 2 31 1 342 1928 2278 1860
10746 4 2 31 1 2277 1468 322 1536
10747 4 2 31 1 757 635 859 885
10748 4 2 31 1 491 461 368 448
10749 4 2 31 1 1174 1033 1173 914
10750 4 2 31 1 815 725 733 720
10751 4 2 31 1 618 478 615 359
10752 4 2 31 1 1260 1376 1404 1446
10753 4 2 31 1 1897 1992 2020 1991
10754 4 2 31 1 1600 1628 1505 1599
10755 4 2 31 1 1824 1701 1795 1796
10756 4 2 31 1 2216 2093 2187 2188
10757 4 2 31 1 706 902 752 820
10758 4 2 31 1 745 643 733 871
10759 4 2 31 1 638 893 870 765
10760 4 2 31 1 611 467 421 420
10761 4 2 31 1 2006 1853 2014 2017
10762 4 2 31 1 1614 1625 1461 1622
10763 4 2 31 1 1821 1657 1818 1810
10764 4 2 31 1 2213 2202 2049 2210
10765 4 2 31 1 1904 1853 46 2006
10766 4 2 31 1 1614 1512 22 1461
10767 4 2 31 1 1035 979 1111 1165
10768 4 2 31 1 2247 243 323 1664
10769 4 2 31 1 256 2056 343 2248
10770 4 2 31 1 151 126 150 1313
10771 4 2 31 1 181 208 207 902
10772 4 2 31 1 914 1174 971 970
10773 4 2 31 1 476 430 607 612
10774 4 2 31 1 618 416 359 415
10775 4 2 31 1 985 1030 1170 1164
10776 4 2 31 1 343 18 256 2248
10777 4 2 31 1 2247 243 17 323
10778 4 2 31 1 695 144 883 637
10779 4 2 31 1 407 454 538 421
10780 4 2 31 1 1832 1792 1838 1655
10781 4 2 31 1 2184 2224 2047 2230
10782 4 2 31 1 1988 2034 1851 2028
10783 4 2 31 1 1642 1459 1596 1636
10784 4 2 31 1 2244 2050 345 346
10785 4 2 31 1 326 1658 2243 325
10786 4 2 31 1 1175 1009 919 976
10787 4 2 31 1 349 2084 2252 2048
10788 4 2 31 1 1692 2251 329 1656
10789 4 2 31 1 2250 336 1852 1888
10790 4 2 31 1 2249 1460 1496 316
10791 4 2 31 1 608 556 424 482
10792 4 2 31 1 918 1140 1043 1154
10793 4 2 31 1 868 705 827 904
10794 4 2 31 1 550 601 354 573
10795 4 2 31 1 1810 1657 39 1708
10796 4 2 31 1 1623 1617 1508 1647
10797 4 2 31 1 2009 2015 2039 1900
10798 4 2 31 1 1843 1819 1813 1704
10799 4 2 31 1 2211 2235 2096 2205
10800 4 2 31 1 1515 1611 1554 1633
10801 4 2 31 1 1946 2003 2025 1907
10802 4 2 31 1 2199 2221 2103 2142
10803 4 2 31 1 1829 1711 1807 1750
10804 4 2 31 1 1278 132 1315 1191
10805 4 2 31 1 2054 2273 351 350
10806 4 2 31 1 330 2274 1662 331
10807 4 2 31 1 335 334 1858 2276
10808 4 2 31 1 2275 1466 314 315
10809 4 2 31 1 1098 1174 1097 970
10810 4 2 31 1 165 138 164 1137
10811 4 2 31 1 542 543 618 415
10812 4 2 31 1 2252 2263 2084 349
10813 4 2 31 1 1692 329 2251 2264
10814 4 2 31 1 336 2250 2261 1888
10815 4 2 31 1 1496 2262 2249 316
10816 4 2 31 1 637 764 835 895
10817 4 2 31 1 1124 1083 976 1172
10818 4 2 31 1 695 883 758 887
10819 4 2 31 1 625 594 580 423
10820 4 2 31 1 2054 2273 352 351
10821 4 2 31 1 2274 1662 331 332
10822 4 2 31 1 334 1858 2276 333
10823 4 2 31 1 1466 314 313 2275
10824 4 2 31 1 210 480 464 570
10825 4 2 31 1 720 815 725 683
10826 4 2 31 1 183 210 184 464
10827 4 2 31 1 211 184 210 480
10828 4 2 31 1 356 544 612 570
10829 4 2 31 1 1170 1099 1125 911
10830 4 2 31 1 2273 352 2127 2054
10831 4 2 31 1 2274 1662 332 1735
10832 4 2 31 1 1931 2276 1858 333
10833 4 2 31 1 1466 313 1539 2275
10834 4 2 31 1 756 636 834 856
10835 4 2 31 1 342 2245 1928 1860
10836 4 2 31 1 2246 322 1468 1536
10837 4 2 31 1 1102 1009 919 1175
10838 4 2 31 1 887 695 712 748
10839 4 2 31 1 220 193 221 1170
10840 4 2 31 1 221 193 220 1446
10841 4 2 31 1 1450 1196 1428 1443
10842 4 2 31 1 2183 2184 2088 2177
10843 4 2 31 1 1792 1791 1785 1696
10844 4 2 31 1 1892 1981 1988 1987
10845 4 2 31 1 1596 1500 1589 1595
10846 4 2 31 1 1393 1452 1241 1372
10847 4 2 31 1 1178 920 1115 1039
10848 4 2 31 1 484 624 560 365
10849 4 2 31 1 209 182 208 612
10850 4 2 31 1 820 630 882 822
10851 4 2 31 1 1455 1312 1262 1391
10852 4 2 31 1 480 362 184 464
10853 4 2 31 1 835 725 637 895
10854 4 2 31 1 407 528 527 538
10855 4 2 31 1 761 694 845 846
10856 4 2 31 1 597 491 448 616
10857 4 2 31 1 1036 917 191 1019
10858 4 2 31 1 615 478 582 359
10859 4 2 31 1 1173 1033 1137 914
10860 4 2 31 1 1102 919 1041 1175
10861 4 2 31 1 2245 1928 2278 342
10862 4 2 31 1 322 2246 2277 1536
10863 4 2 31 1 426 471 479 361
10864 4 2 31 1 2054 2273 350 2084
10865 4 2 31 1 2274 1692 330 1662
10866 4 2 31 1 1858 1888 335 2276
10867 4 2 31 1 1466 2275 1496 315
10868 4 2 31 1 1428 1196 1450 1322
10869 4 2 31 1 1852 2271 1890 1895
10870 4 2 31 1 1694 1656 1699 2270
10871 4 2 31 1 2091 2048 2269 2086
10872 4 2 31 1 2272 1498 1460 1503
10873 4 2 31 1 361 547 479 596
10874 4 2 31 1 1472 1462 2265 1498
10875 4 2 31 1 1854 2266 1864 1890
10876 4 2 31 1 1658 2267 1694 1668
10877 4 2 31 1 2086 2050 2268 2060
10878 4 2 31 1 725 733 637 895
10879 4 2 31 1 762 769 770 642
10880 4 2 31 1 1239 1377 1368 1443
10881 4 2 31 1 1278 1315 1454 1392
10882 4 2 31 1 690 863 852 893
10883 4 2 31 1 1496 2275 2262 315
10884 4 2 31 1 1888 2261 335 2276
10885 4 2 31 1 2264 1692 330 2274
10886 4 2 31 1 2273 350 2084 2263
10887 4 2 31 1 1039 969 1116 1137
10888 4 2 31 1 414 561 484 582
10889 4 2 31 1 2260 2058 343 344
10890 4 2 31 1 1666 2259 324 323
10891 4 2 31 1 1175 1124 1083 976
10892 4 2 31 1 345 2260 2058 2244
10893 4 2 31 1 229 2254 1539 1499
10894 4 2 31 1 2256 1931 242 1891
10895 4 2 31 1 2259 1666 1732 323
10896 4 2 31 1 2058 343 2124 2260
10897 4 2 31 1 597 611 538 421
10898 4 2 31 1 2253 2087 229 2127
10899 4 2 31 1 1735 242 1695 2255
10900 4 2 31 1 2246 1468 243 1536
10901 4 2 31 1 2245 256 1928 1860
10902 4 2 31 1 835 815 725 895
10903 4 2 31 1 344 2260 2058 345
10904 4 2 31 1 2259 325 1666 324
10905 4 2 31 1 1409 1315 1191 1393
10906 4 2 31 1 2263 350 2084 349
10907 4 2 31 1 1692 330 329 2264
10908 4 2 31 1 1888 2261 336 335
10909 4 2 31 1 2262 1496 315 316
10910 4 2 31 1 362 627 559 480
10911 4 2 31 1 917 1179 1114 1036
10912 4 2 31 1 1097 1116 1177 959
10913 4 2 31 1 243 2247 1732 1664
10914 4 2 31 1 256 2056 2248 2124
10915 4 2 31 1 542 561 622 404
10916 4 2 31 1 2271 1890 302 1852
10917 4 2 31 1 2272 1498 288 1460
10918 4 2 31 1 1694 295 1656 2270
10919 4 2 31 1 2086 2048 2269 309
10920 4 2 31 1 2145 2234 352 2087
10921 4 2 31 1 332 1753 1842 1695
10922 4 2 31 1 1499 313 1557 1646
10923 4 2 31 1 2038 333 1891 1949
10924 4 2 31 1 1664 323 1797 1841
10925 4 2 31 1 2056 343 2189 2233
10926 4 2 31 1 2048 2252 348 2269
10927 4 2 31 1 1656 2251 328 2270
10928 4 2 31 1 337 1852 2271 2250
10929 4 2 31 1 317 1460 2272 2249
10930 4 2 31 1 1735 332 2274 2255
10931 4 2 31 1 2127 2253 352 2273
10932 4 2 31 1 343 2248 2124 2260
10933 4 2 31 1 2259 1732 2247 323
10934 4 2 31 1 2276 1931 2256 333
10935 4 2 31 1 313 2254 1539 2275
10936 4 2 31 1 2242 1462 2265 319
10937 4 2 31 1 1854 339 2266 2241
10938 4 2 31 1 1466 2275 286 1496
10939 4 2 31 1 1858 300 1888 2276
10940 4 2 31 1 2274 297 1692 1662
10941 4 2 31 1 2273 2054 311 2084
10942 4 2 31 1 2084 2263 2252 310
10943 4 2 31 1 2264 2251 1692 296
10944 4 2 31 1 2261 2250 301 1888
10945 4 2 31 1 1496 2262 287 2249
10946 4 2 31 1 2262 286 2275 1496
10947 4 2 31 1 300 2261 1888 2276
10948 4 2 31 1 1692 2264 297 2274
10949 4 2 31 1 2084 311 2273 2263
10950 4 2 31 1 1470 1468 2277 1536
10951 4 2 31 1 1928 1862 2278 1860
10952 4 2 31 1 2257 2241 1854 304
10953 4 2 31 1 2242 2258 290 1462
10954 4 2 31 1 1499 2254 1539 313
10955 4 2 31 1 1891 2256 1931 333
10956 4 2 31 1 2048 2084 2252 310
10957 4 2 31 1 1656 1692 2251 296
10958 4 2 31 1 1852 301 2250 1888
10959 4 2 31 1 1496 287 1460 2249
10960 4 2 31 1 1470 290 2258 1462
10961 4 2 31 1 1854 2257 304 1862
10962 4 2 31 1 352 2087 2253 2127
10963 4 2 31 1 1735 1695 332 2255
10964 4 2 31 1 1890 302 2266 2271
10965 4 2 31 1 2265 2272 1498 288
10966 4 2 31 1 2270 1694 295 2267
10967 4 2 31 1 2269 2086 309 2268
10968 4 2 31 1 346 2244 2050 2268
10969 4 2 31 1 1658 2267 326 2243
10970 4 2 31 1 2258 290 1470 291
10971 4 2 31 1 2257 304 1862 305
10972 4 2 31 1 15 229 2254 2253
10973 4 2 31 1 2256 16 242 2255
10974 4 2 31 1 321 2277 2258 1470
10975 4 2 31 1 2257 341 2278 1862
10976 4 2 31 1 2243 1658 293 2259
10977 4 2 31 1 17 243 2247 2246
10978 4 2 31 1 2245 256 18 2248
10979 4 2 31 1 2266 303 302 1890
10980 4 2 31 1 288 1498 2265 289
10981 4 2 31 1 294 295 1694 2267
10982 4 2 31 1 308 309 2086 2268
10983 4 2 31 1 1928 305 14 2245
10984 4 2 31 1 291 2246 13 1536
10985 4 2 31 1 1852 302 2271 2250
10986 4 2 31 1 1460 288 2272 2249
10987 4 2 31 1 2251 1656 295 2270
10988 4 2 31 1 2048 2252 2269 309
10989 4 2 31 1 291 1470 2277 1536
10990 4 2 31 1 305 1862 2278 1928
10991 4 2 31 1 293 1658 1666 2259
10992 4 2 31 1 1852 301 302 2250
10993 4 2 31 1 1460 287 288 2249
10994 4 2 31 1 2251 1656 296 295
10995 4 2 31 1 2252 2048 310 309
10996 4 2 31 1 287 286 2262 1496
10997 4 2 31 1 301 2261 1888 300
10998 4 2 31 1 2263 2084 311 310
10999 4 2 31 1 297 2264 1692 296
11000 4 2 31 1 323 1732 2247 1664
11001 4 2 31 1 2056 343 2248 2124
11002 4 2 31 1 1462 2265 1498 289
11003 4 2 31 1 2266 1854 303 1890
11004 4 2 31 1 2050 308 2086 2268
11005 4 2 31 1 2267 1694 294 1658
11006 4 2 31 1 2278 305 1928 2245
11007 4 2 31 1 291 2277 2246 1536
11008 4 2 31 1 2254 285 1539 2275
11009 4 2 31 1 1931 299 2276 2256
11010 4 2 31 1 1470 2277 2258 291
11011 4 2 31 1 1862 2278 2257 305
11012 4 2 31 1 2253 2127 312 2273
11013 4 2 31 1 298 1735 2274 2255
11014 4 2 31 1 2276 1858 300 299
11015 4 2 31 1 285 1466 2275 286
11016 4 2 31 1 312 2273 2054 311
11017 4 2 31 1 1662 2274 297 298
11018 4 2 31 1 293 1666 292 2259
11019 4 2 31 1 307 2058 306 2260
11020 4 2 31 1 2272 318 2265 1498
11021 4 2 31 1 2266 338 1890 2271
11022 4 2 31 1 1694 2270 327 2267
11023 4 2 31 1 2269 2086 2268 347
11024 4 2 31 1 2247 292 1732 2259
11025 4 2 31 1 306 2124 2248 2260
11026 4 2 31 1 290 2242 1462 289
11027 4 2 31 1 304 2241 1854 303
11028 4 2 31 1 2246 243 13 1536
11029 4 2 31 1 14 256 1928 2245
11030 4 2 31 1 11 2253 2127 312
11031 4 2 31 1 12 1735 298 2255
11032 4 2 31 1 11 2254 285 1539
11033 4 2 31 1 1931 12 299 2256
11034 4 2 31 1 2254 229 11 2253
11035 4 2 31 1 2256 242 12 2255
11036 4 2 31 1 229 11 2253 2127
11037 4 2 31 1 1735 12 242 2255
11038 4 2 31 1 307 308 2050 2244
11039 4 2 31 1 2243 1658 294 293
11040 4 2 31 1 13 2247 292 1732
11041 4 2 31 1 2124 2248 14 306
11042 4 2 31 1 2247 243 13 2246
11043 4 2 31 1 14 256 2245 2248
11044 4 2 31 1 2254 11 229 1539
11045 4 2 31 1 1931 242 12 2256
11046 4 2 31 1 2274 1662 1735 298
11047 4 2 31 1 2127 312 2273 2054
11048 4 2 31 1 299 2276 1858 1931
11049 4 2 31 1 1466 1539 285 2275
11050 4 2 31 1 2247 13 243 1732
11051 4 2 31 1 2248 14 256 2124
11052 4 2 31 1 2265 1462 2242 289
11053 4 2 31 1 2241 2266 1854 303
11054 4 2 31 1 2124 306 2058 2260
11055 4 2 31 1 1666 1732 292 2259
11056 4 2 31 1 308 2050 2244 2268
11057 4 2 31 1 1658 294 2267 2243
11058 4 2 31 1 1270 1328 1327 1253
11059 4 2 31 1 1327 1328 1270 1329
11060 4 2 31 1 661 801 659 862
11061 4 2 31 1 661 659 801 662
11062 4 2 31 1 960 1180 1120 1084
11063 4 2 31 1 960 1120 1180 1018
11064 4 2 31 1 1216 1431 1439 1201
11065 4 2 31 1 1439 1431 1216 1407
11066 4 2 31 1 463 529 406 626
11067 4 2 31 1 463 406 529 405
11068 4 2 31 1 1361 1230 1437 1352
11069 4 2 31 1 1361 1437 1230 1220
11070 4 2 31 1 1261 1331 1271 1211
11071 4 2 31 1 1271 1331 1261 1422
11072 4 2 31 1 532 443 531 399
11073 4 2 31 1 531 443 532 551
11074 4 2 31 1 701 791 700 795
11075 4 2 31 1 700 791 701 660
11076 4 2 31 1 998 1087 1086 1104
11077 4 2 31 1 998 1086 1087 954
11078 4 2 31 1 792 669 668 670
11079 4 2 31 1 668 669 792 843
11080 4 2 31 1 1327 1270 1365 1329
11081 4 2 31 1 1327 1365 1270 1256
11082 4 2 31 1 1270 1330 1328 1252
11083 4 2 31 1 1270 1328 1330 1329
11084 4 2 31 1 936 1066 943 1064
11085 4 2 31 1 936 943 1066 942
11086 4 2 31 1 511 381 388 387
11087 4 2 31 1 511 388 381 510
11088 4 2 31 1 1341 1266 1336 1343
11089 4 2 31 1 1336 1266 1341 1210
11090 4 2 31 1 59 1396 60 1244
11091 4 2 31 1 60 1396 59 114
11092 4 2 31 1 972 103 1138 1117
11093 4 2 31 1 972 1138 103 50
11094 4 2 31 1 1683 1791 1785 1776
11095 4 2 31 1 1683 1785 1791 1696
11096 4 2 31 1 2168 2088 2078 2075
11097 4 2 31 1 2078 2088 2168 2183
11098 4 2 31 1 1987 1879 1981 1972
11099 4 2 31 1 1987 1981 1879 1892
11100 4 2 31 1 1595 1487 1589 1580
11101 4 2 31 1 1595 1589 1487 1500
11102 4 2 31 1 511 517 387 396
11103 4 2 31 1 511 387 517 533
11104 4 2 31 1 398 387 517 396
11105 4 2 31 1 398 517 387 533
11106 4 2 31 1 1350 1263 1371 1423
11107 4 2 31 1 1350 1371 1263 1225
11108 4 2 31 1 1075 953 942 951
11109 4 2 31 1 942 953 1075 1088
11110 4 2 31 1 942 1066 1075 951
11111 4 2 31 1 1075 1066 942 1088
11112 4 2 31 1 1550 27 26 76
11113 4 2 31 1 1550 26 27 1531
11114 4 2 31 1 104 1923 2011 1942
11115 4 2 31 1 2011 1923 104 51
11116 4 2 31 1 1727 85 1815 1746
11117 4 2 31 1 1727 1815 85 34
11118 4 2 31 1 2138 58 59 2119
11119 4 2 31 1 2138 59 58 113
11120 4 2 31 1 1716 274 246 1744
11121 4 2 31 1 1716 246 274 247
11122 4 2 31 1 2108 281 253 2136
11123 4 2 31 1 2108 253 281 252
11124 4 2 31 1 1548 247 1624 274
11125 4 2 31 1 1548 1624 247 1520
11126 4 2 31 1 1940 252 2016 281
11127 4 2 31 1 1940 2016 252 1912
11128 4 2 31 1 1352 1266 1344 1343
11129 4 2 31 1 1352 1344 1266 1230
11130 4 2 31 1 1274 1266 1344 1230
11131 4 2 31 1 671 792 669 879
11132 4 2 31 1 669 792 671 670
11133 4 2 31 1 711 801 802 800
11134 4 2 31 1 802 801 711 662
11135 4 2 31 1 371 553 417 599
11136 4 2 31 1 371 417 553 429
11137 4 2 31 1 802 711 814 683
11138 4 2 31 1 814 711 802 800
11139 4 2 31 1 75 417 477 26
11140 4 2 31 1 477 417 75 557
11141 4 2 31 1 790 647 660 649
11142 4 2 31 1 790 660 647 850
11143 4 2 31 1 790 789 700 791
11144 4 2 31 1 700 789 790 649
11145 4 2 31 1 700 660 790 791
11146 4 2 31 1 790 660 700 649
11147 4 2 31 1 382 500 397 588
11148 4 2 31 1 397 500 382 425
11149 4 2 31 1 980 1146 1056 1054
11150 4 2 31 1 1056 1146 980 937
11151 4 2 31 1 1978 1917 1922 2025
11152 4 2 31 1 1922 1917 1978 1884
11153 4 2 31 1 1721 1782 1726 1829
11154 4 2 31 1 1721 1726 1782 1688
11155 4 2 31 1 1586 1525 1530 1633
11156 4 2 31 1 1586 1530 1525 1492
11157 4 2 31 1 2174 2113 2118 2080
11158 4 2 31 1 2174 2118 2113 2221
11159 4 2 31 1 129 1394 153 154
11160 4 2 31 1 153 1394 129 1246
11161 4 2 31 1 1437 1230 1366 1352
11162 4 2 31 1 1437 1366 1230 1229
11163 4 2 31 1 750 94 767 42
11164 4 2 31 1 750 767 94 891
11165 4 2 31 1 450 489 594 422
11166 4 2 31 1 594 489 450 602
11167 4 2 31 1 987 1049 1050 989
11168 4 2 31 1 987 1050 1049 1048
11169 4 2 31 1 494 434 433 495
11170 4 2 31 1 433 434 494 432
11171 4 2 31 1 140 861 166 692
11172 4 2 31 1 166 861 140 167
11173 4 2 31 1 176 836 763 202
11174 4 2 31 1 763 836 176 724
11175 4 2 31 1 1372 1221 1354 1353
11176 4 2 31 1 1354 1221 1372 1283
11177 4 2 31 1 861 629 140 754
11178 4 2 31 1 140 629 861 692
11179 4 2 31 1 368 485 611 420
11180 4 2 31 1 368 611 485 617
11181 4 2 31 1 1424 1228 1263 1301
11182 4 2 31 1 1424 1263 1228 1367
11183 4 2 31 1 586 423 366 625
11184 4 2 31 1 366 423 586 446
11185 4 2 31 1 1398 1305 1311 1187
11186 4 2 31 1 1398 1311 1305 1399
11187 4 2 31 1 755 729 699 888
11188 4 2 31 1 699 729 755 632
11189 4 2 31 1 472 154 428 575
11190 4 2 31 1 472 428 154 129
11191 4 2 31 1 167 1027 983 140
11192 4 2 31 1 983 1027 167 1130
11193 4 2 31 1 1013 1154 1143 997
11194 4 2 31 1 1143 1154 1013 1155
11195 4 2 31 1 1887 1998 1996 1997
11196 4 2 31 1 1887 1996 1998 1920
11197 4 2 31 1 1605 1528 1463 1495
11198 4 2 31 1 1463 1528 1605 1606
11199 4 2 31 1 2116 2193 2051 2083
11200 4 2 31 1 2051 2193 2116 2194
11201 4 2 31 1 1801 1724 1659 1802
11202 4 2 31 1 1801 1659 1724 1691
11203 4 2 31 1 1309 130 156 155
11204 4 2 31 1 1309 156 130 1300
11205 4 2 31 1 2218 2053 2144 2114
11206 4 2 31 1 2144 2053 2218 2239
11207 4 2 31 1 1722 1847 1721 1826
11208 4 2 31 1 1722 1721 1847 1661
11209 4 2 31 1 1465 1630 1556 1526
11210 4 2 31 1 1556 1630 1465 1651
11211 4 2 31 1 1857 2022 1948 1918
11212 4 2 31 1 1948 2022 1857 2043
11213 4 2 31 1 199 1400 1317 227
11214 4 2 31 1 1317 1400 199 1276
11215 4 2 31 1 367 213 486 186
11216 4 2 31 1 367 486 213 603
11217 4 2 31 1 189 1156 188 922
11218 4 2 31 1 188 1156 189 216
11219 4 2 31 1 2026 1907 1856 1946
11220 4 2 31 1 1856 1907 2026 1922
11221 4 2 31 1 1515 1634 1464 1530
11222 4 2 31 1 1464 1634 1515 1554
11223 4 2 31 1 1750 1726 1829 1711
11224 4 2 31 1 1750 1829 1726 1830
11225 4 2 31 1 2103 2222 2052 2142
11226 4 2 31 1 2052 2222 2103 2118
11227 4 2 31 1 1218 1357 1221 1222
11228 4 2 31 1 1218 1221 1357 1349
11229 4 2 31 1 1353 1357 1221 1349
11230 4 2 31 1 67 461 1 623
11231 4 2 31 1 1 461 67 19
11232 4 2 31 1 1678 1808 1740 1787
11233 4 2 31 1 1740 1808 1678 1676
11234 4 2 31 1 2070 2200 2132 2179
11235 4 2 31 1 2132 2200 2070 2068
11236 4 2 31 1 1482 1612 1544 1480
11237 4 2 31 1 1482 1544 1612 1591
11238 4 2 31 1 1872 1983 1963 1874
11239 4 2 31 1 1963 1983 1872 2004
11240 4 2 31 1 1445 55 4 1297
11241 4 2 31 1 1445 4 55 109
11242 4 2 31 1 108 1021 1159 1169
11243 4 2 31 1 1159 1021 108 54
11244 4 2 31 1 122 1292 1 66
11245 4 2 31 1 1 1292 122 1453
11246 4 2 31 1 1072 955 1092 950
11247 4 2 31 1 1072 1092 955 1080
11248 4 2 31 1 519 400 537 395
11249 4 2 31 1 519 537 400 526
11250 4 2 31 1 840 738 901 841
11251 4 2 31 1 840 901 738 693
11252 4 2 31 1 1706 1723 1789 1733
11253 4 2 31 1 1789 1834 1706 1733
11254 4 2 31 1 1706 1834 1789 1839
11255 4 2 31 1 2098 2226 2181 2231
11256 4 2 31 1 2181 2226 2098 2125
11257 4 2 31 1 2098 2115 2181 2125
11258 4 2 31 1 2035 1929 1941 2030
11259 4 2 31 1 1941 1929 2035 1902
11260 4 2 31 1 1643 1537 1549 1638
11261 4 2 31 1 1643 1549 1537 1510
11262 4 2 31 1 966 1147 1149 1092
11263 4 2 31 1 1149 1147 966 1007
11264 4 2 31 1 411 589 591 537
11265 4 2 31 1 591 589 411 452
11266 4 2 31 1 747 763 724 903
11267 4 2 31 1 724 763 747 641
11268 4 2 31 1 1383 1238 1284 1425
11269 4 2 31 1 1383 1284 1238 1289
11270 4 2 31 1 1290 1443 1368 1428
11271 4 2 31 1 1290 1368 1443 1239
11272 4 2 31 1 917 218 190 1179
11273 4 2 31 1 917 190 218 191
11274 4 2 31 1 184 627 480 211
11275 4 2 31 1 480 627 184 362
11276 4 2 31 1 121 1275 1319 1449
11277 4 2 31 1 1319 1275 121 65
11278 4 2 31 1 148 368 485 617
11279 4 2 31 1 485 368 148 124
11280 4 2 31 1 1228 1357 1218 1222
11281 4 2 31 1 1228 1218 1357 1367
11282 4 2 31 1 147 1292 1 1453
11283 4 2 31 1 1 1292 147 123
11284 4 2 31 1 486 185 186 212
11285 4 2 31 1 486 186 185 418
11286 4 2 31 1 474 462 470 549
11287 4 2 31 1 470 462 474 428
11288 4 2 31 1 1017 1029 1025 983
11289 4 2 31 1 1017 1025 1029 1103
11290 4 2 31 1 1288 1378 1194 1264
11291 4 2 31 1 1194 1378 1288 1390
11292 4 2 31 1 1990 1872 1936 2004
11293 4 2 31 1 1936 1872 1990 1895
11294 4 2 31 1 1480 1598 1544 1503
11295 4 2 31 1 1480 1544 1598 1612
11296 4 2 31 1 1699 1808 1738 1794
11297 4 2 31 1 1738 1808 1699 1676
11298 4 2 31 1 2068 2186 2132 2200
11299 4 2 31 1 2132 2186 2068 2091
11300 4 2 31 1 174 750 874 146
11301 4 2 31 1 874 750 174 891
11302 4 2 31 1 1318 190 189 1194
11303 4 2 31 1 1318 189 190 217
11304 4 2 31 1 461 147 1 623
11305 4 2 31 1 461 1 147 123
11306 4 2 31 1 217 973 1179 1042
11307 4 2 31 1 1179 973 217 190
11308 4 2 31 1 1113 967 1101 1014
11309 4 2 31 1 1113 1101 967 1100
11310 4 2 31 1 412 558 546 545
11311 4 2 31 1 412 546 558 459
11312 4 2 31 1 2259 1658 325 2243
11313 4 2 31 1 2259 325 1658 1666
11314 4 2 31 1 2058 2244 307 2050
11315 4 2 31 1 307 2244 2058 2260
11316 4 2 31 1 1266 1344 1341 1274
11317 4 2 31 1 1266 1341 1344 1343
11318 4 2 31 1 1357 1221 1452 1353
11319 4 2 31 1 1357 1452 1221 1222
11320 4 2 31 1 1706 1705 1786 1723
11321 4 2 31 1 1786 1705 1706 1839
11322 4 2 31 1 1786 1789 1706 1723
11323 4 2 31 1 1706 1789 1786 1839
11324 4 2 31 1 2098 2097 2178 2115
11325 4 2 31 1 2178 2097 2098 2231
11326 4 2 31 1 2178 2181 2098 2115
11327 4 2 31 1 2098 2181 2178 2231
$EndElements
