solid "colo-topo"
  facet normal -1 -9.57835618465e-06 -6.53874803902e-06
    outer loop
      vertex 94.6793136597 15.0186462402 72.8565063477
      vertex 94.6793136597 15.0468292236 72.8757400513
      vertex 94.6793136597 14.7812156677 72.1547241211
    endloop
  endfacet
  facet normal -1 -9.43971917877e-06 -6.12897565588e-06
    outer loop
      vertex 94.6793136597 14.7997379303 72.7143707275
      vertex 94.6793136597 15.0186462402 72.8565063477
      vertex 94.6793136597 14.7812156677 72.1547241211
    endloop
  endfacet
  facet normal -1 -9.42062706599e-06 -5.55210408493e-06
    outer loop
      vertex 94.6793136597 14.5623207092 72.5744476318
      vertex 94.6793136597 14.7997379303 72.7143707275
      vertex 94.6793136597 14.7812156677 72.1547241211
    endloop
  endfacet
  facet normal -1 -9.73707301455e-06 -4.9453324209e-06
    outer loop
      vertex 94.6793136597 14.4056825638 72.4948959351
      vertex 94.6793136597 14.5623207092 72.5744476318
      vertex 94.6793136597 14.7812156677 72.1547241211
    endloop
  endfacet
  facet normal -1 -1.01186415122e-05 -4.59969805888e-06
    outer loop
      vertex 94.6793136597 14.0669326782 72.3409042358
      vertex 94.6793136597 14.4056825638 72.4948959351
      vertex 94.6793136597 14.7812156677 72.1547241211
    endloop
  endfacet
  facet normal -1 -1.11948938866e-05 -4.31917078458e-06
    outer loop
      vertex 94.6793136597 14.0669326782 72.3409042358
      vertex 94.6793136597 14.7812156677 72.1547241211
      vertex 94.6793136597 13.9980163574 72.3143157959
    endloop
  endfacet
  facet normal -1 -1.10487817437e-05 -4.34894400314e-06
    outer loop
      vertex 94.6793136597 13.9980163574 72.3143157959
      vertex 94.6793136597 14.7812156677 72.1547241211
      vertex 94.6793136597 13.5769815445 72.1485900879
    endloop
  endfacet
  facet normal -1 0 0
    outer loop
      vertex 94.6793136597 13.9980163574 72.3143157959
      vertex 94.6793136597 13.5769815445 72.1485900879
      vertex 94.6793136597 13.7366399765 72.2260360718
    endloop
  endfacet
  facet normal -1 -1.0341404959e-05 -4.34534013039e-06
    outer loop
      vertex 94.6793136597 13.5769815445 72.1485900879
      vertex 94.6793136597 14.7812156677 72.1547241211
      vertex 94.6793136597 13.5504922867 72.1374588013
    endloop
  endfacet
  facet normal -1 -8.66218124429e-06 -4.32178330811e-06
    outer loop
      vertex 94.6793136597 12.6646623611 71.0987243652
      vertex 94.6793136597 13.5504922867 72.1374588013
      vertex 94.6793136597 14.7812156677 72.1547241211
    endloop
  endfacet
  facet normal -1 -0 0
    outer loop
      vertex 94.6793136597 14.7812156677 72.1547241211
      vertex 94.6793136597 15.0782346725 69.9814758301
      vertex 94.6793136597 12.6646623611 71.0987243652
    endloop
  endfacet
  facet normal -1 0 0
    outer loop
      vertex 94.6793136597 13.7002620697 68.5886459351
      vertex 94.6793136597 12.6646623611 71.0987243652
      vertex 94.6793136597 15.0782346725 69.9814758301
    endloop
  endfacet
  facet normal -1 0 -0
    outer loop
      vertex 94.6793136597 13.7002620697 68.5886459351
      vertex 94.6793136597 15.0782346725 69.9814758301
      vertex 94.6793136597 16.0739784241 67.6344604492
    endloop
  endfacet
  facet normal -1 0 0
    outer loop
      vertex 94.6793136597 16.0739784241 67.6344604492
      vertex 94.6793136597 13.3503789902 66.4417190552
      vertex 94.6793136597 13.7002620697 68.5886459351
    endloop
  endfacet
  facet normal -1 0 -0
    outer loop
      vertex 94.6793136597 11.2706308365 68.1649398804
      vertex 94.6793136597 13.7002620697 68.5886459351
      vertex 94.6793136597 13.3503789902 66.4417190552
    endloop
  endfacet
  facet normal -1 0 0
    outer loop
      vertex 94.6793136597 10.9274244308 65.0428314209
      vertex 94.6793136597 11.2706308365 68.1649398804
      vertex 94.6793136597 13.3503789902 66.4417190552
    endloop
  endfacet
  facet normal -1 0 -0
    outer loop
      vertex 94.6793136597 10.9274244308 65.0428314209
      vertex 94.6793136597 13.3503789902 66.4417190552
      vertex 94.6793136597 13.2840442657 64.152885437
    endloop
  endfacet
  facet normal -1 0 0
    outer loop
      vertex 94.6793136597 11.8324871063 61.8572235107
      vertex 94.6793136597 10.9274244308 65.0428314209
      vertex 94.6793136597 13.2840442657 64.152885437
    endloop
  endfacet
  facet normal -1 0 0
    outer loop
      vertex 94.6793136597 11.8324871063 61.8572235107
      vertex 94.6793136597 13.2840442657 64.152885437
      vertex 94.6793136597 15.1101531982 62.5964393616
    endloop
  endfacet
  facet normal -1 0 -0
    outer loop
      vertex 94.6793136597 11.8324871063 61.8572235107
      vertex 94.6793136597 15.1101531982 62.5964393616
      vertex 94.6793136597 13.6582927704 59.5886764526
    endloop
  endfacet
  facet normal -1 0 0
    outer loop
      vertex 94.6793136597 13.6582927704 59.5886764526
      vertex 94.6793136597 11.487704277 59.6347961426
      vertex 94.6793136597 11.8324871063 61.8572235107
    endloop
  endfacet
  facet normal -1 0 -0
    outer loop
      vertex 94.6793136597 9.31627178192 60.0526885986
      vertex 94.6793136597 11.8324871063 61.8572235107
      vertex 94.6793136597 11.487704277 59.6347961426
    endloop
  endfacet
  facet normal -1 0 0
    outer loop
      vertex 94.6793136597 9.31627178192 60.0526885986
      vertex 94.6793136597 11.487704277 59.6347961426
      vertex 94.6793136597 11.2314891815 57.2723617554
    endloop
  endfacet
  facet normal -1 0 0
    outer loop
      vertex 94.6793136597 11.2314891815 57.2723617554
      vertex 94.6793136597 8.45058345795 56.4407730103
      vertex 94.6793136597 9.31627178192 60.0526885986
    endloop
  endfacet
  facet normal -1 0 0
    outer loop
      vertex 94.6793136597 9.31627178192 60.0526885986
      vertex 94.6793136597 8.45058345795 56.4407730103
      vertex 94.6793136597 6.31878662109 58.7664413452
    endloop
  endfacet
  facet normal -1 -0 0
    outer loop
      vertex 94.6793136597 6.94808292389 62.4542312622
      vertex 94.6793136597 9.31627178192 60.0526885986
      vertex 94.6793136597 6.31878662109 58.7664413452
    endloop
  endfacet
  facet normal -1 0 -0
    outer loop
      vertex 94.6793136597 4.20997476578 61.7683486938
      vertex 94.6793136597 6.94808292389 62.4542312622
      vertex 94.6793136597 6.31878662109 58.7664413452
    endloop
  endfacet
  facet normal -1 9.70220412455e-07 -1.38111499837e-06
    outer loop
      vertex 94.6793136597 6.31878662109 58.7664413452
      vertex 94.6793136597 3.13384079933 57.9721984863
      vertex 94.6793136597 4.20997476578 61.7683486938
    endloop
  endfacet
  facet normal -1 1.37494350838e-06 4.65791742954e-08
    outer loop
      vertex 94.6793136597 3.13384079933 57.9721984863
      vertex 94.6793136597 1.65398979187 61.6817588806
      vertex 94.6793136597 4.20997476578 61.7683486938
    endloop
  endfacet
  facet normal -1 -0 0
    outer loop
      vertex 94.6793136597 2.55804252625 64.3456268311
      vertex 94.6793136597 4.20997476578 61.7683486938
      vertex 94.6793136597 1.65398979187 61.6817588806
    endloop
  endfacet
  facet normal -1 0 0
    outer loop
      vertex 94.6793136597 2.55804252625 64.3456268311
      vertex 94.6793136597 1.65398979187 61.6817588806
      vertex 94.6793136597 -0.327678263187 63.4509086609
    endloop
  endfacet
  facet normal -1 0 0
    outer loop
      vertex 94.6793136597 2.55804252625 64.3456268311
      vertex 94.6793136597 -0.327678263187 63.4509086609
      vertex 94.6793136597 0.65893304348 66.1648101807
    endloop
  endfacet
  facet normal -1 0 0
    outer loop
      vertex 94.6793136597 2.55804252625 64.3456268311
      vertex 94.6793136597 0.65893304348 66.1648101807
      vertex 94.6793136597 3.15517735481 66.8037643433
    endloop
  endfacet
  facet normal -1 0 0
    outer loop
      vertex 94.6793136597 5.10471153259 64.7307434082
      vertex 94.6793136597 2.55804252625 64.3456268311
      vertex 94.6793136597 3.15517735481 66.8037643433
    endloop
  endfacet
  facet normal -1 0 0
    outer loop
      vertex 94.6793136597 5.82182598114 67.6359100342
      vertex 94.6793136597 5.10471153259 64.7307434082
      vertex 94.6793136597 3.15517735481 66.8037643433
    endloop
  endfacet
  facet normal -1 -0 0
    outer loop
      vertex 94.6793136597 3.53016018867 69.7717514038
      vertex 94.6793136597 5.82182598114 67.6359100342
      vertex 94.6793136597 3.15517735481 66.8037643433
    endloop
  endfacet
  facet normal -1 0 0
    outer loop
      vertex 94.6793136597 3.15517735481 66.8037643433
      vertex 94.6793136597 1.12760603428 68.7598342896
      vertex 94.6793136597 3.53016018867 69.7717514038
    endloop
  endfacet
  facet normal -1 0 0
    outer loop
      vertex 94.6793136597 3.53016018867 69.7717514038
      vertex 94.6793136597 1.12760603428 68.7598342896
      vertex 94.6793136597 1.06696677208 71.1196670532
    endloop
  endfacet
  facet normal -1 0 0
    outer loop
      vertex 94.6793136597 3.53016018867 69.7717514038
      vertex 94.6793136597 1.06696677208 71.1196670532
      vertex 94.6793136597 3.45080065727 73.1597213745
    endloop
  endfacet
  facet normal -1 0 0
    outer loop
      vertex 94.6793136597 3.45080065727 73.1597213745
      vertex 94.6793136597 4.6383395195 71.300819397
      vertex 94.6793136597 3.53016018867 69.7717514038
    endloop
  endfacet
  facet normal -1 0 0
    outer loop
      vertex 94.6793136597 6.1705622673 70.2993240356
      vertex 94.6793136597 3.53016018867 69.7717514038
      vertex 94.6793136597 4.6383395195 71.300819397
    endloop
  endfacet
  facet normal -1 -2.06659524338e-06 1.35078278163e-06
    outer loop
      vertex 94.6793136597 6.1705622673 70.2993240356
      vertex 94.6793136597 4.6383395195 71.300819397
      vertex 94.6793136597 5.88614034653 72.986618042
    endloop
  endfacet
  facet normal -1 -2.04750290322e-06 1.17039394354e-06
    outer loop
      vertex 94.6793136597 7.97019004822 71.7953338623
      vertex 94.6793136597 6.1705622673 70.2993240356
      vertex 94.6793136597 5.88614034653 72.986618042
    endloop
  endfacet
  facet normal -1 0 0
    outer loop
      vertex 94.6793136597 5.88614034653 72.986618042
      vertex 94.6793136597 6.96652793884 72.6136856079
      vertex 94.6793136597 7.97019004822 71.7953338623
    endloop
  endfacet
  facet normal -1 -0 0
    outer loop
      vertex 94.6793136597 7.22925519943 72.4788284302
      vertex 94.6793136597 7.97019004822 71.7953338623
      vertex 94.6793136597 6.96652793884 72.6136856079
    endloop
  endfacet
  facet normal -1 -0 0
    outer loop
      vertex 94.6793136597 7.30467605591 72.4418716431
      vertex 94.6793136597 7.97019004822 71.7953338623
      vertex 94.6793136597 7.22925519943 72.4788284302
    endloop
  endfacet
  facet normal -1 0 0
    outer loop
      vertex 94.6793136597 7.30467605591 72.4418716431
      vertex 94.6793136597 7.66581583023 72.2892074585
      vertex 94.6793136597 7.97019004822 71.7953338623
    endloop
  endfacet
  facet normal -1 -0 0
    outer loop
      vertex 94.6793136597 7.67838859558 72.2834777832
      vertex 94.6793136597 7.97019004822 71.7953338623
      vertex 94.6793136597 7.66581583023 72.2892074585
    endloop
  endfacet
  facet normal -1 0 0
    outer loop
      vertex 94.6793136597 7.67838859558 72.2834777832
      vertex 94.6793136597 8.02046775818 72.1373291016
      vertex 94.6793136597 7.97019004822 71.7953338623
    endloop
  endfacet
  facet normal -1 -0 0
    outer loop
      vertex 94.6793136597 8.02046775818 72.1373291016
      vertex 94.6793136597 8.15673160553 72.0881195068
      vertex 94.6793136597 7.97019004822 71.7953338623
    endloop
  endfacet
  facet normal -1 -0 0
    outer loop
      vertex 94.6793136597 8.15673160553 72.0881195068
      vertex 94.6793136597 8.34195137024 72.0237197876
      vertex 94.6793136597 7.97019004822 71.7953338623
    endloop
  endfacet
  facet normal -1 -0 0
    outer loop
      vertex 94.6793136597 8.34195137024 72.0237197876
      vertex 94.6793136597 8.51138401031 71.9751205444
      vertex 94.6793136597 7.97019004822 71.7953338623
    endloop
  endfacet
  facet normal -1 -0 0
    outer loop
      vertex 94.6793136597 8.51138401031 71.9751205444
      vertex 94.6793136597 8.68924808502 71.9261550903
      vertex 94.6793136597 7.97019004822 71.7953338623
    endloop
  endfacet
  facet normal -1 0 0
    outer loop
      vertex 94.6793136597 9.05972003937 71.8484191895
      vertex 94.6793136597 7.97019004822 71.7953338623
      vertex 94.6793136597 8.68924808502 71.9261550903
    endloop
  endfacet
  facet normal -1 0 0
    outer loop
      vertex 94.6793136597 9.12424087524 71.836227417
      vertex 94.6793136597 7.97019004822 71.7953338623
      vertex 94.6793136597 9.05972003937 71.8484191895
    endloop
  endfacet
  facet normal -1 -7.40291352486e-06 -2.62291877107e-07
    outer loop
      vertex 94.6793136597 7.97019004822 71.7953338623
      vertex 94.6793136597 9.12424087524 71.836227417
      vertex 94.6793136597 10.2217292786 71.1768188477
    endloop
  endfacet
  facet normal -1 -1.2715451021e-06 -1.94662334252e-06
    outer loop
      vertex 94.6793136597 7.97019004822 71.7953338623
      vertex 94.6793136597 10.2217292786 71.1768188477
      vertex 94.6793136597 8.53401470184 68.5930786133
    endloop
  endfacet
  facet normal -1 -1.8493620928e-06 1.33510661726e-06
    outer loop
      vertex 94.6793136597 8.53401470184 68.5930786133
      vertex 94.6793136597 6.1705622673 70.2993240356
      vertex 94.6793136597 7.97019004822 71.7953338623
    endloop
  endfacet
  facet normal -1 0 0
    outer loop
      vertex 94.6793136597 8.53401470184 68.5930786133
      vertex 94.6793136597 5.82182598114 67.6359100342
      vertex 94.6793136597 6.1705622673 70.2993240356
    endloop
  endfacet
  facet normal -1 0 -0
    outer loop
      vertex 94.6793136597 3.53016018867 69.7717514038
      vertex 94.6793136597 6.1705622673 70.2993240356
      vertex 94.6793136597 5.82182598114 67.6359100342
    endloop
  endfacet
  facet normal -1 0 -0
    outer loop
      vertex 94.6793136597 5.82182598114 67.6359100342
      vertex 94.6793136597 8.53401470184 68.5930786133
      vertex 94.6793136597 7.94027042389 65.3163757324
    endloop
  endfacet
  facet normal -1 -0 0
    outer loop
      vertex 94.6793136597 5.82182598114 67.6359100342
      vertex 94.6793136597 7.94027042389 65.3163757324
      vertex 94.6793136597 5.10471153259 64.7307434082
    endloop
  endfacet
  facet normal -1 0 0
    outer loop
      vertex 94.6793136597 7.94027042389 65.3163757324
      vertex 94.6793136597 6.94808292389 62.4542312622
      vertex 94.6793136597 5.10471153259 64.7307434082
    endloop
  endfacet
  facet normal -1 0 0
    outer loop
      vertex 94.6793136597 4.20997476578 61.7683486938
      vertex 94.6793136597 5.10471153259 64.7307434082
      vertex 94.6793136597 6.94808292389 62.4542312622
    endloop
  endfacet
  facet normal -1 0 -0
    outer loop
      vertex 94.6793136597 2.55804252625 64.3456268311
      vertex 94.6793136597 5.10471153259 64.7307434082
      vertex 94.6793136597 4.20997476578 61.7683486938
    endloop
  endfacet
  facet normal -1 -0 0
    outer loop
      vertex 94.6793136597 7.94027042389 65.3163757324
      vertex 94.6793136597 9.3869972229 62.753868103
      vertex 94.6793136597 6.94808292389 62.4542312622
    endloop
  endfacet
  facet normal -1 0 0
    outer loop
      vertex 94.6793136597 9.31627178192 60.0526885986
      vertex 94.6793136597 6.94808292389 62.4542312622
      vertex 94.6793136597 9.3869972229 62.753868103
    endloop
  endfacet
  facet normal -1 0 0
    outer loop
      vertex 94.6793136597 11.8324871063 61.8572235107
      vertex 94.6793136597 9.31627178192 60.0526885986
      vertex 94.6793136597 9.3869972229 62.753868103
    endloop
  endfacet
  facet normal -1 0 -0
    outer loop
      vertex 94.6793136597 9.3869972229 62.753868103
      vertex 94.6793136597 10.9274244308 65.0428314209
      vertex 94.6793136597 11.8324871063 61.8572235107
    endloop
  endfacet
  facet normal -1 0 0
    outer loop
      vertex 94.6793136597 7.94027042389 65.3163757324
      vertex 94.6793136597 10.9274244308 65.0428314209
      vertex 94.6793136597 9.3869972229 62.753868103
    endloop
  endfacet
  facet normal -1 0 0
    outer loop
      vertex 94.6793136597 10.9274244308 65.0428314209
      vertex 94.6793136597 7.94027042389 65.3163757324
      vertex 94.6793136597 9.68343353271 66.6539535522
    endloop
  endfacet
  facet normal -1 0 0
    outer loop
      vertex 94.6793136597 10.9274244308 65.0428314209
      vertex 94.6793136597 9.68343353271 66.6539535522
      vertex 94.6793136597 11.2706308365 68.1649398804
    endloop
  endfacet
  facet normal -1 0 0
    outer loop
      vertex 94.6793136597 8.53401470184 68.5930786133
      vertex 94.6793136597 11.2706308365 68.1649398804
      vertex 94.6793136597 9.68343353271 66.6539535522
    endloop
  endfacet
  facet normal -1 -0 0
    outer loop
      vertex 94.6793136597 8.53401470184 68.5930786133
      vertex 94.6793136597 9.68343353271 66.6539535522
      vertex 94.6793136597 7.94027042389 65.3163757324
    endloop
  endfacet
  facet normal -1 0 0
    outer loop
      vertex 94.6793136597 11.2706308365 68.1649398804
      vertex 94.6793136597 8.53401470184 68.5930786133
      vertex 94.6793136597 10.2217292786 71.1768188477
    endloop
  endfacet
  facet normal -1 0 0
    outer loop
      vertex 94.6793136597 11.2706308365 68.1649398804
      vertex 94.6793136597 10.2217292786 71.1768188477
      vertex 94.6793136597 12.6646623611 71.0987243652
    endloop
  endfacet
  facet normal -1 0 0
    outer loop
      vertex 94.6793136597 11.2706308365 68.1649398804
      vertex 94.6793136597 12.6646623611 71.0987243652
      vertex 94.6793136597 13.7002620697 68.5886459351
    endloop
  endfacet
  facet normal -1 -9.46655836742e-06 3.02629075577e-07
    outer loop
      vertex 94.6793136597 12.6646623611 71.0987243652
      vertex 94.6793136597 10.2217292786 71.1768188477
      vertex 94.6793136597 11.2964830399 71.6885299683
    endloop
  endfacet
  facet normal -1 -7.65647746448e-06 -4.77673438581e-07
    outer loop
      vertex 94.6793136597 11.2964830399 71.6885299683
      vertex 94.6793136597 11.7564439774 71.7172241211
      vertex 94.6793136597 12.6646623611 71.0987243652
    endloop
  endfacet
  facet normal -1 -7.46633895687e-06 -6.07158540333e-07
    outer loop
      vertex 94.6793136597 11.7564439774 71.7172241211
      vertex 94.6793136597 11.8700809479 71.7264633179
      vertex 94.6793136597 12.6646623611 71.0987243652
    endloop
  endfacet
  facet normal -1 -7.13937924957e-06 -8.65465779043e-07
    outer loop
      vertex 94.6793136597 11.8700809479 71.7264633179
      vertex 94.6793136597 12.2176399231 71.7686004639
      vertex 94.6793136597 12.6646623611 71.0987243652
    endloop
  endfacet
  facet normal -1 -6.92522098689e-06 -1.18638752156e-06
    outer loop
      vertex 94.6793136597 12.2176399231 71.7686004639
      vertex 94.6793136597 12.4616603851 71.8104019165
      vertex 94.6793136597 12.6646623611 71.0987243652
    endloop
  endfacet
  facet normal -1 -6.84762972014e-06 -1.458403176e-06
    outer loop
      vertex 94.6793136597 12.6787843704 71.8566436768
      vertex 94.6793136597 12.6646623611 71.0987243652
      vertex 94.6793136597 12.4616603851 71.8104019165
    endloop
  endfacet
  facet normal -1 -6.85452368998e-06 -1.82838937235e-06
    outer loop
      vertex 94.6793136597 12.6787843704 71.8566436768
      vertex 94.6793136597 13.0199460983 71.9476470947
      vertex 94.6793136597 12.6646623611 71.0987243652
    endloop
  endfacet
  facet normal -1 -7.00216969562e-06 -2.18117793338e-06
    outer loop
      vertex 94.6793136597 13.0199460983 71.9476470947
      vertex 94.6793136597 13.1325407028 71.9827194214
      vertex 94.6793136597 12.6646623611 71.0987243652
    endloop
  endfacet
  facet normal -1 -7.27290353097e-06 -2.69269617093e-06
    outer loop
      vertex 94.6793136597 13.1325407028 71.9827194214
      vertex 94.6793136597 13.5504922867 72.1374588013
      vertex 94.6793136597 12.6646623611 71.0987243652
    endloop
  endfacet
  facet normal -1 0 0
    outer loop
      vertex 94.6793136597 11.7564439774 71.7172241211
      vertex 94.6793136597 11.2964830399 71.6885299683
      vertex 94.6793136597 11.4110994339 71.7056274414
    endloop
  endfacet
  facet normal -1 -1.24081334434e-05 -1.09790505576e-06
    outer loop
      vertex 94.6793136597 11.2707290649 71.6862487793
      vertex 94.6793136597 11.2964830399 71.6885299683
      vertex 94.6793136597 10.2217292786 71.1768188477
    endloop
  endfacet
  facet normal -1 -1.15824414024e-05 -6.96921404142e-07
    outer loop
      vertex 94.6793136597 10.8159923553 71.6588897705
      vertex 94.6793136597 11.2707290649 71.6862487793
      vertex 94.6793136597 10.2217292786 71.1768188477
    endloop
  endfacet
  facet normal -1 -1.07510722955e-05 -2.25116654207e-08
    outer loop
      vertex 94.6793136597 10.6732664108 71.6585922241
      vertex 94.6793136597 10.8159923553 71.6588897705
      vertex 94.6793136597 10.2217292786 71.1768188477
    endloop
  endfacet
  facet normal -1 -1.0555908375e-05 1.85720068657e-07
    outer loop
      vertex 94.6793136597 10.4103746414 71.6632156372
      vertex 94.6793136597 10.6732664108 71.6585922241
      vertex 94.6793136597 10.2217292786 71.1768188477
    endloop
  endfacet
  facet normal -1 -1.03431057141e-05 7.34399122848e-07
    outer loop
      vertex 94.6793136597 10.2152004242 71.6770706177
      vertex 94.6793136597 10.4103746414 71.6632156372
      vertex 94.6793136597 10.2217292786 71.1768188477
    endloop
  endfacet
  facet normal -1 -1.03458496596e-05 9.44603073094e-07
    outer loop
      vertex 94.6793136597 9.99763202667 71.696937561
      vertex 94.6793136597 10.2152004242 71.6770706177
      vertex 94.6793136597 10.2217292786 71.1768188477
    endloop
  endfacet
  facet normal -1 -1.06087009044e-05 1.55466341312e-06
    outer loop
      vertex 94.6793136597 9.62805843353 71.7510986328
      vertex 94.6793136597 9.99763202667 71.696937561
      vertex 94.6793136597 10.2217292786 71.1768188477
    endloop
  endfacet
  facet normal -1 -1.09998745756e-05 1.93305845642e-06
    outer loop
      vertex 94.6793136597 9.56143760681 71.762802124
      vertex 94.6793136597 9.62805843353 71.7510986328
      vertex 94.6793136597 10.2217292786 71.1768188477
    endloop
  endfacet
  facet normal -1 -1.0880589798e-05 1.82719725217e-06
    outer loop
      vertex 94.6793136597 9.56143760681 71.762802124
      vertex 94.6793136597 10.2217292786 71.1768188477
      vertex 94.6793136597 9.12424087524 71.836227417
    endloop
  endfacet
  facet normal -1 0 0
    outer loop
      vertex 94.6793136597 9.56143760681 71.762802124
      vertex 94.6793136597 9.12424087524 71.836227417
      vertex 94.6793136597 9.37854671478 71.8049316406
    endloop
  endfacet
  facet normal -1 0 0
    outer loop
      vertex 94.6793136597 7.66581583023 72.2892074585
      vertex 94.6793136597 7.30467605591 72.4418716431
      vertex 94.6793136597 7.62875890732 72.3086013794
    endloop
  endfacet
  facet normal -1 -0 0
    outer loop
      vertex 94.6793136597 6.81698322296 72.7025375366
      vertex 94.6793136597 6.96652793884 72.6136856079
      vertex 94.6793136597 5.88614034653 72.986618042
    endloop
  endfacet
  facet normal -1 -0 0
    outer loop
      vertex 94.6793136597 6.69553279877 72.7766723633
      vertex 94.6793136597 6.81698322296 72.7025375366
      vertex 94.6793136597 5.88614034653 72.986618042
    endloop
  endfacet
  facet normal -1 0 0
    outer loop
      vertex 94.6793136597 6.69553279877 72.7766723633
      vertex 94.6793136597 5.88614034653 72.986618042
      vertex 94.6793136597 6.54916286469 72.877494812
    endloop
  endfacet
  facet normal -1 0 0
    outer loop
      vertex 94.6793136597 6.54916286469 72.877494812
      vertex 94.6793136597 5.88614034653 72.986618042
      vertex 94.6793136597 6.45564889908 72.9439544678
    endloop
  endfacet
  facet normal -1 -0 0
    outer loop
      vertex 94.6793136597 6.21769571304 73.1335144043
      vertex 94.6793136597 6.45564889908 72.9439544678
      vertex 94.6793136597 5.88614034653 72.986618042
    endloop
  endfacet
  facet normal -1 0 0
    outer loop
      vertex 94.6793136597 6.21769571304 73.1335144043
      vertex 94.6793136597 5.88614034653 72.986618042
      vertex 94.6793136597 6.19859838486 73.1496200562
    endloop
  endfacet
  facet normal -1 -0 0
    outer loop
      vertex 94.6793136597 5.94718980789 73.360710144
      vertex 94.6793136597 6.19859838486 73.1496200562
      vertex 94.6793136597 5.88614034653 72.986618042
    endloop
  endfacet
  facet normal -1 -0 0
    outer loop
      vertex 94.6793136597 5.91528558731 73.3895568848
      vertex 94.6793136597 5.94718980789 73.360710144
      vertex 94.6793136597 5.88614034653 72.986618042
    endloop
  endfacet
  facet normal -1 0 0
    outer loop
      vertex 94.6793136597 5.71248292923 73.5830764771
      vertex 94.6793136597 5.91528558731 73.3895568848
      vertex 94.6793136597 5.88614034653 72.986618042
    endloop
  endfacet
  facet normal -1 -0 0
    outer loop
      vertex 94.6793136597 5.71248292923 73.5830764771
      vertex 94.6793136597 5.88614034653 72.986618042
      vertex 94.6793136597 5.6445183754 73.6553268433
    endloop
  endfacet
  facet normal -1 -0 0
    outer loop
      vertex 94.6793136597 5.6445183754 73.6553268433
      vertex 94.6793136597 5.88614034653 72.986618042
      vertex 94.6793136597 5.53144407272 73.7813796997
    endloop
  endfacet
  facet normal -1 -0 0
    outer loop
      vertex 94.6793136597 5.53144407272 73.7813796997
      vertex 94.6793136597 5.88614034653 72.986618042
      vertex 94.6793136597 5.46239614487 73.866065979
    endloop
  endfacet
  facet normal -1 -0 0
    outer loop
      vertex 94.6793136597 5.46239614487 73.866065979
      vertex 94.6793136597 5.88614034653 72.986618042
      vertex 94.6793136597 5.36103582382 73.997833252
    endloop
  endfacet
  facet normal -1 0 0
    outer loop
      vertex 94.6793136597 5.25833749771 74.1441268921
      vertex 94.6793136597 5.36103582382 73.997833252
      vertex 94.6793136597 5.88614034653 72.986618042
    endloop
  endfacet
  facet normal -1 0 0
    outer loop
      vertex 94.6793136597 5.19585180283 74.2417221069
      vertex 94.6793136597 5.25833749771 74.1441268921
      vertex 94.6793136597 5.88614034653 72.986618042
    endloop
  endfacet
  facet normal -1 -1.21491768823e-06 2.20900415115e-06
    outer loop
      vertex 94.6793136597 5.88614034653 72.986618042
      vertex 94.6793136597 3.45080065727 73.1597213745
      vertex 94.6793136597 5.19585180283 74.2417221069
    endloop
  endfacet
  facet normal -1 -1.27653288473e-06 2.17080037146e-06
    outer loop
      vertex 94.6793136597 5.08603239059 74.4284744263
      vertex 94.6793136597 5.19585180283 74.2417221069
      vertex 94.6793136597 3.45080065727 73.1597213745
    endloop
  endfacet
  facet normal -1 9.34060210511e-07 3.88596890843e-06
    outer loop
      vertex 94.6793136597 4.01734399796 75.5167160034
      vertex 94.6793136597 5.08603239059 74.4284744263
      vertex 94.6793136597 3.45080065727 73.1597213745
    endloop
  endfacet
  facet normal -1 0 0
    outer loop
      vertex 94.6793136597 3.45080065727 73.1597213745
      vertex 94.6793136597 1.54051053524 75.2697372437
      vertex 94.6793136597 4.01734399796 75.5167160034
    endloop
  endfacet
  facet normal -1 -0 0
    outer loop
      vertex 94.6793136597 2.62742304802 77.5332260132
      vertex 94.6793136597 4.01734399796 75.5167160034
      vertex 94.6793136597 1.54051053524 75.2697372437
    endloop
  endfacet
  facet normal -1 0 0
    outer loop
      vertex 94.6793136597 2.62742304802 77.5332260132
      vertex 94.6793136597 1.54051053524 75.2697372437
      vertex 94.6793136597 -0.216324910522 76.6532516479
    endloop
  endfacet
  facet normal -1 -0 0
    outer loop
      vertex 94.6793136597 0.402361810207 79.6945037842
      vertex 94.6793136597 2.62742304802 77.5332260132
      vertex 94.6793136597 -0.216324910522 76.6532516479
    endloop
  endfacet
  facet normal -1 0 0
    outer loop
      vertex 94.6793136597 0.402361810207 79.6945037842
      vertex 94.6793136597 -0.216324910522 76.6532516479
      vertex 94.6793136597 -2.53559160233 78.1492156982
    endloop
  endfacet
  facet normal -1 0 0
    outer loop
      vertex 94.6793136597 -2.53559160233 78.1492156982
      vertex 94.6793136597 -2.88367342949 81.0238571167
      vertex 94.6793136597 0.402361810207 79.6945037842
    endloop
  endfacet
  facet normal -1 -0 0
    outer loop
      vertex 94.6793136597 -0.368791550398 82.6292495728
      vertex 94.6793136597 0.402361810207 79.6945037842
      vertex 94.6793136597 -2.88367342949 81.0238571167
    endloop
  endfacet
  facet normal -1 0 0
    outer loop
      vertex 94.6793136597 -2.88367342949 81.0238571167
      vertex 94.6793136597 -3.90484976768 84.4477005005
      vertex 94.6793136597 -0.368791550398 82.6292495728
    endloop
  endfacet
  facet normal -1 -0 0
    outer loop
      vertex 94.6793136597 -1.07519078255 84.8104934692
      vertex 94.6793136597 -0.368791550398 82.6292495728
      vertex 94.6793136597 -3.90484976768 84.4477005005
    endloop
  endfacet
  facet normal -1 0 0
    outer loop
      vertex 94.6793136597 -3.90484976768 84.4477005005
      vertex 94.6793136597 -2.49664926529 86.4682159424
      vertex 94.6793136597 -1.07519078255 84.8104934692
    endloop
  endfacet
  facet normal -1 0 0
    outer loop
      vertex 94.6793136597 -1.07519078255 84.8104934692
      vertex 94.6793136597 -2.49664926529 86.4682159424
      vertex 94.6793136597 -0.0433501154184 86.0341033936
    endloop
  endfacet
  facet normal -1 0 -0
    outer loop
      vertex 94.6793136597 -1.07519078255 84.8104934692
      vertex 94.6793136597 -0.0433501154184 86.0341033936
      vertex 94.6793136597 1.49251174927 84.4451065063
    endloop
  endfacet
  facet normal -1 0 0
    outer loop
      vertex 94.6793136597 1.49251174927 84.4451065063
      vertex 94.6793136597 -0.368791550398 82.6292495728
      vertex 94.6793136597 -1.07519078255 84.8104934692
    endloop
  endfacet
  facet normal -1 -0 0
    outer loop
      vertex 94.6793136597 1.49251174927 84.4451065063
      vertex 94.6793136597 2.82978439331 82.1669845581
      vertex 94.6793136597 -0.368791550398 82.6292495728
    endloop
  endfacet
  facet normal -1 0 0
    outer loop
      vertex 94.6793136597 -0.368791550398 82.6292495728
      vertex 94.6793136597 2.82978439331 82.1669845581
      vertex 94.6793136597 0.402361810207 79.6945037842
    endloop
  endfacet
  facet normal -1 0 -0
    outer loop
      vertex 94.6793136597 0.402361810207 79.6945037842
      vertex 94.6793136597 2.82978439331 82.1669845581
      vertex 94.6793136597 3.43479824066 79.6610336304
    endloop
  endfacet
  facet normal -1 0 0
    outer loop
      vertex 94.6793136597 0.402361810207 79.6945037842
      vertex 94.6793136597 3.43479824066 79.6610336304
      vertex 94.6793136597 2.62742304802 77.5332260132
    endloop
  endfacet
  facet normal -1 0 0
    outer loop
      vertex 94.6793136597 4.89604091644 78.312461853
      vertex 94.6793136597 2.62742304802 77.5332260132
      vertex 94.6793136597 3.43479824066 79.6610336304
    endloop
  endfacet
  facet normal -1 0 0
    outer loop
      vertex 94.6793136597 4.89604091644 78.312461853
      vertex 94.6793136597 3.43479824066 79.6610336304
      vertex 94.6793136597 6.18706512451 80.4056549072
    endloop
  endfacet
  facet normal -1 4.70172608402e-06 7.62312402003e-06
    outer loop
      vertex 94.6793136597 4.89604091644 78.312461853
      vertex 94.6793136597 6.18706512451 80.4056549072
      vertex 94.6793136597 6.05834245682 79.0974884033
    endloop
  endfacet
  facet normal -1 2.0465506168e-05 1.82701478479e-05
    outer loop
      vertex 94.6793136597 6.05834245682 79.0974884033
      vertex 94.6793136597 5.7758026123 78.8452606201
      vertex 94.6793136597 4.89604091644 78.312461853
    endloop
  endfacet
  facet normal -1 1.25972928799e-05 1.3505017705e-05
    outer loop
      vertex 94.6793136597 5.53137159348 78.5832138062
      vertex 94.6793136597 4.89604091644 78.312461853
      vertex 94.6793136597 5.7758026123 78.8452606201
    endloop
  endfacet
  facet normal -1 0 0
    outer loop
      vertex 94.6793136597 5.53137159348 78.5832138062
      vertex 94.6793136597 5.7758026123 78.8452606201
      vertex 94.6793136597 5.67409515381 78.7318878174
    endloop
  endfacet
  facet normal -1 9.48103661358e-06 1.2176979908e-05
    outer loop
      vertex 94.6793136597 5.32128334045 78.3133850098
      vertex 94.6793136597 4.89604091644 78.312461853
      vertex 94.6793136597 5.53137159348 78.5832138062
    endloop
  endfacet
  facet normal -1 0 0
    outer loop
      vertex 94.6793136597 5.32128334045 78.3133850098
      vertex 94.6793136597 5.53137159348 78.5832138062
      vertex 94.6793136597 5.4030623436 78.414352417
    endloop
  endfacet
  facet normal -1 7.88573834143e-06 1.21734974527e-05
    outer loop
      vertex 94.6793136597 5.32128334045 78.3133850098
      vertex 94.6793136597 5.14436388016 78.0402679443
      vertex 94.6793136597 4.89604091644 78.312461853
    endloop
  endfacet
  facet normal -1 6.99988004271e-06 1.31444940052e-05
    outer loop
      vertex 94.6793136597 5.14436388016 78.0402679443
      vertex 94.6793136597 4.99340724945 77.7567977905
      vertex 94.6793136597 4.89604091644 78.312461853
    endloop
  endfacet
  facet normal -1 6.6402194534e-06 1.51970325533e-05
    outer loop
      vertex 94.6793136597 4.86873626709 77.4714736938
      vertex 94.6793136597 4.89604091644 78.312461853
      vertex 94.6793136597 4.99340724945 77.7567977905
    endloop
  endfacet
  facet normal -1 0 0
    outer loop
      vertex 94.6793136597 4.86873626709 77.4714736938
      vertex 94.6793136597 4.99340724945 77.7567977905
      vertex 94.6793136597 4.90116167068 77.5417785645
    endloop
  endfacet
  facet normal -1 6.75337150824e-06 1.86821325769e-05
    outer loop
      vertex 94.6793136597 4.77024745941 77.1990203857
      vertex 94.6793136597 4.89604091644 78.312461853
      vertex 94.6793136597 4.86873626709 77.4714736938
    endloop
  endfacet
  facet normal -1 7.22307686374e-06 2.28396420425e-05
    outer loop
      vertex 94.6793136597 4.77024745941 77.1990203857
      vertex 94.6793136597 4.76671695709 77.1878585815
      vertex 94.6793136597 4.89604091644 78.312461853
    endloop
  endfacet
  facet normal -1 8.33294780023e-06 3.24910797644e-05
    outer loop
      vertex 94.6793136597 4.76671695709 77.1878585815
      vertex 94.6793136597 4.7615442276 77.1676864624
      vertex 94.6793136597 4.89604091644 78.312461853
    endloop
  endfacet
  facet normal -1 4.70553140985e-06 1.61627281159e-06
    outer loop
      vertex 94.6793136597 4.89604091644 78.312461853
      vertex 94.6793136597 4.7615442276 77.1676864624
      vertex 94.6793136597 2.62742304802 77.5332260132
    endloop
  endfacet
  facet normal -1 -1.89307763776e-06 2.74649710263e-06
    outer loop
      vertex 94.6793136597 4.01734399796 75.5167160034
      vertex 94.6793136597 2.62742304802 77.5332260132
      vertex 94.6793136597 4.7615442276 77.1676864624
    endloop
  endfacet
  facet normal -1 4.70824079457e-06 1.73912267201e-05
    outer loop
      vertex 94.6793136597 4.7615442276 77.1676864624
      vertex 94.6793136597 4.70127153397 76.9450531006
      vertex 94.6793136597 4.01734399796 75.5167160034
    endloop
  endfacet
  facet normal -1 2.44078137257e-06 1.26557779367e-05
    outer loop
      vertex 94.6793136597 4.69719219208 76.9239044189
      vertex 94.6793136597 4.01734399796 75.5167160034
      vertex 94.6793136597 4.70127153397 76.9450531006
    endloop
  endfacet
  facet normal -1 2.27610780712e-06 1.23149275169e-05
    outer loop
      vertex 94.6793136597 4.64968252182 76.666847229
      vertex 94.6793136597 4.01734399796 75.5167160034
      vertex 94.6793136597 4.69719219208 76.9239044189
    endloop
  endfacet
  facet normal -1 1.67700352449e-06 1.12252400868e-05
    outer loop
      vertex 94.6793136597 4.64721155167 76.6503067017
      vertex 94.6793136597 4.01734399796 75.5167160034
      vertex 94.6793136597 4.64968252182 76.666847229
    endloop
  endfacet
  facet normal -1 8.83886571046e-07 9.79783726507e-06
    outer loop
      vertex 94.6793136597 4.64721155167 76.6503067017
      vertex 94.6793136597 4.6433596611 76.6076126099
      vertex 94.6793136597 4.01734399796 75.5167160034
    endloop
  endfacet
  facet normal -1 9.20652723835e-07 9.86190570984e-06
    outer loop
      vertex 94.6793136597 4.6433596611 76.6076126099
      vertex 94.6793136597 4.61986017227 76.3558883667
      vertex 94.6793136597 4.01734399796 75.5167160034
    endloop
  endfacet
  facet normal -1 5.14140410246e-08 8.65124002303e-06
    outer loop
      vertex 94.6793136597 4.61823654175 76.0826568604
      vertex 94.6793136597 4.01734399796 75.5167160034
      vertex 94.6793136597 4.61986017227 76.3558883667
    endloop
  endfacet
  facet normal -1 0 0
    outer loop
      vertex 94.6793136597 4.61823654175 76.0826568604
      vertex 94.6793136597 4.61986017227 76.3558883667
      vertex 94.6793136597 4.61882686615 76.1045684814
    endloop
  endfacet
  facet normal -1 -1.24936320844e-07 8.4851471911e-06
    outer loop
      vertex 94.6793136597 4.61855268478 76.0611953735
      vertex 94.6793136597 4.01734399796 75.5167160034
      vertex 94.6793136597 4.61823654175 76.0826568604
    endloop
  endfacet
  facet normal -1 -5.54587188617e-07 8.09603443486e-06
    outer loop
      vertex 94.6793136597 4.62082958221 76.0279541016
      vertex 94.6793136597 4.01734399796 75.5167160034
      vertex 94.6793136597 4.61855268478 76.0611953735
    endloop
  endfacet
  facet normal -1 -6.08641073541e-07 8.05024319561e-06
    outer loop
      vertex 94.6793136597 4.63588809967 75.8287811279
      vertex 94.6793136597 4.01734399796 75.5167160034
      vertex 94.6793136597 4.62082958221 76.0279541016
    endloop
  endfacet
  facet normal -1 -1.21164396205e-06 7.74601357989e-06
    outer loop
      vertex 94.6793136597 4.63588809967 75.8287811279
      vertex 94.6793136597 4.67794418335 75.5599212646
      vertex 94.6793136597 4.01734399796 75.5167160034
    endloop
  endfacet
  facet normal -1 -1.08529832232e-06 7.75427724875e-06
    outer loop
      vertex 94.6793136597 4.67794418335 75.5599212646
      vertex 94.6793136597 4.68134212494 75.5356369019
      vertex 94.6793136597 4.01734399796 75.5167160034
    endloop
  endfacet
  facet normal -1 -1.72908528384e-06 7.73592637415e-06
    outer loop
      vertex 94.6793136597 4.68781614304 75.5066757202
      vertex 94.6793136597 4.01734399796 75.5167160034
      vertex 94.6793136597 4.68134212494 75.5356369019
    endloop
  endfacet
  facet normal -1 -1.93653932001e-06 7.73903229856e-06
    outer loop
      vertex 94.6793136597 4.754799366 75.2389907837
      vertex 94.6793136597 4.01734399796 75.5167160034
      vertex 94.6793136597 4.68781614304 75.5066757202
    endloop
  endfacet
  facet normal -1 -2.65087714979e-06 8.0080508269e-06
    outer loop
      vertex 94.6793136597 4.754799366 75.2389907837
      vertex 94.6793136597 4.84719228745 74.9598770142
      vertex 94.6793136597 4.01734399796 75.5167160034
    endloop
  endfacet
  facet normal -1 -2.73068690149e-06 8.06160369393e-06
    outer loop
      vertex 94.6793136597 4.84719228745 74.9598770142
      vertex 94.6793136597 4.85103178024 74.9485473633
      vertex 94.6793136597 4.01734399796 75.5167160034
    endloop
  endfacet
  facet normal -1 -3.37175083587e-06 8.49849766382e-06
    outer loop
      vertex 94.6793136597 4.85103178024 74.9485473633
      vertex 94.6793136597 4.93150424957 74.7457122803
      vertex 94.6793136597 4.01734399796 75.5167160034
    endloop
  endfacet
  facet normal -1 -3.78207369067e-06 8.84456312633e-06
    outer loop
      vertex 94.6793136597 4.94285154343 74.7191772461
      vertex 94.6793136597 4.01734399796 75.5167160034
      vertex 94.6793136597 4.93150424957 74.7457122803
    endloop
  endfacet
  facet normal -1 -4.63083779323e-06 9.57596694207e-06
    outer loop
      vertex 94.6793136597 5.0521197319 74.4932250977
      vertex 94.6793136597 4.01734399796 75.5167160034
      vertex 94.6793136597 4.94285154343 74.7191772461
    endloop
  endfacet
  facet normal -1 -5.42938596482e-06 1.03658048829e-05
    outer loop
      vertex 94.6793136597 5.0521197319 74.4932250977
      vertex 94.6793136597 5.08603239059 74.4284744263
      vertex 94.6793136597 4.01734399796 75.5167160034
    endloop
  endfacet
  facet normal -1 0 0
    outer loop
      vertex 94.6793136597 4.84719228745 74.9598770142
      vertex 94.6793136597 4.754799366 75.2389907837
      vertex 94.6793136597 4.80599832535 75.0908432007
    endloop
  endfacet
  facet normal -1 0 0
    outer loop
      vertex 94.6793136597 4.99340724945 77.7567977905
      vertex 94.6793136597 5.14436388016 78.0402679443
      vertex 94.6793136597 5.00601673126 77.7792510986
    endloop
  endfacet
  facet normal -1 0 0
    outer loop
      vertex 94.6793136597 5.14436388016 78.0402679443
      vertex 94.6793136597 5.32128334045 78.3133850098
      vertex 94.6793136597 5.18390798569 78.098487854
    endloop
  endfacet
  facet normal -1 0 0
    outer loop
      vertex 94.6793136597 5.7758026123 78.8452606201
      vertex 94.6793136597 6.05834245682 79.0974884033
      vertex 94.6793136597 6.00370979309 79.0457992554
    endloop
  endfacet
  facet normal -1 4.28879593528e-06 3.42666430697e-06
    outer loop
      vertex 94.6793136597 6.0941529274 79.1260986328
      vertex 94.6793136597 6.05834245682 79.0974884033
      vertex 94.6793136597 6.18706512451 80.4056549072
    endloop
  endfacet
  facet normal -1 4.27489385402e-06 3.23520771417e-06
    outer loop
      vertex 94.6793136597 6.41754627228 79.37084198
      vertex 94.6793136597 6.0941529274 79.1260986328
      vertex 94.6793136597 6.18706512451 80.4056549072
    endloop
  endfacet
  facet normal -1 4.33489321949e-06 2.96582106785e-06
    outer loop
      vertex 94.6793136597 6.76821517944 79.6107635498
      vertex 94.6793136597 6.41754627228 79.37084198
      vertex 94.6793136597 6.18706512451 80.4056549072
    endloop
  endfacet
  facet normal -1 4.62179332317e-06 2.5734011615e-06
    outer loop
      vertex 94.6793136597 6.76821517944 79.6107635498
      vertex 94.6793136597 6.18706512451 80.4056549072
      vertex 94.6793136597 7.16118812561 79.8295669556
    endloop
  endfacet
  facet normal -1 0 0
    outer loop
      vertex 94.6793136597 6.76821517944 79.6107635498
      vertex 94.6793136597 7.16118812561 79.8295669556
      vertex 94.6793136597 6.94880962372 79.7068557739
    endloop
  endfacet
  facet normal -1 5.14746352565e-06 2.262524049e-06
    outer loop
      vertex 94.6793136597 7.16118812561 79.8295669556
      vertex 94.6793136597 6.18706512451 80.4056549072
      vertex 94.6793136597 7.5978884697 80.0215148926
    endloop
  endfacet
  facet normal -1 0 0
    outer loop
      vertex 94.6793136597 7.16118812561 79.8295669556
      vertex 94.6793136597 7.5978884697 80.0215148926
      vertex 94.6793136597 7.51766395569 79.9834136963
    endloop
  endfacet
  facet normal -1 5.65565142097e-06 2.12415443457e-06
    outer loop
      vertex 94.6793136597 7.5978884697 80.0215148926
      vertex 94.6793136597 6.18706512451 80.4056549072
      vertex 94.6793136597 8.0935344696 80.2076721191
    endloop
  endfacet
  facet normal -1 0 0
    outer loop
      vertex 94.6793136597 7.5978884697 80.0215148926
      vertex 94.6793136597 8.0935344696 80.2076721191
      vertex 94.6793136597 7.83136129379 80.0997390747
    endloop
  endfacet
  facet normal -1 7.15506621418e-06 1.96844166567e-06
    outer loop
      vertex 94.6793136597 6.18706512451 80.4056549072
      vertex 94.6793136597 9.08714103699 81.2034988403
      vertex 94.6793136597 8.0935344696 80.2076721191
    endloop
  endfacet
  facet normal -1 7.25476093066e-06 2.06835989047e-06
    outer loop
      vertex 94.6793136597 8.2166891098 80.2427825928
      vertex 94.6793136597 8.0935344696 80.2076721191
      vertex 94.6793136597 9.08714103699 81.2034988403
    endloop
  endfacet
  facet normal -1 7.57488805903e-06 2.4216840302e-06
    outer loop
      vertex 94.6793136597 8.60076904297 80.3655700684
      vertex 94.6793136597 8.2166891098 80.2427825928
      vertex 94.6793136597 9.08714103699 81.2034988403
    endloop
  endfacet
  facet normal -1 6.97418818163e-06 1.38679047268e-06
    outer loop
      vertex 94.6793136597 8.60076904297 80.3655700684
      vertex 94.6793136597 9.08714103699 81.2034988403
      vertex 94.6793136597 8.96404838562 80.4378128052
    endloop
  endfacet
  facet normal -1 7.01415820004e-06 1.63542176779e-06
    outer loop
      vertex 94.6793136597 9.1409072876 80.4790420532
      vertex 94.6793136597 8.96404838562 80.4378128052
      vertex 94.6793136597 9.08714103699 81.2034988403
    endloop
  endfacet
  facet normal -1 7.06744503987e-06 9.17430384106e-07
    outer loop
      vertex 94.6793136597 9.1409072876 80.4790420532
      vertex 94.6793136597 9.08714103699 81.2034988403
      vertex 94.6793136597 9.70718383789 80.5525512695
    endloop
  endfacet
  facet normal -1 0 0
    outer loop
      vertex 94.6793136597 9.1409072876 80.4790420532
      vertex 94.6793136597 9.70718383789 80.5525512695
      vertex 94.6793136597 9.59203720093 80.5303878784
    endloop
  endfacet
  facet normal -1 7.15033547749e-06 8.30408737329e-07
    outer loop
      vertex 94.6793136597 9.70718383789 80.5525512695
      vertex 94.6793136597 9.08714103699 81.2034988403
      vertex 94.6793136597 10.1805410385 80.6075286865
    endloop
  endfacet
  facet normal -1 0 0
    outer loop
      vertex 94.6793136597 9.70718383789 80.5525512695
      vertex 94.6793136597 10.1805410385 80.6075286865
      vertex 94.6793136597 9.74866008759 80.5561752319
    endloop
  endfacet
  facet normal -1 8.4885286924e-06 1.01008986064e-07
    outer loop
      vertex 94.6793136597 10.1805410385 80.6075286865
      vertex 94.6793136597 9.08714103699 81.2034988403
      vertex 94.6793136597 10.4519443512 80.6107559204
    endloop
  endfacet
  facet normal -1 7.94629431766e-06 3.36504541565e-07
    outer loop
      vertex 94.6793136597 10.4519443512 80.6107559204
      vertex 94.6793136597 9.08714103699 81.2034988403
      vertex 94.6793136597 10.7752180099 80.6244506836
    endloop
  endfacet
  facet normal -1 3.80366191166e-06 1.75753064013e-06
    outer loop
      vertex 94.6793136597 9.08714103699 81.2034988403
      vertex 94.6793136597 11.3357200623 82.2424850464
      vertex 94.6793136597 10.7752180099 80.6244506836
    endloop
  endfacet
  facet normal -1 3.1144645618e-06 -2.32020283875e-07
    outer loop
      vertex 94.6793136597 11.2820882797 80.5866851807
      vertex 94.6793136597 10.7752180099 80.6244506836
      vertex 94.6793136597 11.3357200623 82.2424850464
    endloop
  endfacet
  facet normal -1 3.11773806061e-06 -1.3096099849e-07
    outer loop
      vertex 94.6793136597 11.2820882797 80.5866851807
      vertex 94.6793136597 11.3357200623 82.2424850464
      vertex 94.6793136597 11.370464325 80.5829772949
    endloop
  endfacet
  facet normal -1 3.12213296638e-06 -3.40875828897e-07
    outer loop
      vertex 94.6793136597 11.370464325 80.5829772949
      vertex 94.6793136597 11.3357200623 82.2424850464
      vertex 94.6793136597 11.9723186493 80.5172653198
    endloop
  endfacet
  facet normal -1 0 0
    outer loop
      vertex 94.6793136597 11.370464325 80.5829772949
      vertex 94.6793136597 11.9723186493 80.5172653198
      vertex 94.6793136597 11.6148262024 80.542755127
    endloop
  endfacet
  facet normal -1 3.74938304049e-06 -2.04076150112e-06
    outer loop
      vertex 94.6793136597 13.5361070633 81.0448303223
      vertex 94.6793136597 11.9723186493 80.5172653198
      vertex 94.6793136597 11.3357200623 82.2424850464
    endloop
  endfacet
  facet normal -1 0 -0
    outer loop
      vertex 94.6793136597 11.3357200623 82.2424850464
      vertex 94.6793136597 13.5398788452 84.3888473511
      vertex 94.6793136597 13.5361070633 81.0448303223
    endloop
  endfacet
  facet normal -1 0 0
    outer loop
      vertex 94.6793136597 15.9275007248 82.9366149902
      vertex 94.6793136597 13.5361070633 81.0448303223
      vertex 94.6793136597 13.5398788452 84.3888473511
    endloop
  endfacet
  facet normal -1 0 0
    outer loop
      vertex 94.6793136597 15.9275007248 82.9366149902
      vertex 94.6793136597 13.5398788452 84.3888473511
      vertex 94.6793136597 16.4627075195 85.9857406616
    endloop
  endfacet
  facet normal -1 0 0
    outer loop
      vertex 94.6793136597 18.5061035156 83.563621521
      vertex 94.6793136597 15.9275007248 82.9366149902
      vertex 94.6793136597 16.4627075195 85.9857406616
    endloop
  endfacet
  facet normal -1 0 0
    outer loop
      vertex 94.6793136597 18.5061035156 83.563621521
      vertex 94.6793136597 16.4627075195 85.9857406616
      vertex 94.6793136597 19.0820713043 85.9585266113
    endloop
  endfacet
  facet normal -1 0 0
    outer loop
      vertex 94.6793136597 18.5061035156 83.563621521
      vertex 94.6793136597 19.0820713043 85.9585266113
      vertex 94.6793136597 21.1454963684 84.8086166382
    endloop
  endfacet
  facet normal -1 0 -0
    outer loop
      vertex 94.6793136597 18.5061035156 83.563621521
      vertex 94.6793136597 21.1454963684 84.8086166382
      vertex 94.6793136597 21.3295001984 81.9686813354
    endloop
  endfacet
  facet normal -1 0 0
    outer loop
      vertex 94.6793136597 18.5061035156 83.563621521
      vertex 94.6793136597 21.3295001984 81.9686813354
      vertex 94.6793136597 19.2434444427 80.856086731
    endloop
  endfacet
  facet normal -1 0 0
    outer loop
      vertex 94.6793136597 19.2434444427 80.856086731
      vertex 94.6793136597 17.4522399902 81.8871307373
      vertex 94.6793136597 18.5061035156 83.563621521
    endloop
  endfacet
  facet normal -1 0 -0
    outer loop
      vertex 94.6793136597 15.9275007248 82.9366149902
      vertex 94.6793136597 18.5061035156 83.563621521
      vertex 94.6793136597 17.4522399902 81.8871307373
    endloop
  endfacet
  facet normal -1 0 0
    outer loop
      vertex 94.6793136597 15.9275007248 82.9366149902
      vertex 94.6793136597 17.4522399902 81.8871307373
      vertex 94.6793136597 16.2303142548 79.7779998779
    endloop
  endfacet
  facet normal -1 0 0
    outer loop
      vertex 94.6793136597 16.2303142548 79.7779998779
      vertex 94.6793136597 13.5361070633 81.0448303223
      vertex 94.6793136597 15.9275007248 82.9366149902
    endloop
  endfacet
  facet normal -1 5.6347203099e-06 -2.64947584583e-06
    outer loop
      vertex 94.6793136597 14.307718277 79.7646026611
      vertex 94.6793136597 13.5361070633 81.0448303223
      vertex 94.6793136597 16.2303142548 79.7779998779
    endloop
  endfacet
  facet normal -1 4.837855613e-06 -2.65502922048e-06
    outer loop
      vertex 94.6793136597 14.7847557068 79.5027999878
      vertex 94.6793136597 14.307718277 79.7646026611
      vertex 94.6793136597 16.2303142548 79.7779998779
    endloop
  endfacet
  facet normal -1 3.98169459004e-06 -2.81802090285e-06
    outer loop
      vertex 94.6793136597 14.7847557068 79.5027999878
      vertex 94.6793136597 16.2303142548 79.7779998779
      vertex 94.6793136597 15.2190494537 79.1954345703
    endloop
  endfacet
  facet normal -1 0 0
    outer loop
      vertex 94.6793136597 14.7847557068 79.5027999878
      vertex 94.6793136597 15.2190494537 79.1954345703
      vertex 94.6793136597 14.9908924103 79.3518981934
    endloop
  endfacet
  facet normal -1 0 0
    outer loop
      vertex 94.6793136597 14.307718277 79.7646026611
      vertex 94.6793136597 14.7847557068 79.5027999878
      vertex 94.6793136597 14.4184474945 79.7005233765
    endloop
  endfacet
  facet normal -1 0 0
    outer loop
      vertex 94.6793136597 13.98716259 79.9045333862
      vertex 94.6793136597 14.307718277 79.7646026611
      vertex 94.6793136597 14.0017433167 79.897644043
    endloop
  endfacet
  facet normal -1 0 0
    outer loop
      vertex 94.6793136597 13.4744825363 80.1354751587
      vertex 94.6793136597 13.98716259 79.9045333862
      vertex 94.6793136597 13.9043636322 79.9329528809
    endloop
  endfacet
  facet normal -1 0 0
    outer loop
      vertex 94.6793136597 12.934346199 80.3236846924
      vertex 94.6793136597 13.4744825363 80.1354751587
      vertex 94.6793136597 13.3583927155 80.1725692749
    endloop
  endfacet
  facet normal -1 5.55352971787e-06 -1.93507389668e-06
    outer loop
      vertex 94.6793136597 12.934346199 80.3236846924
      vertex 94.6793136597 13.5361070633 81.0448303223
      vertex 94.6793136597 13.4744825363 80.1354751587
    endloop
  endfacet
  facet normal -1 5.51626908418e-06 -2.4849014153e-06
    outer loop
      vertex 94.6793136597 13.4744825363 80.1354751587
      vertex 94.6793136597 13.5361070633 81.0448303223
      vertex 94.6793136597 13.98716259 79.9045333862
    endloop
  endfacet
  facet normal -1 5.47949230167e-06 -2.39192740992e-06
    outer loop
      vertex 94.6793136597 13.98716259 79.9045333862
      vertex 94.6793136597 13.5361070633 81.0448303223
      vertex 94.6793136597 14.307718277 79.7646026611
    endloop
  endfacet
  facet normal -1 6.05224840911e-06 -1.33741139052e-06
    outer loop
      vertex 94.6793136597 12.6369447708 80.3894042969
      vertex 94.6793136597 13.5361070633 81.0448303223
      vertex 94.6793136597 12.934346199 80.3236846924
    endloop
  endfacet
  facet normal -1 5.8533801166e-06 -1.48237279518e-06
    outer loop
      vertex 94.6793136597 12.3634653091 80.458656311
      vertex 94.6793136597 13.5361070633 81.0448303223
      vertex 94.6793136597 12.6369447708 80.3894042969
    endloop
  endfacet
  facet normal -1 6.78518563291e-06 -1.0165903177e-06
    outer loop
      vertex 94.6793136597 12.3634653091 80.458656311
      vertex 94.6793136597 11.9723186493 80.5172653198
      vertex 94.6793136597 13.5361070633 81.0448303223
    endloop
  endfacet
  facet normal -1 0 0
    outer loop
      vertex 94.6793136597 11.9723186493 80.5172653198
      vertex 94.6793136597 12.3634653091 80.458656311
      vertex 94.6793136597 12.057387352 80.5023345947
    endloop
  endfacet
  facet normal -1 -1.23812205857e-05 -1.04764549178e-05
    outer loop
      vertex 94.6793136597 15.2268199921 73.014175415
      vertex 94.6793136597 15.4828615189 73.2308273315
      vertex 94.6793136597 16.23645401 73.4509735107
    endloop
  endfacet
  facet normal -1 -1.48808967424e-05 -1.1557875041e-05
    outer loop
      vertex 94.6793136597 15.2268199921 73.014175415
      vertex 94.6793136597 16.23645401 73.4509735107
      vertex 94.6793136597 15.0833797455 72.9027709961
    endloop
  endfacet
  facet normal -1 -1.07944315459e-05 -9.61506430031e-06
    outer loop
      vertex 94.6793136597 16.23645401 73.4509735107
      vertex 94.6793136597 14.7812156677 72.1547241211
      vertex 94.6793136597 15.0833797455 72.9027709961
    endloop
  endfacet
  facet normal -1 -9.85367205431e-06 -7.28610302758e-06
    outer loop
      vertex 94.6793136597 15.0468292236 72.8757400513
      vertex 94.6793136597 15.0833797455 72.9027709961
      vertex 94.6793136597 14.7812156677 72.1547241211
    endloop
  endfacet
  facet normal -1 0 -0
    outer loop
      vertex 94.6793136597 14.7812156677 72.1547241211
      vertex 94.6793136597 16.23645401 73.4509735107
      vertex 94.6793136597 17.7470645905 70.9230194092
    endloop
  endfacet
  facet normal -1 0 0
    outer loop
      vertex 94.6793136597 17.7470645905 70.9230194092
      vertex 94.6793136597 15.0782346725 69.9814758301
      vertex 94.6793136597 14.7812156677 72.1547241211
    endloop
  endfacet
  facet normal -1 0 0
    outer loop
      vertex 94.6793136597 17.7470645905 70.9230194092
      vertex 94.6793136597 16.0739784241 67.6344604492
      vertex 94.6793136597 15.0782346725 69.9814758301
    endloop
  endfacet
  facet normal -1 0 -0
    outer loop
      vertex 94.6793136597 16.0739784241 67.6344604492
      vertex 94.6793136597 17.7470645905 70.9230194092
      vertex 94.6793136597 19.76146698 67.5454330444
    endloop
  endfacet
  facet normal -1 0 0
    outer loop
      vertex 94.6793136597 19.76146698 67.5454330444
      vertex 94.6793136597 17.3006687164 64.955406189
      vertex 94.6793136597 16.0739784241 67.6344604492
    endloop
  endfacet
  facet normal -1 -0 0
    outer loop
      vertex 94.6793136597 16.0739784241 67.6344604492
      vertex 94.6793136597 17.3006687164 64.955406189
      vertex 94.6793136597 14.9946784973 65.282585144
    endloop
  endfacet
  facet normal -1 0 0
    outer loop
      vertex 94.6793136597 16.0739784241 67.6344604492
      vertex 94.6793136597 14.9946784973 65.282585144
      vertex 94.6793136597 13.3503789902 66.4417190552
    endloop
  endfacet
  facet normal -1 0 0
    outer loop
      vertex 94.6793136597 13.2840442657 64.152885437
      vertex 94.6793136597 13.3503789902 66.4417190552
      vertex 94.6793136597 14.9946784973 65.282585144
    endloop
  endfacet
  facet normal -1 0 -0
    outer loop
      vertex 94.6793136597 13.2840442657 64.152885437
      vertex 94.6793136597 14.9946784973 65.282585144
      vertex 94.6793136597 15.1101531982 62.5964393616
    endloop
  endfacet
  facet normal -1 0 0
    outer loop
      vertex 94.6793136597 17.3006687164 64.955406189
      vertex 94.6793136597 15.1101531982 62.5964393616
      vertex 94.6793136597 14.9946784973 65.282585144
    endloop
  endfacet
  facet normal -1 0 -0
    outer loop
      vertex 94.6793136597 15.1101531982 62.5964393616
      vertex 94.6793136597 17.3006687164 64.955406189
      vertex 94.6793136597 18.1236228943 62.2509078979
    endloop
  endfacet
  facet normal -1 0 0
    outer loop
      vertex 94.6793136597 18.1236228943 62.2509078979
      vertex 94.6793136597 16.7113246918 60.1623344421
      vertex 94.6793136597 15.1101531982 62.5964393616
    endloop
  endfacet
  facet normal -1 0 0
    outer loop
      vertex 94.6793136597 16.7113246918 60.1623344421
      vertex 94.6793136597 13.6582927704 59.5886764526
      vertex 94.6793136597 15.1101531982 62.5964393616
    endloop
  endfacet
  facet normal -1 0 -0
    outer loop
      vertex 94.6793136597 13.6582927704 59.5886764526
      vertex 94.6793136597 16.7113246918 60.1623344421
      vertex 94.6793136597 15.6569166183 57.3700294495
    endloop
  endfacet
  facet normal -1 0 0
    outer loop
      vertex 94.6793136597 15.6569166183 57.3700294495
      vertex 94.6793136597 13.310792923 57.1682929993
      vertex 94.6793136597 13.6582927704 59.5886764526
    endloop
  endfacet
  facet normal -1 0 -0
    outer loop
      vertex 94.6793136597 11.2314891815 57.2723617554
      vertex 94.6793136597 13.6582927704 59.5886764526
      vertex 94.6793136597 13.310792923 57.1682929993
    endloop
  endfacet
  facet normal -1 1.49927006987e-06 -7.50379740566e-08
    outer loop
      vertex 94.6793136597 11.2314891815 57.2723617554
      vertex 94.6793136597 13.310792923 57.1682929993
      vertex 94.6793136597 12.4545135498 53.7632255554
    endloop
  endfacet
  facet normal -1 1.67025666542e-06 -5.65637606087e-07
    outer loop
      vertex 94.6793136597 12.4545135498 53.7632255554
      vertex 94.6793136597 9.63646697998 54.7175636292
      vertex 94.6793136597 11.2314891815 57.2723617554
    endloop
  endfacet
  facet normal -1 2.48787137025e-06 7.43959617466e-07
    outer loop
      vertex 94.6793136597 8.45058345795 56.4407730103
      vertex 94.6793136597 11.2314891815 57.2723617554
      vertex 94.6793136597 9.63646697998 54.7175636292
    endloop
  endfacet
  facet normal -1 4.14088390244e-06 -1.6580341935e-06
    outer loop
      vertex 94.6793136597 9.35242652893 54.8312950134
      vertex 94.6793136597 8.45058345795 56.4407730103
      vertex 94.6793136597 9.63646697998 54.7175636292
    endloop
  endfacet
  facet normal -1 4.21036929765e-06 -1.7820410676e-06
    outer loop
      vertex 94.6793136597 8.87445449829 55.0335998535
      vertex 94.6793136597 8.45058345795 56.4407730103
      vertex 94.6793136597 9.35242652893 54.8312950134
    endloop
  endfacet
  facet normal -1 4.23330629928e-06 -1.85818851151e-06
    outer loop
      vertex 94.6793136597 8.54831027985 55.1767578125
      vertex 94.6793136597 8.45058345795 56.4407730103
      vertex 94.6793136597 8.87445449829 55.0335998535
    endloop
  endfacet
  facet normal -1 4.24151585321e-06 -1.96437054001e-06
    outer loop
      vertex 94.6793136597 7.66523456573 55.585735321
      vertex 94.6793136597 8.45058345795 56.4407730103
      vertex 94.6793136597 8.54831027985 55.1767578125
    endloop
  endfacet
  facet normal -1 4.17690989707e-06 -2.03470926863e-06
    outer loop
      vertex 94.6793136597 7.51869869232 55.657119751
      vertex 94.6793136597 8.45058345795 56.4407730103
      vertex 94.6793136597 7.66523456573 55.585735321
    endloop
  endfacet
  facet normal -1 4.10078837376e-06 -2.09872268897e-06
    outer loop
      vertex 94.6793136597 6.68141460419 56.0856285095
      vertex 94.6793136597 8.45058345795 56.4407730103
      vertex 94.6793136597 7.51869869232 55.657119751
    endloop
  endfacet
  facet normal -1 2.26210136134e-06 -2.46782224167e-06
    outer loop
      vertex 94.6793136597 6.68141460419 56.0856285095
      vertex 94.6793136597 6.31878662109 58.7664413452
      vertex 94.6793136597 8.45058345795 56.4407730103
    endloop
  endfacet
  facet normal -1 2.06022036764e-06 -9.75368379841e-07
    outer loop
      vertex 94.6793136597 6.68141460419 56.0856285095
      vertex 94.6793136597 5.47518825531 56.6566925049
      vertex 94.6793136597 6.31878662109 58.7664413452
    endloop
  endfacet
  facet normal -1 2.00073668566e-06 -1.12413079023e-06
    outer loop
      vertex 94.6793136597 6.31878662109 58.7664413452
      vertex 94.6793136597 5.47518825531 56.6566925049
      vertex 94.6793136597 3.13384079933 57.9721984863
    endloop
  endfacet
  facet normal -1 0 -0
    outer loop
      vertex 94.6793136597 3.51002812386 57.7407875061
      vertex 94.6793136597 3.13384079933 57.9721984863
      vertex 94.6793136597 5.47518825531 56.6566925049
    endloop
  endfacet
  facet normal -1 0 0
    outer loop
      vertex 94.6793136597 3.51002812386 57.7407875061
      vertex 94.6793136597 5.47518825531 56.6566925049
      vertex 94.6793136597 4.20651626587 57.3357543945
    endloop
  endfacet
  facet normal -1 0 0
    outer loop
      vertex 94.6793136597 6.48869657516 56.1694602966
      vertex 94.6793136597 6.68141460419 56.0856285095
      vertex 94.6793136597 6.50996255875 56.159614563
    endloop
  endfacet
  facet normal -1 0 -0
    outer loop
      vertex 94.6793136597 6.48869657516 56.1694602966
      vertex 94.6793136597 5.47518825531 56.6566925049
      vertex 94.6793136597 6.68141460419 56.0856285095
    endloop
  endfacet
  facet normal -1 0 -0
    outer loop
      vertex 94.6793136597 2.58378982544 58.3211746216
      vertex 94.6793136597 0.554475665092 59.7720603943
      vertex 94.6793136597 3.13384079933 57.9721984863
    endloop
  endfacet
  facet normal -1 1.93108030544e-06 -1.34749598146e-06
    outer loop
      vertex 94.6793136597 3.13384079933 57.9721984863
      vertex 94.6793136597 0.554475665092 59.7720603943
      vertex 94.6793136597 1.65398979187 61.6817588806
    endloop
  endfacet
  facet normal -1 2.87653256237e-06 2.94617223062e-07
    outer loop
      vertex 94.6793136597 0.554475665092 59.7720603943
      vertex 94.6793136597 -0.638640284538 61.4469451904
      vertex 94.6793136597 1.65398979187 61.6817588806
    endloop
  endfacet
  facet normal -1 0 0
    outer loop
      vertex 94.6793136597 -0.638640284538 61.4469451904
      vertex 94.6793136597 -0.327678263187 63.4509086609
      vertex 94.6793136597 1.65398979187 61.6817588806
    endloop
  endfacet
  facet normal -1 -4.05379523727e-07 -2.61242780653e-06
    outer loop
      vertex 94.6793136597 -0.638640284538 61.4469451904
      vertex 94.6793136597 -2.46443891525 62.4326896667
      vertex 94.6793136597 -0.327678263187 63.4509086609
    endloop
  endfacet
  facet normal -1 1.6499764115e-06 -1.6329997834e-06
    outer loop
      vertex 94.6793136597 -2.46443891525 62.4326896667
      vertex 94.6793136597 -2.54721212387 62.5146102905
      vertex 94.6793136597 -0.327678263187 63.4509086609
    endloop
  endfacet
  facet normal -1 1.66692382209e-06 -1.62585058661e-06
    outer loop
      vertex 94.6793136597 -2.25448131561 65.3302383423
      vertex 94.6793136597 -0.327678263187 63.4509086609
      vertex 94.6793136597 -2.54721212387 62.5146102905
    endloop
  endfacet
  facet normal -1 1.65247490713e-06 -1.76482717507e-06
    outer loop
      vertex 94.6793136597 -3.78406500816 63.8355560303
      vertex 94.6793136597 -2.25448131561 65.3302383423
      vertex 94.6793136597 -2.54721212387 62.5146102905
    endloop
  endfacet
  facet normal -1 0 -0
    outer loop
      vertex 94.6793136597 -3.14386582375 63.1263160706
      vertex 94.6793136597 -3.78406500816 63.8355560303
      vertex 94.6793136597 -2.54721212387 62.5146102905
    endloop
  endfacet
  facet normal -1 0 -0
    outer loop
      vertex 94.6793136597 2.10857105255 58.6392097473
      vertex 94.6793136597 0.554475665092 59.7720603943
      vertex 94.6793136597 2.58378982544 58.3211746216
    endloop
  endfacet
  facet normal -1 0 -0
    outer loop
      vertex 94.6793136597 1.69455647469 58.9247398376
      vertex 94.6793136597 0.554475665092 59.7720603943
      vertex 94.6793136597 2.10857105255 58.6392097473
    endloop
  endfacet
  facet normal -1 0 -0
    outer loop
      vertex 94.6793136597 1.13064825535 59.3341331482
      vertex 94.6793136597 0.554475665092 59.7720603943
      vertex 94.6793136597 1.69455647469 58.9247398376
    endloop
  endfacet
  facet normal -1 0 -0
    outer loop
      vertex 94.6793136597 1.02230858803 59.4132003784
      vertex 94.6793136597 0.554475665092 59.7720603943
      vertex 94.6793136597 1.13064825535 59.3341331482
    endloop
  endfacet
  facet normal -1 0 -0
    outer loop
      vertex 94.6793136597 0.801717460155 59.5818519592
      vertex 94.6793136597 0.554475665092 59.7720603943
      vertex 94.6793136597 1.02230858803 59.4132003784
    endloop
  endfacet
  facet normal -1 0 -0
    outer loop
      vertex 94.6793136597 -3.2690885067 63.2607765198
      vertex 94.6793136597 -3.78406500816 63.8355560303
      vertex 94.6793136597 -3.14386582375 63.1263160706
    endloop
  endfacet
  facet normal -1 0 0
    outer loop
      vertex 94.6793136597 -4.38630533218 64.5606918335
      vertex 94.6793136597 -3.78406500816 63.8355560303
      vertex 94.6793136597 -3.94295191765 64.0209197998
    endloop
  endfacet
  facet normal -1 0 0
    outer loop
      vertex 94.6793136597 -4.57086706161 64.795135498
      vertex 94.6793136597 -3.78406500816 63.8355560303
      vertex 94.6793136597 -4.38630533218 64.5606918335
    endloop
  endfacet
  facet normal -1 0 -0
    outer loop
      vertex 94.6793136597 -4.57086706161 64.795135498
      vertex 94.6793136597 -4.68104314804 64.9385147095
      vertex 94.6793136597 -3.78406500816 63.8355560303
    endloop
  endfacet
  facet normal -1 0 -0
    outer loop
      vertex 94.6793136597 -4.68104314804 64.9385147095
      vertex 94.6793136597 -5.05444097519 65.4445877075
      vertex 94.6793136597 -3.78406500816 63.8355560303
    endloop
  endfacet
  facet normal -1 0 -0
    outer loop
      vertex 94.6793136597 -5.05444097519 65.4445877075
      vertex 94.6793136597 -5.26214981079 65.73777771
      vertex 94.6793136597 -3.78406500816 63.8355560303
    endloop
  endfacet
  facet normal -1 1.49266668359e-06 -1.92098855223e-06
    outer loop
      vertex 94.6793136597 -3.78406500816 63.8355560303
      vertex 94.6793136597 -5.26214981079 65.73777771
      vertex 94.6793136597 -2.25448131561 65.3302383423
    endloop
  endfacet
  facet normal -1 2.06065237762e-06 -1.99795158551e-06
    outer loop
      vertex 94.6793136597 -4.45860290527 67.4672927856
      vertex 94.6793136597 -2.25448131561 65.3302383423
      vertex 94.6793136597 -5.26214981079 65.73777771
    endloop
  endfacet
  facet normal -1 1.7658176148e-06 -2.63253764388e-06
    outer loop
      vertex 94.6793136597 -5.57713508606 66.2073669434
      vertex 94.6793136597 -4.45860290527 67.4672927856
      vertex 94.6793136597 -5.26214981079 65.73777771
    endloop
  endfacet
  facet normal -1 0 0
    outer loop
      vertex 94.6793136597 -4.68104314804 64.9385147095
      vertex 94.6793136597 -4.57086706161 64.795135498
      vertex 94.6793136597 -4.64560317993 64.8911437988
    endloop
  endfacet
  facet normal -1 1.72643626684e-06 -2.67689688371e-06
    outer loop
      vertex 94.6793136597 -5.57713508606 66.2073669434
      vertex 94.6793136597 -5.79257106781 66.5414123535
      vertex 94.6793136597 -4.45860290527 67.4672927856
    endloop
  endfacet
  facet normal -1 1.65498920524e-06 -2.72648685495e-06
    outer loop
      vertex 94.6793136597 -5.79257106781 66.5414123535
      vertex 94.6793136597 -6.05782413483 66.9784011841
      vertex 94.6793136597 -4.45860290527 67.4672927856
    endloop
  endfacet
  facet normal -1 1.60271576988e-06 -2.74246713161e-06
    outer loop
      vertex 94.6793136597 -6.05782413483 66.9784011841
      vertex 94.6793136597 -6.2747168541 67.3495330811
      vertex 94.6793136597 -4.45860290527 67.4672927856
    endloop
  endfacet
  facet normal -1 3.63388630831e-06 -2.61076297647e-06
    outer loop
      vertex 94.6793136597 -6.49370002747 68.9294052124
      vertex 94.6793136597 -4.45860290527 67.4672927856
      vertex 94.6793136597 -6.2747168541 67.3495330811
    endloop
  endfacet
  facet normal -1 4.38519555246e-06 -8.03114289738e-06
    outer loop
      vertex 94.6793136597 -6.49761724472 67.7577590942
      vertex 94.6793136597 -6.49370002747 68.9294052124
      vertex 94.6793136597 -6.2747168541 67.3495330811
    endloop
  endfacet
  facet normal -1 4.38419692728e-06 -8.32974546938e-06
    outer loop
      vertex 94.6793136597 -6.71057462692 68.162361145
      vertex 94.6793136597 -6.49370002747 68.9294052124
      vertex 94.6793136597 -6.49761724472 67.7577590942
    endloop
  endfacet
  facet normal -1 4.26476162829e-06 -8.75216483109e-06
    outer loop
      vertex 94.6793136597 -6.71057462692 68.162361145
      vertex 94.6793136597 -6.89730262756 68.5455703735
      vertex 94.6793136597 -6.49370002747 68.9294052124
    endloop
  endfacet
  facet normal -1 4.1614634938e-06 -8.8504048108e-06
    outer loop
      vertex 94.6793136597 -6.89730262756 68.5455703735
      vertex 94.6793136597 -7.10169172287 68.980255127
      vertex 94.6793136597 -6.49370002747 68.9294052124
    endloop
  endfacet
  facet normal -1 3.795771363e-06 -8.81982123246e-06
    outer loop
      vertex 94.6793136597 -7.10169172287 68.980255127
      vertex 94.6793136597 -7.25736188889 69.3419647217
      vertex 94.6793136597 -6.49370002747 68.9294052124
    endloop
  endfacet
  facet normal -1 3.62838841284e-06 -8.72939381225e-06
    outer loop
      vertex 94.6793136597 -7.25736188889 69.3419647217
      vertex 94.6793136597 -7.4492149353 69.8035354614
      vertex 94.6793136597 -6.49370002747 68.9294052124
    endloop
  endfacet
  facet normal -1 3.19572814078e-06 -8.33358262753e-06
    outer loop
      vertex 94.6793136597 -7.54009532928 70.0405273438
      vertex 94.6793136597 -6.49370002747 68.9294052124
      vertex 94.6793136597 -7.4492149353 69.8035354614
    endloop
  endfacet
  facet normal -1 3.0203273127e-06 -8.14733175503e-06
    outer loop
      vertex 94.6793136597 -7.66290378571 70.3718032837
      vertex 94.6793136597 -6.49370002747 68.9294052124
      vertex 94.6793136597 -7.54009532928 70.0405273438
    endloop
  endfacet
  facet normal -1 -2.31767353398e-06 -1.56204896484e-06
    outer loop
      vertex 94.6793136597 -6.49370002747 68.9294052124
      vertex 94.6793136597 -7.66290378571 70.3718032837
      vertex 94.6793136597 -4.78517627716 70.0809020996
    endloop
  endfacet
  facet normal -1 0 0
    outer loop
      vertex 94.6793136597 -4.45860290527 67.4672927856
      vertex 94.6793136597 -6.49370002747 68.9294052124
      vertex 94.6793136597 -4.78517627716 70.0809020996
    endloop
  endfacet
  facet normal -1 0 0
    outer loop
      vertex 94.6793136597 -4.78517627716 70.0809020996
      vertex 94.6793136597 -2.5421204567 69.1304244995
      vertex 94.6793136597 -4.45860290527 67.4672927856
    endloop
  endfacet
  facet normal -1 0 0
    outer loop
      vertex 94.6793136597 -1.29936563969 67.9640426636
      vertex 94.6793136597 -4.45860290527 67.4672927856
      vertex 94.6793136597 -2.5421204567 69.1304244995
    endloop
  endfacet
  facet normal -1 0 0
    outer loop
      vertex 94.6793136597 -1.29936563969 67.9640426636
      vertex 94.6793136597 -2.5421204567 69.1304244995
      vertex 94.6793136597 -1.38256013393 70.56199646
    endloop
  endfacet
  facet normal -1 0 0
    outer loop
      vertex 94.6793136597 -1.38256013393 70.56199646
      vertex 94.6793136597 1.12760603428 68.7598342896
      vertex 94.6793136597 -1.29936563969 67.9640426636
    endloop
  endfacet
  facet normal -1 0 0
    outer loop
      vertex 94.6793136597 0.65893304348 66.1648101807
      vertex 94.6793136597 -1.29936563969 67.9640426636
      vertex 94.6793136597 1.12760603428 68.7598342896
    endloop
  endfacet
  facet normal -1 -0 0
    outer loop
      vertex 94.6793136597 1.12760603428 68.7598342896
      vertex 94.6793136597 3.15517735481 66.8037643433
      vertex 94.6793136597 0.65893304348 66.1648101807
    endloop
  endfacet
  facet normal -1 0 0
    outer loop
      vertex 94.6793136597 0.65893304348 66.1648101807
      vertex 94.6793136597 -2.25448131561 65.3302383423
      vertex 94.6793136597 -1.29936563969 67.9640426636
    endloop
  endfacet
  facet normal -1 0 -0
    outer loop
      vertex 94.6793136597 -4.45860290527 67.4672927856
      vertex 94.6793136597 -1.29936563969 67.9640426636
      vertex 94.6793136597 -2.25448131561 65.3302383423
    endloop
  endfacet
  facet normal -1 0 -0
    outer loop
      vertex 94.6793136597 -2.25448131561 65.3302383423
      vertex 94.6793136597 0.65893304348 66.1648101807
      vertex 94.6793136597 -0.327678263187 63.4509086609
    endloop
  endfacet
  facet normal -1 0 0
    outer loop
      vertex 94.6793136597 1.12760603428 68.7598342896
      vertex 94.6793136597 -1.38256013393 70.56199646
      vertex 94.6793136597 1.06696677208 71.1196670532
    endloop
  endfacet
  facet normal -1 -0 0
    outer loop
      vertex 94.6793136597 -0.293354958296 73.5469741821
      vertex 94.6793136597 1.06696677208 71.1196670532
      vertex 94.6793136597 -1.38256013393 70.56199646
    endloop
  endfacet
  facet normal -1 0 0
    outer loop
      vertex 94.6793136597 -1.38256013393 70.56199646
      vertex 94.6793136597 -3.64124679565 72.5181350708
      vertex 94.6793136597 -0.293354958296 73.5469741821
    endloop
  endfacet
  facet normal -1 -0 0
    outer loop
      vertex 94.6793136597 -2.94329953194 75.3719024658
      vertex 94.6793136597 -0.293354958296 73.5469741821
      vertex 94.6793136597 -3.64124679565 72.5181350708
    endloop
  endfacet
  facet normal -1 0 0
    outer loop
      vertex 94.6793136597 -3.64124679565 72.5181350708
      vertex 94.6793136597 -6.00815296173 73.9234466553
      vertex 94.6793136597 -2.94329953194 75.3719024658
    endloop
  endfacet
  facet normal -1 0 0
    outer loop
      vertex 94.6793136597 -6.00815296173 73.9234466553
      vertex 94.6793136597 -5.43649721146 76.7433853149
      vertex 94.6793136597 -2.94329953194 75.3719024658
    endloop
  endfacet
  facet normal -1 0 0
    outer loop
      vertex 94.6793136597 -2.53559160233 78.1492156982
      vertex 94.6793136597 -2.94329953194 75.3719024658
      vertex 94.6793136597 -5.43649721146 76.7433853149
    endloop
  endfacet
  facet normal -1 -0 0
    outer loop
      vertex 94.6793136597 -5.35002803802 79.5897216797
      vertex 94.6793136597 -2.53559160233 78.1492156982
      vertex 94.6793136597 -5.43649721146 76.7433853149
    endloop
  endfacet
  facet normal -1 -4.93211445018e-08 -1.62351818744e-06
    outer loop
      vertex 94.6793136597 -5.35002803802 79.5897216797
      vertex 94.6793136597 -5.43649721146 76.7433853149
      vertex 94.6793136597 -8.57946300507 78.0958786011
    endloop
  endfacet
  facet normal -1 -3.77643004867e-07 -1.77539072865e-06
    outer loop
      vertex 94.6793136597 -8.57946300507 78.0958786011
      vertex 94.6793136597 -7.89584064484 81.3097457886
      vertex 94.6793136597 -5.35002803802 79.5897216797
    endloop
  endfacet
  facet normal -1 2.2926320753e-07 -2.18543414121e-06
    outer loop
      vertex 94.6793136597 -7.89584064484 81.3097457886
      vertex 94.6793136597 -5.6455206871 82.4064865112
      vertex 94.6793136597 -5.35002803802 79.5897216797
    endloop
  endfacet
  facet normal -1 0 0
    outer loop
      vertex 94.6793136597 -5.35002803802 79.5897216797
      vertex 94.6793136597 -5.6455206871 82.4064865112
      vertex 94.6793136597 -2.88367342949 81.0238571167
    endloop
  endfacet
  facet normal -1 -0 0
    outer loop
      vertex 94.6793136597 -2.88367342949 81.0238571167
      vertex 94.6793136597 -2.53559160233 78.1492156982
      vertex 94.6793136597 -5.35002803802 79.5897216797
    endloop
  endfacet
  facet normal -1 -0 0
    outer loop
      vertex 94.6793136597 -3.90484976768 84.4477005005
      vertex 94.6793136597 -2.88367342949 81.0238571167
      vertex 94.6793136597 -5.6455206871 82.4064865112
    endloop
  endfacet
  facet normal -1 0 0
    outer loop
      vertex 94.6793136597 -3.90484976768 84.4477005005
      vertex 94.6793136597 -5.6455206871 82.4064865112
      vertex 94.6793136597 -6.05003166199 84.347869873
    endloop
  endfacet
  facet normal -1 -3.58050624527e-06 -1.66629035903e-07
    outer loop
      vertex 94.6793136597 -6.05003166199 84.347869873
      vertex 94.6793136597 -5.82774734497 85.8019714355
      vertex 94.6793136597 -3.90484976768 84.4477005005
    endloop
  endfacet
  facet normal -1 -1.21769676298e-06 -1.83071779247e-06
    outer loop
      vertex 94.6793136597 -5.51415014267 86.2734375
      vertex 94.6793136597 -3.90484976768 84.4477005005
      vertex 94.6793136597 -5.82774734497 85.8019714355
    endloop
  endfacet
  facet normal -1 6.275822102e-07 -1.85977739875e-06
    outer loop
      vertex 94.6793136597 -7.77549123764 70.7054443359
      vertex 94.6793136597 -4.78517627716 70.0809020996
      vertex 94.6793136597 -7.66290378571 70.3718032837
    endloop
  endfacet
  facet normal -1 -7.38940741485e-07 -1.5743713675e-06
    outer loop
      vertex 94.6793136597 -4.78517627716 70.0809020996
      vertex 94.6793136597 -7.77549123764 70.7054443359
      vertex 94.6793136597 -3.64124679565 72.5181350708
    endloop
  endfacet
  facet normal -1 -0 0
    outer loop
      vertex 94.6793136597 -3.64124679565 72.5181350708
      vertex 94.6793136597 -1.38256013393 70.56199646
      vertex 94.6793136597 -4.78517627716 70.0809020996
    endloop
  endfacet
  facet normal -1 0 -0
    outer loop
      vertex 94.6793136597 -4.78517627716 70.0809020996
      vertex 94.6793136597 -1.38256013393 70.56199646
      vertex 94.6793136597 -2.5421204567 69.1304244995
    endloop
  endfacet
  facet normal -1 1.21138293707e-06 -7.19238869351e-07
    outer loop
      vertex 94.6793136597 -6.00815296173 73.9234466553
      vertex 94.6793136597 -3.64124679565 72.5181350708
      vertex 94.6793136597 -7.77549123764 70.7054443359
    endloop
  endfacet
  facet normal -1 5.47726756395e-07 -1.92763513951e-06
    outer loop
      vertex 94.6793136597 -6.00815296173 73.9234466553
      vertex 94.6793136597 -7.77549123764 70.7054443359
      vertex 94.6793136597 -8.241106987 72.3441009521
    endloop
  endfacet
  facet normal -1 2.82902618665e-07 -2.11494216273e-06
    outer loop
      vertex 94.6793136597 -8.241106987 72.3441009521
      vertex 94.6793136597 -8.67838096619 75.6131057739
      vertex 94.6793136597 -6.00815296173 73.9234466553
    endloop
  endfacet
  facet normal -1 -3.4783104752e-07 -1.71582769326e-06
    outer loop
      vertex 94.6793136597 -6.00815296173 73.9234466553
      vertex 94.6793136597 -8.67838096619 75.6131057739
      vertex 94.6793136597 -5.43649721146 76.7433853149
    endloop
  endfacet
  facet normal -1 -6.44252509119e-08 -1.61701859724e-06
    outer loop
      vertex 94.6793136597 -8.57946300507 78.0958786011
      vertex 94.6793136597 -5.43649721146 76.7433853149
      vertex 94.6793136597 -8.67838096619 75.6131057739
    endloop
  endfacet
  facet normal -1 0 0
    outer loop
      vertex 94.6793136597 -8.67838096619 75.6131057739
      vertex 94.6793136597 -8.69320011139 76.1618347168
      vertex 94.6793136597 -8.57946300507 78.0958786011
    endloop
  endfacet
  facet normal -1 0 0
    outer loop
      vertex 94.6793136597 -8.69320011139 76.1618347168
      vertex 94.6793136597 -8.68678474426 76.4397354126
      vertex 94.6793136597 -8.57946300507 78.0958786011
    endloop
  endfacet
  facet normal -1 -0 -0
    outer loop
      vertex 94.6793136597 -8.67456245422 76.986289978
      vertex 94.6793136597 -8.57946300507 78.0958786011
      vertex 94.6793136597 -8.68678474426 76.4397354126
    endloop
  endfacet
  facet normal -1 -0 -0
    outer loop
      vertex 94.6793136597 -8.65389728546 77.266204834
      vertex 94.6793136597 -8.57946300507 78.0958786011
      vertex 94.6793136597 -8.67456245422 76.986289978
    endloop
  endfacet
  facet normal -1 -0 -0
    outer loop
      vertex 94.6793136597 -8.61489486694 77.8114929199
      vertex 94.6793136597 -8.57946300507 78.0958786011
      vertex 94.6793136597 -8.65389728546 77.266204834
    endloop
  endfacet
  facet normal -1 0 0
    outer loop
      vertex 94.6793136597 -8.241106987 72.3441009521
      vertex 94.6793136597 -8.35901069641 72.8708190918
      vertex 94.6793136597 -8.67838096619 75.6131057739
    endloop
  endfacet
  facet normal -1 0 -0
    outer loop
      vertex 94.6793136597 -8.4118976593 73.1654434204
      vertex 94.6793136597 -8.67838096619 75.6131057739
      vertex 94.6793136597 -8.35901069641 72.8708190918
    endloop
  endfacet
  facet normal -1 0 -0
    outer loop
      vertex 94.6793136597 -8.50501346588 73.7011489868
      vertex 94.6793136597 -8.67838096619 75.6131057739
      vertex 94.6793136597 -8.4118976593 73.1654434204
    endloop
  endfacet
  facet normal -1 0 -0
    outer loop
      vertex 94.6793136597 -8.54065608978 73.9768371582
      vertex 94.6793136597 -8.67838096619 75.6131057739
      vertex 94.6793136597 -8.50501346588 73.7011489868
    endloop
  endfacet
  facet normal -1 0 -0
    outer loop
      vertex 94.6793136597 -8.60579490662 74.4970016479
      vertex 94.6793136597 -8.67838096619 75.6131057739
      vertex 94.6793136597 -8.54065608978 73.9768371582
    endloop
  endfacet
  facet normal -1 0 -0
    outer loop
      vertex 94.6793136597 -8.62833595276 74.7820587158
      vertex 94.6793136597 -8.67838096619 75.6131057739
      vertex 94.6793136597 -8.60579490662 74.4970016479
    endloop
  endfacet
  facet normal -1 0 0
    outer loop
      vertex 94.6793136597 -8.62833595276 74.7820587158
      vertex 94.6793136597 -8.67058181763 75.3334655762
      vertex 94.6793136597 -8.67838096619 75.6131057739
    endloop
  endfacet
  facet normal -1 0 -0
    outer loop
      vertex 94.6793136597 -7.93907880783 71.20677948
      vertex 94.6793136597 -8.241106987 72.3441009521
      vertex 94.6793136597 -7.77549123764 70.7054443359
    endloop
  endfacet
  facet normal -1 0 0
    outer loop
      vertex 94.6793136597 -7.93907880783 71.20677948
      vertex 94.6793136597 -8.02916431427 71.5242080688
      vertex 94.6793136597 -8.241106987 72.3441009521
    endloop
  endfacet
  facet normal -1 0 0
    outer loop
      vertex 94.6793136597 -8.02916431427 71.5242080688
      vertex 94.6793136597 -8.17068099976 72.0395736694
      vertex 94.6793136597 -8.241106987 72.3441009521
    endloop
  endfacet
  facet normal -1 -1.3014596334e-06 -1.77955303116e-06
    outer loop
      vertex 94.6793136597 -2.49664926529 86.4682159424
      vertex 94.6793136597 -5.30004262924 86.6069641113
      vertex 94.6793136597 -4.92982816696 87.1131820679
    endloop
  endfacet
  facet normal -1 3.83292672268e-07 -2.22613266487e-06
    outer loop
      vertex 94.6793136597 -2.86142969131 88.5868301392
      vertex 94.6793136597 -2.49664926529 86.4682159424
      vertex 94.6793136597 -4.92982816696 87.1131820679
    endloop
  endfacet
  facet normal -1 -4.73160480396e-06 -5.87028580412e-06
    outer loop
      vertex 94.6793136597 -2.86142969131 88.5868301392
      vertex 94.6793136597 -4.92982816696 87.1131820679
      vertex 94.6793136597 -3.60007929802 88.7629394531
    endloop
  endfacet
  facet normal -1 -4.90232241646e-06 -5.82958318773e-06
    outer loop
      vertex 94.6793136597 -3.45184898376 88.9392089844
      vertex 94.6793136597 -2.86142969131 88.5868301392
      vertex 94.6793136597 -3.60007929802 88.7629394531
    endloop
  endfacet
  facet normal -1 -5.31203750143e-06 -5.58505462323e-06
    outer loop
      vertex 94.6793136597 -3.45184898376 88.9392089844
      vertex 94.6793136597 -2.84892630577 89.5731124878
      vertex 94.6793136597 -2.86142969131 88.5868301392
    endloop
  endfacet
  facet normal -1 -5.31490650246e-06 -5.81138874622e-06
    outer loop
      vertex 94.6793136597 -2.84892630577 89.5731124878
      vertex 94.6793136597 -2.74270343781 89.6892623901
      vertex 94.6793136597 -2.86142969131 88.5868301392
    endloop
  endfacet
  facet normal -1 -5.23415656062e-06 -5.06158175995e-06
    outer loop
      vertex 94.6793136597 -2.74270343781 89.6892623901
      vertex 94.6793136597 -2.03548240662 90.3731613159
      vertex 94.6793136597 -2.86142969131 88.5868301392
    endloop
  endfacet
  facet normal -1 -3.02669786834e-06 -2.87348825623e-07
    outer loop
      vertex 94.6793136597 -2.86142969131 88.5868301392
      vertex 94.6793136597 -2.03548240662 90.3731613159
      vertex 94.6793136597 -0.627785921097 88.7988891602
    endloop
  endfacet
  facet normal -1 0 -0
    outer loop
      vertex 94.6793136597 -2.86142969131 88.5868301392
      vertex 94.6793136597 -0.627785921097 88.7988891602
      vertex 94.6793136597 -2.49664926529 86.4682159424
    endloop
  endfacet
  facet normal -1 -0 0
    outer loop
      vertex 94.6793136597 -0.627785921097 88.7988891602
      vertex 94.6793136597 -0.0433501154184 86.0341033936
      vertex 94.6793136597 -2.49664926529 86.4682159424
    endloop
  endfacet
  facet normal -1 0 0
    outer loop
      vertex 94.6793136597 2.09012293816 86.6954574585
      vertex 94.6793136597 -0.0433501154184 86.0341033936
      vertex 94.6793136597 -0.627785921097 88.7988891602
    endloop
  endfacet
  facet normal -1 0 -0
    outer loop
      vertex 94.6793136597 -0.627785921097 88.7988891602
      vertex 94.6793136597 2.26616835594 89.1942977905
      vertex 94.6793136597 2.09012293816 86.6954574585
    endloop
  endfacet
  facet normal -1 0 0
    outer loop
      vertex 94.6793136597 2.09012293816 86.6954574585
      vertex 94.6793136597 2.26616835594 89.1942977905
      vertex 94.6793136597 4.43246936798 87.744682312
    endloop
  endfacet
  facet normal -1 0 0
    outer loop
      vertex 94.6793136597 4.43246936798 87.744682312
      vertex 94.6793136597 4.37835693359 84.8105697632
      vertex 94.6793136597 2.09012293816 86.6954574585
    endloop
  endfacet
  facet normal -1 0 0
    outer loop
      vertex 94.6793136597 1.49251174927 84.4451065063
      vertex 94.6793136597 2.09012293816 86.6954574585
      vertex 94.6793136597 4.37835693359 84.8105697632
    endloop
  endfacet
  facet normal -1 0 0
    outer loop
      vertex 94.6793136597 4.37835693359 84.8105697632
      vertex 94.6793136597 2.82978439331 82.1669845581
      vertex 94.6793136597 1.49251174927 84.4451065063
    endloop
  endfacet
  facet normal -1 0 0
    outer loop
      vertex 94.6793136597 2.82978439331 82.1669845581
      vertex 94.6793136597 4.37835693359 84.8105697632
      vertex 94.6793136597 5.30724430084 82.7239532471
    endloop
  endfacet
  facet normal -1 0 -0
    outer loop
      vertex 94.6793136597 2.82978439331 82.1669845581
      vertex 94.6793136597 5.30724430084 82.7239532471
      vertex 94.6793136597 6.18706512451 80.4056549072
    endloop
  endfacet
  facet normal -1 0 0
    outer loop
      vertex 94.6793136597 2.82978439331 82.1669845581
      vertex 94.6793136597 6.18706512451 80.4056549072
      vertex 94.6793136597 3.43479824066 79.6610336304
    endloop
  endfacet
  facet normal -1 0 0
    outer loop
      vertex 94.6793136597 6.87209939957 83.5348815918
      vertex 94.6793136597 6.18706512451 80.4056549072
      vertex 94.6793136597 5.30724430084 82.7239532471
    endloop
  endfacet
  facet normal -1 0 0
    outer loop
      vertex 94.6793136597 6.87209939957 83.5348815918
      vertex 94.6793136597 5.30724430084 82.7239532471
      vertex 94.6793136597 4.37835693359 84.8105697632
    endloop
  endfacet
  facet normal -1 0 -0
    outer loop
      vertex 94.6793136597 4.37835693359 84.8105697632
      vertex 94.6793136597 6.67331457138 86.2673873901
      vertex 94.6793136597 6.87209939957 83.5348815918
    endloop
  endfacet
  facet normal -1 0 0
    outer loop
      vertex 94.6793136597 9.02744197845 84.6315994263
      vertex 94.6793136597 6.87209939957 83.5348815918
      vertex 94.6793136597 6.67331457138 86.2673873901
    endloop
  endfacet
  facet normal -1 0 0
    outer loop
      vertex 94.6793136597 9.02744197845 84.6315994263
      vertex 94.6793136597 6.67331457138 86.2673873901
      vertex 94.6793136597 8.87024688721 87.8637619019
    endloop
  endfacet
  facet normal -1 0 0
    outer loop
      vertex 94.6793136597 11.3551616669 85.9410400391
      vertex 94.6793136597 9.02744197845 84.6315994263
      vertex 94.6793136597 8.87024688721 87.8637619019
    endloop
  endfacet
  facet normal -1 0 -0
    outer loop
      vertex 94.6793136597 8.87024688721 87.8637619019
      vertex 94.6793136597 11.4332799911 88.9378738403
      vertex 94.6793136597 11.3551616669 85.9410400391
    endloop
  endfacet
  facet normal -1 0 0
    outer loop
      vertex 94.6793136597 13.7324867249 87.50730896
      vertex 94.6793136597 11.3551616669 85.9410400391
      vertex 94.6793136597 11.4332799911 88.9378738403
    endloop
  endfacet
  facet normal -1 0 -0
    outer loop
      vertex 94.6793136597 11.4332799911 88.9378738403
      vertex 94.6793136597 13.7710123062 90.436668396
      vertex 94.6793136597 13.7324867249 87.50730896
    endloop
  endfacet
  facet normal -1 0 0
    outer loop
      vertex 94.6793136597 16.0342788696 89.1497268677
      vertex 94.6793136597 13.7324867249 87.50730896
      vertex 94.6793136597 13.7710123062 90.436668396
    endloop
  endfacet
  facet normal -1 -0 0
    outer loop
      vertex 94.6793136597 15.7681207657 91.7294769287
      vertex 94.6793136597 16.0342788696 89.1497268677
      vertex 94.6793136597 13.7710123062 90.436668396
    endloop
  endfacet
  facet normal -1 0 0
    outer loop
      vertex 94.6793136597 15.7681207657 91.7294769287
      vertex 94.6793136597 13.7710123062 90.436668396
      vertex 94.6793136597 14.0613088608 93.1525650024
    endloop
  endfacet
  facet normal -1 0 0
    outer loop
      vertex 94.6793136597 16.7540779114 93.8367080688
      vertex 94.6793136597 15.7681207657 91.7294769287
      vertex 94.6793136597 14.0613088608 93.1525650024
    endloop
  endfacet
  facet normal -1 0 0
    outer loop
      vertex 94.6793136597 16.7540779114 93.8367080688
      vertex 94.6793136597 14.0613088608 93.1525650024
      vertex 94.6793136597 14.4791727066 95.9532318115
    endloop
  endfacet
  facet normal -1 0 0
    outer loop
      vertex 94.6793136597 16.7540779114 93.8367080688
      vertex 94.6793136597 14.4791727066 95.9532318115
      vertex 94.6793136597 17.680973053 96.0497207642
    endloop
  endfacet
  facet normal -1 0 0
    outer loop
      vertex 94.6793136597 19.4543304443 93.8798904419
      vertex 94.6793136597 16.7540779114 93.8367080688
      vertex 94.6793136597 17.680973053 96.0497207642
    endloop
  endfacet
  facet normal -1 0 -0
    outer loop
      vertex 94.6793136597 17.680973053 96.0497207642
      vertex 94.6793136597 20.4720935822 96.8053741455
      vertex 94.6793136597 19.4543304443 93.8798904419
    endloop
  endfacet
  facet normal -1 -0 0
    outer loop
      vertex 94.6793136597 20.4720935822 96.8053741455
      vertex 94.6793136597 22.152759552 94.5438461304
      vertex 94.6793136597 19.4543304443 93.8798904419
    endloop
  endfacet
  facet normal -1 0 -0
    outer loop
      vertex 94.6793136597 19.4543304443 93.8798904419
      vertex 94.6793136597 22.152759552 94.5438461304
      vertex 94.6793136597 21.0675201416 91.7575149536
    endloop
  endfacet
  facet normal -1 0 0
    outer loop
      vertex 94.6793136597 21.0675201416 91.7575149536
      vertex 94.6793136597 18.3359546661 91.1506881714
      vertex 94.6793136597 19.4543304443 93.8798904419
    endloop
  endfacet
  facet normal -1 0 0
    outer loop
      vertex 94.6793136597 19.4543304443 93.8798904419
      vertex 94.6793136597 18.3359546661 91.1506881714
      vertex 94.6793136597 16.7540779114 93.8367080688
    endloop
  endfacet
  facet normal -1 0 -0
    outer loop
      vertex 94.6793136597 15.7681207657 91.7294769287
      vertex 94.6793136597 16.7540779114 93.8367080688
      vertex 94.6793136597 18.3359546661 91.1506881714
    endloop
  endfacet
  facet normal -1 0 0
    outer loop
      vertex 94.6793136597 15.7681207657 91.7294769287
      vertex 94.6793136597 18.3359546661 91.1506881714
      vertex 94.6793136597 16.0342788696 89.1497268677
    endloop
  endfacet
  facet normal -1 0 0
    outer loop
      vertex 94.6793136597 18.4211902618 88.2660751343
      vertex 94.6793136597 16.0342788696 89.1497268677
      vertex 94.6793136597 18.3359546661 91.1506881714
    endloop
  endfacet
  facet normal -1 0 0
    outer loop
      vertex 94.6793136597 18.3359546661 91.1506881714
      vertex 94.6793136597 20.3442420959 89.500038147
      vertex 94.6793136597 18.4211902618 88.2660751343
    endloop
  endfacet
  facet normal -1 -0 0
    outer loop
      vertex 94.6793136597 20.3442420959 89.500038147
      vertex 94.6793136597 20.9084777832 87.3353881836
      vertex 94.6793136597 18.4211902618 88.2660751343
    endloop
  endfacet
  facet normal -1 0 0
    outer loop
      vertex 94.6793136597 19.0820713043 85.9585266113
      vertex 94.6793136597 18.4211902618 88.2660751343
      vertex 94.6793136597 20.9084777832 87.3353881836
    endloop
  endfacet
  facet normal -1 0 -0
    outer loop
      vertex 94.6793136597 19.0820713043 85.9585266113
      vertex 94.6793136597 20.9084777832 87.3353881836
      vertex 94.6793136597 21.1454963684 84.8086166382
    endloop
  endfacet
  facet normal -1 0 0
    outer loop
      vertex 94.6793136597 23.3606586456 86.4251174927
      vertex 94.6793136597 21.1454963684 84.8086166382
      vertex 94.6793136597 20.9084777832 87.3353881836
    endloop
  endfacet
  facet normal -1 0 0
    outer loop
      vertex 94.6793136597 23.3606586456 86.4251174927
      vertex 94.6793136597 20.9084777832 87.3353881836
      vertex 94.6793136597 22.8287849426 89.4980697632
    endloop
  endfacet
  facet normal -1 0 0
    outer loop
      vertex 94.6793136597 22.8287849426 89.4980697632
      vertex 94.6793136597 25.6205005646 88.2888031006
      vertex 94.6793136597 23.3606586456 86.4251174927
    endloop
  endfacet
  facet normal -1 0 0
    outer loop
      vertex 94.6793136597 25.8720188141 85.2909851074
      vertex 94.6793136597 23.3606586456 86.4251174927
      vertex 94.6793136597 25.6205005646 88.2888031006
    endloop
  endfacet
  facet normal -1 0 0
    outer loop
      vertex 94.6793136597 25.6205005646 88.2888031006
      vertex 94.6793136597 28.40675354 86.9698944092
      vertex 94.6793136597 25.8720188141 85.2909851074
    endloop
  endfacet
  facet normal -1 0 0
    outer loop
      vertex 94.6793136597 27.9099369049 84.2098464966
      vertex 94.6793136597 25.8720188141 85.2909851074
      vertex 94.6793136597 28.40675354 86.9698944092
    endloop
  endfacet
  facet normal -1 -0 0
    outer loop
      vertex 94.6793136597 28.40675354 86.9698944092
      vertex 94.6793136597 30.1703281403 84.5426101685
      vertex 94.6793136597 27.9099369049 84.2098464966
    endloop
  endfacet
  facet normal -1 0 -0
    outer loop
      vertex 94.6793136597 27.9099369049 84.2098464966
      vertex 94.6793136597 30.1703281403 84.5426101685
      vertex 94.6793136597 28.994052887 82.1068267822
    endloop
  endfacet
  facet normal -1 -0 0
    outer loop
      vertex 94.6793136597 27.9099369049 84.2098464966
      vertex 94.6793136597 28.994052887 82.1068267822
      vertex 94.6793136597 26.2839565277 81.9705352783
    endloop
  endfacet
  facet normal -1 0 0
    outer loop
      vertex 94.6793136597 26.2839565277 81.9705352783
      vertex 94.6793136597 25.8720188141 85.2909851074
      vertex 94.6793136597 27.9099369049 84.2098464966
    endloop
  endfacet
  facet normal -1 0 0
    outer loop
      vertex 94.6793136597 26.2839565277 81.9705352783
      vertex 94.6793136597 23.5719509125 83.4736404419
      vertex 94.6793136597 25.8720188141 85.2909851074
    endloop
  endfacet
  facet normal -1 0 0
    outer loop
      vertex 94.6793136597 25.8720188141 85.2909851074
      vertex 94.6793136597 23.5719509125 83.4736404419
      vertex 94.6793136597 23.3606586456 86.4251174927
    endloop
  endfacet
  facet normal -1 -0 0
    outer loop
      vertex 94.6793136597 23.3606586456 86.4251174927
      vertex 94.6793136597 23.5719509125 83.4736404419
      vertex 94.6793136597 21.1454963684 84.8086166382
    endloop
  endfacet
  facet normal -1 0 0
    outer loop
      vertex 94.6793136597 23.5719509125 83.4736404419
      vertex 94.6793136597 21.3295001984 81.9686813354
      vertex 94.6793136597 21.1454963684 84.8086166382
    endloop
  endfacet
  facet normal -1 -0 0
    outer loop
      vertex 94.6793136597 23.5719509125 83.4736404419
      vertex 94.6793136597 23.89112854 80.3497695923
      vertex 94.6793136597 21.3295001984 81.9686813354
    endloop
  endfacet
  facet normal -1 0 0
    outer loop
      vertex 94.6793136597 21.4650535583 79.2236099243
      vertex 94.6793136597 21.3295001984 81.9686813354
      vertex 94.6793136597 23.89112854 80.3497695923
    endloop
  endfacet
  facet normal -1 0 0
    outer loop
      vertex 94.6793136597 23.8699131012 77.1319198608
      vertex 94.6793136597 21.4650535583 79.2236099243
      vertex 94.6793136597 23.89112854 80.3497695923
    endloop
  endfacet
  facet normal -1 -0 0
    outer loop
      vertex 94.6793136597 23.89112854 80.3497695923
      vertex 94.6793136597 26.0985889435 78.6365661621
      vertex 94.6793136597 23.8699131012 77.1319198608
    endloop
  endfacet
  facet normal -1 0 0
    outer loop
      vertex 94.6793136597 26.5100860596 75.8248062134
      vertex 94.6793136597 23.8699131012 77.1319198608
      vertex 94.6793136597 26.0985889435 78.6365661621
    endloop
  endfacet
  facet normal -1 0 0
    outer loop
      vertex 94.6793136597 26.0985889435 78.6365661621
      vertex 94.6793136597 28.1031227112 77.2725524902
      vertex 94.6793136597 26.5100860596 75.8248062134
    endloop
  endfacet
  facet normal -1 0 0
    outer loop
      vertex 94.6793136597 28.9536514282 74.9978485107
      vertex 94.6793136597 26.5100860596 75.8248062134
      vertex 94.6793136597 28.1031227112 77.2725524902
    endloop
  endfacet
  facet normal -1 0 0
    outer loop
      vertex 94.6793136597 28.9536514282 74.9978485107
      vertex 94.6793136597 28.1031227112 77.2725524902
      vertex 94.6793136597 30.36028862 77.5885772705
    endloop
  endfacet
  facet normal -1 -0 0
    outer loop
      vertex 94.6793136597 30.36028862 77.5885772705
      vertex 94.6793136597 31.9197826385 75.1791305542
      vertex 94.6793136597 28.9536514282 74.9978485107
    endloop
  endfacet
  facet normal -1 0 0
    outer loop
      vertex 94.6793136597 30.1979808807 72.1394577026
      vertex 94.6793136597 28.9536514282 74.9978485107
      vertex 94.6793136597 31.9197826385 75.1791305542
    endloop
  endfacet
  facet normal -1 0 0
    outer loop
      vertex 94.6793136597 30.1979808807 72.1394577026
      vertex 94.6793136597 31.9197826385 75.1791305542
      vertex 94.6793136597 33.533454895 72.9150085449
    endloop
  endfacet
  facet normal -1 0 0
    outer loop
      vertex 94.6793136597 33.533454895 72.9150085449
      vertex 94.6793136597 32.8534164429 70.3508605957
      vertex 94.6793136597 30.1979808807 72.1394577026
    endloop
  endfacet
  facet normal -1 0 0
    outer loop
      vertex 94.6793136597 30.2050266266 69.1139144897
      vertex 94.6793136597 30.1979808807 72.1394577026
      vertex 94.6793136597 32.8534164429 70.3508605957
    endloop
  endfacet
  facet normal -1 0 0
    outer loop
      vertex 94.6793136597 32.626033783 67.7406387329
      vertex 94.6793136597 30.2050266266 69.1139144897
      vertex 94.6793136597 32.8534164429 70.3508605957
    endloop
  endfacet
  facet normal -1 0 0
    outer loop
      vertex 94.6793136597 32.626033783 67.7406387329
      vertex 94.6793136597 32.8534164429 70.3508605957
      vertex 94.6793136597 35.1689949036 68.5307998657
    endloop
  endfacet
  facet normal -1 0 0
    outer loop
      vertex 94.6793136597 35.1689949036 68.5307998657
      vertex 94.6793136597 34.9392700195 65.9226150513
      vertex 94.6793136597 32.626033783 67.7406387329
    endloop
  endfacet
  facet normal -1 -0 0
    outer loop
      vertex 94.6793136597 32.626033783 67.7406387329
      vertex 94.6793136597 34.9392700195 65.9226150513
      vertex 94.6793136597 32.2640419006 65.2581100464
    endloop
  endfacet
  facet normal -1 0 0
    outer loop
      vertex 94.6793136597 32.626033783 67.7406387329
      vertex 94.6793136597 32.2640419006 65.2581100464
      vertex 94.6793136597 30.487033844 66.8932876587
    endloop
  endfacet
  facet normal -1 0 0
    outer loop
      vertex 94.6793136597 32.626033783 67.7406387329
      vertex 94.6793136597 30.487033844 66.8932876587
      vertex 94.6793136597 30.2050266266 69.1139144897
    endloop
  endfacet
  facet normal -1 0 -0
    outer loop
      vertex 94.6793136597 28.0418205261 67.3306655884
      vertex 94.6793136597 30.2050266266 69.1139144897
      vertex 94.6793136597 30.487033844 66.8932876587
    endloop
  endfacet
  facet normal -1 0 0
    outer loop
      vertex 94.6793136597 28.0418205261 67.3306655884
      vertex 94.6793136597 30.487033844 66.8932876587
      vertex 94.6793136597 29.2228870392 64.5204849243
    endloop
  endfacet
  facet normal -1 -0 0
    outer loop
      vertex 94.6793136597 28.0418205261 67.3306655884
      vertex 94.6793136597 29.2228870392 64.5204849243
      vertex 94.6793136597 25.9287490845 65.336265564
    endloop
  endfacet
  facet normal -1 0 0
    outer loop
      vertex 94.6793136597 25.9287490845 65.336265564
      vertex 94.6793136597 25.1881027222 67.8876647949
      vertex 94.6793136597 28.0418205261 67.3306655884
    endloop
  endfacet
  facet normal -1 -0 0
    outer loop
      vertex 94.6793136597 27.4313030243 69.9510803223
      vertex 94.6793136597 28.0418205261 67.3306655884
      vertex 94.6793136597 25.1881027222 67.8876647949
    endloop
  endfacet
  facet normal -1 0 0
    outer loop
      vertex 94.6793136597 25.1881027222 67.8876647949
      vertex 94.6793136597 24.3342151642 70.3758010864
      vertex 94.6793136597 27.4313030243 69.9510803223
    endloop
  endfacet
  facet normal -1 0 0
    outer loop
      vertex 94.6793136597 27.4313030243 69.9510803223
      vertex 94.6793136597 24.3342151642 70.3758010864
      vertex 94.6793136597 26.5562381744 72.8884353638
    endloop
  endfacet
  facet normal -1 0 0
    outer loop
      vertex 94.6793136597 27.4313030243 69.9510803223
      vertex 94.6793136597 26.5562381744 72.8884353638
      vertex 94.6793136597 30.1979808807 72.1394577026
    endloop
  endfacet
  facet normal -1 0 -0
    outer loop
      vertex 94.6793136597 27.4313030243 69.9510803223
      vertex 94.6793136597 30.1979808807 72.1394577026
      vertex 94.6793136597 30.2050266266 69.1139144897
    endloop
  endfacet
  facet normal -1 0 0
    outer loop
      vertex 94.6793136597 30.2050266266 69.1139144897
      vertex 94.6793136597 28.0418205261 67.3306655884
      vertex 94.6793136597 27.4313030243 69.9510803223
    endloop
  endfacet
  facet normal -1 -0 0
    outer loop
      vertex 94.6793136597 28.9536514282 74.9978485107
      vertex 94.6793136597 30.1979808807 72.1394577026
      vertex 94.6793136597 26.5562381744 72.8884353638
    endloop
  endfacet
  facet normal -1 0 0
    outer loop
      vertex 94.6793136597 26.5100860596 75.8248062134
      vertex 94.6793136597 28.9536514282 74.9978485107
      vertex 94.6793136597 26.5562381744 72.8884353638
    endloop
  endfacet
  facet normal -1 0 0
    outer loop
      vertex 94.6793136597 26.5562381744 72.8884353638
      vertex 94.6793136597 24.7096500397 74.6486434937
      vertex 94.6793136597 26.5100860596 75.8248062134
    endloop
  endfacet
  facet normal -1 0 0
    outer loop
      vertex 94.6793136597 26.5100860596 75.8248062134
      vertex 94.6793136597 24.7096500397 74.6486434937
      vertex 94.6793136597 23.8699131012 77.1319198608
    endloop
  endfacet
  facet normal -1 0 -0
    outer loop
      vertex 94.6793136597 22.7676506042 75.0409851074
      vertex 94.6793136597 23.8699131012 77.1319198608
      vertex 94.6793136597 24.7096500397 74.6486434937
    endloop
  endfacet
  facet normal -1 0 0
    outer loop
      vertex 94.6793136597 22.7676506042 75.0409851074
      vertex 94.6793136597 24.7096500397 74.6486434937
      vertex 94.6793136597 23.3098697662 72.8437271118
    endloop
  endfacet
  facet normal -1 0 -0
    outer loop
      vertex 94.6793136597 20.6798362732 73.5807800293
      vertex 94.6793136597 22.7676506042 75.0409851074
      vertex 94.6793136597 23.3098697662 72.8437271118
    endloop
  endfacet
  facet normal -1 0 0
    outer loop
      vertex 94.6793136597 21.4246482849 70.5597839355
      vertex 94.6793136597 20.6798362732 73.5807800293
      vertex 94.6793136597 23.3098697662 72.8437271118
    endloop
  endfacet
  facet normal -1 0 -0
    outer loop
      vertex 94.6793136597 21.4246482849 70.5597839355
      vertex 94.6793136597 23.3098697662 72.8437271118
      vertex 94.6793136597 24.3342151642 70.3758010864
    endloop
  endfacet
  facet normal -1 0 0
    outer loop
      vertex 94.6793136597 21.4246482849 70.5597839355
      vertex 94.6793136597 24.3342151642 70.3758010864
      vertex 94.6793136597 22.5910358429 68.4064712524
    endloop
  endfacet
  facet normal -1 0 0
    outer loop
      vertex 94.6793136597 19.76146698 67.5454330444
      vertex 94.6793136597 21.4246482849 70.5597839355
      vertex 94.6793136597 22.5910358429 68.4064712524
    endloop
  endfacet
  facet normal -1 -0 0
    outer loop
      vertex 94.6793136597 22.5910358429 68.4064712524
      vertex 94.6793136597 22.8141231537 66.0870056152
      vertex 94.6793136597 19.76146698 67.5454330444
    endloop
  endfacet
  facet normal -1 0 0
    outer loop
      vertex 94.6793136597 20.3507785797 64.2017211914
      vertex 94.6793136597 19.76146698 67.5454330444
      vertex 94.6793136597 22.8141231537 66.0870056152
    endloop
  endfacet
  facet normal -1 -0 0
    outer loop
      vertex 94.6793136597 22.8141231537 66.0870056152
      vertex 94.6793136597 23.5242271423 63.3089637756
      vertex 94.6793136597 20.3507785797 64.2017211914
    endloop
  endfacet
  facet normal -1 0 0
    outer loop
      vertex 94.6793136597 20.9058151245 61.1104049683
      vertex 94.6793136597 20.3507785797 64.2017211914
      vertex 94.6793136597 23.5242271423 63.3089637756
    endloop
  endfacet
  facet normal -1 0 -0
    outer loop
      vertex 94.6793136597 20.9058151245 61.1104049683
      vertex 94.6793136597 23.5242271423 63.3089637756
      vertex 94.6793136597 24.3940887451 60.4402809143
    endloop
  endfacet
  facet normal -1 0 0
    outer loop
      vertex 94.6793136597 24.3940887451 60.4402809143
      vertex 94.6793136597 22.3831710815 58.2406845093
      vertex 94.6793136597 20.9058151245 61.1104049683
    endloop
  endfacet
  facet normal -1 0 0
    outer loop
      vertex 94.6793136597 22.3831710815 58.2406845093
      vertex 94.6793136597 19.0361614227 58.5697288513
      vertex 94.6793136597 20.9058151245 61.1104049683
    endloop
  endfacet
  facet normal -1 0 0
    outer loop
      vertex 94.6793136597 20.9058151245 61.1104049683
      vertex 94.6793136597 19.0361614227 58.5697288513
      vertex 94.6793136597 18.6268939972 60.4648284912
    endloop
  endfacet
  facet normal -1 0 0
    outer loop
      vertex 94.6793136597 20.9058151245 61.1104049683
      vertex 94.6793136597 18.6268939972 60.4648284912
      vertex 94.6793136597 18.1236228943 62.2509078979
    endloop
  endfacet
  facet normal -1 0 0
    outer loop
      vertex 94.6793136597 20.9058151245 61.1104049683
      vertex 94.6793136597 18.1236228943 62.2509078979
      vertex 94.6793136597 20.3507785797 64.2017211914
    endloop
  endfacet
  facet normal -1 0 0
    outer loop
      vertex 94.6793136597 20.3507785797 64.2017211914
      vertex 94.6793136597 18.1236228943 62.2509078979
      vertex 94.6793136597 17.3006687164 64.955406189
    endloop
  endfacet
  facet normal -1 0 -0
    outer loop
      vertex 94.6793136597 17.3006687164 64.955406189
      vertex 94.6793136597 19.76146698 67.5454330444
      vertex 94.6793136597 20.3507785797 64.2017211914
    endloop
  endfacet
  facet normal -1 0 0
    outer loop
      vertex 94.6793136597 16.7113246918 60.1623344421
      vertex 94.6793136597 18.1236228943 62.2509078979
      vertex 94.6793136597 18.6268939972 60.4648284912
    endloop
  endfacet
  facet normal -1 0 -0
    outer loop
      vertex 94.6793136597 16.7113246918 60.1623344421
      vertex 94.6793136597 18.6268939972 60.4648284912
      vertex 94.6793136597 19.0361614227 58.5697288513
    endloop
  endfacet
  facet normal -1 0 0
    outer loop
      vertex 94.6793136597 19.0361614227 58.5697288513
      vertex 94.6793136597 15.6569166183 57.3700294495
      vertex 94.6793136597 16.7113246918 60.1623344421
    endloop
  endfacet
  facet normal -1 0 -0
    outer loop
      vertex 94.6793136597 15.6569166183 57.3700294495
      vertex 94.6793136597 19.0361614227 58.5697288513
      vertex 94.6793136597 17.9766807556 56.4208221436
    endloop
  endfacet
  facet normal -1 0 0
    outer loop
      vertex 94.6793136597 15.6569166183 57.3700294495
      vertex 94.6793136597 17.9766807556 56.4208221436
      vertex 94.6793136597 15.6711759567 54.5805625916
    endloop
  endfacet
  facet normal -1 8.20422751957e-09 -1.60497472734e-06
    outer loop
      vertex 94.6793136597 12.4545135498 53.7632255554
      vertex 94.6793136597 15.6569166183 57.3700294495
      vertex 94.6793136597 15.6711759567 54.5805625916
    endloop
  endfacet
  facet normal -1 3.32988361151e-06 -7.6095403756e-07
    outer loop
      vertex 94.6793136597 12.4545135498 53.7632255554
      vertex 94.6793136597 15.6711759567 54.5805625916
      vertex 94.6793136597 14.5680990219 53.2802238464
    endloop
  endfacet
  facet normal -1 0 -0
    outer loop
      vertex 94.6793136597 13.5370721817 53.4894065857
      vertex 94.6793136597 12.4545135498 53.7632255554
      vertex 94.6793136597 14.5680990219 53.2802238464
    endloop
  endfacet
  facet normal -1 0 -0
    outer loop
      vertex 94.6793136597 13.3668041229 53.5289268494
      vertex 94.6793136597 12.4545135498 53.7632255554
      vertex 94.6793136597 13.5370721817 53.4894065857
    endloop
  endfacet
  facet normal -1 3.52673077941e-06 -5.28904820385e-07
    outer loop
      vertex 94.6793136597 14.950053215 53.2229423523
      vertex 94.6793136597 14.5680990219 53.2802238464
      vertex 94.6793136597 15.6711759567 54.5805625916
    endloop
  endfacet
  facet normal -1 3.40089945894e-06 -7.65800848512e-07
    outer loop
      vertex 94.6793136597 14.950053215 53.2229423523
      vertex 94.6793136597 15.6711759567 54.5805625916
      vertex 94.6793136597 15.8664512634 53.0165901184
    endloop
  endfacet
  facet normal -1 0 0
    outer loop
      vertex 94.6793136597 14.950053215 53.2229423523
      vertex 94.6793136597 15.8664512634 53.0165901184
      vertex 94.6793136597 15.7282829285 53.038318634
    endloop
  endfacet
  facet normal -1 3.39384837389e-06 -7.09327196091e-07
    outer loop
      vertex 94.6793136597 15.8664512634 53.0165901184
      vertex 94.6793136597 15.6711759567 54.5805625916
      vertex 94.6793136597 18.2252674103 54.0467453003
    endloop
  endfacet
  facet normal -1 3.64718948731e-06 -5.98686369813e-07
    outer loop
      vertex 94.6793136597 15.8664512634 53.0165901184
      vertex 94.6793136597 18.2252674103 54.0467453003
      vertex 94.6793136597 17.1012897491 52.8138923645
    endloop
  endfacet
  facet normal -1 0 0
    outer loop
      vertex 94.6793136597 15.8664512634 53.0165901184
      vertex 94.6793136597 17.1012897491 52.8138923645
      vertex 94.6793136597 16.8546085358 52.8383827209
    endloop
  endfacet
  facet normal -1 3.86542114938e-06 -3.59315208698e-07
    outer loop
      vertex 94.6793136597 18.1344528198 52.7178535461
      vertex 94.6793136597 17.1012897491 52.8138923645
      vertex 94.6793136597 18.2252674103 54.0467453003
    endloop
  endfacet
  facet normal -1 3.88149555874e-06 -1.24092153442e-07
    outer loop
      vertex 94.6793136597 19.1610450745 52.6850318909
      vertex 94.6793136597 18.1344528198 52.7178535461
      vertex 94.6793136597 18.2252674103 54.0467453003
    endloop
  endfacet
  facet normal -1 3.67544294022e-06 1.7574957667e-07
    outer loop
      vertex 94.6793136597 19.1610450745 52.6850318909
      vertex 94.6793136597 18.2252674103 54.0467453003
      vertex 94.6793136597 20.4961624146 52.7488746643
    endloop
  endfacet
  facet normal -1 0 -0
    outer loop
      vertex 94.6793136597 19.1610450745 52.6850318909
      vertex 94.6793136597 20.4961624146 52.7488746643
      vertex 94.6793136597 19.7065963745 52.6849708557
    endloop
  endfacet
  facet normal -1 0 0
    outer loop
      vertex 94.6793136597 19.1610450745 52.6850318909
      vertex 94.6793136597 19.7065963745 52.6849708557
      vertex 94.6793136597 19.6043968201 52.6799240112
    endloop
  endfacet
  facet normal -1 -0 -0
    outer loop
      vertex 94.6793136597 -4.72892045975 87.3980407715
      vertex 94.6793136597 -4.29267644882 87.9429321289
      vertex 94.6793136597 -4.92982816696 87.1131820679
    endloop
  endfacet
  facet normal -1 -0 -0
    outer loop
      vertex 94.6793136597 -4.29267644882 87.9429321289
      vertex 94.6793136597 -4.11334180832 88.1754074097
      vertex 94.6793136597 -4.92982816696 87.1131820679
    endloop
  endfacet
  facet normal -1 -0 -0
    outer loop
      vertex 94.6793136597 -4.11334180832 88.1754074097
      vertex 94.6793136597 -3.60007929802 88.7629394531
      vertex 94.6793136597 -4.92982816696 87.1131820679
    endloop
  endfacet
  facet normal -1 -1.82224096079e-06 -1.62668266057e-06
    outer loop
      vertex 94.6793136597 -1.36245393753 90.9798812866
      vertex 94.6793136597 -0.627785921097 88.7988891602
      vertex 94.6793136597 -1.98373699188 90.4252700806
    endloop
  endfacet
  facet normal -1 -1.72785428276e-06 -1.73989405994e-06
    outer loop
      vertex 94.6793136597 -1.98373699188 90.4252700806
      vertex 94.6793136597 -0.627785921097 88.7988891602
      vertex 94.6793136597 -2.03548240662 90.3731613159
    endloop
  endfacet
  facet normal -1 -1.56695159603e-06 -2.38455481849e-06
    outer loop
      vertex 94.6793136597 -0.627785921097 88.7988891602
      vertex 94.6793136597 -1.36245393753 90.9798812866
      vertex 94.6793136597 0.54047960043 90.5767288208
    endloop
  endfacet
  facet normal -1 0 0
    outer loop
      vertex 94.6793136597 -0.627785921097 88.7988891602
      vertex 94.6793136597 0.54047960043 90.5767288208
      vertex 94.6793136597 2.26616835594 89.1942977905
    endloop
  endfacet
  facet normal -1 0 0
    outer loop
      vertex 94.6793136597 2.30387187004 92.3439178467
      vertex 94.6793136597 2.26616835594 89.1942977905
      vertex 94.6793136597 0.54047960043 90.5767288208
    endloop
  endfacet
  facet normal -1 -2.52392965194e-06 -2.52936501965e-06
    outer loop
      vertex 94.6793136597 2.30387187004 92.3439178467
      vertex 94.6793136597 0.54047960043 90.5767288208
      vertex 94.6793136597 0.498302698135 92.5826034546
    endloop
  endfacet
  facet normal -1 -3.31239380102e-06 -2.42513488047e-06
    outer loop
      vertex 94.6793136597 0.498302698135 92.5826034546
      vertex 94.6793136597 0.769319713116 92.7810287476
      vertex 94.6793136597 2.30387187004 92.3439178467
    endloop
  endfacet
  facet normal -1 -3.21946345139e-06 -2.45160549639e-06
    outer loop
      vertex 94.6793136597 0.769319713116 92.7810287476
      vertex 94.6793136597 1.44328510761 93.2942428589
      vertex 94.6793136597 2.30387187004 92.3439178467
    endloop
  endfacet
  facet normal -1 -3.37629103342e-06 -2.27842383538e-06
    outer loop
      vertex 94.6793136597 1.44328510761 93.2942428589
      vertex 94.6793136597 1.87091457844 93.582824707
      vertex 94.6793136597 2.30387187004 92.3439178467
    endloop
  endfacet
  facet normal -1 -3.3500009522e-06 -2.35365314438e-06
    outer loop
      vertex 94.6793136597 2.43944478035 93.9822616577
      vertex 94.6793136597 2.30387187004 92.3439178467
      vertex 94.6793136597 1.87091457844 93.582824707
    endloop
  endfacet
  facet normal -1 -3.32592685481e-06 -2.06272829928e-06
    outer loop
      vertex 94.6793136597 3.04223966599 94.3561172485
      vertex 94.6793136597 2.30387187004 92.3439178467
      vertex 94.6793136597 2.43944478035 93.9822616577
    endloop
  endfacet
  facet normal -1 -2.87355055661e-06 -8.29914768019e-07
    outer loop
      vertex 94.6793136597 3.04223966599 94.3561172485
      vertex 94.6793136597 5.2440776825 93.1930847168
      vertex 94.6793136597 2.30387187004 92.3439178467
    endloop
  endfacet
  facet normal -1 0 0
    outer loop
      vertex 94.6793136597 4.70603513718 90.1798248291
      vertex 94.6793136597 2.30387187004 92.3439178467
      vertex 94.6793136597 5.2440776825 93.1930847168
    endloop
  endfacet
  facet normal -1 0 0
    outer loop
      vertex 94.6793136597 7.31320810318 90.6212310791
      vertex 94.6793136597 4.70603513718 90.1798248291
      vertex 94.6793136597 5.2440776825 93.1930847168
    endloop
  endfacet
  facet normal -1 0 0
    outer loop
      vertex 94.6793136597 8.63502502441 93.1043624878
      vertex 94.6793136597 7.31320810318 90.6212310791
      vertex 94.6793136597 5.2440776825 93.1930847168
    endloop
  endfacet
  facet normal -1 -1.63647348472e-06 4.28184740997e-08
    outer loop
      vertex 94.6793136597 8.63502502441 93.1043624878
      vertex 94.6793136597 5.2440776825 93.1930847168
      vertex 94.6793136597 6.68154764175 96.3143157959
    endloop
  endfacet
  facet normal -1 -2.044582601e-07 -2.31027229347e-06
    outer loop
      vertex 94.6793136597 6.68154764175 96.3143157959
      vertex 94.6793136597 8.89691257477 96.0635528564
      vertex 94.6793136597 8.63502502441 93.1043624878
    endloop
  endfacet
  facet normal -1 0 0
    outer loop
      vertex 94.6793136597 11.4506921768 95.5352096558
      vertex 94.6793136597 8.63502502441 93.1043624878
      vertex 94.6793136597 8.89691257477 96.0635528564
    endloop
  endfacet
  facet normal -1 0 0
    outer loop
      vertex 94.6793136597 11.4506921768 95.5352096558
      vertex 94.6793136597 8.89691257477 96.0635528564
      vertex 94.6793136597 10.0180940628 97.0740432739
    endloop
  endfacet
  facet normal -1 -1.83430438483e-06 1.97032454707e-06
    outer loop
      vertex 94.6793136597 10.0180940628 97.0740432739
      vertex 94.6793136597 11.4632520676 98.339881897
      vertex 94.6793136597 11.4506921768 95.5352096558
    endloop
  endfacet
  facet normal -1 -1.84551026905e-06 -5.32041099177e-07
    outer loop
      vertex 94.6793136597 12.3579101562 98.5978012085
      vertex 94.6793136597 11.4506921768 95.5352096558
      vertex 94.6793136597 11.4632520676 98.339881897
    endloop
  endfacet
  facet normal -1 0 0
    outer loop
      vertex 94.6793136597 14.9497613907 99.1760406494
      vertex 94.6793136597 14.3318252563 99.0723571777
      vertex 94.6793136597 14.4092464447 99.0905303955
    endloop
  endfacet
  facet normal -1 -6.02533418714e-06 -1.01097748484e-06
    outer loop
      vertex 94.6793136597 14.3318252563 99.0723571777
      vertex 94.6793136597 14.9497613907 99.1760406494
      vertex 94.6793136597 15.3807907104 98.3904190063
    endloop
  endfacet
  facet normal -1 -5.71003147343e-06 -1.21595678593e-06
    outer loop
      vertex 94.6793136597 13.2193784714 98.8354568481
      vertex 94.6793136597 14.3318252563 99.0723571777
      vertex 94.6793136597 15.3807907104 98.3904190063
    endloop
  endfacet
  facet normal -1 -4.96426810059e-06 -1.36951075547e-06
    outer loop
      vertex 94.6793136597 15.3807907104 98.3904190063
      vertex 94.6793136597 12.3579101562 98.5978012085
      vertex 94.6793136597 13.2193784714 98.8354568481
    endloop
  endfacet
  facet normal -1 -0 -0
    outer loop
      vertex 94.6793136597 13.1207647324 98.8086013794
      vertex 94.6793136597 13.2193784714 98.8354568481
      vertex 94.6793136597 12.3579101562 98.5978012085
    endloop
  endfacet
  facet normal -1 0 0
    outer loop
      vertex 94.6793136597 13.1207647324 98.8086013794
      vertex 94.6793136597 12.3579101562 98.5978012085
      vertex 94.6793136597 12.7076206207 98.7053604126
    endloop
  endfacet
  facet normal -1 -6.16972272383e-07 -1.66775328125e-06
    outer loop
      vertex 94.6793136597 15.3807907104 98.3904190063
      vertex 94.6793136597 14.4791727066 95.9532318115
      vertex 94.6793136597 12.3579101562 98.5978012085
    endloop
  endfacet
  facet normal -1 -1.7598638351e-06 -2.42915405124e-07
    outer loop
      vertex 94.6793136597 12.3579101562 98.5978012085
      vertex 94.6793136597 14.4791727066 95.9532318115
      vertex 94.6793136597 11.4506921768 95.5352096558
    endloop
  endfacet
  facet normal -1 0 0
    outer loop
      vertex 94.6793136597 14.0613088608 93.1525650024
      vertex 94.6793136597 11.4506921768 95.5352096558
      vertex 94.6793136597 14.4791727066 95.9532318115
    endloop
  endfacet
  facet normal -1 0 0
    outer loop
      vertex 94.6793136597 14.0613088608 93.1525650024
      vertex 94.6793136597 11.4038419724 91.9253997803
      vertex 94.6793136597 11.4506921768 95.5352096558
    endloop
  endfacet
  facet normal -1 0 0
    outer loop
      vertex 94.6793136597 11.4506921768 95.5352096558
      vertex 94.6793136597 11.4038419724 91.9253997803
      vertex 94.6793136597 8.63502502441 93.1043624878
    endloop
  endfacet
  facet normal -1 0 0
    outer loop
      vertex 94.6793136597 9.59919643402 90.3849258423
      vertex 94.6793136597 8.63502502441 93.1043624878
      vertex 94.6793136597 11.4038419724 91.9253997803
    endloop
  endfacet
  facet normal -1 0 -0
    outer loop
      vertex 94.6793136597 9.59919643402 90.3849258423
      vertex 94.6793136597 11.4038419724 91.9253997803
      vertex 94.6793136597 11.4332799911 88.9378738403
    endloop
  endfacet
  facet normal -1 0 0
    outer loop
      vertex 94.6793136597 8.87024688721 87.8637619019
      vertex 94.6793136597 9.59919643402 90.3849258423
      vertex 94.6793136597 11.4332799911 88.9378738403
    endloop
  endfacet
  facet normal -1 0 0
    outer loop
      vertex 94.6793136597 9.59919643402 90.3849258423
      vertex 94.6793136597 8.87024688721 87.8637619019
      vertex 94.6793136597 7.31320810318 90.6212310791
    endloop
  endfacet
  facet normal -1 0 -0
    outer loop
      vertex 94.6793136597 7.31320810318 90.6212310791
      vertex 94.6793136597 8.63502502441 93.1043624878
      vertex 94.6793136597 9.59919643402 90.3849258423
    endloop
  endfacet
  facet normal -1 0 -0
    outer loop
      vertex 94.6793136597 6.41823101044 88.582824707
      vertex 94.6793136597 7.31320810318 90.6212310791
      vertex 94.6793136597 8.87024688721 87.8637619019
    endloop
  endfacet
  facet normal -1 0 0
    outer loop
      vertex 94.6793136597 8.87024688721 87.8637619019
      vertex 94.6793136597 6.67331457138 86.2673873901
      vertex 94.6793136597 6.41823101044 88.582824707
    endloop
  endfacet
  facet normal -1 0 -0
    outer loop
      vertex 94.6793136597 4.43246936798 87.744682312
      vertex 94.6793136597 6.41823101044 88.582824707
      vertex 94.6793136597 6.67331457138 86.2673873901
    endloop
  endfacet
  facet normal -1 0 0
    outer loop
      vertex 94.6793136597 4.37835693359 84.8105697632
      vertex 94.6793136597 4.43246936798 87.744682312
      vertex 94.6793136597 6.67331457138 86.2673873901
    endloop
  endfacet
  facet normal -1 0 0
    outer loop
      vertex 94.6793136597 6.41823101044 88.582824707
      vertex 94.6793136597 4.43246936798 87.744682312
      vertex 94.6793136597 4.70603513718 90.1798248291
    endloop
  endfacet
  facet normal -1 0 0
    outer loop
      vertex 94.6793136597 6.41823101044 88.582824707
      vertex 94.6793136597 4.70603513718 90.1798248291
      vertex 94.6793136597 7.31320810318 90.6212310791
    endloop
  endfacet
  facet normal -1 0 -0
    outer loop
      vertex 94.6793136597 2.26616835594 89.1942977905
      vertex 94.6793136597 4.70603513718 90.1798248291
      vertex 94.6793136597 4.43246936798 87.744682312
    endloop
  endfacet
  facet normal -1 0 0
    outer loop
      vertex 94.6793136597 2.26616835594 89.1942977905
      vertex 94.6793136597 2.30387187004 92.3439178467
      vertex 94.6793136597 4.70603513718 90.1798248291
    endloop
  endfacet
  facet normal -1 0 0
    outer loop
      vertex 94.6793136597 13.7710123062 90.436668396
      vertex 94.6793136597 11.4332799911 88.9378738403
      vertex 94.6793136597 11.4038419724 91.9253997803
    endloop
  endfacet
  facet normal -1 0 -0
    outer loop
      vertex 94.6793136597 11.4038419724 91.9253997803
      vertex 94.6793136597 14.0613088608 93.1525650024
      vertex 94.6793136597 13.7710123062 90.436668396
    endloop
  endfacet
  facet normal -1 -0 0
    outer loop
      vertex 94.6793136597 15.3807907104 98.3904190063
      vertex 94.6793136597 17.680973053 96.0497207642
      vertex 94.6793136597 14.4791727066 95.9532318115
    endloop
  endfacet
  facet normal -1 0 0
    outer loop
      vertex 94.6793136597 15.3807907104 98.3904190063
      vertex 94.6793136597 18.4399471283 98.2490463257
      vertex 94.6793136597 17.680973053 96.0497207642
    endloop
  endfacet
  facet normal -1 0 0
    outer loop
      vertex 94.6793136597 20.4720935822 96.8053741455
      vertex 94.6793136597 17.680973053 96.0497207642
      vertex 94.6793136597 18.4399471283 98.2490463257
    endloop
  endfacet
  facet normal -1 -1.51501092205e-06 1.07629114154e-06
    outer loop
      vertex 94.6793136597 20.4720935822 96.8053741455
      vertex 94.6793136597 18.4399471283 98.2490463257
      vertex 94.6793136597 21.3830337524 99.5703277588
    endloop
  endfacet
  facet normal -1 -1.76216508407e-06 3.26110523474e-07
    outer loop
      vertex 94.6793136597 23.4948730469 99.1795043945
      vertex 94.6793136597 20.4720935822 96.8053741455
      vertex 94.6793136597 21.3830337524 99.5703277588
    endloop
  endfacet
  facet normal -1 -0 0
    outer loop
      vertex 94.6793136597 22.4697227478 99.3985671997
      vertex 94.6793136597 23.4948730469 99.1795043945
      vertex 94.6793136597 21.3830337524 99.5703277588
    endloop
  endfacet
  facet normal -1 -0 0
    outer loop
      vertex 94.6793136597 22.3017463684 99.4289169312
      vertex 94.6793136597 22.4697227478 99.3985671997
      vertex 94.6793136597 21.3830337524 99.5703277588
    endloop
  endfacet
  facet normal -1 -0 0
    outer loop
      vertex 94.6793136597 23.5603160858 99.1637649536
      vertex 94.6793136597 24.2962245941 98.961730957
      vertex 94.6793136597 23.4948730469 99.1795043945
    endloop
  endfacet
  facet normal -1 -0 0
    outer loop
      vertex 94.6793136597 24.2962245941 98.961730957
      vertex 94.6793136597 25.5579395294 98.5770874023
      vertex 94.6793136597 23.4948730469 99.1795043945
    endloop
  endfacet
  facet normal -1 -0 0
    outer loop
      vertex 94.6793136597 25.5579395294 98.5770874023
      vertex 94.6793136597 25.7788829803 98.497215271
      vertex 94.6793136597 23.4948730469 99.1795043945
    endloop
  endfacet
  facet normal -1 -3.39305643138e-06 1.01358511984e-06
    outer loop
      vertex 94.6793136597 23.4948730469 99.1795043945
      vertex 94.6793136597 25.7788829803 98.497215271
      vertex 94.6793136597 25.8579349518 96.950088501
    endloop
  endfacet
  facet normal -1 -5.91991579313e-07 -1.62906155765e-06
    outer loop
      vertex 94.6793136597 23.4948730469 99.1795043945
      vertex 94.6793136597 25.8579349518 96.950088501
      vertex 94.6793136597 24.9456062317 94.4395141602
    endloop
  endfacet
  facet normal -1 -1.10319911073e-06 4.12110772174e-08
    outer loop
      vertex 94.6793136597 24.9456062317 94.4395141602
      vertex 94.6793136597 22.152759552 94.5438461304
      vertex 94.6793136597 23.4948730469 99.1795043945
    endloop
  endfacet
  facet normal -1 -8.02493616447e-07 1.0798484027e-06
    outer loop
      vertex 94.6793136597 20.4720935822 96.8053741455
      vertex 94.6793136597 23.4948730469 99.1795043945
      vertex 94.6793136597 22.152759552 94.5438461304
    endloop
  endfacet
  facet normal -1 0 0
    outer loop
      vertex 94.6793136597 22.152759552 94.5438461304
      vertex 94.6793136597 24.9456062317 94.4395141602
      vertex 94.6793136597 23.2727222443 92.1083908081
    endloop
  endfacet
  facet normal -1 -0 0
    outer loop
      vertex 94.6793136597 22.152759552 94.5438461304
      vertex 94.6793136597 23.2727222443 92.1083908081
      vertex 94.6793136597 21.0675201416 91.7575149536
    endloop
  endfacet
  facet normal -1 0 -0
    outer loop
      vertex 94.6793136597 21.0675201416 91.7575149536
      vertex 94.6793136597 23.2727222443 92.1083908081
      vertex 94.6793136597 22.8287849426 89.4980697632
    endloop
  endfacet
  facet normal -1 -0 0
    outer loop
      vertex 94.6793136597 21.0675201416 91.7575149536
      vertex 94.6793136597 22.8287849426 89.4980697632
      vertex 94.6793136597 20.3442420959 89.500038147
    endloop
  endfacet
  facet normal -1 0 -0
    outer loop
      vertex 94.6793136597 18.3359546661 91.1506881714
      vertex 94.6793136597 21.0675201416 91.7575149536
      vertex 94.6793136597 20.3442420959 89.500038147
    endloop
  endfacet
  facet normal -1 0 0
    outer loop
      vertex 94.6793136597 20.3442420959 89.500038147
      vertex 94.6793136597 22.8287849426 89.4980697632
      vertex 94.6793136597 20.9084777832 87.3353881836
    endloop
  endfacet
  facet normal -1 0 0
    outer loop
      vertex 94.6793136597 25.2955989838 91.2002258301
      vertex 94.6793136597 22.8287849426 89.4980697632
      vertex 94.6793136597 23.2727222443 92.1083908081
    endloop
  endfacet
  facet normal -1 0 0
    outer loop
      vertex 94.6793136597 25.2955989838 91.2002258301
      vertex 94.6793136597 23.2727222443 92.1083908081
      vertex 94.6793136597 24.9456062317 94.4395141602
    endloop
  endfacet
  facet normal -1 0 0
    outer loop
      vertex 94.6793136597 24.9456062317 94.4395141602
      vertex 94.6793136597 27.0016517639 92.8618469238
      vertex 94.6793136597 25.2955989838 91.2002258301
    endloop
  endfacet
  facet normal -1 0 0
    outer loop
      vertex 94.6793136597 28.1600704193 90.4081268311
      vertex 94.6793136597 25.2955989838 91.2002258301
      vertex 94.6793136597 27.0016517639 92.8618469238
    endloop
  endfacet
  facet normal -1 0 0
    outer loop
      vertex 94.6793136597 28.1600704193 90.4081268311
      vertex 94.6793136597 27.0016517639 92.8618469238
      vertex 94.6793136597 29.5757980347 93.7420349121
    endloop
  endfacet
  facet normal -1 -0 0
    outer loop
      vertex 94.6793136597 29.5757980347 93.7420349121
      vertex 94.6793136597 31.1987419128 91.2155380249
      vertex 94.6793136597 28.1600704193 90.4081268311
    endloop
  endfacet
  facet normal -1 0 -0
    outer loop
      vertex 94.6793136597 28.1600704193 90.4081268311
      vertex 94.6793136597 31.1987419128 91.2155380249
      vertex 94.6793136597 30.2646446228 88.802192688
    endloop
  endfacet
  facet normal -1 0 0
    outer loop
      vertex 94.6793136597 28.40675354 86.9698944092
      vertex 94.6793136597 28.1600704193 90.4081268311
      vertex 94.6793136597 30.2646446228 88.802192688
    endloop
  endfacet
  facet normal -1 0 -0
    outer loop
      vertex 94.6793136597 28.40675354 86.9698944092
      vertex 94.6793136597 30.2646446228 88.802192688
      vertex 94.6793136597 31.2769432068 86.7338790894
    endloop
  endfacet
  facet normal -1 0 0
    outer loop
      vertex 94.6793136597 28.40675354 86.9698944092
      vertex 94.6793136597 31.2769432068 86.7338790894
      vertex 94.6793136597 30.1703281403 84.5426101685
    endloop
  endfacet
  facet normal -1 0 0
    outer loop
      vertex 94.6793136597 30.1703281403 84.5426101685
      vertex 94.6793136597 31.2769432068 86.7338790894
      vertex 94.6793136597 32.3163909912 84.6349868774
    endloop
  endfacet
  facet normal -1 0 0
    outer loop
      vertex 94.6793136597 31.8267002106 82.0846633911
      vertex 94.6793136597 30.1703281403 84.5426101685
      vertex 94.6793136597 32.3163909912 84.6349868774
    endloop
  endfacet
  facet normal -1 0 0
    outer loop
      vertex 94.6793136597 31.8267002106 82.0846633911
      vertex 94.6793136597 32.3163909912 84.6349868774
      vertex 94.6793136597 34.7437934875 83.6405105591
    endloop
  endfacet
  facet normal -1 0 0
    outer loop
      vertex 94.6793136597 34.5851020813 80.4954299927
      vertex 94.6793136597 31.8267002106 82.0846633911
      vertex 94.6793136597 34.7437934875 83.6405105591
    endloop
  endfacet
  facet normal -1 0 0
    outer loop
      vertex 94.6793136597 34.5851020813 80.4954299927
      vertex 94.6793136597 34.7437934875 83.6405105591
      vertex 94.6793136597 36.2290916443 82.0952301025
    endloop
  endfacet
  facet normal -1 0 0
    outer loop
      vertex 94.6793136597 34.5851020813 80.4954299927
      vertex 94.6793136597 36.2290916443 82.0952301025
      vertex 94.6793136597 37.8543319702 80.8119049072
    endloop
  endfacet
  facet normal -1 0 0
    outer loop
      vertex 94.6793136597 36.3263778687 77.9449768066
      vertex 94.6793136597 34.5851020813 80.4954299927
      vertex 94.6793136597 37.8543319702 80.8119049072
    endloop
  endfacet
  facet normal -1 -0 0
    outer loop
      vertex 94.6793136597 37.8543319702 80.8119049072
      vertex 94.6793136597 39.2206993103 77.9979095459
      vertex 94.6793136597 36.3263778687 77.9449768066
    endloop
  endfacet
  facet normal -1 0 0
    outer loop
      vertex 94.6793136597 39.2206993103 77.9979095459
      vertex 94.6793136597 38.1724395752 75.2080612183
      vertex 94.6793136597 36.3263778687 77.9449768066
    endloop
  endfacet
  facet normal -1 0 -0
    outer loop
      vertex 94.6793136597 34.8123016357 75.3488540649
      vertex 94.6793136597 36.3263778687 77.9449768066
      vertex 94.6793136597 38.1724395752 75.2080612183
    endloop
  endfacet
  facet normal -1 0 0
    outer loop
      vertex 94.6793136597 36.1525993347 73.4766235352
      vertex 94.6793136597 34.8123016357 75.3488540649
      vertex 94.6793136597 38.1724395752 75.2080612183
    endloop
  endfacet
  facet normal -1 0 -0
    outer loop
      vertex 94.6793136597 36.1525993347 73.4766235352
      vertex 94.6793136597 38.1724395752 75.2080612183
      vertex 94.6793136597 38.6249389648 72.1962432861
    endloop
  endfacet
  facet normal -1 -0 0
    outer loop
      vertex 94.6793136597 36.1525993347 73.4766235352
      vertex 94.6793136597 38.6249389648 72.1962432861
      vertex 94.6793136597 35.6519546509 71.1945648193
    endloop
  endfacet
  facet normal -1 0 0
    outer loop
      vertex 94.6793136597 35.6519546509 71.1945648193
      vertex 94.6793136597 33.533454895 72.9150085449
      vertex 94.6793136597 36.1525993347 73.4766235352
    endloop
  endfacet
  facet normal -1 -0 0
    outer loop
      vertex 94.6793136597 34.8123016357 75.3488540649
      vertex 94.6793136597 36.1525993347 73.4766235352
      vertex 94.6793136597 33.533454895 72.9150085449
    endloop
  endfacet
  facet normal -1 0 0
    outer loop
      vertex 94.6793136597 33.533454895 72.9150085449
      vertex 94.6793136597 31.9197826385 75.1791305542
      vertex 94.6793136597 34.8123016357 75.3488540649
    endloop
  endfacet
  facet normal -1 -0 0
    outer loop
      vertex 94.6793136597 33.3032150269 77.6366348267
      vertex 94.6793136597 34.8123016357 75.3488540649
      vertex 94.6793136597 31.9197826385 75.1791305542
    endloop
  endfacet
  facet normal -1 0 0
    outer loop
      vertex 94.6793136597 33.3032150269 77.6366348267
      vertex 94.6793136597 31.9197826385 75.1791305542
      vertex 94.6793136597 30.36028862 77.5885772705
    endloop
  endfacet
  facet normal -1 0 0
    outer loop
      vertex 94.6793136597 33.3032150269 77.6366348267
      vertex 94.6793136597 30.36028862 77.5885772705
      vertex 94.6793136597 32.0350837708 79.5690231323
    endloop
  endfacet
  facet normal -1 0 0
    outer loop
      vertex 94.6793136597 33.3032150269 77.6366348267
      vertex 94.6793136597 32.0350837708 79.5690231323
      vertex 94.6793136597 34.5851020813 80.4954299927
    endloop
  endfacet
  facet normal -1 -0 0
    outer loop
      vertex 94.6793136597 34.5851020813 80.4954299927
      vertex 94.6793136597 36.3263778687 77.9449768066
      vertex 94.6793136597 33.3032150269 77.6366348267
    endloop
  endfacet
  facet normal -1 0 0
    outer loop
      vertex 94.6793136597 34.8123016357 75.3488540649
      vertex 94.6793136597 33.3032150269 77.6366348267
      vertex 94.6793136597 36.3263778687 77.9449768066
    endloop
  endfacet
  facet normal -1 0 0
    outer loop
      vertex 94.6793136597 31.8267002106 82.0846633911
      vertex 94.6793136597 34.5851020813 80.4954299927
      vertex 94.6793136597 32.0350837708 79.5690231323
    endloop
  endfacet
  facet normal -1 0 0
    outer loop
      vertex 94.6793136597 32.0350837708 79.5690231323
      vertex 94.6793136597 30.2599964142 80.2099533081
      vertex 94.6793136597 31.8267002106 82.0846633911
    endloop
  endfacet
  facet normal -1 0 0
    outer loop
      vertex 94.6793136597 28.994052887 82.1068267822
      vertex 94.6793136597 31.8267002106 82.0846633911
      vertex 94.6793136597 30.2599964142 80.2099533081
    endloop
  endfacet
  facet normal -1 -0 0
    outer loop
      vertex 94.6793136597 28.994052887 82.1068267822
      vertex 94.6793136597 30.2599964142 80.2099533081
      vertex 94.6793136597 28.3227996826 79.5695419312
    endloop
  endfacet
  facet normal -1 0 0
    outer loop
      vertex 94.6793136597 28.3227996826 79.5695419312
      vertex 94.6793136597 26.2839565277 81.9705352783
      vertex 94.6793136597 28.994052887 82.1068267822
    endloop
  endfacet
  facet normal -1 -0 0
    outer loop
      vertex 94.6793136597 26.2839565277 81.9705352783
      vertex 94.6793136597 28.3227996826 79.5695419312
      vertex 94.6793136597 26.0985889435 78.6365661621
    endloop
  endfacet
  facet normal -1 0 0
    outer loop
      vertex 94.6793136597 26.2839565277 81.9705352783
      vertex 94.6793136597 26.0985889435 78.6365661621
      vertex 94.6793136597 23.89112854 80.3497695923
    endloop
  endfacet
  facet normal -1 0 0
    outer loop
      vertex 94.6793136597 23.89112854 80.3497695923
      vertex 94.6793136597 23.5719509125 83.4736404419
      vertex 94.6793136597 26.2839565277 81.9705352783
    endloop
  endfacet
  facet normal -1 0 -0
    outer loop
      vertex 94.6793136597 26.0985889435 78.6365661621
      vertex 94.6793136597 28.3227996826 79.5695419312
      vertex 94.6793136597 28.1031227112 77.2725524902
    endloop
  endfacet
  facet normal -1 -0 0
    outer loop
      vertex 94.6793136597 28.3227996826 79.5695419312
      vertex 94.6793136597 30.36028862 77.5885772705
      vertex 94.6793136597 28.1031227112 77.2725524902
    endloop
  endfacet
  facet normal -1 0 -0
    outer loop
      vertex 94.6793136597 28.3227996826 79.5695419312
      vertex 94.6793136597 30.2599964142 80.2099533081
      vertex 94.6793136597 30.36028862 77.5885772705
    endloop
  endfacet
  facet normal -1 0 0
    outer loop
      vertex 94.6793136597 32.0350837708 79.5690231323
      vertex 94.6793136597 30.36028862 77.5885772705
      vertex 94.6793136597 30.2599964142 80.2099533081
    endloop
  endfacet
  facet normal -1 -0 0
    outer loop
      vertex 94.6793136597 30.1703281403 84.5426101685
      vertex 94.6793136597 31.8267002106 82.0846633911
      vertex 94.6793136597 28.994052887 82.1068267822
    endloop
  endfacet
  facet normal -1 -0 0
    outer loop
      vertex 94.6793136597 33.533454895 72.9150085449
      vertex 94.6793136597 35.6519546509 71.1945648193
      vertex 94.6793136597 32.8534164429 70.3508605957
    endloop
  endfacet
  facet normal -1 0 0
    outer loop
      vertex 94.6793136597 35.6519546509 71.1945648193
      vertex 94.6793136597 35.1689949036 68.5307998657
      vertex 94.6793136597 32.8534164429 70.3508605957
    endloop
  endfacet
  facet normal -1 0 0
    outer loop
      vertex 94.6793136597 35.1689949036 68.5307998657
      vertex 94.6793136597 35.6519546509 71.1945648193
      vertex 94.6793136597 38.0568580627 69.2136077881
    endloop
  endfacet
  facet normal -1 0 0
    outer loop
      vertex 94.6793136597 38.0568580627 69.2136077881
      vertex 94.6793136597 37.2412071228 66.5292739868
      vertex 94.6793136597 35.1689949036 68.5307998657
    endloop
  endfacet
  facet normal -1 0 0
    outer loop
      vertex 94.6793136597 34.9392700195 65.9226150513
      vertex 94.6793136597 35.1689949036 68.5307998657
      vertex 94.6793136597 37.2412071228 66.5292739868
    endloop
  endfacet
  facet normal -1 1.78150833108e-06 4.69504044531e-07
    outer loop
      vertex 94.6793136597 37.2412071228 66.5292739868
      vertex 94.6793136597 37.680015564 63.7432403564
      vertex 94.6793136597 34.9392700195 65.9226150513
    endloop
  endfacet
  facet normal -1 -3.26822942043e-08 1.91210438061e-06
    outer loop
      vertex 94.6793136597 34.987197876 63.118560791
      vertex 94.6793136597 34.9392700195 65.9226150513
      vertex 94.6793136597 37.680015564 63.7432403564
    endloop
  endfacet
  facet normal -1 1.32711465994e-06 2.22754965762e-06
    outer loop
      vertex 94.6793136597 34.987197876 63.118560791
      vertex 94.6793136597 37.680015564 63.7432403564
      vertex 94.6793136597 36.9455032349 62.5103645325
    endloop
  endfacet
  facet normal -1 1.55473583163e-06 2.15685645344e-06
    outer loop
      vertex 94.6793136597 36.4187431335 61.7796020508
      vertex 94.6793136597 34.987197876 63.118560791
      vertex 94.6793136597 36.9455032349 62.5103645325
    endloop
  endfacet
  facet normal -1 2.1244063646e-06 2.17917295231e-06
    outer loop
      vertex 94.6793136597 31.9819908142 59.382270813
      vertex 94.6793136597 34.8257751465 59.8660430908
      vertex 94.6793136597 33.6871681213 58.6980819702
    endloop
  endfacet
  facet normal -1 2.40624626713e-06 2.06608683584e-06
    outer loop
      vertex 94.6793136597 32.80078125 57.9370002747
      vertex 94.6793136597 31.9819908142 59.382270813
      vertex 94.6793136597 33.6871681213 58.6980819702
    endloop
  endfacet
  facet normal -1 2.40776626015e-06 2.06340405384e-06
    outer loop
      vertex 94.6793136597 32.014213562 57.262928009
      vertex 94.6793136597 31.9819908142 59.382270813
      vertex 94.6793136597 32.80078125 57.9370002747
    endloop
  endfacet
  facet normal -1 2.4210482934e-06 1.18982507047e-06
    outer loop
      vertex 94.6793136597 29.8063869476 58.3130683899
      vertex 94.6793136597 31.9819908142 59.382270813
      vertex 94.6793136597 32.014213562 57.262928009
    endloop
  endfacet
  facet normal -1 1.91108802028e-06 1.43238480632e-06
    outer loop
      vertex 94.6793136597 32.014213562 57.262928009
      vertex 94.6793136597 30.9718532562 56.4816665649
      vertex 94.6793136597 29.8063869476 58.3130683899
    endloop
  endfacet
  facet normal -1 2.03088711714e-06 1.24413327285e-06
    outer loop
      vertex 94.6793136597 30.9718532562 56.4816665649
      vertex 94.6793136597 29.8718566895 55.807800293
      vertex 94.6793136597 29.8063869476 58.3130683899
    endloop
  endfacet
  facet normal -1 2.02935461857e-06 1.30277578592e-06
    outer loop
      vertex 94.6793136597 29.8063869476 58.3130683899
      vertex 94.6793136597 29.8718566895 55.807800293
      vertex 94.6793136597 27.9820861816 57.1419296265
    endloop
  endfacet
  facet normal -1 0 0
    outer loop
      vertex 94.6793136597 27.179775238 59.5415420532
      vertex 94.6793136597 29.8063869476 58.3130683899
      vertex 94.6793136597 27.9820861816 57.1419296265
    endloop
  endfacet
  facet normal -1 -0 0
    outer loop
      vertex 94.6793136597 27.179775238 59.5415420532
      vertex 94.6793136597 27.9820861816 57.1419296265
      vertex 94.6793136597 25.5849056244 57.4098320007
    endloop
  endfacet
  facet normal -1 0 0
    outer loop
      vertex 94.6793136597 25.5849056244 57.4098320007
      vertex 94.6793136597 24.3940887451 60.4402809143
      vertex 94.6793136597 27.179775238 59.5415420532
    endloop
  endfacet
  facet normal -1 -0 0
    outer loop
      vertex 94.6793136597 26.6086597443 62.5516662598
      vertex 94.6793136597 27.179775238 59.5415420532
      vertex 94.6793136597 24.3940887451 60.4402809143
    endloop
  endfacet
  facet normal -1 0 0
    outer loop
      vertex 94.6793136597 26.6086597443 62.5516662598
      vertex 94.6793136597 24.3940887451 60.4402809143
      vertex 94.6793136597 23.5242271423 63.3089637756
    endloop
  endfacet
  facet normal -1 0 -0
    outer loop
      vertex 94.6793136597 23.5242271423 63.3089637756
      vertex 94.6793136597 25.9287490845 65.336265564
      vertex 94.6793136597 26.6086597443 62.5516662598
    endloop
  endfacet
  facet normal -1 0 0
    outer loop
      vertex 94.6793136597 26.6086597443 62.5516662598
      vertex 94.6793136597 25.9287490845 65.336265564
      vertex 94.6793136597 29.2228870392 64.5204849243
    endloop
  endfacet
  facet normal -1 0 0
    outer loop
      vertex 94.6793136597 29.340681076 61.2660903931
      vertex 94.6793136597 26.6086597443 62.5516662598
      vertex 94.6793136597 29.2228870392 64.5204849243
    endloop
  endfacet
  facet normal -1 0 0
    outer loop
      vertex 94.6793136597 29.340681076 61.2660903931
      vertex 94.6793136597 29.2228870392 64.5204849243
      vertex 94.6793136597 32.0461730957 62.369430542
    endloop
  endfacet
  facet normal -1 0 -0
    outer loop
      vertex 94.6793136597 29.340681076 61.2660903931
      vertex 94.6793136597 32.0461730957 62.369430542
      vertex 94.6793136597 31.9819908142 59.382270813
    endloop
  endfacet
  facet normal -1 0 0
    outer loop
      vertex 94.6793136597 29.8063869476 58.3130683899
      vertex 94.6793136597 29.340681076 61.2660903931
      vertex 94.6793136597 31.9819908142 59.382270813
    endloop
  endfacet
  facet normal -1 -0 0
    outer loop
      vertex 94.6793136597 29.340681076 61.2660903931
      vertex 94.6793136597 29.8063869476 58.3130683899
      vertex 94.6793136597 27.179775238 59.5415420532
    endloop
  endfacet
  facet normal -1 0 0
    outer loop
      vertex 94.6793136597 29.340681076 61.2660903931
      vertex 94.6793136597 27.179775238 59.5415420532
      vertex 94.6793136597 26.6086597443 62.5516662598
    endloop
  endfacet
  facet normal -1 3.92005077288e-08 1.82444557595e-06
    outer loop
      vertex 94.6793136597 31.9819908142 59.382270813
      vertex 94.6793136597 32.0461730957 62.369430542
      vertex 94.6793136597 34.8257751465 59.8660430908
    endloop
  endfacet
  facet normal -1 1.60969216267e-06 4.1001834461e-07
    outer loop
      vertex 94.6793136597 34.987197876 63.118560791
      vertex 94.6793136597 34.8257751465 59.8660430908
      vertex 94.6793136597 32.0461730957 62.369430542
    endloop
  endfacet
  facet normal -1 0 0
    outer loop
      vertex 94.6793136597 34.987197876 63.118560791
      vertex 94.6793136597 32.0461730957 62.369430542
      vertex 94.6793136597 32.2640419006 65.2581100464
    endloop
  endfacet
  facet normal -1 0 0
    outer loop
      vertex 94.6793136597 34.987197876 63.118560791
      vertex 94.6793136597 32.2640419006 65.2581100464
      vertex 94.6793136597 34.9392700195 65.9226150513
    endloop
  endfacet
  facet normal -1 0 -0
    outer loop
      vertex 94.6793136597 29.2228870392 64.5204849243
      vertex 94.6793136597 32.2640419006 65.2581100464
      vertex 94.6793136597 32.0461730957 62.369430542
    endloop
  endfacet
  facet normal -1 0 0
    outer loop
      vertex 94.6793136597 29.2228870392 64.5204849243
      vertex 94.6793136597 30.487033844 66.8932876587
      vertex 94.6793136597 32.2640419006 65.2581100464
    endloop
  endfacet
  facet normal -1 1.69010331774e-06 2.03024387702e-06
    outer loop
      vertex 94.6793136597 34.987197876 63.118560791
      vertex 94.6793136597 36.4187431335 61.7796020508
      vertex 94.6793136597 34.8257751465 59.8660430908
    endloop
  endfacet
  facet normal -1 0 0
    outer loop
      vertex 94.6793136597 23.5242271423 63.3089637756
      vertex 94.6793136597 22.8141231537 66.0870056152
      vertex 94.6793136597 25.9287490845 65.336265564
    endloop
  endfacet
  facet normal -1 0 0
    outer loop
      vertex 94.6793136597 25.9287490845 65.336265564
      vertex 94.6793136597 22.8141231537 66.0870056152
      vertex 94.6793136597 25.1881027222 67.8876647949
    endloop
  endfacet
  facet normal -1 0 0
    outer loop
      vertex 94.6793136597 25.1881027222 67.8876647949
      vertex 94.6793136597 22.8141231537 66.0870056152
      vertex 94.6793136597 22.5910358429 68.4064712524
    endloop
  endfacet
  facet normal -1 0 0
    outer loop
      vertex 94.6793136597 25.1881027222 67.8876647949
      vertex 94.6793136597 22.5910358429 68.4064712524
      vertex 94.6793136597 24.3342151642 70.3758010864
    endloop
  endfacet
  facet normal -1 0 0
    outer loop
      vertex 94.6793136597 25.5849056244 57.4098320007
      vertex 94.6793136597 22.3831710815 58.2406845093
      vertex 94.6793136597 24.3940887451 60.4402809143
    endloop
  endfacet
  facet normal -1 0 0
    outer loop
      vertex 94.6793136597 25.5849056244 57.4098320007
      vertex 94.6793136597 23.5783576965 55.2572402954
      vertex 94.6793136597 22.3831710815 58.2406845093
    endloop
  endfacet
  facet normal -1 0 -0
    outer loop
      vertex 94.6793136597 20.4651222229 55.7079925537
      vertex 94.6793136597 22.3831710815 58.2406845093
      vertex 94.6793136597 23.5783576965 55.2572402954
    endloop
  endfacet
  facet normal -1 1.97868848772e-06 -2.8648503303e-07
    outer loop
      vertex 94.6793136597 20.4651222229 55.7079925537
      vertex 94.6793136597 23.5783576965 55.2572402954
      vertex 94.6793136597 21.8110084534 52.900604248
    endloop
  endfacet
  facet normal -1 1.74481647264e-06 2.01349408258e-07
    outer loop
      vertex 94.6793136597 20.4651222229 55.7079925537
      vertex 94.6793136597 21.8110084534 52.900604248
      vertex 94.6793136597 20.4961624146 52.7488746643
    endloop
  endfacet
  facet normal -1 1.73344221821e-06 1.28565102386e-06
    outer loop
      vertex 94.6793136597 20.4651222229 55.7079925537
      vertex 94.6793136597 20.4961624146 52.7488746643
      vertex 94.6793136597 18.2252674103 54.0467453003
    endloop
  endfacet
  facet normal -1 0 0
    outer loop
      vertex 94.6793136597 20.4651222229 55.7079925537
      vertex 94.6793136597 18.2252674103 54.0467453003
      vertex 94.6793136597 17.9766807556 56.4208221436
    endloop
  endfacet
  facet normal -1 0 -0
    outer loop
      vertex 94.6793136597 17.9766807556 56.4208221436
      vertex 94.6793136597 19.0361614227 58.5697288513
      vertex 94.6793136597 20.4651222229 55.7079925537
    endloop
  endfacet
  facet normal -1 0 0
    outer loop
      vertex 94.6793136597 22.3831710815 58.2406845093
      vertex 94.6793136597 20.4651222229 55.7079925537
      vertex 94.6793136597 19.0361614227 58.5697288513
    endloop
  endfacet
  facet normal -1 -0 0
    outer loop
      vertex 94.6793136597 17.9766807556 56.4208221436
      vertex 94.6793136597 18.2252674103 54.0467453003
      vertex 94.6793136597 15.6711759567 54.5805625916
    endloop
  endfacet
  facet normal -1 0 0
    outer loop
      vertex 94.6793136597 20.4961624146 52.7488746643
      vertex 94.6793136597 21.8110084534 52.900604248
      vertex 94.6793136597 20.8709125519 52.7698745728
    endloop
  endfacet
  facet normal -1 0 0
    outer loop
      vertex 94.6793136597 -1.22494995594 91.1104736328
      vertex 94.6793136597 -1.36245393753 90.9798812866
      vertex 94.6793136597 -1.24072563648 91.0969314575
    endloop
  endfacet
  facet normal -1 -0 -0
    outer loop
      vertex 94.6793136597 -0.395661920309 91.8499603271
      vertex 94.6793136597 -0.261830866337 91.9561080933
      vertex 94.6793136597 -1.36245393753 90.9798812866
    endloop
  endfacet
  facet normal -1 -0 -0
    outer loop
      vertex 94.6793136597 -1.22494995594 91.1104736328
      vertex 94.6793136597 -0.395661920309 91.8499603271
      vertex 94.6793136597 -1.36245393753 90.9798812866
    endloop
  endfacet
  facet normal -1 -0 -0
    outer loop
      vertex 94.6793136597 -0.261830866337 91.9561080933
      vertex 94.6793136597 0.498302698135 92.5826034546
      vertex 94.6793136597 -1.36245393753 90.9798812866
    endloop
  endfacet
  facet normal -1 -2.53127018368e-06 -2.18025661525e-06
    outer loop
      vertex 94.6793136597 -1.36245393753 90.9798812866
      vertex 94.6793136597 0.498302698135 92.5826034546
      vertex 94.6793136597 0.54047960043 90.5767288208
    endloop
  endfacet
  facet normal -1 -0 -0
    outer loop
      vertex 94.6793136597 3.48619413376 94.6431503296
      vertex 94.6793136597 4.2834610939 95.0956573486
      vertex 94.6793136597 3.04223966599 94.3561172485
    endloop
  endfacet
  facet normal -1 -2.08869687413e-06 -1.24448195038e-06
    outer loop
      vertex 94.6793136597 3.04223966599 94.3561172485
      vertex 94.6793136597 4.2834610939 95.0956573486
      vertex 94.6793136597 5.2440776825 93.1930847168
    endloop
  endfacet
  facet normal -1 -2.16224611904e-06 -1.09881204935e-06
    outer loop
      vertex 94.6793136597 6.68154764175 96.3143157959
      vertex 94.6793136597 5.2440776825 93.1930847168
      vertex 94.6793136597 4.2834610939 95.0956573486
    endloop
  endfacet
  facet normal -1 0 0
    outer loop
      vertex 94.6793136597 4.2834610939 95.0956573486
      vertex 94.6793136597 4.58479309082 95.2742843628
      vertex 94.6793136597 6.68154764175 96.3143157959
    endloop
  endfacet
  facet normal -1 0 0
    outer loop
      vertex 94.6793136597 4.58479309082 95.2742843628
      vertex 94.6793136597 5.18874549866 95.5914459229
      vertex 94.6793136597 6.68154764175 96.3143157959
    endloop
  endfacet
  facet normal -1 0 0
    outer loop
      vertex 94.6793136597 5.18874549866 95.5914459229
      vertex 94.6793136597 5.30959367752 95.6580505371
      vertex 94.6793136597 6.68154764175 96.3143157959
    endloop
  endfacet
  facet normal -1 0 0
    outer loop
      vertex 94.6793136597 5.30959367752 95.6580505371
      vertex 94.6793136597 6.48590326309 96.2275695801
      vertex 94.6793136597 6.68154764175 96.3143157959
    endloop
  endfacet
  facet normal -1 0 0
    outer loop
      vertex 94.6793136597 6.68154764175 96.3143157959
      vertex 94.6793136597 6.48590326309 96.2275695801
      vertex 94.6793136597 6.51209449768 96.2408752441
    endloop
  endfacet
  facet normal -1 -0 -0
    outer loop
      vertex 94.6793136597 7.72047805786 96.8404769897
      vertex 94.6793136597 7.93369626999 96.9341049194
      vertex 94.6793136597 6.68154764175 96.3143157959
    endloop
  endfacet
  facet normal -1 -3.83674660043e-06 -1.8991147499e-06
    outer loop
      vertex 94.6793136597 6.68154764175 96.3143157959
      vertex 94.6793136597 7.93369626999 96.9341049194
      vertex 94.6793136597 8.89691257477 96.0635528564
    endloop
  endfacet
  facet normal -1 -3.94450626118e-06 -1.80172139608e-06
    outer loop
      vertex 94.6793136597 7.93369626999 96.9341049194
      vertex 94.6793136597 8.95415115356 97.4002151489
      vertex 94.6793136597 8.89691257477 96.0635528564
    endloop
  endfacet
  facet normal -1 -4.02260184273e-06 -3.62546779797e-06
    outer loop
      vertex 94.6793136597 10.0180940628 97.0740432739
      vertex 94.6793136597 8.89691257477 96.0635528564
      vertex 94.6793136597 8.95415115356 97.4002151489
    endloop
  endfacet
  facet normal -1 -6.9765446824e-06 -2.71987119049e-06
    outer loop
      vertex 94.6793136597 8.95415115356 97.4002151489
      vertex 94.6793136597 9.41355133057 97.5793151855
      vertex 94.6793136597 10.0180940628 97.0740432739
    endloop
  endfacet
  facet normal -1 -6.8774720603e-06 -2.80267613562e-06
    outer loop
      vertex 94.6793136597 9.41355133057 97.5793151855
      vertex 94.6793136597 10.2088937759 97.9034347534
      vertex 94.6793136597 10.0180940628 97.0740432739
    endloop
  endfacet
  facet normal -1 -6.76115632814e-06 -2.2970586997e-06
    outer loop
      vertex 94.6793136597 10.2088937759 97.9034347534
      vertex 94.6793136597 10.8973798752 98.1373443604
      vertex 94.6793136597 10.0180940628 97.0740432739
    endloop
  endfacet
  facet normal -1 -6.90556635163e-06 -2.47169032264e-06
    outer loop
      vertex 94.6793136597 10.8973798752 98.1373443604
      vertex 94.6793136597 11.4632520676 98.339881897
      vertex 94.6793136597 10.0180940628 97.0740432739
    endloop
  endfacet
  facet normal -1 0 0
    outer loop
      vertex 94.6793136597 27.8891391754 54.702457428
      vertex 94.6793136597 29.8718566895 55.807800293
      vertex 94.6793136597 28.2974720001 54.8871459961
    endloop
  endfacet
  facet normal -1 0 0
    outer loop
      vertex 94.6793136597 27.8891391754 54.702457428
      vertex 94.6793136597 28.2974720001 54.8871459961
      vertex 94.6793136597 28.107875824 54.7922172546
    endloop
  endfacet
  facet normal -1 0 0
    outer loop
      vertex 94.6793136597 28.107875824 54.7922172546
      vertex 94.6793136597 28.2974720001 54.8871459961
      vertex 94.6793136597 28.2245998383 54.847026825
    endloop
  endfacet
  facet normal -1 1.44376917888e-06 5.47055947209e-07
    outer loop
      vertex 94.6793136597 25.5849056244 57.4098320007
      vertex 94.6793136597 27.8891391754 54.702457428
      vertex 94.6793136597 26.3211975098 54.1083488464
    endloop
  endfacet
  facet normal -1 1.2634839095e-06 1.35544314617e-06
    outer loop
      vertex 94.6793136597 25.5849056244 57.4098320007
      vertex 94.6793136597 26.3211975098 54.1083488464
      vertex 94.6793136597 23.5783576965 55.2572402954
    endloop
  endfacet
  facet normal -1 2.50686048275e-06 8.34631123325e-07
    outer loop
      vertex 94.6793136597 24.2958374023 53.4340286255
      vertex 94.6793136597 23.5783576965 55.2572402954
      vertex 94.6793136597 26.3211975098 54.1083488464
    endloop
  endfacet
  facet normal -1 0 0
    outer loop
      vertex 94.6793136597 26.0078372955 53.9948196411
      vertex 94.6793136597 24.2958374023 53.4340286255
      vertex 94.6793136597 26.3211975098 54.1083488464
    endloop
  endfacet
  facet normal -1 0 0
    outer loop
      vertex 94.6793136597 25.1771259308 53.6913719177
      vertex 94.6793136597 24.2958374023 53.4340286255
      vertex 94.6793136597 26.0078372955 53.9948196411
    endloop
  endfacet
  facet normal -1 0 0
    outer loop
      vertex 94.6793136597 24.2958374023 53.4340286255
      vertex 94.6793136597 25.1771259308 53.6913719177
      vertex 94.6793136597 24.4318466187 53.4670295715
    endloop
  endfacet
  facet normal -1 0 0
    outer loop
      vertex 94.6793136597 23.1345291138 53.1426277161
      vertex 94.6793136597 24.2958374023 53.4340286255
      vertex 94.6793136597 23.2445526123 53.1615333557
    endloop
  endfacet
  facet normal -1 0 0
    outer loop
      vertex 94.6793136597 21.8110084534 52.900604248
      vertex 94.6793136597 24.2958374023 53.4340286255
      vertex 94.6793136597 23.1345291138 53.1426277161
    endloop
  endfacet
  facet normal -1 0 0
    outer loop
      vertex 94.6793136597 21.8110084534 52.900604248
      vertex 94.6793136597 23.1345291138 53.1426277161
      vertex 94.6793136597 22.0513477325 52.92786026
    endloop
  endfacet
  facet normal -1 2.61444324678e-06 5.6124895309e-07
    outer loop
      vertex 94.6793136597 24.2958374023 53.4340286255
      vertex 94.6793136597 21.8110084534 52.900604248
      vertex 94.6793136597 23.5783576965 55.2572402954
    endloop
  endfacet
  facet normal -1 2.11006567952e-06 -2.3581301889e-07
    outer loop
      vertex 94.6793136597 27.8891391754 54.702457428
      vertex 94.6793136597 25.5849056244 57.4098320007
      vertex 94.6793136597 27.9820861816 57.1419296265
    endloop
  endfacet
  facet normal -1 2.16503781303e-06 1.20698700812e-06
    outer loop
      vertex 94.6793136597 27.8891391754 54.702457428
      vertex 94.6793136597 27.9820861816 57.1419296265
      vertex 94.6793136597 29.8718566895 55.807800293
    endloop
  endfacet
  facet normal -1 -0 0
    outer loop
      vertex 94.6793136597 24.6371326447 98.8746490479
      vertex 94.6793136597 25.5579395294 98.5770874023
      vertex 94.6793136597 24.2962245941 98.961730957
    endloop
  endfacet
  facet normal -1 -3.40726592185e-06 1.29167676732e-06
    outer loop
      vertex 94.6793136597 25.7788829803 98.497215271
      vertex 94.6793136597 27.6523990631 97.7869796753
      vertex 94.6793136597 25.8579349518 96.950088501
    endloop
  endfacet
  facet normal -1 -1.88207570773e-06 2.00298359232e-06
    outer loop
      vertex 94.6793136597 27.4439468384 95.2621917725
      vertex 94.6793136597 25.8579349518 96.950088501
      vertex 94.6793136597 27.6523990631 97.7869796753
    endloop
  endfacet
  facet normal -1 -1.96116934603e-06 1.04499019926e-06
    outer loop
      vertex 94.6793136597 29.5889205933 96.7551193237
      vertex 94.6793136597 27.4439468384 95.2621917725
      vertex 94.6793136597 27.6523990631 97.7869796753
    endloop
  endfacet
  facet normal -1 0 0
    outer loop
      vertex 94.6793136597 29.5889205933 96.7551193237
      vertex 94.6793136597 27.6523990631 97.7869796753
      vertex 94.6793136597 28.2622318268 97.5327072144
    endloop
  endfacet
  facet normal -1 0 0
    outer loop
      vertex 94.6793136597 28.2622318268 97.5327072144
      vertex 94.6793136597 27.6523990631 97.7869796753
      vertex 94.6793136597 28.003944397 97.6513519287
    endloop
  endfacet
  facet normal -1 0 0
    outer loop
      vertex 94.6793136597 28.2622318268 97.5327072144
      vertex 94.6793136597 28.003944397 97.6513519287
      vertex 94.6793136597 28.1662082672 97.5810089111
    endloop
  endfacet
  facet normal -1 -1.71032957041e-06 1.21957805277e-06
    outer loop
      vertex 94.6793136597 27.4439468384 95.2621917725
      vertex 94.6793136597 29.5889205933 96.7551193237
      vertex 94.6793136597 29.5757980347 93.7420349121
    endloop
  endfacet
  facet normal -1 -0 0
    outer loop
      vertex 94.6793136597 27.4439468384 95.2621917725
      vertex 94.6793136597 29.5757980347 93.7420349121
      vertex 94.6793136597 27.0016517639 92.8618469238
    endloop
  endfacet
  facet normal -1 0 -0
    outer loop
      vertex 94.6793136597 24.9456062317 94.4395141602
      vertex 94.6793136597 27.4439468384 95.2621917725
      vertex 94.6793136597 27.0016517639 92.8618469238
    endloop
  endfacet
  facet normal -1 0 0
    outer loop
      vertex 94.6793136597 27.4439468384 95.2621917725
      vertex 94.6793136597 24.9456062317 94.4395141602
      vertex 94.6793136597 25.8579349518 96.950088501
    endloop
  endfacet
  facet normal -1 -1.71086492173e-06 1.09665302261e-06
    outer loop
      vertex 94.6793136597 31.4259681702 95.577583313
      vertex 94.6793136597 29.5757980347 93.7420349121
      vertex 94.6793136597 29.5889205933 96.7551193237
    endloop
  endfacet
  facet normal -1 0 0
    outer loop
      vertex 94.6793136597 31.4259681702 95.577583313
      vertex 94.6793136597 29.5889205933 96.7551193237
      vertex 94.6793136597 30.9718532562 95.9179534912
    endloop
  endfacet
  facet normal -1 -1.55017585257e-06 1.25607232349e-06
    outer loop
      vertex 94.6793136597 32.7220153809 94.5274276733
      vertex 94.6793136597 29.5757980347 93.7420349121
      vertex 94.6793136597 31.4259681702 95.577583313
    endloop
  endfacet
  facet normal -1 0 0
    outer loop
      vertex 94.6793136597 31.4259681702 95.577583313
      vertex 94.6793136597 32.0142250061 95.136680603
      vertex 94.6793136597 32.7220153809 94.5274276733
    endloop
  endfacet
  facet normal -1 -9.09582183795e-07 1.41598331993e-06
    outer loop
      vertex 94.6793136597 29.5757980347 93.7420349121
      vertex 94.6793136597 32.7220153809 94.5274276733
      vertex 94.6793136597 31.1987419128 91.2155380249
    endloop
  endfacet
  facet normal -1 -1.55816417191e-06 5.84380410729e-09
    outer loop
      vertex 94.6793136597 34.3492736816 91.2037200928
      vertex 94.6793136597 31.1987419128 91.2155380249
      vertex 94.6793136597 32.7220153809 94.5274276733
    endloop
  endfacet
  facet normal -1 -2.82924315798e-06 2.6020511541e-06
    outer loop
      vertex 94.6793136597 34.2693405151 93.1043548584
      vertex 94.6793136597 34.3492736816 91.2037200928
      vertex 94.6793136597 32.7220153809 94.5274276733
    endloop
  endfacet
  facet normal -1 0 0
    outer loop
      vertex 94.6793136597 34.2693405151 93.1043548584
      vertex 94.6793136597 32.7220153809 94.5274276733
      vertex 94.6793136597 33.6871681213 93.7015380859
    endloop
  endfacet
  facet normal -1 -2.84243355964e-06 2.91569767796e-06
    outer loop
      vertex 94.6793136597 34.8257827759 92.5335693359
      vertex 94.6793136597 34.3492736816 91.2037200928
      vertex 94.6793136597 34.2693405151 93.1043548584
    endloop
  endfacet
  facet normal -1 -2.71749149761e-06 3.2643852137e-06
    outer loop
      vertex 94.6793136597 35.5276947021 91.6903991699
      vertex 94.6793136597 34.3492736816 91.2037200928
      vertex 94.6793136597 34.8257827759 92.5335693359
    endloop
  endfacet
  facet normal -1 -2.71747012448e-06 3.26439408127e-06
    outer loop
      vertex 94.6793136597 35.5276947021 91.6903991699
      vertex 94.6793136597 36.4187469482 90.620010376
      vertex 94.6793136597 34.3492736816 91.2037200928
    endloop
  endfacet
  facet normal -1 -2.2601159344e-06 3.13539430863e-06
    outer loop
      vertex 94.6793136597 36.4187469482 90.620010376
      vertex 94.6793136597 36.7261009216 90.1936264038
      vertex 94.6793136597 34.3492736816 91.2037200928
    endloop
  endfacet
  facet normal -1 -8.79437322965e-07 2.54864016824e-06
    outer loop
      vertex 94.6793136597 34.3492736816 91.2037200928
      vertex 94.6793136597 36.7261009216 90.1936264038
      vertex 94.6793136597 35.2878494263 88.4836959839
    endloop
  endfacet
  facet normal -1 0 -0
    outer loop
      vertex 94.6793136597 32.5690193176 88.7529983521
      vertex 94.6793136597 34.3492736816 91.2037200928
      vertex 94.6793136597 35.2878494263 88.4836959839
    endloop
  endfacet
  facet normal -1 0 0
    outer loop
      vertex 94.6793136597 32.5690193176 88.7529983521
      vertex 94.6793136597 35.2878494263 88.4836959839
      vertex 94.6793136597 33.826675415 86.4042205811
    endloop
  endfacet
  facet normal -1 0 0
    outer loop
      vertex 94.6793136597 33.826675415 86.4042205811
      vertex 94.6793136597 31.2769432068 86.7338790894
      vertex 94.6793136597 32.5690193176 88.7529983521
    endloop
  endfacet
  facet normal -1 0 0
    outer loop
      vertex 94.6793136597 32.5690193176 88.7529983521
      vertex 94.6793136597 31.2769432068 86.7338790894
      vertex 94.6793136597 30.2646446228 88.802192688
    endloop
  endfacet
  facet normal -1 -0 0
    outer loop
      vertex 94.6793136597 31.1987419128 91.2155380249
      vertex 94.6793136597 32.5690193176 88.7529983521
      vertex 94.6793136597 30.2646446228 88.802192688
    endloop
  endfacet
  facet normal -1 0 0
    outer loop
      vertex 94.6793136597 34.3492736816 91.2037200928
      vertex 94.6793136597 32.5690193176 88.7529983521
      vertex 94.6793136597 31.1987419128 91.2155380249
    endloop
  endfacet
  facet normal -1 0 0
    outer loop
      vertex 94.6793136597 33.826675415 86.4042205811
      vertex 94.6793136597 32.3163909912 84.6349868774
      vertex 94.6793136597 31.2769432068 86.7338790894
    endloop
  endfacet
  facet normal -1 -0 0
    outer loop
      vertex 94.6793136597 33.826675415 86.4042205811
      vertex 94.6793136597 34.7437934875 83.6405105591
      vertex 94.6793136597 32.3163909912 84.6349868774
    endloop
  endfacet
  facet normal -1 0 0
    outer loop
      vertex 94.6793136597 34.7437934875 83.6405105591
      vertex 94.6793136597 33.826675415 86.4042205811
      vertex 94.6793136597 36.7167739868 86.1644668579
    endloop
  endfacet
  facet normal -1 -0 0
    outer loop
      vertex 94.6793136597 36.7167739868 86.1644668579
      vertex 94.6793136597 37.7858047485 83.7277526855
      vertex 94.6793136597 34.7437934875 83.6405105591
    endloop
  endfacet
  facet normal -1 0 0
    outer loop
      vertex 94.6793136597 37.7858047485 83.7277526855
      vertex 94.6793136597 36.2290916443 82.0952301025
      vertex 94.6793136597 34.7437934875 83.6405105591
    endloop
  endfacet
  facet normal -1 -0 0
    outer loop
      vertex 94.6793136597 37.7858047485 83.7277526855
      vertex 94.6793136597 37.8543319702 80.8119049072
      vertex 94.6793136597 36.2290916443 82.0952301025
    endloop
  endfacet
  facet normal -1 -4.98539698413e-08 2.12136387745e-06
    outer loop
      vertex 94.6793136597 37.8543319702 80.8119049072
      vertex 94.6793136597 37.7858047485 83.7277526855
      vertex 94.6793136597 40.2438201904 82.8256454468
    endloop
  endfacet
  facet normal -1 -4.31159747905e-07 1.80001779881e-06
    outer loop
      vertex 94.6793136597 40.7773971558 80.5980529785
      vertex 94.6793136597 37.8543319702 80.8119049072
      vertex 94.6793136597 40.2438201904 82.8256454468
    endloop
  endfacet
  facet normal -1 0 0
    outer loop
      vertex 94.6793136597 40.7773971558 80.5980529785
      vertex 94.6793136597 40.2438201904 82.8256454468
      vertex 94.6793136597 40.5665550232 81.7519683838
    endloop
  endfacet
  facet normal -1 -8.90332046311e-07 1.83361009931e-06
    outer loop
      vertex 94.6793136597 39.2206993103 77.9979095459
      vertex 94.6793136597 37.8543319702 80.8119049072
      vertex 94.6793136597 40.7773971558 80.5980529785
    endloop
  endfacet
  facet normal -1 -3.80911671982e-07 2.68449457508e-06
    outer loop
      vertex 94.6793136597 39.2206993103 77.9979095459
      vertex 94.6793136597 40.7773971558 80.5980529785
      vertex 94.6793136597 41.1225738525 78.1654052734
    endloop
  endfacet
  facet normal -1 -7.5072563277e-08 2.71142971542e-06
    outer loop
      vertex 94.6793136597 41.1976852417 75.4524993896
      vertex 94.6793136597 39.2206993103 77.9979095459
      vertex 94.6793136597 41.1225738525 78.1654052734
    endloop
  endfacet
  facet normal -1 0 0
    outer loop
      vertex 94.6793136597 41.1976852417 75.4524993896
      vertex 94.6793136597 41.1225738525 78.1654052734
      vertex 94.6793136597 41.2437667847 76.1998062134
    endloop
  endfacet
  facet normal -1 6.62148693209e-07 1.762241709e-06
    outer loop
      vertex 94.6793136597 39.2206993103 77.9979095459
      vertex 94.6793136597 41.1976852417 75.4524993896
      vertex 94.6793136597 38.1724395752 75.2080612183
    endloop
  endfacet
  facet normal -1 1.05884979007e-07 1.71729686826e-06
    outer loop
      vertex 94.6793136597 38.1724395752 75.2080612183
      vertex 94.6793136597 41.1976852417 75.4524993896
      vertex 94.6793136597 41.0719871521 73.4138565063
    endloop
  endfacet
  facet normal -1 -2.95307557963e-07 1.96554992726e-06
    outer loop
      vertex 94.6793136597 41.0719871521 73.4138565063
      vertex 94.6793136597 38.6249389648 72.1962432861
      vertex 94.6793136597 38.1724395752 75.2080612183
    endloop
  endfacet
  facet normal -1 4.24593451953e-07 2.32376078202e-06
    outer loop
      vertex 94.6793136597 38.6249389648 72.1962432861
      vertex 94.6793136597 41.0719871521 73.4138565063
      vertex 94.6793136597 40.8783912659 72.3543243408
    endloop
  endfacet
  facet normal -1 4.24588051828e-07 2.32376032727e-06
    outer loop
      vertex 94.6793136597 40.5665550232 70.6476364136
      vertex 94.6793136597 38.6249389648 72.1962432861
      vertex 94.6793136597 40.8783912659 72.3543243408
    endloop
  endfacet
  facet normal -1 4.40214364517e-07 2.31129706663e-06
    outer loop
      vertex 94.6793136597 38.0568580627 69.2136077881
      vertex 94.6793136597 38.6249389648 72.1962432861
      vertex 94.6793136597 40.5665550232 70.6476364136
    endloop
  endfacet
  facet normal -1 7.47527280964e-07 2.48689457294e-06
    outer loop
      vertex 94.6793136597 40.5665550232 70.6476364136
      vertex 94.6793136597 39.985294342 68.7138900757
      vertex 94.6793136597 38.0568580627 69.2136077881
    endloop
  endfacet
  facet normal -1 9.1172177008e-07 2.44434681917e-06
    outer loop
      vertex 94.6793136597 39.1730537415 66.5362472534
      vertex 94.6793136597 38.0568580627 69.2136077881
      vertex 94.6793136597 39.985294342 68.7138900757
    endloop
  endfacet
  facet normal -1 0 0
    outer loop
      vertex 94.6793136597 39.1730537415 66.5362472534
      vertex 94.6793136597 39.985294342 68.7138900757
      vertex 94.6793136597 39.7422904968 67.905456543
    endloop
  endfacet
  facet normal -1 8.13974224911e-07 2.67880886895e-06
    outer loop
      vertex 94.6793136597 38.0568580627 69.2136077881
      vertex 94.6793136597 39.1730537415 66.5362472534
      vertex 94.6793136597 37.2412071228 66.5292739868
    endloop
  endfacet
  facet normal -1 1.25613019009e-06 2.68040435003e-06
    outer loop
      vertex 94.6793136597 39.1730537415 66.5362472534
      vertex 94.6793136597 38.5429077148 65.1916046143
      vertex 94.6793136597 37.2412071228 66.5292739868
    endloop
  endfacet
  facet normal -1 1.46749505348e-06 2.46319837061e-06
    outer loop
      vertex 94.6793136597 37.2412071228 66.5292739868
      vertex 94.6793136597 38.5429077148 65.1916046143
      vertex 94.6793136597 37.680015564 63.7432403564
    endloop
  endfacet
  facet normal -1 0 0
    outer loop
      vertex 94.6793136597 38.0568580627 69.2136077881
      vertex 94.6793136597 35.6519546509 71.1945648193
      vertex 94.6793136597 38.6249389648 72.1962432861
    endloop
  endfacet
  facet normal -1 0 0
    outer loop
      vertex 94.6793136597 41.1225738525 78.1654052734
      vertex 94.6793136597 40.7773971558 80.5980529785
      vertex 94.6793136597 41.0719909668 78.9857559204
    endloop
  endfacet
  facet normal -1 -7.70536075834e-07 2.38585835177e-06
    outer loop
      vertex 94.6793136597 39.5749893188 84.8965911865
      vertex 94.6793136597 40.2438201904 82.8256454468
      vertex 94.6793136597 37.7858047485 83.7277526855
    endloop
  endfacet
  facet normal -1 -9.44626265209e-07 2.2721287678e-06
    outer loop
      vertex 94.6793136597 39.5749893188 84.8965911865
      vertex 94.6793136597 37.7858047485 83.7277526855
      vertex 94.6793136597 39.1730537415 85.8633728027
    endloop
  endfacet
  facet normal -1 -9.75783564172e-07 2.22416338147e-06
    outer loop
      vertex 94.6793136597 36.7167739868 86.1644668579
      vertex 94.6793136597 39.1730537415 85.8633728027
      vertex 94.6793136597 37.7858047485 83.7277526855
    endloop
  endfacet
  facet normal -1 -1.04636797005e-06 2.23281585932e-06
    outer loop
      vertex 94.6793136597 38.7385978699 86.7904434204
      vertex 94.6793136597 39.1730537415 85.8633728027
      vertex 94.6793136597 36.7167739868 86.1644668579
    endloop
  endfacet
  facet normal -1 -1.23000495478e-06 2.17595970753e-06
    outer loop
      vertex 94.6793136597 37.7548980713 88.5306777954
      vertex 94.6793136597 38.7385978699 86.7904434204
      vertex 94.6793136597 36.7167739868 86.1644668579
    endloop
  endfacet
  facet normal -1 -1.27602550037e-06 2.07106472772e-06
    outer loop
      vertex 94.6793136597 35.2878494263 88.4836959839
      vertex 94.6793136597 37.7548980713 88.5306777954
      vertex 94.6793136597 36.7167739868 86.1644668579
    endloop
  endfacet
  facet normal -1 -0 0
    outer loop
      vertex 94.6793136597 35.2878494263 88.4836959839
      vertex 94.6793136597 36.7167739868 86.1644668579
      vertex 94.6793136597 33.826675415 86.4042205811
    endloop
  endfacet
  facet normal -1 -1.28121689613e-06 2.07096582017e-06
    outer loop
      vertex 94.6793136597 37.7548980713 88.5306777954
      vertex 94.6793136597 35.2878494263 88.4836959839
      vertex 94.6793136597 36.7261009216 90.1936264038
    endloop
  endfacet
  facet normal -1 0 0
    outer loop
      vertex 94.6793136597 37.7548980713 88.5306777954
      vertex 94.6793136597 36.7261009216 90.1936264038
      vertex 94.6793136597 36.9455070496 89.8892440796
    endloop
  endfacet
  facet normal -1 0 0
    outer loop
      vertex 94.6793136597 38.7385978699 86.7904434204
      vertex 94.6793136597 37.7548980713 88.5306777954
      vertex 94.6793136597 38.5429115295 87.2080078125
    endloop
  endfacet
  facet normal -1 0 0
    outer loop
      vertex 94.6793136597 40.2438201904 82.8256454468
      vertex 94.6793136597 39.5749893188 84.8965911865
      vertex 94.6793136597 39.7422981262 84.4941558838
    endloop
  endfacet
  facet normal -1 0 0
    outer loop
      vertex 94.6793136597 28.40675354 86.9698944092
      vertex 94.6793136597 25.6205005646 88.2888031006
      vertex 94.6793136597 28.1600704193 90.4081268311
    endloop
  endfacet
  facet normal -1 0 0
    outer loop
      vertex 94.6793136597 28.1600704193 90.4081268311
      vertex 94.6793136597 25.6205005646 88.2888031006
      vertex 94.6793136597 25.2955989838 91.2002258301
    endloop
  endfacet
  facet normal -1 0 0
    outer loop
      vertex 94.6793136597 25.6205005646 88.2888031006
      vertex 94.6793136597 22.8287849426 89.4980697632
      vertex 94.6793136597 25.2955989838 91.2002258301
    endloop
  endfacet
  facet normal -1 -5.78961953579e-06 -1.44060379625e-06
    outer loop
      vertex 94.6793136597 14.9497613907 99.1760406494
      vertex 94.6793136597 15.4668006897 99.3046875
      vertex 94.6793136597 15.3807907104 98.3904190063
    endloop
  endfacet
  facet normal -1 -5.77565651838e-06 -1.29218108214e-06
    outer loop
      vertex 94.6793136597 15.4668006897 99.3046875
      vertex 94.6793136597 15.5515289307 99.3236465454
      vertex 94.6793136597 15.3807907104 98.3904190063
    endloop
  endfacet
  facet normal -1 -5.74312980461e-06 -1.11439555894e-06
    outer loop
      vertex 94.6793136597 15.5515289307 99.3236465454
      vertex 94.6793136597 16.4257450104 99.4932785034
      vertex 94.6793136597 15.3807907104 98.3904190063
    endloop
  endfacet
  facet normal -1 -4.49061599284e-06 2.0752349883e-07
    outer loop
      vertex 94.6793136597 15.3807907104 98.3904190063
      vertex 94.6793136597 16.4257450104 99.4932785034
      vertex 94.6793136597 18.4399471283 98.2490463257
    endloop
  endfacet
  facet normal -1 -3.69484519069e-06 -2.84047160903e-07
    outer loop
      vertex 94.6793136597 19.2490196228 99.7103271484
      vertex 94.6793136597 18.4399471283 98.2490463257
      vertex 94.6793136597 16.4257450104 99.4932785034
    endloop
  endfacet
  facet normal -1 0 0
    outer loop
      vertex 94.6793136597 19.2490196228 99.7103271484
      vertex 94.6793136597 16.4257450104 99.4932785034
      vertex 94.6793136597 17.7084980011 99.6639328003
    endloop
  endfacet
  facet normal -1 0 0
    outer loop
      vertex 94.6793136597 19.2490196228 99.7103271484
      vertex 94.6793136597 17.7084980011 99.6639328003
      vertex 94.6793136597 18.2630672455 99.7081985474
    endloop
  endfacet
  facet normal -1 0 0
    outer loop
      vertex 94.6793136597 19.2490196228 99.7103271484
      vertex 94.6793136597 18.2630672455 99.7081985474
      vertex 94.6793136597 19.1558742523 99.7143859863
    endloop
  endfacet
  facet normal -1 0 0
    outer loop
      vertex 94.6793136597 19.1558742523 99.7143859863
      vertex 94.6793136597 18.2630672455 99.7081985474
      vertex 94.6793136597 18.7079162598 99.7245635986
    endloop
  endfacet
  facet normal -1 0 0
    outer loop
      vertex 94.6793136597 17.7084980011 99.6639328003
      vertex 94.6793136597 16.4257450104 99.4932785034
      vertex 94.6793136597 17.3600788116 99.6282348633
    endloop
  endfacet
  facet normal -1 0 0
    outer loop
      vertex 94.6793136597 17.3600788116 99.6282348633
      vertex 94.6793136597 16.4257450104 99.4932785034
      vertex 94.6793136597 16.6536808014 99.5307693481
    endloop
  endfacet
  facet normal -1 -3.41358509104e-06 2.2393993504e-07
    outer loop
      vertex 94.6793136597 19.2490196228 99.7103271484
      vertex 94.6793136597 21.3830337524 99.5703277588
      vertex 94.6793136597 18.4399471283 98.2490463257
    endloop
  endfacet
  facet normal -1 0 0
    outer loop
      vertex 94.6793136597 19.2490196228 99.7103271484
      vertex 94.6793136597 20.0974082947 99.6942596436
      vertex 94.6793136597 21.3830337524 99.5703277588
    endloop
  endfacet
  facet normal -1 0 0
    outer loop
      vertex 94.6793136597 20.0974082947 99.6942596436
      vertex 94.6793136597 20.8597774506 99.6308898926
      vertex 94.6793136597 21.3830337524 99.5703277588
    endloop
  endfacet
  facet normal -1 0 0
    outer loop
      vertex 94.6793136597 20.8597774506 99.6308898926
      vertex 94.6793136597 21.1065196991 99.6039810181
      vertex 94.6793136597 21.3830337524 99.5703277588
    endloop
  endfacet
  facet normal -1 0 0
    outer loop
      vertex 94.6793136597 21.1065196991 99.6039810181
      vertex 94.6793136597 20.8597774506 99.6308898926
      vertex 94.6793136597 20.9277019501 99.6249237061
    endloop
  endfacet
  facet normal -1 0 0
    outer loop
      vertex 94.6793136597 20.0974082947 99.6942596436
      vertex 94.6793136597 19.2490196228 99.7103271484
      vertex 94.6793136597 19.6931972504 99.7152252197
    endloop
  endfacet
  facet normal -1 0 0
    outer loop
      vertex 94.6793136597 18.1344528198 52.7178535461
      vertex 94.6793136597 19.1610450745 52.6850318909
      vertex 94.6793136597 18.7179164886 52.6747932434
    endloop
  endfacet
  facet normal -1 0 0
    outer loop
      vertex 94.6793136597 17.1012897491 52.8138923645
      vertex 94.6793136597 18.1344528198 52.7178535461
      vertex 94.6793136597 17.7228088379 52.7343597412
    endloop
  endfacet
  facet normal -1 0 0
    outer loop
      vertex 94.6793136597 14.5680990219 53.2802238464
      vertex 94.6793136597 14.950053215 53.2229423523
      vertex 94.6793136597 14.6072587967 53.2731971741
    endloop
  endfacet
  facet normal -1 1.55169300342e-06 1.33426070192e-07
    outer loop
      vertex 94.6793136597 15.6569166183 57.3700294495
      vertex 94.6793136597 12.4545135498 53.7632255554
      vertex 94.6793136597 13.310792923 57.1682929993
    endloop
  endfacet
  facet normal -1 0 0
    outer loop
      vertex 94.6793136597 21.4246482849 70.5597839355
      vertex 94.6793136597 19.76146698 67.5454330444
      vertex 94.6793136597 17.7470645905 70.9230194092
    endloop
  endfacet
  facet normal -1 0 0
    outer loop
      vertex 94.6793136597 21.4246482849 70.5597839355
      vertex 94.6793136597 17.7470645905 70.9230194092
      vertex 94.6793136597 20.6798362732 73.5807800293
    endloop
  endfacet
  facet normal -1 0 0
    outer loop
      vertex 94.6793136597 17.7470645905 70.9230194092
      vertex 94.6793136597 18.4095840454 73.8151626587
      vertex 94.6793136597 20.6798362732 73.5807800293
    endloop
  endfacet
  facet normal -1 0 0
    outer loop
      vertex 94.6793136597 20.6798362732 73.5807800293
      vertex 94.6793136597 18.4095840454 73.8151626587
      vertex 94.6793136597 19.1400375366 75.9487457275
    endloop
  endfacet
  facet normal -1 0 0
    outer loop
      vertex 94.6793136597 20.6798362732 73.5807800293
      vertex 94.6793136597 19.1400375366 75.9487457275
      vertex 94.6793136597 21.374994278 76.4880447388
    endloop
  endfacet
  facet normal -1 0 0
    outer loop
      vertex 94.6793136597 20.6798362732 73.5807800293
      vertex 94.6793136597 21.374994278 76.4880447388
      vertex 94.6793136597 22.7676506042 75.0409851074
    endloop
  endfacet
  facet normal -1 0 -0
    outer loop
      vertex 94.6793136597 21.374994278 76.4880447388
      vertex 94.6793136597 23.8699131012 77.1319198608
      vertex 94.6793136597 22.7676506042 75.0409851074
    endloop
  endfacet
  facet normal -1 0 0
    outer loop
      vertex 94.6793136597 23.8699131012 77.1319198608
      vertex 94.6793136597 21.374994278 76.4880447388
      vertex 94.6793136597 21.4650535583 79.2236099243
    endloop
  endfacet
  facet normal -1 0 0
    outer loop
      vertex 94.6793136597 21.374994278 76.4880447388
      vertex 94.6793136597 19.3741798401 78.2647857666
      vertex 94.6793136597 21.4650535583 79.2236099243
    endloop
  endfacet
  facet normal -1 0 0
    outer loop
      vertex 94.6793136597 19.2434444427 80.856086731
      vertex 94.6793136597 21.4650535583 79.2236099243
      vertex 94.6793136597 19.3741798401 78.2647857666
    endloop
  endfacet
  facet normal -1 -0 0
    outer loop
      vertex 94.6793136597 19.2434444427 80.856086731
      vertex 94.6793136597 19.3741798401 78.2647857666
      vertex 94.6793136597 16.2303142548 79.7779998779
    endloop
  endfacet
  facet normal -1 0 0
    outer loop
      vertex 94.6793136597 19.2434444427 80.856086731
      vertex 94.6793136597 16.2303142548 79.7779998779
      vertex 94.6793136597 17.4522399902 81.8871307373
    endloop
  endfacet
  facet normal -1 0 0
    outer loop
      vertex 94.6793136597 17.1584911346 77.2366485596
      vertex 94.6793136597 16.2303142548 79.7779998779
      vertex 94.6793136597 19.3741798401 78.2647857666
    endloop
  endfacet
  facet normal -1 0 -0
    outer loop
      vertex 94.6793136597 17.1584911346 77.2366485596
      vertex 94.6793136597 19.3741798401 78.2647857666
      vertex 94.6793136597 19.1400375366 75.9487457275
    endloop
  endfacet
  facet normal -1 0 0
    outer loop
      vertex 94.6793136597 17.1584911346 77.2366485596
      vertex 94.6793136597 19.1400375366 75.9487457275
      vertex 94.6793136597 17.1602325439 75.3651809692
    endloop
  endfacet
  facet normal -1 1.45413725505e-08 -1.56329806487e-05
    outer loop
      vertex 94.6793136597 17.1602325439 75.3651809692
      vertex 94.6793136597 16.8285942078 76.4047012329
      vertex 94.6793136597 17.1584911346 77.2366485596
    endloop
  endfacet
  facet normal -1 8.01048940957e-07 -1.36495300467e-05
    outer loop
      vertex 94.6793136597 16.8230018616 76.4999847412
      vertex 94.6793136597 17.1584911346 77.2366485596
      vertex 94.6793136597 16.8285942078 76.4047012329
    endloop
  endfacet
  facet normal -1 0 0
    outer loop
      vertex 94.6793136597 16.3893585205 74.4314193726
      vertex 94.6793136597 16.1419429779 74.011756897
      vertex 94.6793136597 16.3418045044 74.3640594482
    endloop
  endfacet
  facet normal -1 0 0
    outer loop
      vertex 94.6793136597 16.3961162567 74.4415359497
      vertex 94.6793136597 16.1419429779 74.011756897
      vertex 94.6793136597 16.3893585205 74.4314193726
    endloop
  endfacet
  facet normal -1 -7.17372995496e-06 -1.21299972307e-05
    outer loop
      vertex 94.6793136597 16.3961162567 74.4415359497
      vertex 94.6793136597 16.23645401 73.4509735107
      vertex 94.6793136597 16.1419429779 74.011756897
    endloop
  endfacet
  facet normal -1 -7.21846117813e-06 -1.18645866678e-05
    outer loop
      vertex 94.6793136597 16.1419429779 74.011756897
      vertex 94.6793136597 16.23645401 73.4509735107
      vertex 94.6793136597 16.1266803741 73.9866714478
    endloop
  endfacet
  facet normal -1 -7.56712597649e-06 -1.01630885183e-05
    outer loop
      vertex 94.6793136597 16.1266803741 73.9866714478
      vertex 94.6793136597 16.23645401 73.4509735107
      vertex 94.6793136597 15.8727893829 73.6456832886
    endloop
  endfacet
  facet normal -1 -7.97209395387e-06 -9.94626134343e-06
    outer loop
      vertex 94.6793136597 15.8309898376 73.5935287476
      vertex 94.6793136597 15.8727893829 73.6456832886
      vertex 94.6793136597 16.23645401 73.4509735107
    endloop
  endfacet
  facet normal -1 -9.02353531274e-06 -9.57657630352e-06
    outer loop
      vertex 94.6793136597 15.5667409897 73.3130874634
      vertex 94.6793136597 15.8309898376 73.5935287476
      vertex 94.6793136597 16.23645401 73.4509735107
    endloop
  endfacet
  facet normal -1 -9.96251310426e-06 -9.76989667834e-06
    outer loop
      vertex 94.6793136597 15.4828615189 73.2308273315
      vertex 94.6793136597 15.5667409897 73.3130874634
      vertex 94.6793136597 16.23645401 73.4509735107
    endloop
  endfacet
  facet normal -1 -7.68073368818e-06 -1.52755383169e-05
    outer loop
      vertex 94.6793136597 16.3961162567 74.4415359497
      vertex 94.6793136597 16.5889816284 74.8251113892
      vertex 94.6793136597 16.23645401 73.4509735107
    endloop
  endfacet
  facet normal -1 -8.03134207672e-06 -1.66421996255e-05
    outer loop
      vertex 94.6793136597 16.23645401 73.4509735107
      vertex 94.6793136597 16.5889816284 74.8251113892
      vertex 94.6793136597 17.1602325439 75.3651809692
    endloop
  endfacet
  facet normal -1 -0 0
    outer loop
      vertex 94.6793136597 17.1602325439 75.3651809692
      vertex 94.6793136597 18.4095840454 73.8151626587
      vertex 94.6793136597 16.23645401 73.4509735107
    endloop
  endfacet
  facet normal -1 0 0
    outer loop
      vertex 94.6793136597 17.7470645905 70.9230194092
      vertex 94.6793136597 16.23645401 73.4509735107
      vertex 94.6793136597 18.4095840454 73.8151626587
    endloop
  endfacet
  facet normal -1 0 -0
    outer loop
      vertex 94.6793136597 17.1602325439 75.3651809692
      vertex 94.6793136597 19.1400375366 75.9487457275
      vertex 94.6793136597 18.4095840454 73.8151626587
    endloop
  endfacet
  facet normal -1 -7.9058272604e-06 -1.65235360328e-05
    outer loop
      vertex 94.6793136597 16.612701416 74.8746871948
      vertex 94.6793136597 17.1602325439 75.3651809692
      vertex 94.6793136597 16.5889816284 74.8251113892
    endloop
  endfacet
  facet normal -1 -4.42095233666e-06 -1.34016681841e-05
    outer loop
      vertex 94.6793136597 16.7358951569 75.2481384277
      vertex 94.6793136597 17.1602325439 75.3651809692
      vertex 94.6793136597 16.612701416 74.8746871948
    endloop
  endfacet
  facet normal -1 -4.20663900513e-06 -1.33425546665e-05
    outer loop
      vertex 94.6793136597 16.7610702515 75.3279876709
      vertex 94.6793136597 17.1602325439 75.3651809692
      vertex 94.6793136597 16.7358951569 75.2481384277
    endloop
  endfacet
  facet normal -1 -2.76142827715e-06 -1.3207885786e-05
    outer loop
      vertex 94.6793136597 16.7994308472 75.5114593506
      vertex 94.6793136597 17.1602325439 75.3651809692
      vertex 94.6793136597 16.7610702515 75.3279876709
    endloop
  endfacet
  facet normal -1 -2.66036113317e-06 -1.32488621603e-05
    outer loop
      vertex 94.6793136597 16.8086299896 75.5572738647
      vertex 94.6793136597 17.1602325439 75.3651809692
      vertex 94.6793136597 16.7994308472 75.5114593506
    endloop
  endfacet
  facet normal -1 -1.28865929128e-06 -1.39982657856e-05
    outer loop
      vertex 94.6793136597 16.8427848816 75.9282989502
      vertex 94.6793136597 17.1602325439 75.3651809692
      vertex 94.6793136597 16.8086299896 75.5572738647
    endloop
  endfacet
  facet normal -1 -1.24909013266e-06 -1.40684569487e-05
    outer loop
      vertex 94.6793136597 16.8517875671 76.0296859741
      vertex 94.6793136597 17.1602325439 75.3651809692
      vertex 94.6793136597 16.8427848816 75.9282989502
    endloop
  endfacet
  facet normal -1 1.19578476188e-06 -1.93355790543e-05
    outer loop
      vertex 94.6793136597 16.8517875671 76.0296859741
      vertex 94.6793136597 16.8285942078 76.4047012329
      vertex 94.6793136597 17.1602325439 75.3651809692
    endloop
  endfacet
  facet normal -1 2.25572671297e-06 -1.04553846541e-05
    outer loop
      vertex 94.6793136597 16.7386417389 76.8909988403
      vertex 94.6793136597 17.1584911346 77.2366485596
      vertex 94.6793136597 16.8230018616 76.4999847412
    endloop
  endfacet
  facet normal -1 2.1711800855e-06 -1.05249891931e-05
    outer loop
      vertex 94.6793136597 16.7235469818 76.9641799927
      vertex 94.6793136597 17.1584911346 77.2366485596
      vertex 94.6793136597 16.7386417389 76.8909988403
    endloop
  endfacet
  facet normal -1 3.47525747202e-06 -9.70805194811e-06
    outer loop
      vertex 94.6793136597 16.6097259521 77.2821350098
      vertex 94.6793136597 17.1584911346 77.2366485596
      vertex 94.6793136597 16.7235469818 76.9641799927
    endloop
  endfacet
  facet normal -1 3.31988576363e-06 -9.69517350313e-06
    outer loop
      vertex 94.6793136597 16.5981311798 77.3159942627
      vertex 94.6793136597 17.1584911346 77.2366485596
      vertex 94.6793136597 16.6097259521 77.2821350098
    endloop
  endfacet
  facet normal -1 0 0
    outer loop
      vertex 94.6793136597 16.3787345886 77.7593994141
      vertex 94.6793136597 16.5981311798 77.3159942627
      vertex 94.6793136597 16.4103527069 77.6838378906
    endloop
  endfacet
  facet normal -1 6.0067591221e-06 -1.065640663e-05
    outer loop
      vertex 94.6793136597 16.3787345886 77.7593994141
      vertex 94.6793136597 16.1400318146 78.1828689575
      vertex 94.6793136597 17.1584911346 77.2366485596
    endloop
  endfacet
  facet normal -1 4.90848287882e-06 -9.92011882772e-06
    outer loop
      vertex 94.6793136597 16.5981311798 77.3159942627
      vertex 94.6793136597 16.3787345886 77.7593994141
      vertex 94.6793136597 17.1584911346 77.2366485596
    endloop
  endfacet
  facet normal -1 2.80590370494e-06 -7.68257177697e-06
    outer loop
      vertex 94.6793136597 17.1584911346 77.2366485596
      vertex 94.6793136597 16.1400318146 78.1828689575
      vertex 94.6793136597 16.2303142548 79.7779998779
    endloop
  endfacet
  facet normal -1 3.00933766084e-06 -4.0882077883e-06
    outer loop
      vertex 94.6793136597 16.1400318146 78.1828689575
      vertex 94.6793136597 15.8457365036 78.5826721191
      vertex 94.6793136597 16.2303142548 79.7779998779
    endloop
  endfacet
  facet normal -1 3.19127047987e-06 -3.52273104909e-06
    outer loop
      vertex 94.6793136597 15.6083688736 78.8446960449
      vertex 94.6793136597 16.2303142548 79.7779998779
      vertex 94.6793136597 15.8457365036 78.5826721191
    endloop
  endfacet
  facet normal -1 0 0
    outer loop
      vertex 94.6793136597 15.6083688736 78.8446960449
      vertex 94.6793136597 15.8457365036 78.5826721191
      vertex 94.6793136597 15.7954149246 78.6354522705
    endloop
  endfacet
  facet normal -1 0 0
    outer loop
      vertex 94.6793136597 15.8457365036 78.5826721191
      vertex 94.6793136597 16.1400318146 78.1828689575
      vertex 94.6793136597 16.110080719 78.2213821411
    endloop
  endfacet
  facet normal -1 0 0
    outer loop
      vertex 94.6793136597 15.2190494537 79.1954345703
      vertex 94.6793136597 15.6083688736 78.8446960449
      vertex 94.6793136597 15.4789905548 78.9564361572
    endloop
  endfacet
  facet normal -1 3.46098568116e-06 -3.11799021802e-06
    outer loop
      vertex 94.6793136597 15.2190494537 79.1954345703
      vertex 94.6793136597 16.2303142548 79.7779998779
      vertex 94.6793136597 15.6083688736 78.8446960449
    endloop
  endfacet
  facet normal -1 0 0
    outer loop
      vertex 94.6793136597 21.374994278 76.4880447388
      vertex 94.6793136597 19.1400375366 75.9487457275
      vertex 94.6793136597 19.3741798401 78.2647857666
    endloop
  endfacet
  facet normal -1 0 0
    outer loop
      vertex 94.6793136597 21.4650535583 79.2236099243
      vertex 94.6793136597 19.2434444427 80.856086731
      vertex 94.6793136597 21.3295001984 81.9686813354
    endloop
  endfacet
  facet normal -1 0 -0
    outer loop
      vertex 94.6793136597 23.3098697662 72.8437271118
      vertex 94.6793136597 26.5562381744 72.8884353638
      vertex 94.6793136597 24.3342151642 70.3758010864
    endloop
  endfacet
  facet normal -1 0 0
    outer loop
      vertex 94.6793136597 26.5562381744 72.8884353638
      vertex 94.6793136597 23.3098697662 72.8437271118
      vertex 94.6793136597 24.7096500397 74.6486434937
    endloop
  endfacet
  facet normal -1 -0 0
    outer loop
      vertex 94.6793136597 18.4211902618 88.2660751343
      vertex 94.6793136597 19.0820713043 85.9585266113
      vertex 94.6793136597 16.4627075195 85.9857406616
    endloop
  endfacet
  facet normal -1 0 0
    outer loop
      vertex 94.6793136597 16.4627075195 85.9857406616
      vertex 94.6793136597 16.0342788696 89.1497268677
      vertex 94.6793136597 18.4211902618 88.2660751343
    endloop
  endfacet
  facet normal -1 -0 0
    outer loop
      vertex 94.6793136597 16.0342788696 89.1497268677
      vertex 94.6793136597 16.4627075195 85.9857406616
      vertex 94.6793136597 13.7324867249 87.50730896
    endloop
  endfacet
  facet normal -1 -0 0
    outer loop
      vertex 94.6793136597 13.7324867249 87.50730896
      vertex 94.6793136597 16.4627075195 85.9857406616
      vertex 94.6793136597 13.5398788452 84.3888473511
    endloop
  endfacet
  facet normal -1 0 -0
    outer loop
      vertex 94.6793136597 11.3551616669 85.9410400391
      vertex 94.6793136597 13.7324867249 87.50730896
      vertex 94.6793136597 13.5398788452 84.3888473511
    endloop
  endfacet
  facet normal -1 -0 0
    outer loop
      vertex 94.6793136597 11.3551616669 85.9410400391
      vertex 94.6793136597 13.5398788452 84.3888473511
      vertex 94.6793136597 11.3357200623 82.2424850464
    endloop
  endfacet
  facet normal -1 0 0
    outer loop
      vertex 94.6793136597 11.3357200623 82.2424850464
      vertex 94.6793136597 9.02744197845 84.6315994263
      vertex 94.6793136597 11.3551616669 85.9410400391
    endloop
  endfacet
  facet normal -1 0 0
    outer loop
      vertex 94.6793136597 11.3357200623 82.2424850464
      vertex 94.6793136597 9.08714103699 81.2034988403
      vertex 94.6793136597 9.02744197845 84.6315994263
    endloop
  endfacet
  facet normal -1 0 -0
    outer loop
      vertex 94.6793136597 6.87209939957 83.5348815918
      vertex 94.6793136597 9.02744197845 84.6315994263
      vertex 94.6793136597 9.08714103699 81.2034988403
    endloop
  endfacet
  facet normal -1 0 0
    outer loop
      vertex 94.6793136597 6.18706512451 80.4056549072
      vertex 94.6793136597 6.87209939957 83.5348815918
      vertex 94.6793136597 9.08714103699 81.2034988403
    endloop
  endfacet
  facet normal -1 0 0
    outer loop
      vertex 94.6793136597 2.09012293816 86.6954574585
      vertex 94.6793136597 1.49251174927 84.4451065063
      vertex 94.6793136597 -0.0433501154184 86.0341033936
    endloop
  endfacet
  facet normal -1 -1.24230530218e-06 -1.78248092197e-06
    outer loop
      vertex 94.6793136597 -2.49664926529 86.4682159424
      vertex 94.6793136597 -3.90484976768 84.4477005005
      vertex 94.6793136597 -5.30004262924 86.6069641113
    endloop
  endfacet
  facet normal -1 -1.19312551305e-06 -1.85859357771e-06
    outer loop
      vertex 94.6793136597 -5.30004262924 86.6069641113
      vertex 94.6793136597 -3.90484976768 84.4477005005
      vertex 94.6793136597 -5.51415014267 86.2734375
    endloop
  endfacet
  facet normal -1 0 0
    outer loop
      vertex 94.6793136597 -8.57946300507 78.0958786011
      vertex 94.6793136597 -8.51395797729 78.6384048462
      vertex 94.6793136597 -7.89584064484 81.3097457886
    endloop
  endfacet
  facet normal -1 0 0
    outer loop
      vertex 94.6793136597 -8.51395797729 78.6384048462
      vertex 94.6793136597 -8.46274089813 78.9298858643
      vertex 94.6793136597 -7.89584064484 81.3097457886
    endloop
  endfacet
  facet normal -1 0 0
    outer loop
      vertex 94.6793136597 -8.46274089813 78.9298858643
      vertex 94.6793136597 -8.37113952637 79.4679260254
      vertex 94.6793136597 -7.89584064484 81.3097457886
    endloop
  endfacet
  facet normal -1 0 0
    outer loop
      vertex 94.6793136597 -8.37113952637 79.4679260254
      vertex 94.6793136597 -8.31643104553 79.7136383057
      vertex 94.6793136597 -7.89584064484 81.3097457886
    endloop
  endfacet
  facet normal -1 -0 -0
    outer loop
      vertex 94.6793136597 -8.22261810303 80.1485977173
      vertex 94.6793136597 -7.89584064484 81.3097457886
      vertex 94.6793136597 -8.31643104553 79.7136383057
    endloop
  endfacet
  facet normal -1 -0 -0
    outer loop
      vertex 94.6793136597 -8.13819217682 80.4608459473
      vertex 94.6793136597 -7.89584064484 81.3097457886
      vertex 94.6793136597 -8.22261810303 80.1485977173
    endloop
  endfacet
  facet normal -1 -0 -0
    outer loop
      vertex 94.6793136597 -8.0007390976 80.9856796265
      vertex 94.6793136597 -7.89584064484 81.3097457886
      vertex 94.6793136597 -8.13819217682 80.4608459473
    endloop
  endfacet
  facet normal -1 0 0
    outer loop
      vertex 94.6793136597 -7.89584064484 81.3097457886
      vertex 94.6793136597 -7.73695230484 81.8166656494
      vertex 94.6793136597 -7.27599620819 83.0000152588
    endloop
  endfacet
  facet normal -1 -1.02572937521e-06 -2.79707887785e-06
    outer loop
      vertex 94.6793136597 -7.89584064484 81.3097457886
      vertex 94.6793136597 -7.27599620819 83.0000152588
      vertex 94.6793136597 -5.6455206871 82.4064865112
    endloop
  endfacet
  facet normal -1 -1.15261218525e-06 -2.75089087154e-06
    outer loop
      vertex 94.6793136597 -7.27599620819 83.0000152588
      vertex 94.6793136597 -7.08216571808 83.4626159668
      vertex 94.6793136597 -5.6455206871 82.4064865112
    endloop
  endfacet
  facet normal -1 8.8534460474e-07 -4.24907511842e-06
    outer loop
      vertex 94.6793136597 -6.05003166199 84.347869873
      vertex 94.6793136597 -5.6455206871 82.4064865112
      vertex 94.6793136597 -7.08216571808 83.4626159668
    endloop
  endfacet
  facet normal -1 -4.22970470026e-06 -8.63620425662e-06
    outer loop
      vertex 94.6793136597 -6.89582014084 83.8431015015
      vertex 94.6793136597 -6.05003166199 84.347869873
      vertex 94.6793136597 -7.08216571808 83.4626159668
    endloop
  endfacet
  facet normal -1 -4.03537296734e-06 -8.52022640174e-06
    outer loop
      vertex 94.6793136597 -6.68959188461 84.2785263062
      vertex 94.6793136597 -6.05003166199 84.347869873
      vertex 94.6793136597 -6.89582014084 83.8431015015
    endloop
  endfacet
  facet normal -1 -4.71229986942e-06 -8.59362262418e-06
    outer loop
      vertex 94.6793136597 -6.46619796753 84.6859207153
      vertex 94.6793136597 -6.05003166199 84.347869873
      vertex 94.6793136597 -6.68959188461 84.2785263062
    endloop
  endfacet
  facet normal -1 -4.60165347249e-06 -8.6834998001e-06
    outer loop
      vertex 94.6793136597 -6.46619796753 84.6859207153
      vertex 94.6793136597 -6.25193786621 85.0902404785
      vertex 94.6793136597 -6.05003166199 84.347869873
    endloop
  endfacet
  facet normal -1 -4.80519383927e-06 -7.93512481323e-06
    outer loop
      vertex 94.6793136597 -6.25193786621 85.0902404785
      vertex 94.6793136597 -6.01893234253 85.4750137329
      vertex 94.6793136597 -6.05003166199 84.347869873
    endloop
  endfacet
  facet normal -1 -4.81337337987e-06 -8.23157552077e-06
    outer loop
      vertex 94.6793136597 -6.01893234253 85.4750137329
      vertex 94.6793136597 -5.82774734497 85.8019714355
      vertex 94.6793136597 -6.05003166199 84.347869873
    endloop
  endfacet
  facet normal -1 0 0
    outer loop
      vertex 94.6793136597 -7.73695230484 81.8166656494
      vertex 94.6793136597 -7.6088104248 82.1558380127
      vertex 94.6793136597 -7.27599620819 83.0000152588
    endloop
  endfacet
  facet normal -1 0 0
    outer loop
      vertex 94.6793136597 -7.6088104248 82.1558380127
      vertex 94.6793136597 -7.43096971512 82.6421432495
      vertex 94.6793136597 -7.27599620819 83.0000152588
    endloop
  endfacet
  facet normal -1 0 0
    outer loop
      vertex 94.6793136597 -2.94329953194 75.3719024658
      vertex 94.6793136597 -2.53559160233 78.1492156982
      vertex 94.6793136597 -0.216324910522 76.6532516479
    endloop
  endfacet
  facet normal -1 0 0
    outer loop
      vertex 94.6793136597 -0.216324910522 76.6532516479
      vertex 94.6793136597 -0.293354958296 73.5469741821
      vertex 94.6793136597 -2.94329953194 75.3719024658
    endloop
  endfacet
  facet normal -1 -0 0
    outer loop
      vertex 94.6793136597 -0.216324910522 76.6532516479
      vertex 94.6793136597 1.54051053524 75.2697372437
      vertex 94.6793136597 -0.293354958296 73.5469741821
    endloop
  endfacet
  facet normal -1 0 0
    outer loop
      vertex 94.6793136597 3.45080065727 73.1597213745
      vertex 94.6793136597 -0.293354958296 73.5469741821
      vertex 94.6793136597 1.54051053524 75.2697372437
    endloop
  endfacet
  facet normal -1 0 0
    outer loop
      vertex 94.6793136597 -0.293354958296 73.5469741821
      vertex 94.6793136597 3.45080065727 73.1597213745
      vertex 94.6793136597 1.06696677208 71.1196670532
    endloop
  endfacet
  facet normal -1 7.26915141058e-06 -5.87169233768e-06
    outer loop
      vertex 94.6793136597 0.554475665092 59.7720603943
      vertex 94.6793136597 -0.109788119793 60.3086242676
      vertex 94.6793136597 -0.638640284538 61.4469451904
    endloop
  endfacet
  facet normal -1 7.40823725209e-06 -6.17106570644e-06
    outer loop
      vertex 94.6793136597 -0.246351182461 60.4223823547
      vertex 94.6793136597 -0.638640284538 61.4469451904
      vertex 94.6793136597 -0.109788119793 60.3086242676
    endloop
  endfacet
  facet normal -1 7.57988664191e-06 -6.61937201585e-06
    outer loop
      vertex 94.6793136597 -0.963254630566 61.0484390259
      vertex 94.6793136597 -0.638640284538 61.4469451904
      vertex 94.6793136597 -0.246351182461 60.4223823547
    endloop
  endfacet
  facet normal -1 7.48093225411e-06 -6.74085140417e-06
    outer loop
      vertex 94.6793136597 -1.00452172756 61.0856246948
      vertex 94.6793136597 -0.638640284538 61.4469451904
      vertex 94.6793136597 -0.963254630566 61.0484390259
    endloop
  endfacet
  facet normal -1 7.31667796572e-06 -6.90305796525e-06
    outer loop
      vertex 94.6793136597 -1.36469221115 61.4254341125
      vertex 94.6793136597 -0.638640284538 61.4469451904
      vertex 94.6793136597 -1.00452172756 61.0856246948
    endloop
  endfacet
  facet normal -1 7.93824983703e-06 -6.88464251652e-06
    outer loop
      vertex 94.6793136597 -1.74421942234 61.7545890808
      vertex 94.6793136597 -0.638640284538 61.4469451904
      vertex 94.6793136597 -1.36469221115 61.4254341125
    endloop
  endfacet
  facet normal -1 7.3723508649e-06 -6.72717305861e-06
    outer loop
      vertex 94.6793136597 -1.77480268478 61.7824935913
      vertex 94.6793136597 -0.638640284538 61.4469451904
      vertex 94.6793136597 -1.74421942234 61.7545890808
    endloop
  endfacet
  facet normal -1 7.02711213307e-06 -6.62521142658e-06
    outer loop
      vertex 94.6793136597 -1.77480268478 61.7824935913
      vertex 94.6793136597 -2.46443891525 62.4326896667
      vertex 94.6793136597 -0.638640284538 61.4469451904
    endloop
  endfacet
  facet normal -1 0 0
    outer loop
      vertex 94.6793136597 4.47383260727 57.185218811
      vertex 94.6793136597 5.47518825531 56.6566925049
      vertex 94.6793136597 5.327272892 56.7325210571
    endloop
  endfacet
  facet normal -1 0 0
    outer loop
      vertex 94.6793136597 4.20651626587 57.3357543945
      vertex 94.6793136597 5.47518825531 56.6566925049
      vertex 94.6793136597 4.47383260727 57.185218811
    endloop
  endfacet
  facet normal -1 0 -0
    outer loop
      vertex 94.6793136597 12.1399354935 53.8524932861
      vertex 94.6793136597 9.63646697998 54.7175636292
      vertex 94.6793136597 12.4545135498 53.7632255554
    endloop
  endfacet
  facet normal -1 0 -0
    outer loop
      vertex 94.6793136597 11.3644227982 54.0921821594
      vertex 94.6793136597 9.63646697998 54.7175636292
      vertex 94.6793136597 12.1399354935 53.8524932861
    endloop
  endfacet
  facet normal -1 0 -0
    outer loop
      vertex 94.6793136597 10.8925876617 54.2499504089
      vertex 94.6793136597 9.63646697998 54.7175636292
      vertex 94.6793136597 11.3644227982 54.0921821594
    endloop
  endfacet
  facet normal -1 0 -0
    outer loop
      vertex 94.6793136597 10.274061203 54.4725456238
      vertex 94.6793136597 9.63646697998 54.7175636292
      vertex 94.6793136597 10.8925876617 54.2499504089
    endloop
  endfacet
  facet normal -1 0 0
    outer loop
      vertex 94.6793136597 13.6582927704 59.5886764526
      vertex 94.6793136597 11.2314891815 57.2723617554
      vertex 94.6793136597 11.487704277 59.6347961426
    endloop
  endfacet
  facet normal -1 0 0
    outer loop
      vertex 94.6793136597 6.41754627228 79.37084198
      vertex 94.6793136597 6.76821517944 79.6107635498
      vertex 94.6793136597 6.45792961121 79.3967285156
    endloop
  endfacet
  facet normal -1 0 0
    outer loop
      vertex 94.6793136597 6.0941529274 79.1260986328
      vertex 94.6793136597 6.41754627228 79.37084198
      vertex 94.6793136597 6.30514144897 79.2792816162
    endloop
  endfacet
  facet normal -1 -1.42053499985e-06 2.22361950364e-06
    outer loop
      vertex 94.6793136597 3.45080065727 73.1597213745
      vertex 94.6793136597 5.88614034653 72.986618042
      vertex 94.6793136597 4.6383395195 71.300819397
    endloop
  endfacet
  facet normal -1 0 0
    outer loop
      vertex 94.6793136597 6.19859838486 73.1496200562
      vertex 94.6793136597 5.94718980789 73.360710144
      vertex 94.6793136597 6.12625789642 73.2171859741
    endloop
  endfacet
endsolid "colo-topo"
