solid "colo-peri"
  facet normal 0.625249564648 -0.724504888058 0.290095984936
    outer loop
      vertex 95.7401885986 9.52357006073 55.6783103943
      vertex 94.6793136597 9.35242652893 54.8312950134
      vertex 94.6793136597 9.63646697998 54.7175636292
    endloop
  endfacet
  facet normal 0.628090560436 -0.726353287697 0.279129385948
    outer loop
      vertex 96.1800537109 10.6634597778 55.6206245422
      vertex 95.7401885986 9.52357006073 55.6783103943
      vertex 94.6793136597 9.63646697998 54.7175636292
    endloop
  endfacet
  facet normal 0.628090500832 -0.726353287697 0.279129326344
    outer loop
      vertex 96.1800537109 10.6634597778 55.6206245422
      vertex 94.6793136597 9.63646697998 54.7175636292
      vertex 94.6793136597 10.274061203 54.4725456238
    endloop
  endfacet
  facet normal 0.628328442574 -0.731989622116 0.263428449631
    outer loop
      vertex 96.1800537109 10.6634597778 55.6206245422
      vertex 94.6793136597 10.274061203 54.4725456238
      vertex 94.6793136597 10.8925876617 54.2499504089
    endloop
  endfacet
  facet normal 0.633049547672 -0.734158277512 0.245478928089
    outer loop
      vertex 96.6111755371 11.7597408295 55.6258087158
      vertex 96.1800537109 10.6634597778 55.6206245422
      vertex 94.6793136597 10.8925876617 54.2499504089
    endloop
  endfacet
  facet normal 0.633049607277 -0.734158217907 0.245479002595
    outer loop
      vertex 96.6111755371 11.7597408295 55.6258087158
      vertex 94.6793136597 10.8925876617 54.2499504089
      vertex 94.6793136597 11.3644227982 54.0921821594
    endloop
  endfacet
  facet normal 0.633562684059 -0.739190340042 0.228464335203
    outer loop
      vertex 96.6111755371 11.7597408295 55.6258087158
      vertex 94.6793136597 11.3644227982 54.0921821594
      vertex 94.6793136597 12.1399354935 53.8524932861
    endloop
  endfacet
  facet normal 0.63836824894 -0.740494430065 0.210128381848
    outer loop
      vertex 97.0309906006 12.8057699203 55.6908950806
      vertex 96.6111755371 11.7597408295 55.6258087158
      vertex 94.6793136597 12.1399354935 53.8524932861
    endloop
  endfacet
  facet normal 0.638368308544 -0.740494191647 0.21012917161
    outer loop
      vertex 97.0309906006 12.8057699203 55.6908950806
      vertex 94.6793136597 12.1399354935 53.8524932861
      vertex 94.6793136597 12.4545135498 53.7632255554
    endloop
  endfacet
  facet normal 0.639164924622 -0.74489569664 0.191307663918
    outer loop
      vertex 97.0309906006 12.8057699203 55.6908950806
      vertex 94.6793136597 12.4545135498 53.7632255554
      vertex 94.6793136597 13.3668041229 53.5289268494
    endloop
  endfacet
  facet normal 0.643902122974 -0.745294988155 0.17298977077
    outer loop
      vertex 97.438583374 13.8007774353 55.8120880127
      vertex 97.0309906006 12.8057699203 55.6908950806
      vertex 94.6793136597 13.3668041229 53.5289268494
    endloop
  endfacet
  facet normal 0.643902182579 -0.745295763016 0.172986254096
    outer loop
      vertex 97.438583374 13.8007774353 55.8120880127
      vertex 94.6793136597 13.3668041229 53.5289268494
      vertex 94.6793136597 13.5370721817 53.4894065857
    endloop
  endfacet
  facet normal 0.644968152046 -0.748950064182 0.151953369379
    outer loop
      vertex 97.438583374 13.8007774353 55.8120880127
      vertex 94.6793136597 13.5370721817 53.4894065857
      vertex 94.6793136597 14.5680990219 53.2802238464
    endloop
  endfacet
  facet normal 0.649440288544 -0.748464465141 0.134269326925
    outer loop
      vertex 97.8307647705 14.7309017181 55.9855232239
      vertex 97.438583374 13.8007774353 55.8120880127
      vertex 94.6793136597 14.5680990219 53.2802238464
    endloop
  endfacet
  facet normal 0.64943999052 -0.748463749886 0.134274959564
    outer loop
      vertex 97.8307647705 14.7309017181 55.9855232239
      vertex 94.6793136597 14.5680990219 53.2802238464
      vertex 94.6793136597 14.6072587967 53.2731971741
    endloop
  endfacet
  facet normal 0.650836884975 -0.751187503338 0.11013032496
    outer loop
      vertex 94.6793136597 14.6072587967 53.2731971741
      vertex 94.6793136597 14.950053215 53.2229423523
      vertex 97.8307647705 14.7309017181 55.9855232239
    endloop
  endfacet
  facet normal 0.650836467743 -0.751187324524 0.110134027898
    outer loop
      vertex 94.9260101318 15.6450061798 53.3347930908
      vertex 97.8307647705 14.7309017181 55.9855232239
      vertex 94.6793136597 14.950053215 53.2229423523
    endloop
  endfacet
  facet normal 0.737304210663 -0.657317399979 0.155937075615
    outer loop
      vertex 94.9260101318 15.6450061798 53.3347930908
      vertex 94.6793136597 14.950053215 53.2229423523
      vertex 94.6793136597 15.7282829285 53.038318634
    endloop
  endfacet
  facet normal 0.750242888927 -0.653134644032 0.102716974914
    outer loop
      vertex 94.9260101318 15.6450061798 53.3347930908
      vertex 94.6793136597 15.7282829285 53.038318634
      vertex 94.6793136597 15.8664512634 53.0165901184
    endloop
  endfacet
  facet normal 0.742980659008 -0.658687651157 0.118786633015
    outer loop
      vertex 95.2813873291 16.6218357086 53.5594902039
      vertex 94.9260101318 15.6450061798 53.3347930908
      vertex 94.6793136597 15.8664512634 53.0165901184
    endloop
  endfacet
  facet normal 0.742981791496 -0.658686041832 0.118788681924
    outer loop
      vertex 95.2813873291 16.6218357086 53.5594902039
      vertex 94.6793136597 15.8664512634 53.0165901184
      vertex 94.6793136597 16.8546085358 52.8383827209
    endloop
  endfacet
  facet normal 0.755631148815 -0.651792526245 0.0647154524922
    outer loop
      vertex 95.2813873291 16.6218357086 53.5594902039
      vertex 94.6793136597 16.8546085358 52.8383827209
      vertex 94.6793136597 17.1012897491 52.8138923645
    endloop
  endfacet
  facet normal 0.748079836369 -0.658241808414 0.0842273011804
    outer loop
      vertex 95.5557250977 17.3512020111 53.7779426575
      vertex 95.2813873291 16.6218357086 53.5594902039
      vertex 94.6793136597 17.1012897491 52.8138923645
    endloop
  endfacet
  facet normal 0.748080015182 -0.658241331577 0.0842296630144
    outer loop
      vertex 95.5557250977 17.3512020111 53.7779426575
      vertex 94.6793136597 17.1012897491 52.8138923645
      vertex 94.6793136597 17.7228088379 52.7343597412
    endloop
  endfacet
  facet normal 0.760937452316 -0.648304104805 0.0259992685169
    outer loop
      vertex 95.5557250977 17.3512020111 53.7779426575
      vertex 94.6793136597 17.7228088379 52.7343597412
      vertex 94.6793136597 18.1344528198 52.7178535461
    endloop
  endfacet
  facet normal 0.751907944679 -0.657480120659 0.048522092402
    outer loop
      vertex 95.8725280762 18.1615447998 54.0804443359
      vertex 95.5557250977 17.3512020111 53.7779426575
      vertex 94.6793136597 18.1344528198 52.7178535461
    endloop
  endfacet
  facet normal 0.751907885075 -0.657480061054 0.0485234260559
    outer loop
      vertex 95.8725280762 18.1615447998 54.0804443359
      vertex 94.6793136597 18.1344528198 52.7178535461
      vertex 94.6793136597 18.7179164886 52.6747932434
    endloop
  endfacet
  facet normal 0.765175938606 -0.643649399281 -0.0148744927719
    outer loop
      vertex 95.8725280762 18.1615447998 54.0804443359
      vertex 94.6793136597 18.7179164886 52.6747932434
      vertex 94.6793136597 19.1610450745 52.6850318909
    endloop
  endfacet
  facet normal 0.757332921028 -0.65298563242 0.00752311758697
    outer loop
      vertex 96.178817749 18.9452495575 54.4266433716
      vertex 95.8725280762 18.1615447998 54.0804443359
      vertex 94.6793136597 19.1610450745 52.6850318909
    endloop
  endfacet
  facet normal 0.757332980633 -0.652985572815 0.00752226356417
    outer loop
      vertex 96.178817749 18.9452495575 54.4266433716
      vertex 94.6793136597 19.1610450745 52.6850318909
      vertex 94.6793136597 19.6043968201 52.6799240112
    endloop
  endfacet
  facet normal 0.764277040958 -0.644102871418 -0.0318137854338
    outer loop
      vertex 96.178817749 18.9452495575 54.4266433716
      vertex 94.6793136597 19.6043968201 52.6799240112
      vertex 94.6793136597 19.7065963745 52.6849708557
    endloop
  endfacet
  facet normal 0.764644503593 -0.64356726408 -0.0337629243731
    outer loop
      vertex 96.178817749 18.9452495575 54.4266433716
      vertex 94.6793136597 19.7065963745 52.6849708557
      vertex 96.4727020264 19.8716697693 54.8244247437
    endloop
  endfacet
  facet normal 0.672058522701 -0.73347568512 -0.101738490164
    outer loop
      vertex 99.4714050293 18.4853591919 57.379737854
      vertex 96.178817749 18.9452495575 54.4266433716
      vertex 96.4727020264 19.8716697693 54.8244247437
    endloop
  endfacet
  facet normal 0.674723267555 -0.72891163826 -0.115915134549
    outer loop
      vertex 99.4714050293 18.4853591919 57.379737854
      vertex 96.4727020264 19.8716697693 54.8244247437
      vertex 99.7728424072 19.2934036255 57.7872695923
    endloop
  endfacet
  facet normal 0.568405807018 -0.80015027523 -0.191505551338
    outer loop
      vertex 103.153381348 17.900390625 59.8553161621
      vertex 99.4714050293 18.4853591919 57.379737854
      vertex 99.7728424072 19.2934036255 57.7872695923
    endloop
  endfacet
  facet normal 0.570397138596 -0.796025216579 -0.202462181449
    outer loop
      vertex 103.153381348 17.900390625 59.8553161621
      vertex 99.7728424072 19.2934036255 57.7872695923
      vertex 103.466033936 18.6134395599 60.2607040405
    endloop
  endfacet
  facet normal 0.452054679394 -0.845987737179 -0.282756567001
    outer loop
      vertex 107.170654297 17.2939662933 61.7992630005
      vertex 103.153381348 17.900390625 59.8553161621
      vertex 103.466033936 18.6134395599 60.2607040405
    endloop
  endfacet
  facet normal 0.453360438347 -0.842771649361 -0.290172845125
    outer loop
      vertex 107.170654297 17.2939662933 61.7992630005
      vertex 103.466033936 18.6134395599 60.2607040405
      vertex 107.49621582 17.9388065338 62.1964187622
    endloop
  endfacet
  facet normal 0.325043529272 -0.869666099548 -0.371520698071
    outer loop
      vertex 111.456756592 16.7759971619 63.1799468994
      vertex 107.170654297 17.2939662933 61.7992630005
      vertex 107.49621582 17.9388065338 62.1964187622
    endloop
  endfacet
  facet normal 0.324842482805 -0.870240151882 -0.370350420475
    outer loop
      vertex 111.456756592 16.7759971619 63.1799468994
      vertex 107.49621582 17.9388065338 62.1964187622
      vertex 111.709838867 17.2286281586 63.4670448303
    endloop
  endfacet
  facet normal 0.190837830305 -0.873699307442 -0.44747120142
    outer loop
      vertex 115.843429565 16.3042240143 63.896484375
      vertex 111.456756592 16.7759971619 63.1799468994
      vertex 111.709838867 17.2286281586 63.4670448303
    endloop
  endfacet
  facet normal 0.190117046237 -0.876053392887 -0.443154513836
    outer loop
      vertex 115.843429565 16.3042240143 63.896484375
      vertex 111.709838867 17.2286281586 63.4670448303
      vertex 116.185470581 16.8872108459 64.2656173706
    endloop
  endfacet
  facet normal 0.0575375445187 -0.858392715454 -0.509756147861
    outer loop
      vertex 116.185470581 16.8872108459 64.2656173706
      vertex 120.050033569 15.6564350128 63.793762207
      vertex 115.843429565 16.3042240143 63.896484375
    endloop
  endfacet
  facet normal 0.0445713959634 -0.900648057461 -0.432257384062
    outer loop
      vertex 115.843429565 16.3042240143 63.896484375
      vertex 120.050033569 15.6564350128 63.793762207
      vertex 119.761383057 15.1766271591 63.5491981506
    endloop
  endfacet
  facet normal 0.0581091381609 -0.879295110703 -0.472719192505
    outer loop
      vertex 115.843429565 16.3042240143 63.896484375
      vertex 119.761383057 15.1766271591 63.5491981506
      vertex 115.57258606 15.8490896225 63.6338996887
    endloop
  endfacet
  facet normal 0.189609959722 -0.895084261894 -0.403574317694
    outer loop
      vertex 115.57258606 15.8490896225 63.6338996887
      vertex 111.456756592 16.7759971619 63.1799468994
      vertex 115.843429565 16.3042240143 63.896484375
    endloop
  endfacet
  facet normal 0.190522313118 -0.892466068268 -0.408907741308
    outer loop
      vertex 115.57258606 15.8490896225 63.6338996887
      vertex 111.107131958 16.1582107544 62.8222541809
      vertex 111.456756592 16.7759971619 63.1799468994
    endloop
  endfacet
  facet normal 0.325334101915 -0.886467397213 -0.329140245914
    outer loop
      vertex 111.107131958 16.1582107544 62.8222541809
      vertex 107.170654297 17.2939662933 61.7992630005
      vertex 111.456756592 16.7759971619 63.1799468994
    endloop
  endfacet
  facet normal 0.324833452702 -0.887703120708 -0.32629185915
    outer loop
      vertex 111.107131958 16.1582107544 62.8222541809
      vertex 106.835021973 16.6374874115 61.4351463318
      vertex 107.170654297 17.2939662933 61.7992630005
    endloop
  endfacet
  facet normal 0.452019661665 -0.857794344425 -0.244677633047
    outer loop
      vertex 106.835021973 16.6374874115 61.4351463318
      vertex 103.153381348 17.900390625 59.8553161621
      vertex 107.170654297 17.2939662933 61.7992630005
    endloop
  endfacet
  facet normal 0.450827777386 -0.860265851021 -0.238111272454
    outer loop
      vertex 106.835021973 16.6374874115 61.4351463318
      vertex 102.831817627 17.176492691 59.4864311218
      vertex 103.153381348 17.900390625 59.8553161621
    endloop
  endfacet
  facet normal 0.568136513233 -0.807414352894 -0.15906894207
    outer loop
      vertex 102.831817627 17.176492691 59.4864311218
      vertex 99.4714050293 18.4853591919 57.379737854
      vertex 103.153381348 17.900390625 59.8553161621
    endloop
  endfacet
  facet normal 0.566143810749 -0.810827314854 -0.148459598422
    outer loop
      vertex 102.831817627 17.176492691 59.4864311218
      vertex 99.1620788574 17.6679401398 57.0140914917
      vertex 99.4714050293 18.4853591919 57.379737854
    endloop
  endfacet
  facet normal 0.671604514122 -0.7370480299 -0.0755487605929
    outer loop
      vertex 99.1620788574 17.6679401398 57.0140914917
      vertex 96.178817749 18.9452495575 54.4266433716
      vertex 99.4714050293 18.4853591919 57.379737854
    endloop
  endfacet
  facet normal 0.669593632221 -0.739865124226 -0.06514570117
    outer loop
      vertex 99.1620788574 17.6679401398 57.0140914917
      vertex 95.8725280762 18.1615447998 54.0804443359
      vertex 96.178817749 18.9452495575 54.4266433716
    endloop
  endfacet
  facet normal 0.6676197052 -0.743996858597 -0.0274340249598
    outer loop
      vertex 98.8371276855 16.9715175629 56.6968193054
      vertex 95.8725280762 18.1615447998 54.0804443359
      vertex 99.1620788574 17.6679401398 57.0140914917
    endloop
  endfacet
  facet normal 0.564447343349 -0.818190813065 -0.109375275671
    outer loop
      vertex 102.500915527 16.4429626465 59.1537094116
      vertex 98.8371276855 16.9715175629 56.6968193054
      vertex 99.1620788574 17.6679401398 57.0140914917
    endloop
  endfacet
  facet normal 0.565584361553 -0.816596388817 -0.115259304643
    outer loop
      vertex 102.500915527 16.4429626465 59.1537094116
      vertex 99.1620788574 17.6679401398 57.0140914917
      vertex 102.831817627 17.176492691 59.4864311218
    endloop
  endfacet
  facet normal 0.449370473623 -0.872262954712 -0.19293409586
    outer loop
      vertex 106.488830566 15.9704456329 61.103679657
      vertex 102.500915527 16.4429626465 59.1537094116
      vertex 102.831817627 17.176492691 59.4864311218
    endloop
  endfacet
  facet normal 0.450457960367 -0.870398283005 -0.19873200357
    outer loop
      vertex 106.488830566 15.9704456329 61.103679657
      vertex 102.831817627 17.176492691 59.4864311218
      vertex 106.835021973 16.6374874115 61.4351463318
    endloop
  endfacet
  facet normal 0.324481874704 -0.903348565102 -0.280486851931
    outer loop
      vertex 110.745605469 15.5294599533 62.4957847595
      vertex 106.488830566 15.9704456329 61.103679657
      vertex 106.835021973 16.6374874115 61.4351463318
    endloop
  endfacet
  facet normal 0.324759155512 -0.902772307396 -0.282017171383
    outer loop
      vertex 110.745605469 15.5294599533 62.4957847595
      vertex 106.835021973 16.6374874115 61.4351463318
      vertex 111.107131958 16.1582107544 62.8222541809
    endloop
  endfacet
  facet normal 0.191194325686 -0.91176867485 -0.363486766815
    outer loop
      vertex 115.197479248 15.2286758423 63.3094139099
      vertex 110.745605469 15.5294599533 62.4957847595
      vertex 111.107131958 16.1582107544 62.8222541809
    endloop
  endfacet
  facet normal 0.190902665257 -0.912490427494 -0.361825019121
    outer loop
      vertex 115.197479248 15.2286758423 63.3094139099
      vertex 111.107131958 16.1582107544 62.8222541809
      vertex 115.57258606 15.8490896225 63.6338996887
    endloop
  endfacet
  facet normal 0.0607992149889 -0.899106442928 -0.433487147093
    outer loop
      vertex 115.57258606 15.8490896225 63.6338996887
      vertex 119.360656738 14.5237808228 63.251083374
      vertex 115.197479248 15.2286758423 63.3094139099
    endloop
  endfacet
  facet normal 0.0466862246394 -0.934435963631 -0.35305789113
    outer loop
      vertex 115.197479248 15.2286758423 63.3094139099
      vertex 119.360656738 14.5237808228 63.251083374
      vertex 119.097351074 14.1033325195 63.0790710449
    endloop
  endfacet
  facet normal 0.0584788843989 -0.918660283089 -0.390696227551
    outer loop
      vertex 115.197479248 15.2286758423 63.3094139099
      vertex 119.097351074 14.1033325195 63.0790710449
      vertex 114.808456421 14.598025322 63.0164413452
    endloop
  endfacet
  facet normal 0.191178843379 -0.929947555065 -0.314083039761
    outer loop
      vertex 114.808456421 14.598025322 63.0164413452
      vertex 110.745605469 15.5294599533 62.4957847595
      vertex 115.197479248 15.2286758423 63.3094139099
    endloop
  endfacet
  facet normal 0.191789567471 -0.928674817085 -0.317458450794
    outer loop
      vertex 114.808456421 14.598025322 63.0164413452
      vertex 110.371520996 14.8905935287 62.200138092
      vertex 110.745605469 15.5294599533 62.4957847595
    endloop
  endfacet
  facet normal 0.324025154114 -0.916546285152 -0.234415575862
    outer loop
      vertex 110.371520996 14.8905935287 62.200138092
      vertex 106.488830566 15.9704456329 61.103679657
      vertex 110.745605469 15.5294599533 62.4957847595
    endloop
  endfacet
  facet normal 0.323965787888 -0.9166482687 -0.234098628163
    outer loop
      vertex 110.371520996 14.8905935287 62.200138092
      vertex 106.131393433 15.2937498093 60.8045349121
      vertex 106.488830566 15.9704456329 61.103679657
    endloop
  endfacet
  facet normal 0.448650091887 -0.880631804466 -0.152317762375
    outer loop
      vertex 106.131393433 15.2937498093 60.8045349121
      vertex 102.500915527 16.4429626465 59.1537094116
      vertex 106.488830566 15.9704456329 61.103679657
    endloop
  endfacet
  facet normal 0.448568224907 -0.880746662617 -0.151894181967
    outer loop
      vertex 106.131393433 15.2937498093 60.8045349121
      vertex 102.151885986 15.8068876266 58.8662490845
      vertex 102.500915527 16.4429626465 59.1537094116
    endloop
  endfacet
  facet normal 0.562172651291 -0.824528157711 -0.0641497895122
    outer loop
      vertex 102.151885986 15.8068876266 58.8662490845
      vertex 98.8371276855 16.9715175629 56.6968193054
      vertex 102.500915527 16.4429626465 59.1537094116
    endloop
  endfacet
  facet normal 0.561374485493 -0.825360000134 -0.0603285543621
    outer loop
      vertex 102.151885986 15.8068876266 58.8662490845
      vertex 98.5000915527 16.2504577637 56.4148788452
      vertex 98.8371276855 16.9715175629 56.6968193054
    endloop
  endfacet
  facet normal 0.663389086723 -0.748068153858 0.0175760500133
    outer loop
      vertex 98.5000915527 16.2504577637 56.4148788452
      vertex 95.5557250977 17.3512020111 53.7779426575
      vertex 98.8371276855 16.9715175629 56.6968193054
    endloop
  endfacet
  facet normal 0.665694117546 -0.746002018452 -0.0182285532355
    outer loop
      vertex 98.8371276855 16.9715175629 56.6968193054
      vertex 95.5557250977 17.3512020111 53.7779426575
      vertex 95.8725280762 18.1615447998 54.0804443359
    endloop
  endfacet
  facet normal 0.661840319633 -0.74924325943 0.0245339795947
    outer loop
      vertex 98.5000915527 16.2504577637 56.4148788452
      vertex 95.2813873291 16.6218357086 53.5594902039
      vertex 95.5557250977 17.3512020111 53.7779426575
    endloop
  endfacet
  facet normal 0.65901017189 -0.750082433224 0.0555149316788
    outer loop
      vertex 98.2082366943 15.6011800766 56.2065124512
      vertex 95.2813873291 16.6218357086 53.5594902039
      vertex 98.5000915527 16.2504577637 56.4148788452
    endloop
  endfacet
  facet normal 0.558383643627 -0.82944381237 -0.0151864998043
    outer loop
      vertex 101.788024902 15.1489562988 58.6081542969
      vertex 98.2082366943 15.6011800766 56.2065124512
      vertex 98.5000915527 16.2504577637 56.4148788452
    endloop
  endfacet
  facet normal 0.558642148972 -0.829247653484 -0.0163486078382
    outer loop
      vertex 101.788024902 15.1489562988 58.6081542969
      vertex 98.5000915527 16.2504577637 56.4148788452
      vertex 102.151885986 15.8068876266 58.8662490845
    endloop
  endfacet
  facet normal 0.446513175964 -0.888968646526 -0.101787731051
    outer loop
      vertex 105.75402832 14.6897220612 60.5476264954
      vertex 101.788024902 15.1489562988 58.6081542969
      vertex 102.151885986 15.8068876266 58.8662490845
    endloop
  endfacet
  facet normal 0.446062535048 -0.889439642429 -0.0996258184314
    outer loop
      vertex 105.75402832 14.6897220612 60.5476264954
      vertex 102.151885986 15.8068876266 58.8662490845
      vertex 106.131393433 15.2937498093 60.8045349121
    endloop
  endfacet
  facet normal 0.324107080698 -0.926425397396 -0.191547974944
    outer loop
      vertex 109.984039307 14.2423057556 61.9349746704
      vertex 105.75402832 14.6897220612 60.5476264954
      vertex 106.131393433 15.2937498093 60.8045349121
    endloop
  endfacet
  facet normal 0.323108196259 -0.927827239037 -0.186380684376
    outer loop
      vertex 109.984039307 14.2423057556 61.9349746704
      vertex 106.131393433 15.2937498093 60.8045349121
      vertex 110.371520996 14.8905935287 62.200138092
    endloop
  endfacet
  facet normal 0.19229863584 -0.943215966225 -0.270859599113
    outer loop
      vertex 114.404678345 13.9578590393 62.7545509338
      vertex 109.984039307 14.2423057556 61.9349746704
      vertex 110.371520996 14.8905935287 62.200138092
    endloop
  endfacet
  facet normal 0.191358700395 -0.944835960865 -0.265832364559
    outer loop
      vertex 114.404678345 13.9578590393 62.7545509338
      vertex 110.371520996 14.8905935287 62.200138092
      vertex 114.808456421 14.598025322 63.0164413452
    endloop
  endfacet
  facet normal 0.0644515007734 -0.937210083008 -0.342758268118
    outer loop
      vertex 114.808456421 14.598025322 63.0164413452
      vertex 118.510116577 13.1903266907 62.7561759949
      vertex 114.404678345 13.9578590393 62.7545509338
    endloop
  endfacet
  facet normal 0.0471232868731 -0.967096269131 -0.250008404255
    outer loop
      vertex 114.404678345 13.9578590393 62.7545509338
      vertex 118.510116577 13.1903266907 62.7561759949
      vertex 118.058013916 12.5109634399 62.5585212708
    endloop
  endfacet
  facet normal 0.0662843957543 -0.952746927738 -0.2964451015
    outer loop
      vertex 114.404678345 13.9578590393 62.7545509338
      vertex 118.058013916 12.5109634399 62.5585212708
      vertex 113.985107422 13.3087520599 62.5233917236
    endloop
  endfacet
  facet normal 0.191431805491 -0.957187056541 -0.217133164406
    outer loop
      vertex 113.985107422 13.3087520599 62.5233917236
      vertex 109.984039307 14.2423057556 61.9349746704
      vertex 114.404678345 13.9578590393 62.7545509338
    endloop
  endfacet
  facet normal 0.193368643522 -0.954469978809 -0.227146685123
    outer loop
      vertex 113.985107422 13.3087520599 62.5233917236
      vertex 109.575286865 13.6411781311 61.7091064453
      vertex 109.984039307 14.2423057556 61.9349746704
    endloop
  endfacet
  facet normal 0.321578294039 -0.937416255474 -0.133559450507
    outer loop
      vertex 109.575286865 13.6411781311 61.7091064453
      vertex 105.75402832 14.6897220612 60.5476264954
      vertex 109.984039307 14.2423057556 61.9349746704
    endloop
  endfacet
  facet normal 0.323220223188 -0.935692071915 -0.141453117132
    outer loop
      vertex 109.575286865 13.6411781311 61.7091064453
      vertex 105.358047485 14.0673017502 60.3167457581
      vertex 105.75402832 14.6897220612 60.5476264954
    endloop
  endfacet
  facet normal 0.44341519475 -0.894928216934 -0.0498641058803
    outer loop
      vertex 105.358047485 14.0673017502 60.3167457581
      vertex 101.788024902 15.1489562988 58.6081542969
      vertex 105.75402832 14.6897220612 60.5476264954
    endloop
  endfacet
  facet normal 0.444611787796 -0.894017696381 -0.0552518256009
    outer loop
      vertex 105.358047485 14.0673017502 60.3167457581
      vertex 101.472167969 14.5590896606 58.4146194458
      vertex 101.788024902 15.1489562988 58.6081542969
    endloop
  endfacet
  facet normal 0.55484688282 -0.831598818302 0.0242549013346
    outer loop
      vertex 101.472167969 14.5590896606 58.4146194458
      vertex 98.2082366943 15.6011800766 56.2065124512
      vertex 101.788024902 15.1489562988 58.6081542969
    endloop
  endfacet
  facet normal 0.553761661053 -0.832174479961 0.0288737416267
    outer loop
      vertex 101.472167969 14.5590896606 58.4146194458
      vertex 97.8307647705 14.7309017181 55.9855232239
      vertex 98.2082366943 15.6011800766 56.2065124512
    endloop
  endfacet
  facet normal 0.654874503613 -0.749916732311 0.0936178565025
    outer loop
      vertex 97.8307647705 14.7309017181 55.9855232239
      vertex 94.9260101318 15.6450061798 53.3347930908
      vertex 98.2082366943 15.6011800766 56.2065124512
    endloop
  endfacet
  facet normal 0.656539082527 -0.751397907734 0.0660126358271
    outer loop
      vertex 98.2082366943 15.6011800766 56.2065124512
      vertex 94.9260101318 15.6450061798 53.3347930908
      vertex 95.2813873291 16.6218357086 53.5594902039
    endloop
  endfacet
  facet normal 0.551610887051 -0.83153373003 0.0653993114829
    outer loop
      vertex 101.06350708 13.7713270187 58.2054824829
      vertex 97.8307647705 14.7309017181 55.9855232239
      vertex 101.472167969 14.5590896606 58.4146194458
    endloop
  endfacet
  facet normal 0.440924167633 -0.897493720055 -0.00953237432986
    outer loop
      vertex 105.012924194 13.5147972107 60.1430435181
      vertex 101.06350708 13.7713270187 58.2054824829
      vertex 101.472167969 14.5590896606 58.4146194458
    endloop
  endfacet
  facet normal 0.440372377634 -0.897786557674 -0.00717686116695
    outer loop
      vertex 105.012924194 13.5147972107 60.1430435181
      vertex 101.472167969 14.5590896606 58.4146194458
      vertex 105.358047485 14.0673017502 60.3167457581
    endloop
  endfacet
  facet normal 0.322588711977 -0.941801249981 -0.0945883691311
    outer loop
      vertex 109.143371582 13.0257263184 61.5086975098
      vertex 105.012924194 13.5147972107 60.1430435181
      vertex 105.358047485 14.0673017502 60.3167457581
    endloop
  endfacet
  facet normal 0.319969981909 -0.943804502487 -0.0827787965536
    outer loop
      vertex 109.143371582 13.0257263184 61.5086975098
      vertex 105.358047485 14.0673017502 60.3167457581
      vertex 109.575286865 13.6411781311 61.7091064453
    endloop
  endfacet
  facet normal 0.19374679029 -0.964735865593 -0.17817646265
    outer loop
      vertex 113.543273926 12.6811256409 62.3286819458
      vertex 109.143371582 13.0257263184 61.5086975098
      vertex 109.575286865 13.6411781311 61.7091064453
    endloop
  endfacet
  facet normal 0.19113381207 -0.967494547367 -0.165596425533
    outer loop
      vertex 113.543273926 12.6811256409 62.3286819458
      vertex 109.575286865 13.6411781311 61.7091064453
      vertex 113.985107422 13.3087520599 62.5233917236
    endloop
  endfacet
  facet normal 0.068804256618 -0.965513169765 -0.251098245382
    outer loop
      vertex 113.985107422 13.3087520599 62.5233917236
      vertex 117.582809448 11.8277511597 62.3946113586
      vertex 113.543273926 12.6811256409 62.3286819458
    endloop
  endfacet
  facet normal 0.0521664246917 -0.983902871609 -0.170920610428
    outer loop
      vertex 113.543273926 12.6811256409 62.3286819458
      vertex 117.582809448 11.8277511597 62.3946113586
      vertex 117.522872925 11.744594574 62.3769874573
    endloop
  endfacet
  facet normal 0.0613458640873 -0.975699543953 -0.210349872708
    outer loop
      vertex 113.543273926 12.6811256409 62.3286819458
      vertex 117.522872925 11.744594574 62.3769874573
      vertex 113.07321167 12.0437145233 62.1617088318
    endloop
  endfacet
  facet normal 0.190678730607 -0.974920392036 -0.11476881057
    outer loop
      vertex 113.07321167 12.0437145233 62.1617088318
      vertex 109.143371582 13.0257263184 61.5086975098
      vertex 113.543273926 12.6811256409 62.3286819458
    endloop
  endfacet
  facet normal 0.194512814283 -0.971967458725 -0.132075786591
    outer loop
      vertex 113.07321167 12.0437145233 62.1617088318
      vertex 108.765136719 12.4875822067 61.35987854
      vertex 109.143371582 13.0257263184 61.5086975098
    endloop
  endfacet
  facet normal 0.317802757025 -0.947370052338 -0.038618568331
    outer loop
      vertex 108.765136719 12.4875822067 61.35987854
      vertex 105.012924194 13.5147972107 60.1430435181
      vertex 109.143371582 13.0257263184 61.5086975098
    endloop
  endfacet
  facet normal 0.320049464703 -0.94617164135 -0.0482449866831
    outer loop
      vertex 108.765136719 12.4875822067 61.35987854
      vertex 104.565658569 12.783659935 59.9544715881
      vertex 105.012924194 13.5147972107 60.1430435181
    endloop
  endfacet
  facet normal 0.438243061304 -0.89811706543 0.036452434957
    outer loop
      vertex 104.565658569 12.783659935 59.9544715881
      vertex 101.06350708 13.7713270187 58.2054824829
      vertex 105.012924194 13.5147972107 60.1430435181
    endloop
  endfacet
  facet normal 0.437320709229 -0.898405194283 0.0402332730591
    outer loop
      vertex 104.565658569 12.783659935 59.9544715881
      vertex 100.639358521 12.9316673279 58.0366210938
      vertex 101.06350708 13.7713270187 58.2054824829
    endloop
  endfacet
  facet normal 0.547064602375 -0.829904794693 0.10944532603
    outer loop
      vertex 100.639358521 12.9316673279 58.0366210938
      vertex 97.438583374 13.8007774353 55.8120880127
      vertex 101.06350708 13.7713270187 58.2054824829
    endloop
  endfacet
  facet normal 0.548958003521 -0.832364022732 0.0762575268745
    outer loop
      vertex 101.06350708 13.7713270187 58.2054824829
      vertex 97.438583374 13.8007774353 55.8120880127
      vertex 97.8307647705 14.7309017181 55.9855232239
    endloop
  endfacet
  facet normal 0.543964922428 -0.830234825611 0.121705763042
    outer loop
      vertex 100.639358521 12.9316673279 58.0366210938
      vertex 97.0309906006 12.8057699203 55.6908950806
      vertex 97.438583374 13.8007774353 55.8120880127
    endloop
  endfacet
  facet normal 0.542446315289 -0.826292574406 0.151633217931
    outer loop
      vertex 100.200073242 12.0359115601 57.9126167297
      vertex 97.0309906006 12.8057699203 55.6908950806
      vertex 100.639358521 12.9316673279 58.0366210938
    endloop
  endfacet
  facet normal 0.433521866798 -0.896791100502 0.088456094265
    outer loop
      vertex 104.1015625 12.0104885101 59.8011627197
      vertex 100.200073242 12.0359115601 57.9126167297
      vertex 100.639358521 12.9316673279 58.0366210938
    endloop
  endfacet
  facet normal 0.434843927622 -0.89665210247 0.0832209512591
    outer loop
      vertex 104.1015625 12.0104885101 59.8011627197
      vertex 100.639358521 12.9316673279 58.0366210938
      vertex 104.565658569 12.783659935 59.9544715881
    endloop
  endfacet
  facet normal 0.317909061909 -0.948117017746 0.00282611395232
    outer loop
      vertex 108.27381897 11.7857885361 61.2008132935
      vertex 104.1015625 12.0104885101 59.8011627197
      vertex 104.565658569 12.783659935 59.9544715881
    endloop
  endfacet
  facet normal 0.316916555166 -0.948428273201 0.00690311193466
    outer loop
      vertex 108.27381897 11.7857885361 61.2008132935
      vertex 104.565658569 12.783659935 59.9544715881
      vertex 108.765136719 12.4875822067 61.35987854
    endloop
  endfacet
  facet normal 0.193292409182 -0.977347314358 -0.0861993208528
    outer loop
      vertex 112.65953064 11.4964103699 62.0426635742
      vertex 108.27381897 11.7857885361 61.2008132935
      vertex 108.765136719 12.4875822067 61.35987854
    endloop
  endfacet
  facet normal 0.189480662346 -0.979399740696 -0.0698088034987
    outer loop
      vertex 112.65953064 11.4964103699 62.0426635742
      vertex 108.765136719 12.4875822067 61.35987854
      vertex 113.07321167 12.0437145233 62.1617088318
    endloop
  endfacet
  facet normal 0.071612380445 -0.984513878822 -0.16001278162
    outer loop
      vertex 113.07321167 12.0437145233 62.1617088318
      vertex 116.624221802 10.5595760345 62.1787872314
      vertex 112.65953064 11.4964103699 62.0426635742
    endloop
  endfacet
  facet normal 0.0488614626229 -0.996883571148 -0.061933323741
    outer loop
      vertex 112.65953064 11.4964103699 62.0426635742
      vertex 116.624221802 10.5595760345 62.1787872314
      vertex 116.037002563 9.83158683777 62.1047782898
    endloop
  endfacet
  facet normal 0.0742361098528 -0.990744590759 -0.113640621305
    outer loop
      vertex 112.65953064 11.4964103699 62.0426635742
      vertex 116.037002563 9.83158683777 62.1047782898
      vertex 112.120819092 10.7957906723 61.9219360352
    endloop
  endfacet
  facet normal 0.189930677414 -0.981525838375 -0.0230939332396
    outer loop
      vertex 112.120819092 10.7957906723 61.9219360352
      vertex 108.27381897 11.7857885361 61.2008132935
      vertex 112.65953064 11.4964103699 62.0426635742
    endloop
  endfacet
  facet normal 0.19280782342 -0.980614364147 -0.034938082099
    outer loop
      vertex 112.120819092 10.7957906723 61.9219360352
      vertex 107.763793945 11.053565979 61.0744438171
      vertex 108.27381897 11.7857885361 61.2008132935
    endloop
  endfacet
  facet normal 0.314850151539 -0.947500646114 0.0557846538723
    outer loop
      vertex 107.763793945 11.053565979 61.0744438171
      vertex 104.1015625 12.0104885101 59.8011627197
      vertex 108.27381897 11.7857885361 61.2008132935
    endloop
  endfacet
  facet normal 0.315572738647 -0.947424650192 0.0529181472957
    outer loop
      vertex 107.763793945 11.053565979 61.0744438171
      vertex 103.622161865 11.192117691 59.6871910095
      vertex 104.1015625 12.0104885101 59.8011627197
    endloop
  endfacet
  facet normal 0.431414693594 -0.892975211143 0.128361403942
    outer loop
      vertex 103.622161865 11.192117691 59.6871910095
      vertex 100.200073242 12.0359115601 57.9126167297
      vertex 104.1015625 12.0104885101 59.8011627197
    endloop
  endfacet
  facet normal 0.429737836123 -0.892827272415 0.134851038456
    outer loop
      vertex 103.622161865 11.192117691 59.6871910095
      vertex 99.7492523193 11.0957221985 57.8376312256
      vertex 100.200073242 12.0359115601 57.9126167297
    endloop
  endfacet
  facet normal 0.537817895412 -0.820808589458 0.192419305444
    outer loop
      vertex 99.7492523193 11.0957221985 57.8376312256
      vertex 96.6111755371 11.7597408295 55.6258087158
      vertex 100.200073242 12.0359115601 57.9126167297
    endloop
  endfacet
  facet normal 0.539007663727 -0.825995504856 0.164930805564
    outer loop
      vertex 100.200073242 12.0359115601 57.9126167297
      vertex 96.6111755371 11.7597408295 55.6258087158
      vertex 97.0309906006 12.8057699203 55.6908950806
    endloop
  endfacet
  facet normal 0.534204959869 -0.819820463657 0.206202447414
    outer loop
      vertex 99.7492523193 11.0957221985 57.8376312256
      vertex 96.1800537109 10.6634597778 55.6206245422
      vertex 96.6111755371 11.7597408295 55.6258087158
    endloop
  endfacet
  facet normal 0.533388018608 -0.813567638397 0.231527343392
    outer loop
      vertex 99.2885894775 10.1120147705 57.8155593872
      vertex 96.1800537109 10.6634597778 55.6206245422
      vertex 99.7492523193 11.0957221985 57.8376312256
    endloop
  endfacet
  facet normal 0.426052451134 -0.886687755585 0.179622232914
    outer loop
      vertex 103.131851196 10.3379135132 59.616481781
      vertex 99.2885894775 10.1120147705 57.8155593872
      vertex 99.7492523193 11.0957221985 57.8376312256
    endloop
  endfacet
  facet normal 0.42799115181 -0.88722205162 0.172222673893
    outer loop
      vertex 103.131851196 10.3379135132 59.616481781
      vertex 99.7492523193 11.0957221985 57.8376312256
      vertex 103.622161865 11.192117691 59.6871910095
    endloop
  endfacet
  facet normal 0.313228964806 -0.944223880768 0.101631194353
    outer loop
      vertex 107.238067627 10.2889938354 60.9839096069
      vertex 103.131851196 10.3379135132 59.616481781
      vertex 103.622161865 11.192117691 59.6871910095
    endloop
  endfacet
  facet normal 0.312803089619 -0.944185912609 0.103281855583
    outer loop
      vertex 107.238067627 10.2889938354 60.9839096069
      vertex 103.622161865 11.192117691 59.6871910095
      vertex 107.763793945 11.053565979 61.0744438171
    endloop
  endfacet
  facet normal 0.192148774862 -0.981236457825 0.0159319173545
    outer loop
      vertex 111.561187744 10.0778560638 61.8339042664
      vertex 107.238067627 10.2889938354 60.9839096069
      vertex 107.763793945 11.053565979 61.0744438171
    endloop
  endfacet
  facet normal 0.189310804009 -0.981540024281 0.0272133946419
    outer loop
      vertex 111.561187744 10.0778560638 61.8339042664
      vertex 107.763793945 11.053565979 61.0744438171
      vertex 112.120819092 10.7957906723 61.9219360352
    endloop
  endfacet
  facet normal 0.0720427632332 -0.995223760605 -0.065875031054
    outer loop
      vertex 112.120819092 10.7957906723 61.9219360352
      vertex 115.582229614 9.2851228714 62.0725097656
      vertex 111.561187744 10.0778560638 61.8339042664
    endloop
  endfacet
  facet normal 0.0566585250199 -0.998307824135 0.0130878547207
    outer loop
      vertex 111.561187744 10.0778560638 61.8339042664
      vertex 115.582229614 9.2851228714 62.0725097656
      vertex 115.426422119 9.10065364838 62.0660858154
    endloop
  endfacet
  facet normal 0.0502360537648 -0.997998178005 0.0384177863598
    outer loop
      vertex 111.561187744 10.0778560638 61.8339042664
      vertex 115.426422119 9.10065364838 62.0660858154
      vertex 114.798751831 8.3679895401 62.0626945496
    endloop
  endfacet
  facet normal 0.0769667997956 -0.996957361698 -0.0123350964859
    outer loop
      vertex 111.561187744 10.0778560638 61.8339042664
      vertex 114.798751831 8.3679895401 62.0626945496
      vertex 110.985198975 9.34215641022 61.7803344727
    endloop
  endfacet
  facet normal 0.188759073615 -0.979039728642 0.0764936059713
    outer loop
      vertex 110.985198975 9.34215641022 61.7803344727
      vertex 107.238067627 10.2889938354 60.9839096069
      vertex 111.561187744 10.0778560638 61.8339042664
    endloop
  endfacet
  facet normal 0.191452711821 -0.979277968407 0.0660339295864
    outer loop
      vertex 110.985198975 9.34215641022 61.7803344727
      vertex 106.701919556 9.49910354614 60.9323539734
      vertex 107.238067627 10.2889938354 60.9839096069
    endloop
  endfacet
  facet normal 0.310789495707 -0.938617706299 0.149688839912
    outer loop
      vertex 106.701919556 9.49910354614 60.9323539734
      vertex 103.131851196 10.3379135132 59.616481781
      vertex 107.238067627 10.2889938354 60.9839096069
    endloop
  endfacet
  facet normal 0.310927420855 -0.938655912876 0.149161800742
    outer loop
      vertex 106.701919556 9.49910354614 60.9323539734
      vertex 102.63331604 9.44893455505 59.5926094055
      vertex 103.131851196 10.3379135132 59.616481781
    endloop
  endfacet
  facet normal 0.42474603653 -0.879514932632 0.214579343796
    outer loop
      vertex 102.63331604 9.44893455505 59.5926094055
      vertex 99.2885894775 10.1120147705 57.8155593872
      vertex 103.131851196 10.3379135132 59.616481781
    endloop
  endfacet
  facet normal 0.422608137131 -0.878523766994 0.222706913948
    outer loop
      vertex 102.63331604 9.44893455505 59.5926094055
      vertex 98.8211212158 9.09063625336 57.849609375
      vertex 99.2885894775 10.1120147705 57.8155593872
    endloop
  endfacet
  facet normal 0.529275536537 -0.804656386375 0.269064098597
    outer loop
      vertex 98.8211212158 9.09063625336 57.849609375
      vertex 95.7401885986 9.52357006073 55.6783103943
      vertex 99.2885894775 10.1120147705 57.8155593872
    endloop
  endfacet
  facet normal 0.529713094234 -0.811872124672 0.245494812727
    outer loop
      vertex 99.2885894775 10.1120147705 57.8155593872
      vertex 95.7401885986 9.52357006073 55.6783103943
      vertex 96.1800537109 10.6634597778 55.6206245422
    endloop
  endfacet
  facet normal 0.527496755123 -0.80350035429 0.275924652815
    outer loop
      vertex 98.8211212158 9.09063625336 57.849609375
      vertex 95.4703521729 8.81325817108 55.7450866699
      vertex 95.7401885986 9.52357006073 55.6783103943
    endloop
  endfacet
  facet normal 0.623808979988 -0.71976172924 0.304639786482
    outer loop
      vertex 95.7401885986 9.52357006073 55.6783103943
      vertex 95.4703521729 8.81325817108 55.7450866699
      vertex 94.6793136597 8.87445449829 55.0335998535
    endloop
  endfacet
  facet normal 0.623808920383 -0.71976184845 0.304639607668
    outer loop
      vertex 95.7401885986 9.52357006073 55.6783103943
      vertex 94.6793136597 8.87445449829 55.0335998535
      vertex 94.6793136597 9.35242652893 54.8312950134
    endloop
  endfacet
  facet normal 0.621099174023 -0.717640459538 0.31500467658
    outer loop
      vertex 95.4703521729 8.81325817108 55.7450866699
      vertex 94.6793136597 8.54831027985 55.1767578125
      vertex 94.6793136597 8.87445449829 55.0335998535
    endloop
  endfacet
  facet normal 0.621195495129 -0.711096465588 0.329329639673
    outer loop
      vertex 95.4703521729 8.81325817108 55.7450866699
      vertex 94.6793136597 7.66523456573 55.585735321
      vertex 94.6793136597 8.54831027985 55.1767578125
    endloop
  endfacet
  facet normal 0.617330014706 -0.707252204418 0.344525665045
    outer loop
      vertex 95.0366973877 7.65459060669 55.9028663635
      vertex 94.6793136597 7.51869869232 55.657119751
      vertex 94.6793136597 7.66523456573 55.585735321
    endloop
  endfacet
  facet normal 0.621194720268 -0.711097419262 0.32932895422
    outer loop
      vertex 95.4703521729 8.81325817108 55.7450866699
      vertex 95.0366973877 7.65459060669 55.9028663635
      vertex 94.6793136597 7.66523456573 55.585735321
    endloop
  endfacet
  facet normal 0.523553848267 -0.795790314674 0.304317474365
    outer loop
      vertex 98.5357666016 8.45491695404 57.8988685608
      vertex 95.0366973877 7.65459060669 55.9028663635
      vertex 95.4703521729 8.81325817108 55.7450866699
    endloop
  endfacet
  facet normal 0.525317847729 -0.797178328037 0.297569870949
    outer loop
      vertex 98.5357666016 8.45491695404 57.8988685608
      vertex 95.4703521729 8.81325817108 55.7450866699
      vertex 98.8211212158 9.09063625336 57.849609375
    endloop
  endfacet
  facet normal 0.42149540782 -0.869771242142 0.256592273712
    outer loop
      vertex 102.130279541 8.53003311157 59.6186256409
      vertex 98.5357666016 8.45491695404 57.8988685608
      vertex 98.8211212158 9.09063625336 57.849609375
    endloop
  endfacet
  facet normal 0.421773046255 -0.869951605797 0.255522489548
    outer loop
      vertex 102.130279541 8.53003311157 59.6186256409
      vertex 98.8211212158 9.09063625336 57.849609375
      vertex 102.63331604 9.44893455505 59.5926094055
    endloop
  endfacet
  facet normal 0.30878213048 -0.930846750736 0.195391669869
    outer loop
      vertex 106.159286499 8.68510913849 60.9225845337
      vertex 102.130279541 8.53003311157 59.6186256409
      vertex 102.63331604 9.44893455505 59.5926094055
    endloop
  endfacet
  facet normal 0.308943152428 -0.930921733379 0.194778904319
    outer loop
      vertex 106.159286499 8.68510913849 60.9225845337
      vertex 102.63331604 9.44893455505 59.5926094055
      vertex 106.701919556 9.49910354614 60.9323539734
    endloop
  endfacet
  facet normal 0.190740659833 -0.974827289581 0.115454599261
    outer loop
      vertex 110.399246216 8.59343528748 61.7630577087
      vertex 106.159286499 8.68510913849 60.9225845337
      vertex 106.701919556 9.49910354614 60.9323539734
    endloop
  endfacet
  facet normal 0.18828047812 -0.974144458771 0.124871850014
    outer loop
      vertex 110.399246216 8.59343528748 61.7630577087
      vertex 106.701919556 9.49910354614 60.9323539734
      vertex 110.985198975 9.34215641022 61.7803344727
    endloop
  endfacet
  facet normal 0.0780847594142 -0.996217548847 0.0381227768958
    outer loop
      vertex 110.985198975 9.34215641022 61.7803344727
      vertex 114.161468506 7.63618755341 62.0945777893
      vertex 110.399246216 8.59343528748 61.7630577087
    endloop
  endfacet
  facet normal 0.0523398853838 -0.989204227924 0.136877700686
    outer loop
      vertex 110.399246216 8.59343528748 61.7630577087
      vertex 114.161468506 7.63618755341 62.0945777893
      vertex 113.521270752 6.90686225891 62.1616210938
    endloop
  endfacet
  facet normal 0.079064309597 -0.992951691151 0.0882935598493
    outer loop
      vertex 110.399246216 8.59343528748 61.7630577087
      vertex 113.521270752 6.90686225891 62.1616210938
      vertex 109.80859375 7.83308887482 61.7836380005
    endloop
  endfacet
  facet normal 0.187956213951 -0.966967761517 0.172179639339
    outer loop
      vertex 109.80859375 7.83308887482 61.7836380005
      vertex 106.159286499 8.68510913849 60.9225845337
      vertex 110.399246216 8.59343528748 61.7630577087
    endloop
  endfacet
  facet normal 0.190088510513 -0.967963337898 0.164052933455
    outer loop
      vertex 109.80859375 7.83308887482 61.7836380005
      vertex 105.614730835 7.8507270813 60.9570579529
      vertex 106.159286499 8.68510913849 60.9225845337
    endloop
  endfacet
  facet normal 0.307323783636 -0.921198070049 0.23863402009
    outer loop
      vertex 105.614730835 7.8507270813 60.9570579529
      vertex 102.130279541 8.53003311157 59.6186256409
      vertex 106.159286499 8.68510913849 60.9225845337
    endloop
  endfacet
  facet normal 0.30895408988 -0.922256708145 0.23235732317
    outer loop
      vertex 105.614730835 7.8507270813 60.9570579529
      vertex 101.824783325 7.95999193192 59.65990448
      vertex 102.130279541 8.53003311157 59.6186256409
    endloop
  endfacet
  facet normal 0.418347805738 -0.861881196499 0.286611169577
    outer loop
      vertex 101.824783325 7.95999193192 59.65990448
      vertex 98.5357666016 8.45491695404 57.8988685608
      vertex 102.130279541 8.53003311157 59.6186256409
    endloop
  endfacet
  facet normal 0.417966872454 -0.861579656601 0.288069754839
    outer loop
      vertex 101.824783325 7.95999193192 59.65990448
      vertex 98.0786437988 7.41831445694 58.0237007141
      vertex 98.5357666016 8.45491695404 57.8988685608
    endloop
  endfacet
  facet normal 0.523580372334 -0.787265479565 0.32569411397
    outer loop
      vertex 98.0786437988 7.41831445694 58.0237007141
      vertex 95.0366973877 7.65459060669 55.9028663635
      vertex 98.5357666016 8.45491695404 57.8988685608
    endloop
  endfacet
  facet normal 0.520362436771 -0.78405892849 0.338340878487
    outer loop
      vertex 95.0366973877 7.65459060669 55.9028663635
      vertex 98.0786437988 7.41831445694 58.0237007141
      vertex 94.6793136597 6.68141460419 56.0856285095
    endloop
  endfacet
  facet normal 0.617646455765 -0.70009624958 0.358298867941
    outer loop
      vertex 95.0366973877 7.65459060669 55.9028663635
      vertex 94.6793136597 6.68141460419 56.0856285095
      vertex 94.6793136597 7.51869869232 55.657119751
    endloop
  endfacet
  facet normal 0.514079153538 -0.741478919983 0.431197911501
    outer loop
      vertex 96.7688293457 4.30215787888 58.7288322449
      vertex 94.6793136597 3.51002812386 57.7407875061
      vertex 94.6793136597 4.20651626587 57.3357543945
    endloop
  endfacet
  facet normal 0.516621947289 -0.746052980423 0.420127004385
    outer loop
      vertex 97.1925964355 5.33711147308 58.4394607544
      vertex 96.7688293457 4.30215787888 58.7288322449
      vertex 94.6793136597 4.20651626587 57.3357543945
    endloop
  endfacet
  facet normal 0.516621947289 -0.746053099632 0.420126795769
    outer loop
      vertex 97.1925964355 5.33711147308 58.4394607544
      vertex 94.6793136597 4.20651626587 57.3357543945
      vertex 94.6793136597 4.47383260727 57.185218811
    endloop
  endfacet
  facet normal 0.515641331673 -0.756911575794 0.401495844126
    outer loop
      vertex 97.1925964355 5.33711147308 58.4394607544
      vertex 94.6793136597 4.47383260727 57.185218811
      vertex 94.6793136597 5.327272892 56.7325210571
    endloop
  endfacet
  facet normal 0.518364608288 -0.760986864567 0.390124559402
    outer loop
      vertex 97.6304779053 6.37833595276 58.2039451599
      vertex 97.1925964355 5.33711147308 58.4394607544
      vertex 94.6793136597 5.327272892 56.7325210571
    endloop
  endfacet
  facet normal 0.518364489079 -0.760987758636 0.390122950077
    outer loop
      vertex 97.6304779053 6.37833595276 58.2039451599
      vertex 94.6793136597 5.327272892 56.7325210571
      vertex 94.6793136597 5.47518825531 56.6566925049
    endloop
  endfacet
  facet normal 0.517709136009 -0.771081805229 0.370688647032
    outer loop
      vertex 97.6304779053 6.37833595276 58.2039451599
      vertex 94.6793136597 5.47518825531 56.6566925049
      vertex 94.6793136597 6.48869657516 56.1694602966
    endloop
  endfacet
  facet normal 0.520689964294 -0.774753391743 0.358662933111
    outer loop
      vertex 98.0786437988 7.41831445694 58.0237007141
      vertex 97.6304779053 6.37833595276 58.2039451599
      vertex 94.6793136597 6.48869657516 56.1694602966
    endloop
  endfacet
  facet normal 0.520690083504 -0.774751186371 0.358667582273
    outer loop
      vertex 98.0786437988 7.41831445694 58.0237007141
      vertex 94.6793136597 6.48869657516 56.1694602966
      vertex 94.6793136597 6.50996255875 56.159614563
    endloop
  endfacet
  facet normal 0.520362436771 -0.784059584141 0.338339298964
    outer loop
      vertex 94.6793136597 6.50996255875 56.159614563
      vertex 94.6793136597 6.68141460419 56.0856285095
      vertex 98.0786437988 7.41831445694 58.0237007141
    endloop
  endfacet
  facet normal 0.415591865778 -0.849027514458 0.326244771481
    outer loop
      vertex 101.337249756 7.03214693069 59.7671470642
      vertex 97.6304779053 6.37833595276 58.2039451599
      vertex 98.0786437988 7.41831445694 58.0237007141
    endloop
  endfacet
  facet normal 0.417723029852 -0.851155817509 0.317869842052
    outer loop
      vertex 101.337249756 7.03214693069 59.7671470642
      vertex 98.0786437988 7.41831445694 58.0237007141
      vertex 101.824783325 7.95999193192 59.65990448
    endloop
  endfacet
  facet normal 0.306016325951 -0.913983643055 0.266435652971
    outer loop
      vertex 105.285675049 7.33628177643 61.0004844666
      vertex 101.337249756 7.03214693069 59.7671470642
      vertex 101.824783325 7.95999193192 59.65990448
    endloop
  endfacet
  facet normal 0.304595589638 -0.912852108479 0.27188706398
    outer loop
      vertex 105.285675049 7.33628177643 61.0004844666
      vertex 101.824783325 7.95999193192 59.65990448
      vertex 105.614730835 7.8507270813 60.9570579529
    endloop
  endfacet
  facet normal 0.191670715809 -0.960099518299 0.203645005822
    outer loop
      vertex 109.218719482 7.0635766983 61.8435058594
      vertex 105.285675049 7.33628177643 61.0004844666
      vertex 105.614730835 7.8507270813 60.9570579529
    endloop
  endfacet
  facet normal 0.18781670928 -0.957598090172 0.218473732471
    outer loop
      vertex 109.218719482 7.0635766983 61.8435058594
      vertex 105.614730835 7.8507270813 60.9570579529
      vertex 109.80859375 7.83308887482 61.7836380005
    endloop
  endfacet
  facet normal 0.0695949718356 -0.989029586315 0.130295976996
    outer loop
      vertex 109.80859375 7.83308887482 61.7836380005
      vertex 113.428222656 6.80096769333 62.1743125916
      vertex 109.218719482 7.0635766983 61.8435058594
    endloop
  endfacet
  facet normal 0.0645260289311 -0.978116095066 0.197801113129
    outer loop
      vertex 109.218719482 7.0635766983 61.8435058594
      vertex 113.428222656 6.80096769333 62.1743125916
      vertex 112.884643555 6.18118143082 62.2637901306
    endloop
  endfacet
  facet normal 0.0572139024734 -0.972554624081 0.225530534983
    outer loop
      vertex 109.218719482 7.0635766983 61.8435058594
      vertex 112.884643555 6.18118143082 62.2637901306
      vertex 112.503326416 5.74361515045 62.3428268433
    endloop
  endfacet
  facet normal 0.0783990994096 -0.981245219707 0.176100581884
    outer loop
      vertex 109.218719482 7.0635766983 61.8435058594
      vertex 112.503326416 5.74361515045 62.3428268433
      vertex 108.863967896 6.59359359741 61.8995094299
    endloop
  endfacet
  facet normal 0.185906752944 -0.949317753315 0.253445118666
    outer loop
      vertex 108.863967896 6.59359359741 61.8995094299
      vertex 105.285675049 7.33628177643 61.0004844666
      vertex 109.218719482 7.0635766983 61.8435058594
    endloop
  endfacet
  facet normal 0.189459875226 -0.952163338661 0.23977060616
    outer loop
      vertex 108.863967896 6.59359359741 61.8995094299
      vertex 104.762512207 6.50201892853 61.1064682007
      vertex 105.285675049 7.33628177643 61.0004844666
    endloop
  endfacet
  facet normal 0.305249005556 -0.901775658131 0.30597999692
    outer loop
      vertex 104.762512207 6.50201892853 61.1064682007
      vertex 101.337249756 7.03214693069 59.7671470642
      vertex 105.285675049 7.33628177643 61.0004844666
    endloop
  endfacet
  facet normal 0.304651111364 -0.901176989079 0.308330625296
    outer loop
      vertex 104.762512207 6.50201892853 61.1064682007
      vertex 100.861831665 6.10342407227 59.9241828918
      vertex 101.337249756 7.03214693069 59.7671470642
    endloop
  endfacet
  facet normal 0.41573625803 -0.837576627731 0.354441404343
    outer loop
      vertex 100.861831665 6.10342407227 59.9241828918
      vertex 97.6304779053 6.37833595276 58.2039451599
      vertex 101.337249756 7.03214693069 59.7671470642
    endloop
  endfacet
  facet normal 0.413655728102 -0.835009634495 0.362833142281
    outer loop
      vertex 100.861831665 6.10342407227 59.9241828918
      vertex 97.1925964355 5.33711147308 58.4394607544
      vertex 97.6304779053 6.37833595276 58.2039451599
    endloop
  endfacet
  facet normal 0.414215356112 -0.822606801987 0.389542937279
    outer loop
      vertex 100.400299072 5.17588996887 60.1310119629
      vertex 97.1925964355 5.33711147308 58.4394607544
      vertex 100.861831665 6.10342407227 59.9241828918
    endloop
  endfacet
  facet normal 0.303597331047 -0.88666677475 0.348784536123
    outer loop
      vertex 104.255142212 5.67067527771 61.2562904358
      vertex 100.400299072 5.17588996887 60.1310119629
      vertex 100.861831665 6.10342407227 59.9241828918
    endloop
  endfacet
  facet normal 0.304358422756 -0.887607932091 0.345713883638
    outer loop
      vertex 104.255142212 5.67067527771 61.2562904358
      vertex 100.861831665 6.10342407227 59.9241828918
      vertex 104.762512207 6.50201892853 61.1064682007
    endloop
  endfacet
  facet normal 0.189241677523 -0.93970733881 0.284846752882
    outer loop
      vertex 108.301895142 5.83605384827 62.0211105347
      vertex 104.255142212 5.67067527771 61.2562904358
      vertex 104.762512207 6.50201892853 61.1064682007
    endloop
  endfacet
  facet normal 0.187917143106 -0.938377559185 0.290059864521
    outer loop
      vertex 108.301895142 5.83605384827 62.0211105347
      vertex 104.762512207 6.50201892853 61.1064682007
      vertex 108.863967896 6.59359359741 61.8995094299
    endloop
  endfacet
  facet normal 0.081076361239 -0.972946763039 0.216335773468
    outer loop
      vertex 108.863967896 6.59359359741 61.8995094299
      vertex 111.901077271 5.04446363449 62.4970436096
      vertex 108.301895142 5.83605384827 62.0211105347
    endloop
  endfacet
  facet normal 0.0582284703851 -0.950094342232 0.306480318308
    outer loop
      vertex 108.301895142 5.83605384827 62.0211105347
      vertex 111.901077271 5.04446363449 62.4970436096
      vertex 111.322784424 4.35986804962 62.6824378967
    endloop
  endfacet
  facet normal 0.0817476660013 -0.961233139038 0.263340383768
    outer loop
      vertex 108.301895142 5.83605384827 62.0211105347
      vertex 111.322784424 4.35986804962 62.6824378967
      vertex 107.759628296 5.08657884598 62.1803207397
    endloop
  endfacet
  facet normal 0.188243955374 -0.924121916294 0.332510024309
    outer loop
      vertex 107.759628296 5.08657884598 62.1803207397
      vertex 104.255142212 5.67067527771 61.2562904358
      vertex 108.301895142 5.83605384827 62.0211105347
    endloop
  endfacet
  facet normal 0.18919044733 -0.925295352936 0.328687548637
    outer loop
      vertex 107.759628296 5.08657884598 62.1803207397
      vertex 103.765884399 4.84405755997 61.4498901367
      vertex 104.255142212 5.67067527771 61.2562904358
    endloop
  endfacet
  facet normal 0.303812205791 -0.871907413006 0.38402557373
    outer loop
      vertex 103.765884399 4.84405755997 61.4498901367
      vertex 100.400299072 5.17588996887 60.1310119629
      vertex 104.255142212 5.67067527771 61.2562904358
    endloop
  endfacet
  facet normal 0.302901625633 -0.870540320873 0.387827515602
    outer loop
      vertex 103.765884399 4.84405755997 61.4498901367
      vertex 99.9563293457 4.25565910339 60.3865013123
      vertex 100.400299072 5.17588996887 60.1310119629
    endloop
  endfacet
  facet normal 0.413168281317 -0.80634444952 0.423202723265
    outer loop
      vertex 99.9563293457 4.25565910339 60.3865013123
      vertex 96.7688293457 4.30215787888 58.7288322449
      vertex 100.400299072 5.17588996887 60.1310119629
    endloop
  endfacet
  facet normal 0.412204891443 -0.81959426403 0.397935181856
    outer loop
      vertex 100.400299072 5.17588996887 60.1310119629
      vertex 96.7688293457 4.30215787888 58.7288322449
      vertex 97.1925964355 5.33711147308 58.4394607544
    endloop
  endfacet
  facet normal 0.411167949438 -0.802742302418 0.431909412146
    outer loop
      vertex 99.9563293457 4.25565910339 60.3865013123
      vertex 96.3628234863 3.2813577652 59.0701065063
      vertex 96.7688293457 4.30215787888 58.7288322449
    endloop
  endfacet
  facet normal 0.515366971493 -0.729923665524 0.449008136988
    outer loop
      vertex 96.7688293457 4.30215787888 58.7288322449
      vertex 96.3628234863 3.2813577652 59.0701065063
      vertex 94.6793136597 3.13384079933 57.9721984863
    endloop
  endfacet
  facet normal 0.515367031097 -0.729923605919 0.449008226395
    outer loop
      vertex 96.7688293457 4.30215787888 58.7288322449
      vertex 94.6793136597 3.13384079933 57.9721984863
      vertex 94.6793136597 3.51002812386 57.7407875061
    endloop
  endfacet
  facet normal 0.512991368771 -0.724822759628 0.459860682487
    outer loop
      vertex 96.3628234863 3.2813577652 59.0701065063
      vertex 94.6793136597 2.58378982544 58.3211746216
      vertex 94.6793136597 3.13384079933 57.9721984863
    endloop
  endfacet
  facet normal 0.414940208197 -0.635297596455 0.651322960854
    outer loop
      vertex 97.3907928467 -1.89820325375 63.6202163696
      vertex 94.6793136597 -3.14386582375 63.1263160706
      vertex 94.6793136597 -2.54721212387 62.5146102905
    endloop
  endfacet
  facet normal 0.416541755199 -0.646162688732 0.639505088329
    outer loop
      vertex 97.6593475342 -1.1551015377 63.0578918457
      vertex 97.3907928467 -1.89820325375 63.6202163696
      vertex 94.6793136597 -2.54721212387 62.5146102905
    endloop
  endfacet
  facet normal 0.416542857885 -0.646157681942 0.639509379864
    outer loop
      vertex 97.6593475342 -1.1551015377 63.0578918457
      vertex 94.6793136597 -2.54721212387 62.5146102905
      vertex 94.6793136597 -2.46443891525 62.4326896667
    endloop
  endfacet
  facet normal 0.413432449102 -0.662512004375 0.624621033669
    outer loop
      vertex 97.6593475342 -1.1551015377 63.0578918457
      vertex 94.6793136597 -2.46443891525 62.4326896667
      vertex 94.6793136597 -1.77480268478 61.7824935913
    endloop
  endfacet
  facet normal 0.415133327246 -0.672019958496 0.613232016563
    outer loop
      vertex 97.9536590576 -0.376641213894 62.5293388367
      vertex 97.6593475342 -1.1551015377 63.0578918457
      vertex 94.6793136597 -1.77480268478 61.7824935913
    endloop
  endfacet
  facet normal 0.415131062269 -0.672031998634 0.613220334053
    outer loop
      vertex 97.9536590576 -0.376641213894 62.5293388367
      vertex 94.6793136597 -1.77480268478 61.7824935913
      vertex 94.6793136597 -1.74421942234 61.7545890808
    endloop
  endfacet
  facet normal 0.412183761597 -0.688301742077 0.596946597099
    outer loop
      vertex 94.6793136597 -1.74421942234 61.7545890808
      vertex 94.6793136597 -1.36469221115 61.4254341125
      vertex 97.9536590576 -0.376641213894 62.5293388367
    endloop
  endfacet
  facet normal 0.412183731794 -0.688303291798 0.596944868565
    outer loop
      vertex 94.8250427246 -0.924573540688 61.1310005188
      vertex 97.9536590576 -0.376641213894 62.5293388367
      vertex 94.6793136597 -1.36469221115 61.4254341125
    endloop
  endfacet
  facet normal 0.516361296177 -0.622896134853 0.587683081627
    outer loop
      vertex 94.8250427246 -0.924573540688 61.1310005188
      vertex 94.6793136597 -1.36469221115 61.4254341125
      vertex 94.6793136597 -1.00452172756 61.0856246948
    endloop
  endfacet
  facet normal 0.513586819172 -0.637434780598 0.574373960495
    outer loop
      vertex 94.8250427246 -0.924573540688 61.1310005188
      vertex 94.6793136597 -1.00452172756 61.0856246948
      vertex 94.6793136597 -0.963254630566 61.0484390259
    endloop
  endfacet
  facet normal 0.515326619148 -0.645504832268 0.563703835011
    outer loop
      vertex 95.1409606934 -0.00545994052663 60.5805702209
      vertex 94.8250427246 -0.924573540688 61.1310005188
      vertex 94.6793136597 -0.963254630566 61.0484390259
    endloop
  endfacet
  facet normal 0.515330791473 -0.645501255989 0.563704073429
    outer loop
      vertex 95.1409606934 -0.00545994052663 60.5805702209
      vertex 94.6793136597 -0.963254630566 61.0484390259
      vertex 94.6793136597 -0.246351182461 60.4223823547
    endloop
  endfacet
  facet normal 0.512761294842 -0.659649908543 0.549488723278
    outer loop
      vertex 95.1409606934 -0.00545994052663 60.5805702209
      vertex 94.6793136597 -0.246351182461 60.4223823547
      vertex 94.6793136597 -0.109788119793 60.3086242676
    endloop
  endfacet
  facet normal 0.514656603336 -0.666983366013 0.538759469986
    outer loop
      vertex 95.4818572998 0.950413048267 60.0714988708
      vertex 95.1409606934 -0.00545994052663 60.5805702209
      vertex 94.6793136597 -0.109788119793 60.3086242676
    endloop
  endfacet
  facet normal 0.514656305313 -0.66698372364 0.538759350777
    outer loop
      vertex 95.4818572998 0.950413048267 60.0714988708
      vertex 94.6793136597 -0.109788119793 60.3086242676
      vertex 94.6793136597 0.554475665092 59.7720603943
    endloop
  endfacet
  facet normal 0.512313723564 -0.680674672127 0.523656964302
    outer loop
      vertex 95.4818572998 0.950413048267 60.0714988708
      vertex 94.6793136597 0.554475665092 59.7720603943
      vertex 94.6793136597 0.801717460155 59.5818519592
    endloop
  endfacet
  facet normal 0.512740015984 -0.68204164505 0.521456480026
    outer loop
      vertex 95.6055908203 1.28898465633 59.9056625366
      vertex 95.4818572998 0.950413048267 60.0714988708
      vertex 94.6793136597 0.801717460155 59.5818519592
    endloop
  endfacet
  facet normal 0.512739956379 -0.682042062283 0.521456003189
    outer loop
      vertex 95.6055908203 1.28898465633 59.9056625366
      vertex 94.6793136597 0.801717460155 59.5818519592
      vertex 94.6793136597 1.02230858803 59.4132003784
    endloop
  endfacet
  facet normal 0.513973176479 -0.692899405956 0.505689620972
    outer loop
      vertex 95.6055908203 1.28898465633 59.9056625366
      vertex 94.6793136597 1.02230858803 59.4132003784
      vertex 94.6793136597 1.13064825535 59.3341331482
    endloop
  endfacet
  facet normal 0.514327943325 -0.693989336491 0.503830909729
    outer loop
      vertex 95.9748840332 2.27620530128 59.462638855
      vertex 95.6055908203 1.28898465633 59.9056625366
      vertex 94.6793136597 1.13064825535 59.3341331482
    endloop
  endfacet
  facet normal 0.514327406883 -0.69399023056 0.503830194473
    outer loop
      vertex 95.9748840332 2.27620530128 59.462638855
      vertex 94.6793136597 1.13064825535 59.3341331482
      vertex 94.6793136597 1.69455647469 58.9247398376
    endloop
  endfacet
  facet normal 0.512390315533 -0.706934034824 0.487545281649
    outer loop
      vertex 95.9748840332 2.27620530128 59.462638855
      vertex 94.6793136597 1.69455647469 58.9247398376
      vertex 94.6793136597 2.10857105255 58.6392097473
    endloop
  endfacet
  facet normal 0.514598488808 -0.712578356266 0.476886212826
    outer loop
      vertex 96.3628234863 3.2813577652 59.0701065063
      vertex 95.9748840332 2.27620530128 59.462638855
      vertex 94.6793136597 2.10857105255 58.6392097473
    endloop
  endfacet
  facet normal 0.514598846436 -0.71257764101 0.476886898279
    outer loop
      vertex 96.3628234863 3.2813577652 59.0701065063
      vertex 94.6793136597 2.10857105255 58.6392097473
      vertex 94.6793136597 2.58378982544 58.3211746216
    endloop
  endfacet
  facet normal 0.410525858402 -0.784491539001 0.464802712202
    outer loop
      vertex 99.5330352783 3.34898877144 60.6890144348
      vertex 95.9748840332 2.27620530128 59.462638855
      vertex 96.3628234863 3.2813577652 59.0701065063
    endloop
  endfacet
  facet normal 0.412507116795 -0.788749277592 0.455754816532
    outer loop
      vertex 99.5330352783 3.34898877144 60.6890144348
      vertex 96.3628234863 3.2813577652 59.0701065063
      vertex 99.9563293457 4.25565910339 60.3865013123
    endloop
  endfacet
  facet normal 0.302511662245 -0.852768182755 0.425761818886
    outer loop
      vertex 103.298187256 4.02659416199 61.6863594055
      vertex 99.5330352783 3.34898877144 60.6890144348
      vertex 99.9563293457 4.25565910339 60.3865013123
    endloop
  endfacet
  facet normal 0.303613722324 -0.854756057262 0.420964062214
    outer loop
      vertex 103.298187256 4.02659416199 61.6863594055
      vertex 99.9563293457 4.25565910339 60.3865013123
      vertex 103.765884399 4.84405755997 61.4498901367
    endloop
  endfacet
  facet normal 0.189343228936 -0.909010469913 0.371280312538
    outer loop
      vertex 107.240081787 4.34646940231 62.376789093
      vertex 103.298187256 4.02659416199 61.6863594055
      vertex 103.765884399 4.84405755997 61.4498901367
    endloop
  endfacet
  facet normal 0.188786551356 -0.908172786236 0.373606562614
    outer loop
      vertex 107.240081787 4.34646940231 62.376789093
      vertex 103.765884399 4.84405755997 61.4498901367
      vertex 107.759628296 5.08657884598 62.1803207397
    endloop
  endfacet
  facet normal 0.0823863446712 -0.947381258011 0.309323936701
    outer loop
      vertex 107.759628296 5.08657884598 62.1803207397
      vertex 110.772003174 3.69040417671 62.8981399536
      vertex 107.240081787 4.34646940231 62.376789093
    endloop
  endfacet
  facet normal 0.062272708863 -0.917170882225 0.393598377705
    outer loop
      vertex 107.240081787 4.34646940231 62.376789093
      vertex 110.772003174 3.69040417671 62.8981399536
      vertex 110.251739502 3.03645396233 63.1434555054
    endloop
  endfacet
  facet normal 0.083022095263 -0.931455671787 0.354256540537
    outer loop
      vertex 107.240081787 4.34646940231 62.376789093
      vertex 110.251739502 3.03645396233 63.1434555054
      vertex 106.746490479 3.6182346344 62.6097602844
    endloop
  endfacet
  facet normal 0.189537271857 -0.890611231327 0.41338506341
    outer loop
      vertex 106.746490479 3.6182346344 62.6097602844
      vertex 103.298187256 4.02659416199 61.6863594055
      vertex 107.240081787 4.34646940231 62.376789093
    endloop
  endfacet
  facet normal 0.189674764872 -0.8908598423 0.412785977125
    outer loop
      vertex 106.746490479 3.6182346344 62.6097602844
      vertex 102.854629517 3.22268557549 61.9644165039
      vertex 103.298187256 4.02659416199 61.6863594055
    endloop
  endfacet
  facet normal 0.303688168526 -0.83614397049 0.456767767668
    outer loop
      vertex 102.854629517 3.22268557549 61.9644165039
      vertex 99.5330352783 3.34898877144 60.6890144348
      vertex 103.298187256 4.02659416199 61.6863594055
    endloop
  endfacet
  facet normal 0.302409797907 -0.833392858505 0.462606340647
    outer loop
      vertex 102.854629517 3.22268557549 61.9644165039
      vertex 99.1308288574 2.4572520256 61.0380592346
      vertex 99.5330352783 3.34898877144 60.6890144348
    endloop
  endfacet
  facet normal 0.412242650986 -0.769824922085 0.487263351679
    outer loop
      vertex 99.1308288574 2.4572520256 61.0380592346
      vertex 95.9748840332 2.27620530128 59.462638855
      vertex 99.5330352783 3.34898877144 60.6890144348
    endloop
  endfacet
  facet normal 0.410287111998 -0.764823138714 0.496699154377
    outer loop
      vertex 99.1308288574 2.4572520256 61.0380592346
      vertex 95.6055908203 1.28898465633 59.9056625366
      vertex 95.9748840332 2.27620530128 59.462638855
    endloop
  endfacet
  facet normal 0.412374675274 -0.749554932117 0.517797768116
    outer loop
      vertex 98.7503509521 1.58248579502 61.4330291748
      vertex 95.6055908203 1.28898465633 59.9056625366
      vertex 99.1308288574 2.4572520256 61.0380592346
    endloop
  endfacet
  facet normal 0.30261027813 -0.812399923801 0.498430967331
    outer loop
      vertex 102.43572998 2.43343162537 62.2837142944
      vertex 98.7503509521 1.58248579502 61.4330291748
      vertex 99.1308288574 2.4572520256 61.0380592346
    endloop
  endfacet
  facet normal 0.304042935371 -0.816068708897 0.491517752409
    outer loop
      vertex 102.43572998 2.43343162537 62.2837142944
      vertex 99.1308288574 2.4572520256 61.0380592346
      vertex 102.854629517 3.22268557549 61.9644165039
    endloop
  endfacet
  facet normal 0.190173447132 -0.870861828327 0.453247964382
    outer loop
      vertex 106.280853271 2.90423703194 62.8783531189
      vertex 102.43572998 2.43343162537 62.2837142944
      vertex 102.854629517 3.22268557549 61.9644165039
    endloop
  endfacet
  facet normal 0.190442323685 -0.871441602707 0.452019095421
    outer loop
      vertex 106.280853271 2.90423703194 62.8783531189
      vertex 102.854629517 3.22268557549 61.9644165039
      vertex 106.746490479 3.6182346344 62.6097602844
    endloop
  endfacet
  facet normal 0.0836667567492 -0.913476347923 0.398196965456
    outer loop
      vertex 106.746490479 3.6182346344 62.6097602844
      vertex 109.763427734 2.39811444283 63.4179534912
      vertex 106.280853271 2.90423703194 62.8783531189
    endloop
  endfacet
  facet normal 0.0685311928391 -0.881138324738 0.467866182327
    outer loop
      vertex 106.280853271 2.90423703194 62.8783531189
      vertex 109.763427734 2.39811444283 63.4179534912
      vertex 109.521224976 2.070748806 63.5729408264
    endloop
  endfacet
  facet normal 0.0790612921119 -0.895182430744 0.43863171339
    outer loop
      vertex 106.280853271 2.90423703194 62.8783531189
      vertex 109.521224976 2.070748806 63.5729408264
      vertex 105.843811035 2.20506453514 63.1823425293
    endloop
  endfacet
  facet normal 0.19149890542 -0.850678861141 0.489564776421
    outer loop
      vertex 105.843811035 2.20506453514 63.1823425293
      vertex 102.43572998 2.43343162537 62.2837142944
      vertex 106.280853271 2.90423703194 62.8783531189
    endloop
  endfacet
  facet normal 0.190852552652 -0.849020659924 0.492685735226
    outer loop
      vertex 105.843811035 2.20506453514 63.1823425293
      vertex 102.042190552 1.66042435169 62.643825531
      vertex 102.43572998 2.43343162537 62.2837142944
    endloop
  endfacet
  facet normal 0.304678738117 -0.79453265667 0.525251150131
    outer loop
      vertex 102.042190552 1.66042435169 62.643825531
      vertex 98.7503509521 1.58248579502 61.4330291748
      vertex 102.43572998 2.43343162537 62.2837142944
    endloop
  endfacet
  facet normal 0.305213660002 -0.796166658401 0.522458851337
    outer loop
      vertex 102.042190552 1.66042435169 62.643825531
      vertex 98.6233520508 1.28264701366 61.5811042786
      vertex 98.7503509521 1.58248579502 61.4330291748
    endloop
  endfacet
  facet normal 0.410719573498 -0.73638933897 0.537624537945
    outer loop
      vertex 98.6233520508 1.28264701366 61.5811042786
      vertex 95.4818572998 0.950413048267 60.0714988708
      vertex 98.7503509521 1.58248579502 61.4330291748
    endloop
  endfacet
  facet normal 0.412367910147 -0.749534189701 0.517833173275
    outer loop
      vertex 98.7503509521 1.58248579502 61.4330291748
      vertex 95.4818572998 0.950413048267 60.0714988708
      vertex 95.6055908203 1.28898465633 59.9056625366
    endloop
  endfacet
  facet normal 0.410577058792 -0.735930681229 0.538360893726
    outer loop
      vertex 98.6233520508 1.28264701366 61.5811042786
      vertex 95.1409606934 -0.00545994052663 60.5805702209
      vertex 95.4818572998 0.950413048267 60.0714988708
    endloop
  endfacet
  facet normal 0.413109868765 -0.720073163509 0.55752569437
    outer loop
      vertex 98.2747497559 0.436464130878 62.036277771
      vertex 95.1409606934 -0.00545994052663 60.5805702209
      vertex 98.6233520508 1.28264701366 61.5811042786
    endloop
  endfacet
  facet normal 0.303333520889 -0.781428813934 0.545305252075
    outer loop
      vertex 101.911422729 1.39561831951 62.7786254883
      vertex 98.2747497559 0.436464130878 62.036277771
      vertex 98.6233520508 1.28264701366 61.5811042786
    endloop
  endfacet
  facet normal 0.30302220583 -0.780421853065 0.546917974949
    outer loop
      vertex 101.911422729 1.39561831951 62.7786254883
      vertex 98.6233520508 1.28264701366 61.5811042786
      vertex 102.042190552 1.66042435169 62.643825531
    endloop
  endfacet
  facet normal 0.193975701928 -0.832206428051 0.519428431988
    outer loop
      vertex 105.436157227 1.52171993256 63.521484375
      vertex 101.911422729 1.39561831951 62.7786254883
      vertex 102.042190552 1.66042435169 62.643825531
    endloop
  endfacet
  facet normal 0.192702457309 -0.828330099583 0.526056051254
    outer loop
      vertex 105.436157227 1.52171993256 63.521484375
      vertex 102.042190552 1.66042435169 62.643825531
      vertex 105.843811035 2.20506453514 63.1823425293
    endloop
  endfacet
  facet normal 0.0850142911077 -0.871383368969 0.483180731535
    outer loop
      vertex 105.843811035 2.20506453514 63.1823425293
      vertex 108.885772705 1.16828632355 64.0540161133
      vertex 105.436157227 1.52171993256 63.521484375
    endloop
  endfacet
  facet normal 0.0734800472856 -0.83644080162 0.543109118938
    outer loop
      vertex 105.436157227 1.52171993256 63.521484375
      vertex 108.885772705 1.16828632355 64.0540161133
      vertex 108.746780396 0.960622549057 64.1766433716
    endloop
  endfacet
  facet normal 0.0830013826489 -0.856175839901 0.509974181652
    outer loop
      vertex 105.436157227 1.52171993256 63.521484375
      vertex 108.746780396 0.960622549057 64.1766433716
      vertex 105.30128479 1.28778660297 63.6477508545
    endloop
  endfacet
  facet normal 0.191101461649 -0.813503921032 0.549264550209
    outer loop
      vertex 105.30128479 1.28778660297 63.6477508545
      vertex 101.911422729 1.39561831951 62.7786254883
      vertex 105.436157227 1.52171993256 63.521484375
    endloop
  endfacet
  facet normal 0.192047387362 -0.816582858562 0.54434388876
    outer loop
      vertex 105.30128479 1.28778660297 63.6477508545
      vertex 101.553939819 0.648547768593 63.1925582886
      vertex 101.911422729 1.39561831951 62.7786254883
    endloop
  endfacet
  facet normal 0.305911421776 -0.763152241707 0.569224774837
    outer loop
      vertex 101.553939819 0.648547768593 63.1925582886
      vertex 98.2747497559 0.436464130878 62.036277771
      vertex 101.911422729 1.39561831951 62.7786254883
    endloop
  endfacet
  facet normal 0.304203927517 -0.756537437439 0.578887820244
    outer loop
      vertex 101.553939819 0.648547768593 63.1925582886
      vertex 97.9536590576 -0.376641213894 62.5293388367
      vertex 98.2747497559 0.436464130878 62.036277771
    endloop
  endfacet
  facet normal 0.413981884718 -0.696646213531 0.585920751095
    outer loop
      vertex 97.9536590576 -0.376641213894 62.5293388367
      vertex 94.8250427246 -0.924573540688 61.1310005188
      vertex 98.2747497559 0.436464130878 62.036277771
    endloop
  endfacet
  facet normal 0.411222934723 -0.712769389153 0.568203747272
    outer loop
      vertex 98.2747497559 0.436464130878 62.036277771
      vertex 94.8250427246 -0.924573540688 61.1310005188
      vertex 95.1409606934 -0.00545994052663 60.5805702209
    endloop
  endfacet
  facet normal 0.307027697563 -0.738190710545 0.600673317909
    outer loop
      vertex 101.226989746 -0.0690483301878 63.6404876709
      vertex 97.9536590576 -0.376641213894 62.5293388367
      vertex 101.553939819 0.648547768593 63.1925582886
    endloop
  endfacet
  facet normal 0.19315585494 -0.790380716324 0.581368327141
    outer loop
      vertex 104.934310913 0.627932369709 64.0338287354
      vertex 101.226989746 -0.0690483301878 63.6404876709
      vertex 101.553939819 0.648547768593 63.1925582886
    endloop
  endfacet
  facet normal 0.194510340691 -0.795635342598 0.57369863987
    outer loop
      vertex 104.934310913 0.627932369709 64.0338287354
      vertex 101.553939819 0.648547768593 63.1925582886
      vertex 105.30128479 1.28778660297 63.6477508545
    endloop
  endfacet
  facet normal 0.0859869346023 -0.838336825371 0.538328588009
    outer loop
      vertex 105.30128479 1.28778660297 63.6477508545
      vertex 108.370269775 0.37489181757 64.5487365723
      vertex 104.934310913 0.627932369709 64.0338287354
    endloop
  endfacet
  facet normal 0.0752433910966 -0.796755671501 0.599598884583
    outer loop
      vertex 104.934310913 0.627932369709 64.0338287354
      vertex 108.370269775 0.37489181757 64.5487365723
      vertex 108.123840332 -0.0302987527102 64.8303909302
    endloop
  endfacet
  facet normal 0.0838305428624 -0.812446594238 0.576977431774
    outer loop
      vertex 104.934310913 0.627932369709 64.0338287354
      vertex 108.123840332 -0.0302987527102 64.8303909302
      vertex 104.60118103 -0.00589933665469 64.4495849609
    endloop
  endfacet
  facet normal 0.195910394192 -0.769573867321 0.607762396336
    outer loop
      vertex 104.60118103 -0.00589933665469 64.4495849609
      vertex 101.226989746 -0.0690483301878 63.6404876709
      vertex 104.934310913 0.627932369709 64.0338287354
    endloop
  endfacet
  facet normal 0.194403141737 -0.762566447258 0.61700874567
    outer loop
      vertex 104.60118103 -0.00589933665469 64.4495849609
      vertex 100.929672241 -0.755881547928 64.1204223633
      vertex 101.226989746 -0.0690483301878 63.6404876709
    endloop
  endfacet
  facet normal 0.308328390121 -0.711930811405 0.630942225456
    outer loop
      vertex 100.929672241 -0.755881547928 64.1204223633
      vertex 97.6593475342 -1.1551015377 63.0578918457
      vertex 101.226989746 -0.0690483301878 63.6404876709
    endloop
  endfacet
  facet normal 0.305308014154 -0.730206012726 0.611217021942
    outer loop
      vertex 101.226989746 -0.0690483301878 63.6404876709
      vertex 97.6593475342 -1.1551015377 63.0578918457
      vertex 97.9536590576 -0.376641213894 62.5293388367
    endloop
  endfacet
  facet normal 0.306625843048 -0.70240688324 0.642343461514
    outer loop
      vertex 100.929672241 -0.755881547928 64.1204223633
      vertex 97.3907928467 -1.89820325375 63.6202163696
      vertex 97.6593475342 -1.1551015377 63.0578918457
    endloop
  endfacet
  facet normal 0.309789270163 -0.684386789799 0.660034358501
    outer loop
      vertex 100.660766602 -1.41151249409 64.6310043335
      vertex 97.3907928467 -1.89820325375 63.6202163696
      vertex 100.929672241 -0.755881547928 64.1204223633
    endloop
  endfacet
  facet normal 0.195770159364 -0.733168363571 0.651258945465
    outer loop
      vertex 104.30090332 -0.612814128399 64.8935241699
      vertex 100.660766602 -1.41151249409 64.6310043335
      vertex 100.929672241 -0.755881547928 64.1204223633
    endloop
  endfacet
  facet normal 0.197373911738 -0.742150425911 0.640512466431
    outer loop
      vertex 104.30090332 -0.612814128399 64.8935241699
      vertex 100.929672241 -0.755881547928 64.1204223633
      vertex 104.60118103 -0.00589933665469 64.4495849609
    endloop
  endfacet
  facet normal 0.0874791145325 -0.782909452915 0.615954697132
    outer loop
      vertex 104.60118103 -0.00589933665469 64.4495849609
      vertex 107.728149414 -0.727780878544 65.3669204712
      vertex 104.30090332 -0.612814128399 64.8935241699
    endloop
  endfacet
  facet normal 0.078894212842 -0.734781265259 0.673700332642
    outer loop
      vertex 104.30090332 -0.612814128399 64.8935241699
      vertex 107.728149414 -0.727780878544 65.3669204712
      vertex 107.459579468 -1.24455225468 65.8118972778
    endloop
  endfacet
  facet normal 0.0882769301534 -0.752539932728 0.652603149414
    outer loop
      vertex 104.30090332 -0.612814128399 64.8935241699
      vertex 107.459579468 -1.24455225468 65.8118972778
      vertex 104.031951904 -1.19265699387 65.3648147583
    endloop
  endfacet
  facet normal 0.198895663023 -0.713313937187 0.672029554844
    outer loop
      vertex 104.031951904 -1.19265699387 65.3648147583
      vertex 100.660766602 -1.41151249409 64.6310043335
      vertex 104.30090332 -0.612814128399 64.8935241699
    endloop
  endfacet
  facet normal 0.197247326374 -0.702110469341 0.684203445911
    outer loop
      vertex 104.031951904 -1.19265699387 65.3648147583
      vertex 100.4193573 -2.03513979912 65.1709060669
      vertex 100.660766602 -1.41151249409 64.6310043335
    endloop
  endfacet
  facet normal 0.311373978853 -0.655492424965 0.688023209572
    outer loop
      vertex 100.4193573 -2.03513979912 65.1709060669
      vertex 97.1476135254 -2.60470604897 64.2145843506
      vertex 100.660766602 -1.41151249409 64.6310043335
    endloop
  endfacet
  facet normal 0.308125168085 -0.673089683056 0.67231631279
    outer loop
      vertex 100.660766602 -1.41151249409 64.6310043335
      vertex 97.1476135254 -2.60470604897 64.2145843506
      vertex 97.3907928467 -1.89820325375 63.6202163696
    endloop
  endfacet
  facet normal 0.418153375387 -0.619077146053 0.664748966694
    outer loop
      vertex 97.3907928467 -1.89820325375 63.6202163696
      vertex 97.1476135254 -2.60470604897 64.2145843506
      vertex 94.6793136597 -3.2690885067 63.2607765198
    endloop
  endfacet
  facet normal 0.418153911829 -0.619075119495 0.664750576019
    outer loop
      vertex 97.3907928467 -1.89820325375 63.6202163696
      vertex 94.6793136597 -3.2690885067 63.2607765198
      vertex 94.6793136597 -3.14386582375 63.1263160706
    endloop
  endfacet
  facet normal 0.416653335094 -0.606617212296 0.677063941956
    outer loop
      vertex 97.1476135254 -2.60470604897 64.2145843506
      vertex 94.6793136597 -3.78406500816 63.8355560303
      vertex 94.6793136597 -3.2690885067 63.2607765198
    endloop
  endfacet
  facet normal 0.419929921627 -0.590646207333 0.689054369926
    outer loop
      vertex 97.1476135254 -2.60470604897 64.2145843506
      vertex 94.6793136597 -3.94295191765 64.0209197998
      vertex 94.6793136597 -3.78406500816 63.8355560303
    endloop
  endfacet
  facet normal 0.418550103903 -0.576441407204 0.701805651188
    outer loop
      vertex 96.9283599854 -3.27425789833 64.8398132324
      vertex 94.6793136597 -4.38630533218 64.5606918335
      vertex 94.6793136597 -3.94295191765 64.0209197998
    endloop
  endfacet
  facet normal 0.419930577278 -0.590644001961 0.689055860043
    outer loop
      vertex 97.1476135254 -2.60470604897 64.2145843506
      vertex 96.9283599854 -3.27425789833 64.8398132324
      vertex 94.6793136597 -3.94295191765 64.0209197998
    endloop
  endfacet
  facet normal 0.309776574373 -0.642214536667 0.701141178608
    outer loop
      vertex 100.4193573 -2.03513979912 65.1709060669
      vertex 96.9283599854 -3.27425789833 64.8398132324
      vertex 97.1476135254 -2.60470604897 64.2145843506
    endloop
  endfacet
  facet normal 0.313056826591 -0.6251963377 0.714930057526
    outer loop
      vertex 100.203826904 -2.6265206337 65.7392425537
      vertex 96.9283599854 -3.27425789833 64.8398132324
      vertex 100.4193573 -2.03513979912 65.1709060669
    endloop
  endfacet
  facet normal 0.198806017637 -0.669418513775 0.715789794922
    outer loop
      vertex 103.792877197 -1.74513828754 65.8626937866
      vertex 100.203826904 -2.6265206337 65.7392425537
      vertex 100.4193573 -2.03513979912 65.1709060669
    endloop
  endfacet
  facet normal 0.200446859002 -0.683073103428 0.702304899693
    outer loop
      vertex 103.792877197 -1.74513828754 65.8626937866
      vertex 100.4193573 -2.03513979912 65.1709060669
      vertex 104.031951904 -1.19265699387 65.3648147583
    endloop
  endfacet
  facet normal 0.0891183614731 -0.720421731472 0.687786638737
    outer loop
      vertex 104.031951904 -1.19265699387 65.3648147583
      vertex 107.223388672 -1.73852670193 66.28074646
      vertex 103.792877197 -1.74513828754 65.8626937866
    endloop
  endfacet
  facet normal 0.0844855085015 -0.681790173054 0.726652860641
    outer loop
      vertex 103.792877197 -1.74513828754 65.8626937866
      vertex 107.223388672 -1.73852670193 66.28074646
      vertex 107.163314819 -1.87159132957 66.4151229858
    endloop
  endfacet
  facet normal 0.0856700465083 -0.687704503536 0.720918238163
    outer loop
      vertex 103.792877197 -1.74513828754 65.8626937866
      vertex 107.163314819 -1.87159132957 66.4151229858
      vertex 103.581848145 -2.27009797096 66.38671875
    endloop
  endfacet
  facet normal 0.20201651752 -0.651345789433 0.731394529343
    outer loop
      vertex 103.581848145 -2.27009797096 66.38671875
      vertex 100.203826904 -2.6265206337 65.7392425537
      vertex 103.792877197 -1.74513828754 65.8626937866
    endloop
  endfacet
  facet normal 0.200435608625 -0.63505011797 0.746013998985
    outer loop
      vertex 103.581848145 -2.27009797096 66.38671875
      vertex 100.01260376 -3.18522071838 66.3352127075
      vertex 100.203826904 -2.6265206337 65.7392425537
    endloop
  endfacet
  facet normal 0.314823061228 -0.593426585197 0.740764021873
    outer loop
      vertex 100.01260376 -3.18522071838 66.3352127075
      vertex 96.7316589355 -3.90635800362 65.4947967529
      vertex 100.203826904 -2.6265206337 65.7392425537
    endloop
  endfacet
  facet normal 0.311557322741 -0.609757840633 0.72878485918
    outer loop
      vertex 100.203826904 -2.6265206337 65.7392425537
      vertex 96.7316589355 -3.90635800362 65.4947967529
      vertex 96.9283599854 -3.27425789833 64.8398132324
    endloop
  endfacet
  facet normal 0.421851336956 -0.560824930668 0.712402164936
    outer loop
      vertex 96.9283599854 -3.27425789833 64.8398132324
      vertex 96.7316589355 -3.90635800362 65.4947967529
      vertex 94.6793136597 -4.57086706161 64.795135498
    endloop
  endfacet
  facet normal 0.421851605177 -0.560824036598 0.712402701378
    outer loop
      vertex 96.9283599854 -3.27425789833 64.8398132324
      vertex 94.6793136597 -4.57086706161 64.795135498
      vertex 94.6793136597 -4.38630533218 64.5606918335
    endloop
  endfacet
  facet normal 0.423232465982 -0.504703640938 0.752428412437
    outer loop
      vertex 96.524520874 -4.61067390442 66.3138885498
      vertex 94.6793136597 -5.57713508606 66.2073669434
      vertex 94.6793136597 -5.26214981079 65.73777771
    endloop
  endfacet
  facet normal 0.424307078123 -0.523455858231 0.738889336586
    outer loop
      vertex 96.6979522705 -4.01804208755 65.6179351807
      vertex 96.524520874 -4.61067390442 66.3138885498
      vertex 94.6793136597 -5.26214981079 65.73777771
    endloop
  endfacet
  facet normal 0.424306988716 -0.523456096649 0.738889217377
    outer loop
      vertex 96.6979522705 -4.01804208755 65.6179351807
      vertex 94.6793136597 -5.26214981079 65.73777771
      vertex 94.6793136597 -5.05444097519 65.4445877075
    endloop
  endfacet
  facet normal 0.420984447002 -0.538540422916 0.729894697666
    outer loop
      vertex 96.6979522705 -4.01804208755 65.6179351807
      vertex 94.6793136597 -5.05444097519 65.4445877075
      vertex 94.6793136597 -4.68104314804 64.9385147095
    endloop
  endfacet
  facet normal 0.421353280544 -0.543283104897 0.726157605648
    outer loop
      vertex 96.7316589355 -3.90635800362 65.4947967529
      vertex 96.6979522705 -4.01804208755 65.6179351807
      vertex 94.6793136597 -4.68104314804 64.9385147095
    endloop
  endfacet
  facet normal 0.421353399754 -0.543272197247 0.72616571188
    outer loop
      vertex 96.7316589355 -3.90635800362 65.4947967529
      vertex 94.6793136597 -4.68104314804 64.9385147095
      vertex 94.6793136597 -4.64560317993 64.8911437988
    endloop
  endfacet
  facet normal 0.42157176137 -0.557016313076 0.715548753738
    outer loop
      vertex 96.7316589355 -3.90635800362 65.4947967529
      vertex 94.6793136597 -4.64560317993 64.8911437988
      vertex 94.6793136597 -4.57086706161 64.795135498
    endloop
  endfacet
  facet normal 0.314498752356 -0.589057743549 0.744379937649
    outer loop
      vertex 100.01260376 -3.18522071838 66.3352127075
      vertex 96.6979522705 -4.01804208755 65.6179351807
      vertex 96.7316589355 -3.90635800362 65.4947967529
    endloop
  endfacet
  facet normal 0.314217299223 -0.574585497379 0.755724132061
    outer loop
      vertex 99.9800872803 -3.28398156166 66.4473266602
      vertex 96.6979522705 -4.01804208755 65.6179351807
      vertex 100.01260376 -3.18522071838 66.3352127075
    endloop
  endfacet
  facet normal 0.203241914511 -0.613360464573 0.763204872608
    outer loop
      vertex 103.397079468 -2.76717925072 66.9365158081
      vertex 99.9800872803 -3.28398156166 66.4473266602
      vertex 100.01260376 -3.18522071838 66.3352127075
    endloop
  endfacet
  facet normal 0.203596651554 -0.618072926998 0.759298503399
    outer loop
      vertex 103.397079468 -2.76717925072 66.9365158081
      vertex 100.01260376 -3.18522071838 66.3352127075
      vertex 103.581848145 -2.27009797096 66.38671875
    endloop
  endfacet
  facet normal 0.0908999070525 -0.650892436504 0.753708302975
    outer loop
      vertex 103.581848145 -2.27009797096 66.38671875
      vertex 106.839996338 -2.65781593323 67.2906951904
      vertex 103.397079468 -2.76717925072 66.9365158081
    endloop
  endfacet
  facet normal 0.088084064424 -0.614066839218 0.784323334694
    outer loop
      vertex 103.397079468 -2.76717925072 66.9365158081
      vertex 106.839996338 -2.65781593323 67.2906951904
      vertex 106.810379028 -2.7373726368 67.3880615234
    endloop
  endfacet
  facet normal 0.0899968892336 -0.629346489906 0.771896064281
    outer loop
      vertex 103.397079468 -2.76717925072 66.9365158081
      vertex 106.810379028 -2.7373726368 67.3880615234
      vertex 103.365951538 -2.85518240929 67.0400009155
    endloop
  endfacet
  facet normal 0.202891722322 -0.598219633102 0.775221407413
    outer loop
      vertex 103.365951538 -2.85518240929 67.0400009155
      vertex 99.9800872803 -3.28398156166 66.4473266602
      vertex 103.397079468 -2.76717925072 66.9365158081
    endloop
  endfacet
  facet normal 0.202421098948 -0.591997146606 0.780105829239
    outer loop
      vertex 103.365951538 -2.85518240929 67.0400009155
      vertex 99.8140716553 -3.80830025673 67.0814819336
      vertex 99.9800872803 -3.28398156166 66.4473266602
    endloop
  endfacet
  facet normal 0.317018181086 -0.553668022156 0.770033240318
    outer loop
      vertex 99.8140716553 -3.80830025673 67.0814819336
      vertex 96.524520874 -4.61067390442 66.3138885498
      vertex 99.9800872803 -3.28398156166 66.4473266602
    endloop
  endfacet
  facet normal 0.313791424036 -0.569043040276 0.760082244873
    outer loop
      vertex 99.9800872803 -3.28398156166 66.4473266602
      vertex 96.524520874 -4.61067390442 66.3138885498
      vertex 96.6979522705 -4.01804208755 65.6179351807
    endloop
  endfacet
  facet normal 0.315821677446 -0.532771229744 0.785118758678
    outer loop
      vertex 99.8140716553 -3.80830025673 67.0814819336
      vertex 96.3730773926 -5.15644550323 67.0283889771
      vertex 96.524520874 -4.61067390442 66.3138885498
    endloop
  endfacet
  facet normal 0.42643648386 -0.490244686604 0.760139524937
    outer loop
      vertex 96.524520874 -4.61067390442 66.3138885498
      vertex 96.3730773926 -5.15644550323 67.0283889771
      vertex 94.6793136597 -5.79257106781 66.5414123535
    endloop
  endfacet
  facet normal 0.426436692476 -0.490244090557 0.760139763355
    outer loop
      vertex 96.524520874 -4.61067390442 66.3138885498
      vertex 94.6793136597 -5.79257106781 66.5414123535
      vertex 94.6793136597 -5.57713508606 66.2073669434
    endloop
  endfacet
  facet normal 0.427857547998 -0.43315666914 0.79329264164
    outer loop
      vertex 96.2418823242 -5.65597677231 67.7598114014
      vertex 94.6793136597 -6.49761724472 67.7577590942
      vertex 94.6793136597 -6.2747168541 67.3495330811
    endloop
  endfacet
  facet normal 0.428583085537 -0.45587515831 0.780060470104
    outer loop
      vertex 96.3730773926 -5.15644550323 67.0283889771
      vertex 96.2418823242 -5.65597677231 67.7598114014
      vertex 94.6793136597 -6.2747168541 67.3495330811
    endloop
  endfacet
  facet normal 0.428584039211 -0.455872923136 0.780061304569
    outer loop
      vertex 96.3730773926 -5.15644550323 67.0283889771
      vertex 94.6793136597 -6.2747168541 67.3495330811
      vertex 94.6793136597 -6.05782413483 66.9784011841
    endloop
  endfacet
  facet normal 0.425538599491 -0.46956589818 0.773579180241
    outer loop
      vertex 96.3730773926 -5.15644550323 67.0283889771
      vertex 94.6793136597 -6.05782413483 66.9784011841
      vertex 94.6793136597 -5.79257106781 66.5414123535
    endloop
  endfacet
  facet normal 0.317878782749 -0.495185405016 0.808544695377
    outer loop
      vertex 99.6712188721 -4.29160499573 67.7334747314
      vertex 96.2418823242 -5.65597677231 67.7598114014
      vertex 96.3730773926 -5.15644550323 67.0283889771
    endloop
  endfacet
  facet normal 0.318882793188 -0.518334567547 0.793500483036
    outer loop
      vertex 99.6712188721 -4.29160499573 67.7334747314
      vertex 96.3730773926 -5.15644550323 67.0283889771
      vertex 99.8140716553 -3.80830025673 67.0814819336
    endloop
  endfacet
  facet normal 0.204188764095 -0.553692340851 0.807299077511
    outer loop
      vertex 103.208526611 -3.32310342789 67.6258468628
      vertex 99.6712188721 -4.29160499573 67.7334747314
      vertex 99.8140716553 -3.80830025673 67.0814819336
    endloop
  endfacet
  facet normal 0.205490678549 -0.576455235481 0.790868461132
    outer loop
      vertex 103.208526611 -3.32310342789 67.6258468628
      vertex 99.8140716553 -3.80830025673 67.0814819336
      vertex 103.365951538 -2.85518240929 67.0400009155
    endloop
  endfacet
  facet normal 0.0920236706734 -0.606217801571 0.789956748486
    outer loop
      vertex 103.365951538 -2.85518240929 67.0400009155
      vertex 106.66242981 -3.16160202026 67.9396972656
      vertex 103.208526611 -3.32310342789 67.6258468628
    endloop
  endfacet
  facet normal 0.0894979164004 -0.561673879623 0.822503805161
    outer loop
      vertex 103.208526611 -3.32310342789 67.6258468628
      vertex 106.66242981 -3.16160202026 67.9396972656
      vertex 106.585830688 -3.40320277214 68.281288147
    endloop
  endfacet
  facet normal 0.0906200632453 -0.566993892193 0.818722128868
    outer loop
      vertex 103.208526611 -3.32310342789 67.6258468628
      vertex 106.585830688 -3.40320277214 68.281288147
      vertex 103.0756073 -3.7556707859 68.2292175293
    endloop
  endfacet
  facet normal 0.207040712237 -0.539493918419 0.816137492657
    outer loop
      vertex 103.0756073 -3.7556707859 68.2292175293
      vertex 99.6712188721 -4.29160499573 67.7334747314
      vertex 103.208526611 -3.32310342789 67.6258468628
    endloop
  endfacet
  facet normal 0.205940768123 -0.514099657536 0.832640349865
    outer loop
      vertex 103.0756073 -3.7556707859 68.2292175293
      vertex 99.5494384766 -4.73449087143 68.4019927979
      vertex 99.6712188721 -4.29160499573 67.7334747314
    endloop
  endfacet
  facet normal 0.320735633373 -0.481811106205 0.815467178822
    outer loop
      vertex 99.5494384766 -4.73449087143 68.4019927979
      vertex 96.2418823242 -5.65597677231 67.7598114014
      vertex 99.6712188721 -4.29160499573 67.7334747314
    endloop
  endfacet
  facet normal 0.319923043251 -0.456327974796 0.830309569836
    outer loop
      vertex 99.5494384766 -4.73449087143 68.4019927979
      vertex 96.1291046143 -6.10988903046 68.5066604614
      vertex 96.2418823242 -5.65597677231 67.7598114014
    endloop
  endfacet
  facet normal 0.430712014437 -0.420341253281 0.798624038696
    outer loop
      vertex 96.2418823242 -5.65597677231 67.7598114014
      vertex 96.1291046143 -6.10988903046 68.5066604614
      vertex 94.6793136597 -6.71057462692 68.162361145
    endloop
  endfacet
  facet normal 0.430712491274 -0.420340150595 0.798624396324
    outer loop
      vertex 96.2418823242 -5.65597677231 67.7598114014
      vertex 94.6793136597 -6.71057462692 68.162361145
      vertex 94.6793136597 -6.49761724472 67.7577590942
    endloop
  endfacet
  facet normal 0.434608787298 -0.322468608618 0.840909719467
    outer loop
      vertex 95.9517364502 -6.88289546967 70.0416488647
      vertex 94.6793136597 -7.54009532928 70.0405273438
      vertex 94.6793136597 -7.4492149353 69.8035354614
    endloop
  endfacet
  facet normal 0.434784501791 -0.345640271902 0.831561923027
    outer loop
      vertex 96.0329437256 -6.51871871948 69.2676467896
      vertex 95.9517364502 -6.88289546967 70.0416488647
      vertex 94.6793136597 -7.4492149353 69.8035354614
    endloop
  endfacet
  facet normal 0.434784501791 -0.3456402421 0.831561923027
    outer loop
      vertex 96.0329437256 -6.51871871948 69.2676467896
      vertex 94.6793136597 -7.4492149353 69.8035354614
      vertex 94.6793136597 -7.25736188889 69.3419647217
    endloop
  endfacet
  facet normal 0.432381033897 -0.356450378895 0.82824498415
    outer loop
      vertex 96.0329437256 -6.51871871948 69.2676467896
      vertex 94.6793136597 -7.25736188889 69.3419647217
      vertex 94.6793136597 -7.10169172287 68.980255127
    endloop
  endfacet
  facet normal 0.432789385319 -0.383595377207 0.815811216831
    outer loop
      vertex 96.1291046143 -6.10988903046 68.5066604614
      vertex 96.0329437256 -6.51871871948 69.2676467896
      vertex 94.6793136597 -7.10169172287 68.980255127
    endloop
  endfacet
  facet normal 0.43278965354 -0.38359478116 0.81581133604
    outer loop
      vertex 96.1291046143 -6.10988903046 68.5066604614
      vertex 94.6793136597 -7.10169172287 68.980255127
      vertex 94.6793136597 -6.89730262756 68.5455703735
    endloop
  endfacet
  facet normal 0.430150270462 -0.395446509123 0.811537325382
    outer loop
      vertex 96.1291046143 -6.10988903046 68.5066604614
      vertex 94.6793136597 -6.89730262756 68.5455703735
      vertex 94.6793136597 -6.71057462692 68.162361145
    endloop
  endfacet
  facet normal 0.321927428246 -0.416179418564 0.850386619568
    outer loop
      vertex 99.4465789795 -5.13743782043 69.0858001709
      vertex 96.0329437256 -6.51871871948 69.2676467896
      vertex 96.1291046143 -6.10988903046 68.5066604614
    endloop
  endfacet
  facet normal 0.322555243969 -0.444063693285 0.835922002792
    outer loop
      vertex 99.4465789795 -5.13743782043 69.0858001709
      vertex 96.1291046143 -6.10988903046 68.5066604614
      vertex 99.5494384766 -4.73449087143 68.4019927979
    endloop
  endfacet
  facet normal 0.207655861974 -0.473242133856 0.856108009815
    outer loop
      vertex 102.964645386 -4.15332984924 68.8492279053
      vertex 99.4465789795 -5.13743782043 69.0858001709
      vertex 99.5494384766 -4.73449087143 68.4019927979
    endloop
  endfacet
  facet normal 0.208548724651 -0.501285970211 0.839773654938
    outer loop
      vertex 102.964645386 -4.15332984924 68.8492279053
      vertex 99.5494384766 -4.73449087143 68.4019927979
      vertex 103.0756073 -3.7556707859 68.2292175293
    endloop
  endfacet
  facet normal 0.0938820764422 -0.525530695915 0.84557890892
    outer loop
      vertex 106.441192627 -3.92037200928 69.0954589844
      vertex 102.964645386 -4.15332984924 68.8492279053
      vertex 103.0756073 -3.7556707859 68.2292175293
    endloop
  endfacet
  facet normal 0.0907127559185 -0.514560043812 0.852642476559
    outer loop
      vertex 103.0756073 -3.7556707859 68.2292175293
      vertex 106.540374756 -3.55585932732 68.508934021
      vertex 106.441192627 -3.92037200928 69.0954589844
    endloop
  endfacet
  facet normal 0.034830160439 -0.523271083832 0.85145419836
    outer loop
      vertex 106.540374756 -3.55585932732 68.508934021
      vertex 128.589889526 -3.14238739014 69.3038101196
      vertex 106.441192627 -3.92037200928 69.0954589844
    endloop
  endfacet
  facet normal 0.0352924540639 -0.481262803078 0.875865578651
    outer loop
      vertex 106.441192627 -3.92037200928 69.0954589844
      vertex 128.589889526 -3.14238739014 69.3038101196
      vertex 106.362075806 -4.25509881973 69.6988372803
    endloop
  endfacet
  facet normal 0.0922412127256 -0.473763525486 0.875808000565
    outer loop
      vertex 106.362075806 -4.25509881973 69.6988372803
      vertex 102.964645386 -4.15332984924 68.8492279053
      vertex 106.441192627 -3.92037200928 69.0954589844
    endloop
  endfacet
  facet normal 0.0947898104787 -0.483296364546 0.870310008526
    outer loop
      vertex 106.362075806 -4.25509881973 69.6988372803
      vertex 102.873153687 -4.51634836197 69.4850006104
      vertex 102.964645386 -4.15332984924 68.8492279053
    endloop
  endfacet
  facet normal 0.210001632571 -0.461828917265 0.86175018549
    outer loop
      vertex 102.873153687 -4.51634836197 69.4850006104
      vertex 99.4465789795 -5.13743782043 69.0858001709
      vertex 102.964645386 -4.15332984924 68.8492279053
    endloop
  endfacet
  facet normal 0.209312230349 -0.431143820286 0.877669274807
    outer loop
      vertex 102.873153687 -4.51634836197 69.4850006104
      vertex 99.3605651855 -5.50084447861 69.783821106
      vertex 99.4465789795 -5.13743782043 69.0858001709
    endloop
  endfacet
  facet normal 0.324315458536 -0.405080407858 0.854827105999
    outer loop
      vertex 99.3605651855 -5.50084447861 69.783821106
      vertex 96.0329437256 -6.51871871948 69.2676467896
      vertex 99.4465789795 -5.13743782043 69.0858001709
    endloop
  endfacet
  facet normal 0.323860913515 -0.374760448933 0.868716716766
    outer loop
      vertex 99.3605651855 -5.50084447861 69.783821106
      vertex 95.9517364502 -6.88289546967 70.0416488647
      vertex 96.0329437256 -6.51871871948 69.2676467896
    endloop
  endfacet
  facet normal 0.325994133949 -0.364852428436 0.87212985754
    outer loop
      vertex 99.2895202637 -5.82497930527 70.4951400757
      vertex 95.9517364502 -6.88289546967 70.0416488647
      vertex 99.3605651855 -5.50084447861 69.783821106
    endloop
  endfacet
  facet normal 0.21089206636 -0.387813061476 0.897287905216
    outer loop
      vertex 102.798782349 -4.84486675262 70.1357727051
      vertex 99.2895202637 -5.82497930527 70.4951400757
      vertex 99.3605651855 -5.50084447861 69.783821106
    endloop
  endfacet
  facet normal 0.211389794946 -0.421104699373 0.88203471899
    outer loop
      vertex 102.798782349 -4.84486675262 70.1357727051
      vertex 99.3605651855 -5.50084447861 69.783821106
      vertex 102.873153687 -4.51634836197 69.4850006104
    endloop
  endfacet
  facet normal 0.0956680253148 -0.439846336842 0.892962932587
    outer loop
      vertex 106.300338745 -4.55981254578 70.3186645508
      vertex 102.798782349 -4.84486675262 70.1357727051
      vertex 102.873153687 -4.51634836197 69.4850006104
    endloop
  endfacet
  facet normal 0.0936371609569 -0.431715071201 0.897136688232
    outer loop
      vertex 106.300338745 -4.55981254578 70.3186645508
      vertex 102.873153687 -4.51634836197 69.4850006104
      vertex 106.362075806 -4.25509881973 69.6988372803
    endloop
  endfacet
  facet normal 0.036444876343 -0.437961369753 0.898254752159
    outer loop
      vertex 106.362075806 -4.25509881973 69.6988372803
      vertex 128.611740112 -3.68229675293 70.3755264282
      vertex 106.300338745 -4.55981254578 70.3186645508
    endloop
  endfacet
  facet normal 0.0371299237013 -0.393557488918 0.918549895287
    outer loop
      vertex 106.300338745 -4.55981254578 70.3186645508
      vertex 128.611740112 -3.68229675293 70.3755264282
      vertex 106.253479004 -4.83415603638 70.9545516968
    endloop
  endfacet
  facet normal 0.0949052125216 -0.38844615221 0.916571080685
    outer loop
      vertex 106.253479004 -4.83415603638 70.9545516968
      vertex 102.798782349 -4.84486675262 70.1357727051
      vertex 106.300338745 -4.55981254578 70.3186645508
    endloop
  endfacet
  facet normal 0.0965050756931 -0.395236760378 0.913495838642
    outer loop
      vertex 106.253479004 -4.83415603638 70.9545516968
      vertex 102.739349365 -5.13890075684 70.8008499146
      vertex 102.798782349 -4.84486675262 70.1357727051
    endloop
  endfacet
  facet normal 0.212695628405 -0.379136681557 0.90056425333
    outer loop
      vertex 102.739349365 -5.13890075684 70.8008499146
      vertex 99.2895202637 -5.82497930527 70.4951400757
      vertex 102.798782349 -4.84486675262 70.1357727051
    endloop
  endfacet
  facet normal 0.212459042668 -0.350313425064 0.912217974663
    outer loop
      vertex 102.739349365 -5.13890075684 70.8008499146
      vertex 99.2485198975 -6.02476978302 70.9905319214
      vertex 99.2895202637 -5.82497930527 70.4951400757
    endloop
  endfacet
  facet normal 0.327080726624 -0.330046832561 0.885487020016
    outer loop
      vertex 99.2485198975 -6.02476978302 70.9905319214
      vertex 95.9039306641 -7.10711145401 70.579826355
      vertex 99.2895202637 -5.82497930527 70.4951400757
    endloop
  endfacet
  facet normal 0.325789600611 -0.338792920113 0.882655382156
    outer loop
      vertex 99.2895202637 -5.82497930527 70.4951400757
      vertex 95.9039306641 -7.10711145401 70.579826355
      vertex 95.9517364502 -6.88289546967 70.0416488647
    endloop
  endfacet
  facet normal 0.436088263988 -0.312802910805 0.843789875507
    outer loop
      vertex 95.9517364502 -6.88289546967 70.0416488647
      vertex 95.9039306641 -7.10711145401 70.579826355
      vertex 94.6793136597 -7.66290378571 70.3718032837
    endloop
  endfacet
  facet normal 0.436087727547 -0.312804341316 0.843789637089
    outer loop
      vertex 95.9517364502 -6.88289546967 70.0416488647
      vertex 94.6793136597 -7.66290378571 70.3718032837
      vertex 94.6793136597 -7.54009532928 70.0405273438
    endloop
  endfacet
  facet normal 0.427006006241 0.500794708729 0.752908051014
    outer loop
      vertex 96.36328125 -5.19279146194 85.3207321167
      vertex 94.6793136597 -5.51415014267 86.2734375
      vertex 94.6793136597 -5.82774734497 85.8019714355
    endloop
  endfacet
  facet normal 0.4251755476 0.456881910563 0.781335175037
    outer loop
      vertex 94.6793136597 -5.82774734497 85.8019714355
      vertex 94.6793136597 -6.01893234253 85.4750137329
      vertex 96.36328125 -5.19279146194 85.3207321167
    endloop
  endfacet
  facet normal 0.425175577402 0.456881701946 0.781335294247
    outer loop
      vertex 96.2479400635 -5.63231182098 84.6764221191
      vertex 96.36328125 -5.19279146194 85.3207321167
      vertex 94.6793136597 -6.01893234253 85.4750137329
    endloop
  endfacet
  facet normal 0.428715407848 0.467971295118 0.772791028023
    outer loop
      vertex 96.2479400635 -5.63231182098 84.6764221191
      vertex 94.6793136597 -6.01893234253 85.4750137329
      vertex 94.6793136597 -6.25193786621 85.0902404785
    endloop
  endfacet
  facet normal 0.427254468203 0.42335575819 0.798888921738
    outer loop
      vertex 94.6793136597 -6.25193786621 85.0902404785
      vertex 94.6793136597 -6.46619796753 84.6859207153
      vertex 96.2479400635 -5.63231182098 84.6764221191
    endloop
  endfacet
  facet normal 0.427254468203 0.423355728388 0.798888921738
    outer loop
      vertex 96.1343994141 -6.08799123764 83.9311218262
      vertex 96.2479400635 -5.63231182098 84.6764221191
      vertex 94.6793136597 -6.46619796753 84.6859207153
    endloop
  endfacet
  facet normal 0.430759578943 0.433911919594 0.791306912899
    outer loop
      vertex 96.1343994141 -6.08799123764 83.9311218262
      vertex 94.6793136597 -6.46619796753 84.6859207153
      vertex 94.6793136597 -6.68959188461 84.2785263062
    endloop
  endfacet
  facet normal 0.429683595896 0.386512219906 0.816076159477
    outer loop
      vertex 94.6793136597 -6.68959188461 84.2785263062
      vertex 94.6793136597 -6.89582014084 83.8431015015
      vertex 96.1343994141 -6.08799123764 83.9311218262
    endloop
  endfacet
  facet normal 0.4296836555 0.386511951685 0.816076278687
    outer loop
      vertex 96.037612915 -6.4982843399 83.1724319458
      vertex 96.1343994141 -6.08799123764 83.9311218262
      vertex 94.6793136597 -6.89582014084 83.8431015015
    endloop
  endfacet
  facet normal 0.43274217844 0.396527647972 0.809629559517
    outer loop
      vertex 96.037612915 -6.4982843399 83.1724319458
      vertex 94.6793136597 -6.89582014084 83.8431015015
      vertex 94.6793136597 -7.08216571808 83.4626159668
    endloop
  endfacet
  facet normal 0.432017087936 0.348521530628 0.831801652908
    outer loop
      vertex 94.6793136597 -7.08216571808 83.4626159668
      vertex 94.6793136597 -7.27599620819 83.0000152588
      vertex 96.037612915 -6.4982843399 83.1724319458
    endloop
  endfacet
  facet normal 0.432016968727 0.348521947861 0.831801533699
    outer loop
      vertex 95.9559020996 -6.863758564 82.4014587402
      vertex 96.037612915 -6.4982843399 83.1724319458
      vertex 94.6793136597 -7.27599620819 83.0000152588
    endloop
  endfacet
  facet normal 0.434669464827 0.357879370451 0.826428949833
    outer loop
      vertex 95.9559020996 -6.863758564 82.4014587402
      vertex 94.6793136597 -7.27599620819 83.0000152588
      vertex 94.6793136597 -7.43096971512 82.6421432495
    endloop
  endfacet
  facet normal 0.434225708246 0.309384822845 0.846007704735
    outer loop
      vertex 94.6793136597 -7.43096971512 82.6421432495
      vertex 94.6793136597 -7.6088104248 82.1558380127
      vertex 95.9559020996 -6.863758564 82.4014587402
    endloop
  endfacet
  facet normal 0.434225857258 0.309384435415 0.846007764339
    outer loop
      vertex 95.8877410889 -7.18484830856 81.6191101074
      vertex 95.9559020996 -6.863758564 82.4014587402
      vertex 94.6793136597 -7.6088104248 82.1558380127
    endloop
  endfacet
  facet normal 0.436508029699 0.317975401878 0.841636717319
    outer loop
      vertex 95.8877410889 -7.18484830856 81.6191101074
      vertex 94.6793136597 -7.6088104248 82.1558380127
      vertex 94.6793136597 -7.73695230484 81.8166656494
    endloop
  endfacet
  facet normal 0.436281710863 0.269126266241 0.858620584011
    outer loop
      vertex 94.6793136597 -7.73695230484 81.8166656494
      vertex 94.6793136597 -7.89584064484 81.3097457886
      vertex 95.8877410889 -7.18484830856 81.6191101074
    endloop
  endfacet
  facet normal 0.436281561852 0.269126713276 0.858620524406
    outer loop
      vertex 95.831817627 -7.46183872223 80.8260574341
      vertex 95.8877410889 -7.18484830856 81.6191101074
      vertex 94.6793136597 -7.89584064484 81.3097457886
    endloop
  endfacet
  facet normal 0.438215583563 0.276819229126 0.855183124542
    outer loop
      vertex 95.831817627 -7.46183872223 80.8260574341
      vertex 94.6793136597 -7.89584064484 81.3097457886
      vertex 94.6793136597 -8.0007390976 80.9856796265
    endloop
  endfacet
  facet normal 0.438147574663 0.227740585804 0.86957514286
    outer loop
      vertex 94.6793136597 -8.0007390976 80.9856796265
      vertex 94.6793136597 -8.13819217682 80.4608459473
      vertex 95.831817627 -7.46183872223 80.8260574341
    endloop
  endfacet
  facet normal 0.438147425652 0.22774104774 0.869575083256
    outer loop
      vertex 95.7869567871 -7.69482755661 80.0227508545
      vertex 95.831817627 -7.46183872223 80.8260574341
      vertex 94.6793136597 -8.13819217682 80.4608459473
    endloop
  endfacet
  facet normal 0.439751178026 0.234413474798 0.8669885993
    outer loop
      vertex 95.7869567871 -7.69482755661 80.0227508545
      vertex 94.6793136597 -8.13819217682 80.4608459473
      vertex 94.6793136597 -8.22261810303 80.1485977173
    endloop
  endfacet
  facet normal 0.439827769995 0.18934610486 0.877894997597
    outer loop
      vertex 94.6793136597 -8.22261810303 80.1485977173
      vertex 94.6793136597 -8.31643104553 79.7136383057
      vertex 95.7869567871 -7.69482755661 80.0227508545
    endloop
  endfacet
  facet normal 0.439827263355 0.189347743988 0.877894878387
    outer loop
      vertex 95.7581176758 -7.85071992874 79.3669586182
      vertex 95.7869567871 -7.69482755661 80.0227508545
      vertex 94.6793136597 -8.31643104553 79.7136383057
    endloop
  endfacet
  facet normal 0.440893173218 0.195067822933 0.876106023788
    outer loop
      vertex 95.7581176758 -7.85071992874 79.3669586182
      vertex 94.6793136597 -8.31643104553 79.7136383057
      vertex 94.6793136597 -8.37113952637 79.4679260254
    endloop
  endfacet
  facet normal 0.44093310833 0.150638177991 0.884808540344
    outer loop
      vertex 94.6793136597 -8.37113952637 79.4679260254
      vertex 94.6793136597 -8.46274089813 78.9298858643
      vertex 95.7581176758 -7.85071992874 79.3669586182
    endloop
  endfacet
  facet normal 0.440932452679 0.15063983202 0.884808599949
    outer loop
      vertex 95.7314147949 -8.00050258636 78.5653381348
      vertex 95.7581176758 -7.85071992874 79.3669586182
      vertex 94.6793136597 -8.46274089813 78.9298858643
    endloop
  endfacet
  facet normal 0.441953569651 0.155242905021 0.883502483368
    outer loop
      vertex 95.7314147949 -8.00050258636 78.5653381348
      vertex 94.6793136597 -8.46274089813 78.9298858643
      vertex 94.6793136597 -8.51395797729 78.6384048462
    endloop
  endfacet
  facet normal 0.442062497139 0.107521206141 0.890516638756
    outer loop
      vertex 94.6793136597 -8.51395797729 78.6384048462
      vertex 94.6793136597 -8.57946300507 78.0958786011
      vertex 95.7314147949 -8.00050258636 78.5653381348
    endloop
  endfacet
  facet normal 0.442063301802 0.107519201934 0.890516519547
    outer loop
      vertex 95.7132110596 -8.10625743866 77.764289856
      vertex 95.7314147949 -8.00050258636 78.5653381348
      vertex 94.6793136597 -8.57946300507 78.0958786011
    endloop
  endfacet
  facet normal 0.442782610655 0.110856443644 0.889749646187
    outer loop
      vertex 95.7132110596 -8.10625743866 77.764289856
      vertex 94.6793136597 -8.57946300507 78.0958786011
      vertex 94.6793136597 -8.61489486694 77.8114929199
    endloop
  endfacet
  facet normal 0.442878812551 0.0639661476016 0.894296765327
    outer loop
      vertex 94.6793136597 -8.61489486694 77.8114929199
      vertex 94.6793136597 -8.65389728546 77.266204834
      vertex 95.7132110596 -8.10625743866 77.764289856
    endloop
  endfacet
  facet normal 0.4428781569 0.0639677420259 0.894296944141
    outer loop
      vertex 95.7027740479 -8.16869831085 76.9636001587
      vertex 95.7132110596 -8.10625743866 77.764289856
      vertex 94.6793136597 -8.65389728546 77.266204834
    endloop
  endfacet
  facet normal 0.443306982517 0.0659950897098 0.893937110901
    outer loop
      vertex 95.7027740479 -8.16869831085 76.9636001587
      vertex 94.6793136597 -8.65389728546 77.266204834
      vertex 94.6793136597 -8.67456245422 76.986289978
    endloop
  endfacet
  facet normal 0.443365514278 0.0200403947383 0.89611685276
    outer loop
      vertex 94.6793136597 -8.67456245422 76.986289978
      vertex 94.6793136597 -8.68678474426 76.4397354126
      vertex 95.7027740479 -8.16869831085 76.9636001587
    endloop
  endfacet
  facet normal 0.443365842104 0.0200396515429 0.896116733551
    outer loop
      vertex 95.6995849609 -8.18818187714 76.1629257202
      vertex 95.7027740479 -8.16869831085 76.9636001587
      vertex 94.6793136597 -8.68678474426 76.4397354126
    endloop
  endfacet
  facet normal 0.443500995636 0.0206847731024 0.896035134792
    outer loop
      vertex 95.6995849609 -8.18818187714 76.1629257202
      vertex 94.6793136597 -8.68678474426 76.4397354126
      vertex 94.6793136597 -8.69320011139 76.1618347168
    endloop
  endfacet
  facet normal 0.443504482508 -0.0241969265044 0.895945489407
    outer loop
      vertex 95.7034606934 -8.16453647614 75.3584899902
      vertex 95.6995849609 -8.18818187714 76.1629257202
      vertex 94.6793136597 -8.69320011139 76.1618347168
    endloop
  endfacet
  facet normal 0.443504810333 -0.0241964198649 0.895945310593
    outer loop
      vertex 95.7034606934 -8.16453647614 75.3584899902
      vertex 94.6793136597 -8.69320011139 76.1618347168
      vertex 94.6793136597 -8.67838096619 75.6131057739
    endloop
  endfacet
  facet normal 0.443338066339 -0.0249898061156 0.896006047726
    outer loop
      vertex 95.7034606934 -8.16453647614 75.3584899902
      vertex 94.6793136597 -8.67838096619 75.6131057739
      vertex 94.6793136597 -8.67058181763 75.3334655762
    endloop
  endfacet
  facet normal 0.44329020381 -0.0684753358364 0.893758893013
    outer loop
      vertex 95.7148284912 -8.09672546387 74.5469818115
      vertex 95.7034606934 -8.16453647614 75.3584899902
      vertex 94.6793136597 -8.67058181763 75.3334655762
    endloop
  endfacet
  facet normal 0.443291097879 -0.0684739053249 0.893758535385
    outer loop
      vertex 95.7148284912 -8.09672546387 74.5469818115
      vertex 94.6793136597 -8.67058181763 75.3334655762
      vertex 94.6793136597 -8.62833595276 74.7820587158
    endloop
  endfacet
  facet normal 0.442821592093 -0.0706801116467 0.893819570541
    outer loop
      vertex 95.7148284912 -8.09672546387 74.5469818115
      vertex 94.6793136597 -8.62833595276 74.7820587158
      vertex 94.6793136597 -8.60579490662 74.4970016479
    endloop
  endfacet
  facet normal 0.442758411169 -0.111415110528 0.889691889286
    outer loop
      vertex 95.7330474854 -7.99113035202 73.7761611938
      vertex 95.7148284912 -8.09672546387 74.5469818115
      vertex 94.6793136597 -8.60579490662 74.4970016479
    endloop
  endfacet
  facet normal 0.442759156227 -0.11141385138 0.889691650867
    outer loop
      vertex 95.7330474854 -7.99113035202 73.7761611938
      vertex 94.6793136597 -8.60579490662 74.4970016479
      vertex 94.6793136597 -8.54065608978 73.9768371582
    endloop
  endfacet
  facet normal 0.442025095224 -0.115013584495 0.889598608017
    outer loop
      vertex 95.7330474854 -7.99113035202 73.7761611938
      vertex 94.6793136597 -8.54065608978 73.9768371582
      vertex 94.6793136597 -8.50501346588 73.7011489868
    endloop
  endfacet
  facet normal 0.441941618919 -0.153621912003 0.883791804314
    outer loop
      vertex 95.7604370117 -7.83798789978 72.9739303589
      vertex 95.7330474854 -7.99113035202 73.7761611938
      vertex 94.6793136597 -8.50501346588 73.7011489868
    endloop
  endfacet
  facet normal 0.441942334175 -0.15362071991 0.8837916255
    outer loop
      vertex 95.7604370117 -7.83798789978 72.9739303589
      vertex 94.6793136597 -8.50501346588 73.7011489868
      vertex 94.6793136597 -8.4118976593 73.1654434204
    endloop
  endfacet
  facet normal 0.440880119801 -0.158581182361 0.88344591856
    outer loop
      vertex 95.7604370117 -7.83798789978 72.9739303589
      vertex 94.6793136597 -8.4118976593 73.1654434204
      vertex 94.6793136597 -8.35901069641 72.8708190918
    endloop
  endfacet
  facet normal 0.440826565027 -0.196073383093 0.875915050507
    outer loop
      vertex 95.7972717285 -7.64029550552 72.1735916138
      vertex 95.7604370117 -7.83798789978 72.9739303589
      vertex 94.6793136597 -8.35901069641 72.8708190918
    endloop
  endfacet
  facet normal 0.440827250481 -0.196072176099 0.875914990902
    outer loop
      vertex 95.7972717285 -7.64029550552 72.1735916138
      vertex 94.6793136597 -8.35901069641 72.8708190918
      vertex 94.6793136597 -8.241106987 72.3441009521
    endloop
  endfacet
  facet normal 0.439459592104 -0.202393338084 0.875164091587
    outer loop
      vertex 95.7972717285 -7.64029550552 72.1735916138
      vertex 94.6793136597 -8.241106987 72.3441009521
      vertex 94.6793136597 -8.17068099976 72.0395736694
    endloop
  endfacet
  facet normal 0.439457684755 -0.237852588296 0.866200387478
    outer loop
      vertex 95.8446502686 -7.39708185196 71.3754119873
      vertex 95.7972717285 -7.64029550552 72.1735916138
      vertex 94.6793136597 -8.17068099976 72.0395736694
    endloop
  endfacet
  facet normal 0.439457267523 -0.237853348255 0.866200387478
    outer loop
      vertex 95.8446502686 -7.39708185196 71.3754119873
      vertex 94.6793136597 -8.17068099976 72.0395736694
      vertex 94.6793136597 -8.02916431427 71.5242080688
    endloop
  endfacet
  facet normal 0.437791258097 -0.245462745428 0.864920139313
    outer loop
      vertex 95.8446502686 -7.39708185196 71.3754119873
      vertex 94.6793136597 -8.02916431427 71.5242080688
      vertex 94.6793136597 -7.93907880783 71.20677948
    endloop
  endfacet
  facet normal 0.437869220972 -0.278887480497 0.854688465595
    outer loop
      vertex 95.9039306641 -7.10711145401 70.579826355
      vertex 95.8446502686 -7.39708185196 71.3754119873
      vertex 94.6793136597 -7.93907880783 71.20677948
    endloop
  endfacet
  facet normal 0.437869131565 -0.278887599707 0.854688405991
    outer loop
      vertex 95.9039306641 -7.10711145401 70.579826355
      vertex 94.6793136597 -7.93907880783 71.20677948
      vertex 94.6793136597 -7.77549123764 70.7054443359
    endloop
  endfacet
  facet normal 0.435901343822 -0.287760853767 0.852750658989
    outer loop
      vertex 95.9039306641 -7.10711145401 70.579826355
      vertex 94.6793136597 -7.77549123764 70.7054443359
      vertex 94.6793136597 -7.66290378571 70.3718032837
    endloop
  endfacet
  facet normal 0.326881766319 -0.30203256011 0.895502448082
    outer loop
      vertex 99.2485198975 -6.02476978302 70.9905319214
      vertex 95.8446502686 -7.39708185196 71.3754119873
      vertex 95.9039306641 -7.10711145401 70.579826355
    endloop
  endfacet
  facet normal 0.328572630882 -0.294182151556 0.897494792938
    outer loop
      vertex 99.1987457275 -6.28343486786 71.7240753174
      vertex 95.8446502686 -7.39708185196 71.3754119873
      vertex 99.2485198975 -6.02476978302 70.9905319214
    endloop
  endfacet
  facet normal 0.213317707181 -0.311993569136 0.925826966763
    outer loop
      vertex 102.70614624 -5.32066583633 71.2651977539
      vertex 99.1987457275 -6.28343486786 71.7240753174
      vertex 99.2485198975 -6.02476978302 70.9905319214
    endloop
  endfacet
  facet normal 0.213523566723 -0.342827290297 0.914809882641
    outer loop
      vertex 102.70614624 -5.32066583633 71.2651977539
      vertex 99.2485198975 -6.02476978302 70.9905319214
      vertex 102.739349365 -5.13890075684 70.8008499146
    endloop
  endfacet
  facet normal 0.0970253422856 -0.356767266989 0.929141104221
    outer loop
      vertex 106.228683472 -5.00459003448 71.4000091553
      vertex 102.70614624 -5.32066583633 71.2651977539
      vertex 102.739349365 -5.13890075684 70.8008499146
    endloop
  endfacet
  facet normal 0.0961255207658 -0.351015537977 0.931422531605
    outer loop
      vertex 106.228683472 -5.00459003448 71.4000091553
      vertex 102.739349365 -5.13890075684 70.8008499146
      vertex 106.253479004 -4.83415603638 70.9545516968
    endloop
  endfacet
  facet normal 0.0379033386707 -0.355244547129 0.934004604816
    outer loop
      vertex 106.253479004 -4.83415603638 70.9545516968
      vertex 128.629852295 -4.12944698334 71.4892196655
      vertex 106.228683472 -5.00459003448 71.4000091553
    endloop
  endfacet
  facet normal 0.0382924638689 -0.316088557243 0.947956621647
    outer loop
      vertex 106.228683472 -5.00459003448 71.4000091553
      vertex 128.629852295 -4.12944698334 71.4892196655
      vertex 106.201538086 -5.22692966461 72.0635223389
    endloop
  endfacet
  facet normal 0.0967537164688 -0.312678813934 0.944918334484
    outer loop
      vertex 106.201538086 -5.22692966461 72.0635223389
      vertex 102.70614624 -5.32066583633 71.2651977539
      vertex 106.228683472 -5.00459003448 71.4000091553
    endloop
  endfacet
  facet normal 0.0977860018611 -0.317395925522 0.943237900734
    outer loop
      vertex 106.201538086 -5.22692966461 72.0635223389
      vertex 102.667251587 -5.55665254593 71.9545211792
      vertex 102.70614624 -5.32066583633 71.2651977539
    endloop
  endfacet
  facet normal 0.214680179954 -0.305475413799 0.927683770657
    outer loop
      vertex 102.667251587 -5.55665254593 71.9545211792
      vertex 99.1987457275 -6.28343486786 71.7240753174
      vertex 102.70614624 -5.32066583633 71.2651977539
    endloop
  endfacet
  facet normal 0.214590340853 -0.265628218651 0.939889669418
    outer loop
      vertex 102.667251587 -5.55665254593 71.9545211792
      vertex 99.1600341797 -6.50066184998 72.4614334106
      vertex 99.1987457275 -6.28343486786 71.7240753174
    endloop
  endfacet
  facet normal 0.329895794392 -0.250797063112 0.910093188286
    outer loop
      vertex 99.1600341797 -6.50066184998 72.4614334106
      vertex 95.7972717285 -7.64029550552 72.1735916138
      vertex 99.1987457275 -6.28343486786 71.7240753174
    endloop
  endfacet
  facet normal 0.328488707542 -0.257407069206 0.908755600452
    outer loop
      vertex 99.1987457275 -6.28343486786 71.7240753174
      vertex 95.7972717285 -7.64029550552 72.1735916138
      vertex 95.8446502686 -7.39708185196 71.3754119873
    endloop
  endfacet
  facet normal 0.329899847507 -0.212041452527 0.919893741608
    outer loop
      vertex 99.1600341797 -6.50066184998 72.4614334106
      vertex 95.7604370117 -7.83798789978 72.9739303589
      vertex 95.7972717285 -7.64029550552 72.1735916138
    endloop
  endfacet
  facet normal 0.331031650305 -0.20666475594 0.92071044445
    outer loop
      vertex 99.1307830811 -6.67744398117 73.2021560669
      vertex 95.7604370117 -7.83798789978 72.9739303589
      vertex 99.1600341797 -6.50066184998 72.4614334106
    endloop
  endfacet
  facet normal 0.215696498752 -0.218609690666 0.951674759388
    outer loop
      vertex 102.638427734 -5.75548219681 72.6494750977
      vertex 99.1307830811 -6.67744398117 73.2021560669
      vertex 99.1600341797 -6.50066184998 72.4614334106
    endloop
  endfacet
  facet normal 0.215690717101 -0.260313570499 0.941123962402
    outer loop
      vertex 102.638427734 -5.75548219681 72.6494750977
      vertex 99.1600341797 -6.50066184998 72.4614334106
      vertex 102.667251587 -5.55665254593 71.9545211792
    endloop
  endfacet
  facet normal 0.0976913720369 -0.270004719496 0.957890331745
    outer loop
      vertex 102.638427734 -5.75548219681 72.6494750977
      vertex 102.667251587 -5.55665254593 71.9545211792
      vertex 106.201538086 -5.22692966461 72.0635223389
    endloop
  endfacet
  facet normal 0.09775326401 -0.269700050354 0.957969844341
    outer loop
      vertex 106.201538086 -5.22692966461 72.0635223389
      vertex 106.185562134 -5.38996124268 72.6368179321
      vertex 102.638427734 -5.75548219681 72.6494750977
    endloop
  endfacet
  facet normal 0.0984794795513 -0.246198102832 0.964203417301
    outer loop
      vertex 102.638427734 -5.75548219681 72.6494750977
      vertex 106.185562134 -5.38996124268 72.6368179321
      vertex 106.183395386 -5.41527557373 72.7350921631
    endloop
  endfacet
  facet normal 0.0984510183334 -0.219241693616 0.970690727234
    outer loop
      vertex 102.638427734 -5.75548219681 72.6494750977
      vertex 106.183395386 -5.41527557373 72.7350921631
      vertex 106.172073364 -5.56980371475 73.4141769409
    endloop
  endfacet
  facet normal 0.0990057066083 -0.221969142556 0.970014214516
    outer loop
      vertex 102.638427734 -5.75548219681 72.6494750977
      vertex 106.172073364 -5.56980371475 73.4141769409
      vertex 102.61781311 -5.91779518127 73.3495941162
    endloop
  endfacet
  facet normal 0.216553509235 -0.214431330562 0.952430486679
    outer loop
      vertex 102.61781311 -5.91779518127 73.3495941162
      vertex 99.1307830811 -6.67744398117 73.2021560669
      vertex 102.638427734 -5.75548219681 72.6494750977
    endloop
  endfacet
  facet normal 0.216619610786 -0.171001270413 0.96116310358
    outer loop
      vertex 102.61781311 -5.91779518127 73.3495941162
      vertex 99.1096343994 -6.81453561783 73.945930481
      vertex 99.1307830811 -6.67744398117 73.2021560669
    endloop
  endfacet
  facet normal 0.331959813833 -0.161849692464 0.929304778576
    outer loop
      vertex 99.1096343994 -6.81453561783 73.945930481
      vertex 95.7330474854 -7.99113035202 73.7761611938
      vertex 99.1307830811 -6.67744398117 73.2021560669
    endloop
  endfacet
  facet normal 0.331091970205 -0.166014000773 0.928879678249
    outer loop
      vertex 99.1307830811 -6.67744398117 73.2021560669
      vertex 95.7330474854 -7.99113035202 73.7761611938
      vertex 95.7604370117 -7.83798789978 72.9739303589
    endloop
  endfacet
  facet normal 0.332050174475 -0.120314560831 0.935557126999
    outer loop
      vertex 99.1096343994 -6.81453561783 73.945930481
      vertex 95.7148284912 -8.09672546387 74.5469818115
      vertex 95.7330474854 -7.99113035202 73.7761611938
    endloop
  endfacet
  facet normal 0.332639485598 -0.117344304919 0.935725033283
    outer loop
      vertex 99.0959472656 -6.90916633606 74.6617279053
      vertex 95.7148284912 -8.09672546387 74.5469818115
      vertex 99.1096343994 -6.81453561783 73.945930481
    endloop
  endfacet
  facet normal 0.21735316515 -0.123842895031 0.968204796314
    outer loop
      vertex 102.603775024 -6.04401540756 74.0544662476
      vertex 99.0959472656 -6.90916633606 74.6617279053
      vertex 99.1096343994 -6.81453561783 73.945930481
    endloop
  endfacet
  facet normal 0.217257931828 -0.167861565948 0.961572408676
    outer loop
      vertex 102.603775024 -6.04401540756 74.0544662476
      vertex 99.1096343994 -6.81453561783 73.945930481
      vertex 102.61781311 -5.91779518127 73.3495941162
    endloop
  endfacet
  facet normal 0.0994658321142 -0.173471495509 0.979803144932
    outer loop
      vertex 102.61781311 -5.91779518127 73.3495941162
      vertex 106.165710449 -5.69052410126 74.100227356
      vertex 102.603775024 -6.04401540756 74.0544662476
    endloop
  endfacet
  facet normal 0.099571749568 -0.12426712364 0.987240195274
    outer loop
      vertex 102.603775024 -6.04401540756 74.0544662476
      vertex 106.165710449 -5.69052410126 74.100227356
      vertex 106.162750244 -5.77437639236 74.7640228271
    endloop
  endfacet
  facet normal 0.0998068377376 -0.125515297055 0.987058520317
    outer loop
      vertex 102.603775024 -6.04401540756 74.0544662476
      vertex 106.162750244 -5.77437639236 74.7640228271
      vertex 102.595245361 -6.1313419342 74.7344207764
    endloop
  endfacet
  facet normal 0.217780217528 -0.121637627482 0.96838837862
    outer loop
      vertex 102.595245361 -6.1313419342 74.7344207764
      vertex 99.0959472656 -6.90916633606 74.6617279053
      vertex 102.603775024 -6.04401540756 74.0544662476
    endloop
  endfacet
  facet normal 0.217860847712 -0.0760015770793 0.973016142845
    outer loop
      vertex 102.595245361 -6.1313419342 74.7344207764
      vertex 99.0876159668 -6.96997880936 75.4163970947
      vertex 99.0959472656 -6.90916633606 74.6617279053
    endloop
  endfacet
  facet normal 0.333088338375 -0.0720797479153 0.940136492252
    outer loop
      vertex 99.0876159668 -6.96997880936 75.4163970947
      vertex 95.7034606934 -8.16453647614 75.3584899902
      vertex 99.0959472656 -6.90916633606 74.6617279053
    endloop
  endfacet
  facet normal 0.332711756229 -0.0738990679383 0.940128624439
    outer loop
      vertex 99.0959472656 -6.90916633606 74.6617279053
      vertex 95.7034606934 -8.16453647614 75.3584899902
      vertex 95.7148284912 -8.09672546387 74.5469818115
    endloop
  endfacet
  facet normal 0.333141326904 -0.0260976608843 0.942515671253
    outer loop
      vertex 99.0876159668 -6.96997880936 75.4163970947
      vertex 95.6995849609 -8.18818187714 76.1629257202
      vertex 95.7034606934 -8.16453647614 75.3584899902
    endloop
  endfacet
  facet normal 0.333270460367 -0.0254652854055 0.942487299442
    outer loop
      vertex 99.0848388672 -6.99119901657 76.1654434204
      vertex 95.6995849609 -8.18818187714 76.1629257202
      vertex 99.0876159668 -6.96997880936 75.4163970947
    endloop
  endfacet
  facet normal 0.218178957701 -0.0268281828612 0.975539922714
    outer loop
      vertex 102.590393066 -6.18758440018 75.4527740479
      vertex 99.0848388672 -6.99119901657 76.1654434204
      vertex 99.0876159668 -6.96997880936 75.4163970947
    endloop
  endfacet
  facet normal 0.218121767044 -0.0747106596828 0.973057687283
    outer loop
      vertex 102.590393066 -6.18758440018 75.4527740479
      vertex 99.0876159668 -6.96997880936 75.4163970947
      vertex 102.595245361 -6.1313419342 74.7344207764
    endloop
  endfacet
  facet normal 0.09886636585 -0.0770086795092 0.992116451263
    outer loop
      vertex 102.595245361 -6.1313419342 74.7344207764
      vertex 106.162200928 -5.79655265808 75.0006561279
      vertex 102.590393066 -6.18758440018 75.4527740479
    endloop
  endfacet
  facet normal 0.100069381297 -0.0679712966084 0.992656052113
    outer loop
      vertex 102.590393066 -6.18758440018 75.4527740479
      vertex 106.162200928 -5.79655265808 75.0006561279
      vertex 106.161621094 -5.82855129242 75.4671020508
    endloop
  endfacet
  facet normal 0.100101426244 -0.0269249379635 0.994612872601
    outer loop
      vertex 102.590393066 -6.18758440018 75.4527740479
      vertex 106.161621094 -5.82855129242 75.4671020508
      vertex 106.161437988 -5.84753322601 76.1676254272
    endloop
  endfacet
  facet normal 0.100147776306 -0.0271617714316 0.994601786137
    outer loop
      vertex 106.161437988 -5.84753322601 76.1676254272
      vertex 102.588867188 -6.20724344254 76.1670227051
      vertex 102.590393066 -6.18758440018 75.4527740479
    endloop
  endfacet
  facet normal 0.218267351389 -0.0263847056776 0.97553229332
    outer loop
      vertex 102.588867188 -6.20724344254 76.1670227051
      vertex 99.0848388672 -6.99119901657 76.1654434204
      vertex 102.590393066 -6.18758440018 75.4527740479
    endloop
  endfacet
  facet normal 0.218268632889 0.0222119800746 0.975635886192
    outer loop
      vertex 102.588867188 -6.20724344254 76.1670227051
      vertex 99.0871276855 -6.97371101379 76.9110794067
      vertex 99.0848388672 -6.99119901657 76.1654434204
    endloop
  endfacet
  facet normal 0.333163201809 0.0210850760341 0.942633390427
    outer loop
      vertex 99.0871276855 -6.97371101379 76.9110794067
      vertex 95.7027740479 -8.16869831085 76.9636001587
      vertex 99.0848388672 -6.99119901657 76.1654434204
    endloop
  endfacet
  facet normal 0.333269625902 0.0216089393944 0.942583918571
    outer loop
      vertex 99.0848388672 -6.99119901657 76.1654434204
      vertex 95.7027740479 -8.16869831085 76.9636001587
      vertex 95.6995849609 -8.18818187714 76.1629257202
    endloop
  endfacet
  facet normal 0.333104789257 0.0689909905195 0.940362393856
    outer loop
      vertex 99.0871276855 -6.97371101379 76.9110794067
      vertex 95.7132110596 -8.10625743866 77.764289856
      vertex 95.7027740479 -8.16869831085 76.9636001587
    endloop
  endfacet
  facet normal 0.332764983177 0.0673275962472 0.940603256226
    outer loop
      vertex 99.0947418213 -6.91771125793 77.6557922363
      vertex 95.7132110596 -8.10625743866 77.764289856
      vertex 99.0871276855 -6.97371101379 76.9110794067
    endloop
  endfacet
  facet normal 0.218138217926 0.0709609016776 0.973334610462
    outer loop
      vertex 102.590103149 -6.19104766846 76.8781051636
      vertex 99.0947418213 -6.91771125793 77.6557922363
      vertex 99.0871276855 -6.97371101379 76.9110794067
    endloop
  endfacet
  facet normal 0.218195542693 0.0218425616622 0.97566062212
    outer loop
      vertex 102.590103149 -6.19104766846 76.8781051636
      vertex 99.0871276855 -6.97371101379 76.9110794067
      vertex 102.588867188 -6.20724344254 76.1670227051
    endloop
  endfacet
  facet normal 0.100115045905 0.022481860593 0.994721829891
    outer loop
      vertex 106.161575317 -5.83188533783 76.8651580811
      vertex 102.590103149 -6.19104766846 76.8781051636
      vertex 102.588867188 -6.20724344254 76.1670227051
    endloop
  endfacet
  facet normal 0.100151576102 0.0222952030599 0.994722366333
    outer loop
      vertex 106.161575317 -5.83188533783 76.8651580811
      vertex 102.588867188 -6.20724344254 76.1670227051
      vertex 106.161437988 -5.84753322601 76.1676254272
    endloop
  endfacet
  facet normal 0.0404131524265 0.0224011465907 0.998931884766
    outer loop
      vertex 128.662521362 -4.9364991188 76.1998138428
      vertex 106.161575317 -5.83188533783 76.8651580811
      vertex 106.161437988 -5.84753322601 76.1676254272
    endloop
  endfacet
  facet normal 0.0404791273177 -0.0270541757345 0.998814046383
    outer loop
      vertex 128.662521362 -4.9364991188 76.1998138428
      vertex 106.161437988 -5.84753322601 76.1676254272
      vertex 106.161621094 -5.82855129242 75.4671020508
    endloop
  endfacet
  facet normal 0.0409581623971 -0.0424404814839 0.99825912714
    outer loop
      vertex 128.662521362 -4.9364991188 76.1998138428
      vertex 106.161621094 -5.82855129242 75.4671020508
      vertex 128.660476685 -4.88560152054 75.0006561279
    endloop
  endfacet
  facet normal 0.118621647358 -0.0423089973629 0.992037713528
    outer loop
      vertex 129.441558838 -4.8433470726 76.1998138428
      vertex 128.662521362 -4.9364991188 76.1998138428
      vertex 128.660476685 -4.88560152054 75.0006561279
    endloop
  endfacet
  facet normal 0.181876271963 -0.0839440301061 0.979731798172
    outer loop
      vertex 129.441558838 -4.8433470726 76.1998138428
      vertex 128.660476685 -4.88560152054 75.0006561279
      vertex 129.433380127 -4.64100790024 73.8205413818
    endloop
  endfacet
  facet normal 0.271666705608 -0.0824768692255 0.958850741386
    outer loop
      vertex 129.433380127 -4.64100790024 73.8205413818
      vertex 130.19644165 -4.62946987152 76.1998138428
      vertex 129.441558838 -4.8433470726 76.1998138428
    endloop
  endfacet
  facet normal 0.271666675806 0.0824791043997 0.958850562572
    outer loop
      vertex 129.441558838 -4.8433470726 76.1998138428
      vertex 130.19644165 -4.62946987152 76.1998138428
      vertex 130.188354492 -4.42976140976 78.5481262207
    endloop
  endfacet
  facet normal 0.271672427654 0.0824770182371 0.958849132061
    outer loop
      vertex 129.441558838 -4.8433470726 76.1998138428
      vertex 130.188354492 -4.42976140976 78.5481262207
      vertex 129.433380127 -4.64100790024 78.5790786743
    endloop
  endfacet
  facet normal 0.118302568793 0.084545597434 0.989371776581
    outer loop
      vertex 129.433380127 -4.64100790024 78.5790786743
      vertex 128.654296875 -4.73327589035 78.5894851685
      vertex 129.441558838 -4.8433470726 76.1998138428
    endloop
  endfacet
  facet normal 0.242956086993 0.124352492392 0.962033689022
    outer loop
      vertex 129.441558838 -4.8433470726 76.1998138428
      vertex 128.654296875 -4.73327589035 78.5894851685
      vertex 128.660476685 -4.88560152054 77.3989715576
    endloop
  endfacet
  facet normal 0.118621647358 0.0423090010881 0.992037713528
    outer loop
      vertex 129.441558838 -4.8433470726 76.1998138428
      vertex 128.660476685 -4.88560152054 77.3989715576
      vertex 128.662521362 -4.9364991188 76.1998138428
    endloop
  endfacet
  facet normal 0.0409789010882 0.0424404814839 0.99825823307
    outer loop
      vertex 128.660476685 -4.88560152054 77.3989715576
      vertex 106.161575317 -5.83188533783 76.8651580811
      vertex 128.662521362 -4.9364991188 76.1998138428
    endloop
  endfacet
  facet normal 0.0403686203063 0.0659432634711 0.997006475925
    outer loop
      vertex 128.660476685 -4.88560152054 77.3989715576
      vertex 106.162200928 -5.79655265808 77.3989715576
      vertex 106.161575317 -5.83188533783 76.8651580811
    endloop
  endfacet
  facet normal 0.0988350734115 0.0656049624085 0.992938876152
    outer loop
      vertex 106.161575317 -5.83188533783 76.8651580811
      vertex 106.162200928 -5.79655265808 77.3989715576
      vertex 102.594528198 -6.13924026489 77.5871200562
    endloop
  endfacet
  facet normal 0.100058764219 0.0718883723021 0.992381155491
    outer loop
      vertex 102.594528198 -6.13924026489 77.5871200562
      vertex 102.590103149 -6.19104766846 76.8781051636
      vertex 106.161575317 -5.83188533783 76.8651580811
    endloop
  endfacet
  facet normal 0.21790240705 0.0697713270783 0.97347342968
    outer loop
      vertex 102.594528198 -6.13924026489 77.5871200562
      vertex 99.0947418213 -6.91771125793 77.6557922363
      vertex 102.590103149 -6.19104766846 76.8781051636
    endloop
  endfacet
  facet normal 0.217805743217 0.119405701756 0.968660354614
    outer loop
      vertex 102.594528198 -6.13924026489 77.5871200562
      vertex 99.1083831787 -6.82293605804 78.3997573853
      vertex 99.0947418213 -6.91771125793 77.6557922363
    endloop
  endfacet
  facet normal 0.332088947296 0.113204263151 0.936430335045
    outer loop
      vertex 99.1083831787 -6.82293605804 78.3997573853
      vertex 95.7314147949 -8.00050258636 78.5653381348
      vertex 99.0947418213 -6.91771125793 77.6557922363
    endloop
  endfacet
  facet normal 0.332667499781 0.115994945168 0.935883283615
    outer loop
      vertex 99.0947418213 -6.91771125793 77.6557922363
      vertex 95.7314147949 -8.00050258636 78.5653381348
      vertex 95.7132110596 -8.10625743866 77.764289856
    endloop
  endfacet
  facet normal 0.331978678703 0.1625585109 0.929174304008
    outer loop
      vertex 99.1083831787 -6.82293605804 78.3997573853
      vertex 95.7581176758 -7.85071992874 79.3669586182
      vertex 95.7314147949 -8.00050258636 78.5653381348
    endloop
  endfacet
  facet normal 0.331145554781 0.158637106419 0.930148839951
    outer loop
      vertex 99.1289672852 -6.68883752823 79.1430587769
      vertex 95.7581176758 -7.85071992874 79.3669586182
      vertex 99.1083831787 -6.82293605804 78.3997573853
    endloop
  endfacet
  facet normal 0.217282369733 0.167470753193 0.961635053158
    outer loop
      vertex 102.602966309 -6.0517539978 78.2939758301
      vertex 99.1289672852 -6.68883752823 79.1430587769
      vertex 99.1083831787 -6.82293605804 78.3997573853
    endloop
  endfacet
  facet normal 0.217391476035 0.117337696254 0.969006121159
    outer loop
      vertex 102.602966309 -6.0517539978 78.2939758301
      vertex 99.1083831787 -6.82293605804 78.3997573853
      vertex 102.594528198 -6.13924026489 77.5871200562
    endloop
  endfacet
  facet normal 0.0996013581753 0.121049441397 0.987636864185
    outer loop
      vertex 106.165390015 -5.69794178009 78.24949646
      vertex 102.602966309 -6.0517539978 78.2939758301
      vertex 102.594528198 -6.13924026489 77.5871200562
    endloop
  endfacet
  facet normal 0.0998412445188 0.119838453829 0.987760305405
    outer loop
      vertex 102.594528198 -6.13924026489 77.5871200562
      vertex 106.16255188 -5.78197002411 77.5592651367
      vertex 106.165390015 -5.69794178009 78.24949646
    endloop
  endfacet
  facet normal 0.0407233946025 0.120581567287 0.991867780685
    outer loop
      vertex 128.654296875 -4.73327589035 78.5894851685
      vertex 106.165390015 -5.69794178009 78.24949646
      vertex 106.16255188 -5.78197002411 77.5592651367
    endloop
  endfacet
  facet normal 0.0403917618096 0.127017587423 0.991077721119
    outer loop
      vertex 128.654296875 -4.73327589035 78.5894851685
      vertex 106.16255188 -5.78197002411 77.5592651367
      vertex 128.660476685 -4.88560152054 77.3989715576
    endloop
  endfacet
  facet normal 0.040290877223 0.0904413983226 0.995086431503
    outer loop
      vertex 128.660476685 -4.88560152054 77.3989715576
      vertex 106.16255188 -5.78197002411 77.5592651367
      vertex 106.162200928 -5.79655265808 77.3989715576
    endloop
  endfacet
  facet normal 0.0999244004488 0.0899337157607 0.99092233181
    outer loop
      vertex 102.594528198 -6.13924026489 77.5871200562
      vertex 106.162200928 -5.79655265808 77.3989715576
      vertex 106.16255188 -5.78197002411 77.5592651367
    endloop
  endfacet
  facet normal 0.039682969451 0.169266074896 0.984771192074
    outer loop
      vertex 106.171463013 -5.57980108261 78.9354019165
      vertex 106.165390015 -5.69794178009 78.24949646
      vertex 128.654296875 -4.73327589035 78.5894851685
    endloop
  endfacet
  facet normal 0.0400357730687 0.213202700019 0.976187348366
    outer loop
      vertex 128.654296875 -4.73327589035 78.5894851685
      vertex 106.179946899 -5.4577627182 79.4925842285
      vertex 106.171463013 -5.57980108261 78.9354019165
    endloop
  endfacet
  facet normal 0.0990692302585 0.211463868618 0.972351968288
    outer loop
      vertex 106.179946899 -5.4577627182 79.4925842285
      vertex 102.61656189 -5.92826843262 78.9985275269
      vertex 106.171463013 -5.57980108261 78.9354019165
    endloop
  endfacet
  facet normal 0.0991262868047 0.169930800796 0.980457782745
    outer loop
      vertex 106.171463013 -5.57980108261 78.9354019165
      vertex 102.61656189 -5.92826843262 78.9985275269
      vertex 102.602966309 -6.0517539978 78.2939758301
    endloop
  endfacet
  facet normal 0.0995036140084 0.168042853475 0.980744957924
    outer loop
      vertex 106.171463013 -5.57980108261 78.9354019165
      vertex 102.602966309 -6.0517539978 78.2939758301
      vertex 106.165390015 -5.69794178009 78.24949646
    endloop
  endfacet
  facet normal 0.216670930386 0.164478212595 0.962289273739
    outer loop
      vertex 102.61656189 -5.92826843262 78.9985275269
      vertex 99.1289672852 -6.68883752823 79.1430587769
      vertex 102.602966309 -6.0517539978 78.2939758301
    endloop
  endfacet
  facet normal 0.216614320874 0.210794642568 0.953228116035
    outer loop
      vertex 102.61656189 -5.92826843262 78.9985275269
      vertex 99.151763916 -6.54939889908 79.7501831055
      vertex 99.1289672852 -6.68883752823 79.1430587769
    endloop
  endfacet
  facet normal 0.33021992445 0.199490457773 0.922582447529
    outer loop
      vertex 99.151763916 -6.54939889908 79.7501831055
      vertex 95.7869567871 -7.69482755661 80.0227508545
      vertex 99.1289672852 -6.68883752823 79.1430587769
    endloop
  endfacet
  facet normal 0.331097781658 0.204420730472 0.921187520027
    outer loop
      vertex 99.1289672852 -6.68883752823 79.1430587769
      vertex 95.7869567871 -7.69482755661 80.0227508545
      vertex 95.7581176758 -7.85071992874 79.3669586182
    endloop
  endfacet
  facet normal 0.330151081085 0.245885357261 0.91134005785
    outer loop
      vertex 99.151763916 -6.54939889908 79.7501831055
      vertex 95.831817627 -7.46183872223 80.8260574341
      vertex 95.7869567871 -7.69482755661 80.0227508545
    endloop
  endfacet
  facet normal 0.328800559044 0.239968091249 0.913403272629
    outer loop
      vertex 99.1881561279 -6.3412437439 80.4926300049
      vertex 95.831817627 -7.46183872223 80.8260574341
      vertex 99.151763916 -6.54939889908 79.7501831055
    endloop
  endfacet
  facet normal 0.215891838074 0.253762632608 0.942865431309
    outer loop
      vertex 102.632476807 -5.80019187927 79.5726318359
      vertex 99.1881561279 -6.3412437439 80.4926300049
      vertex 99.151763916 -6.54939889908 79.7501831055
    endloop
  endfacet
  facet normal 0.215947955847 0.206891894341 0.954233825207
    outer loop
      vertex 102.632476807 -5.80019187927 79.5726318359
      vertex 99.151763916 -6.54939889908 79.7501831055
      vertex 102.61656189 -5.92826843262 78.9985275269
    endloop
  endfacet
  facet normal 0.0986385792494 0.214068710804 0.97182559967
    outer loop
      vertex 106.179946899 -5.4577627182 79.4925842285
      vertex 102.632476807 -5.80019187927 79.5726318359
      vertex 102.61656189 -5.92826843262 78.9985275269
    endloop
  endfacet
  facet normal 0.0985948219895 0.257948100567 0.961114883423
    outer loop
      vertex 102.659210205 -5.60950946808 80.272895813
      vertex 102.632476807 -5.80019187927 79.5726318359
      vertex 106.179946899 -5.4577627182 79.4925842285
    endloop
  endfacet
  facet normal 0.0949208885431 0.24041813612 0.966017186642
    outer loop
      vertex 106.179946899 -5.4577627182 79.4925842285
      vertex 106.185562134 -5.38995599747 79.7628173828
      vertex 102.659210205 -5.60950946808 80.272895813
    endloop
  endfacet
  facet normal 0.0979145690799 0.263889402151 0.959570288658
    outer loop
      vertex 102.659210205 -5.60950946808 80.272895813
      vertex 106.185562134 -5.38995599747 79.7628173828
      vertex 106.196273804 -5.27690219879 80.1699371338
    endloop
  endfacet
  facet normal 0.0979612097144 0.301070362329 0.948556900024
    outer loop
      vertex 102.659210205 -5.60950946808 80.272895813
      vertex 106.196273804 -5.27690219879 80.1699371338
      vertex 106.220840454 -5.0639705658 80.8328094482
    endloop
  endfacet
  facet normal 0.0970339551568 0.305637478828 0.947190642357
    outer loop
      vertex 106.220840454 -5.0639705658 80.8328094482
      vertex 102.695236206 -5.38382530212 80.9608688354
      vertex 102.659210205 -5.60950946808 80.272895813
    endloop
  endfacet
  facet normal 0.213594317436 0.294390112162 0.931510567665
    outer loop
      vertex 102.695236206 -5.38382530212 80.9608688354
      vertex 99.2348022461 -6.09408092499 81.2241897583
      vertex 102.659210205 -5.60950946808 80.272895813
    endloop
  endfacet
  facet normal 0.21492010355 0.300276279449 0.92932420969
    outer loop
      vertex 102.659210205 -5.60950946808 80.272895813
      vertex 99.2348022461 -6.09408092499 81.2241897583
      vertex 99.1881561279 -6.3412437439 80.4926300049
    endloop
  endfacet
  facet normal 0.214846134186 0.248954072595 0.944384992123
    outer loop
      vertex 102.659210205 -5.60950946808 80.272895813
      vertex 99.1881561279 -6.3412437439 80.4926300049
      vertex 102.632476807 -5.80019187927 79.5726318359
    endloop
  endfacet
  facet normal 0.327214896679 0.283670753241 0.901366353035
    outer loop
      vertex 99.2348022461 -6.09408092499 81.2241897583
      vertex 95.8877410889 -7.18484830856 81.6191101074
      vertex 99.1881561279 -6.3412437439 80.4926300049
    endloop
  endfacet
  facet normal 0.328871548176 0.29064270854 0.898537874222
    outer loop
      vertex 99.1881561279 -6.3412437439 80.4926300049
      vertex 95.8877410889 -7.18484830856 81.6191101074
      vertex 95.831817627 -7.46183872223 80.8260574341
    endloop
  endfacet
  facet normal 0.327449381351 0.334195315838 0.88379317522
    outer loop
      vertex 99.2348022461 -6.09408092499 81.2241897583
      vertex 95.9559020996 -6.863758564 82.4014587402
      vertex 95.8877410889 -7.18484830856 81.6191101074
    endloop
  endfacet
  facet normal 0.325457841158 0.326225876808 0.887498676777
    outer loop
      vertex 99.2931060791 -5.80793571472 81.944480896
      vertex 95.9559020996 -6.863758564 82.4014587402
      vertex 99.2348022461 -6.09408092499 81.2241897583
    endloop
  endfacet
  facet normal 0.213834047318 0.345658838749 0.913671135902
    outer loop
      vertex 102.695236206 -5.38382530212 80.9608688354
      vertex 99.2931060791 -5.80793571472 81.944480896
      vertex 99.2348022461 -6.09408092499 81.2241897583
    endloop
  endfacet
  facet normal 0.212186515331 0.338667988777 0.916668355465
    outer loop
      vertex 102.74230957 -5.12341308594 81.6362304688
      vertex 99.2931060791 -5.80793571472 81.944480896
      vertex 102.695236206 -5.38382530212 80.9608688354
    endloop
  endfacet
  facet normal 0.0960532277822 0.352271467447 0.930955767632
    outer loop
      vertex 106.255737305 -4.81966638565 81.4809494019
      vertex 102.74230957 -5.12341308594 81.6362304688
      vertex 102.695236206 -5.38382530212 80.9608688354
    endloop
  endfacet
  facet normal 0.0972303897142 0.34644806385 0.933016598225
    outer loop
      vertex 106.255737305 -4.81966638565 81.4809494019
      vertex 102.695236206 -5.38382530212 80.9608688354
      vertex 106.220840454 -5.0639705658 80.8328094482
    endloop
  endfacet
  facet normal 0.0378086455166 0.350672125816 0.93573474884
    outer loop
      vertex 128.629852295 -4.12944698334 80.91040802
      vertex 106.255737305 -4.81966638565 81.4809494019
      vertex 106.220840454 -5.0639705658 80.8328094482
    endloop
  endfacet
  facet normal 0.0386387482285 0.304307281971 0.951789975166
    outer loop
      vertex 128.629852295 -4.12944698334 80.91040802
      vertex 106.220840454 -5.0639705658 80.8328094482
      vertex 106.196273804 -5.27690219879 80.1699371338
    endloop
  endfacet
  facet normal 0.0392006374896 0.292821407318 0.955363273621
    outer loop
      vertex 128.629852295 -4.12944698334 80.91040802
      vertex 106.196273804 -5.27690219879 80.1699371338
      vertex 128.644073486 -4.48061275482 79.7627868652
    endloop
  endfacet
  facet normal 0.241528466344 0.286674767733 0.927082300186
    outer loop
      vertex 128.629852295 -4.12944698334 80.91040802
      vertex 128.644073486 -4.48061275482 79.7627868652
      vertex 129.433380127 -4.64100790024 78.5790786743
    endloop
  endfacet
  facet normal 0.117149166763 0.251208156347 0.960817635059
    outer loop
      vertex 129.409042358 -4.03980493546 80.8899002075
      vertex 128.629852295 -4.12944698334 80.91040802
      vertex 129.433380127 -4.64100790024 78.5790786743
    endloop
  endfacet
  facet normal 0.270532518625 0.245065152645 0.930996894836
    outer loop
      vertex 129.433380127 -4.64100790024 78.5790786743
      vertex 130.164337158 -3.8363904953 80.8288803101
      vertex 129.409042358 -4.03980493546 80.8899002075
    endloop
  endfacet
  facet normal 0.268310010433 0.400600492954 0.87608730793
    outer loop
      vertex 129.409042358 -4.03980493546 80.8899002075
      vertex 130.164337158 -3.8363904953 80.8288803101
      vertex 130.125061035 -2.86641025543 82.9764709473
    endloop
  endfacet
  facet normal 0.268316477537 0.400597840548 0.87608653307
    outer loop
      vertex 129.409042358 -4.03980493546 80.8899002075
      vertex 130.125061035 -2.86641025543 82.9764709473
      vertex 129.369247437 -3.05704641342 83.0657958984
    endloop
  endfacet
  facet normal 0.178460747004 0.407721400261 0.895497083664
    outer loop
      vertex 129.369247437 -3.05704641342 83.0657958984
      vertex 128.611740112 -3.68229675293 82.0240936279
      vertex 129.409042358 -4.03980493546 80.8899002075
    endloop
  endfacet
  facet normal 0.115751877427 0.371710598469 0.921104073524
    outer loop
      vertex 129.409042358 -4.03980493546 80.8899002075
      vertex 128.611740112 -3.68229675293 82.0240936279
      vertex 128.629852295 -4.12944698334 80.91040802
    endloop
  endfacet
  facet normal 0.0381081774831 0.372857451439 0.927105724812
    outer loop
      vertex 128.611740112 -3.68229675293 82.0240936279
      vertex 106.255737305 -4.81966638565 81.4809494019
      vertex 128.629852295 -4.12944698334 80.91040802
    endloop
  endfacet
  facet normal 0.0372052974999 0.392787516117 0.918876349926
    outer loop
      vertex 128.611740112 -3.68229675293 82.0240936279
      vertex 106.295532227 -4.58585071564 82.0241622925
      vertex 106.255737305 -4.81966638565 81.4809494019
    endloop
  endfacet
  facet normal 0.0941256955266 0.387781232595 0.916932940483
    outer loop
      vertex 106.255737305 -4.81966638565 81.4809494019
      vertex 106.295532227 -4.58585071564 82.0241622925
      vertex 102.802307129 -4.82841300964 82.2985153198
    endloop
  endfacet
  facet normal 0.0964594036341 0.397686988115 0.912436664104
    outer loop
      vertex 102.802307129 -4.82841300964 82.2985153198
      vertex 102.74230957 -5.12341308594 81.6362304688
      vertex 106.255737305 -4.81966638565 81.4809494019
    endloop
  endfacet
  facet normal 0.210639789701 0.381774038076 0.899933040142
    outer loop
      vertex 102.802307129 -4.82841300964 82.2985153198
      vertex 99.3647003174 -5.48266887665 82.6529388428
      vertex 102.74230957 -5.12341308594 81.6362304688
    endloop
  endfacet
  facet normal 0.21265642345 0.38987070322 0.895978808403
    outer loop
      vertex 102.74230957 -5.12341308594 81.6362304688
      vertex 99.3647003174 -5.48266887665 82.6529388428
      vertex 99.2931060791 -5.80793571472 81.944480896
    endloop
  endfacet
  facet normal 0.323546677828 0.367602914572 0.871886253357
    outer loop
      vertex 99.3647003174 -5.48266887665 82.6529388428
      vertex 96.037612915 -6.4982843399 83.1724319458
      vertex 99.2931060791 -5.80793571472 81.944480896
    endloop
  endfacet
  facet normal 0.32591804862 0.376536816359 0.867177844048
    outer loop
      vertex 99.2931060791 -5.80793571472 81.944480896
      vertex 96.037612915 -6.4982843399 83.1724319458
      vertex 95.9559020996 -6.863758564 82.4014587402
    endloop
  endfacet
  facet normal 0.324302077293 0.417635411024 0.848769009113
    outer loop
      vertex 99.3647003174 -5.48266887665 82.6529388428
      vertex 96.1343994141 -6.08799123764 83.9311218262
      vertex 96.037612915 -6.4982843399 83.1724319458
    endloop
  endfacet
  facet normal 0.321510255337 0.407827466726 0.854580521584
    outer loop
      vertex 99.4513397217 -5.11799049377 83.3488006592
      vertex 96.1343994141 -6.08799123764 83.9311218262
      vertex 99.3647003174 -5.48266887665 82.6529388428
    endloop
  endfacet
  facet normal 0.211413234472 0.432914048433 0.876293241978
    outer loop
      vertex 102.802307129 -4.82841300964 82.2985153198
      vertex 99.4513397217 -5.11799049377 83.3488006592
      vertex 99.3647003174 -5.48266887665 82.6529388428
    endloop
  endfacet
  facet normal 0.208962067962 0.423692882061 0.881373465061
    outer loop
      vertex 102.877349854 -4.49879837036 82.9471740723
      vertex 99.4513397217 -5.11799049377 83.3488006592
      vertex 102.802307129 -4.82841300964 82.2985153198
    endloop
  endfacet
  facet normal 0.0937827080488 0.442374050617 0.89191365242
    outer loop
      vertex 106.365631104 -4.23886728287 82.7317352295
      vertex 102.877349854 -4.49879837036 82.9471740723
      vertex 102.802307129 -4.82841300964 82.2985153198
    endloop
  endfacet
  facet normal 0.095514908433 0.433676362038 0.895992040634
    outer loop
      vertex 102.802307129 -4.82841300964 82.2985153198
      vertex 106.303192139 -4.54450082779 82.1140365601
      vertex 106.365631104 -4.23886728287 82.7317352295
    endloop
  endfacet
  facet normal 0.0364488549531 0.44021999836 0.897149860859
    outer loop
      vertex 106.303192139 -4.54450082779 82.1140365601
      vertex 128.611740112 -3.68229675293 82.0240936279
      vertex 106.365631104 -4.23886728287 82.7317352295
    endloop
  endfacet
  facet normal 0.0366419292986 0.450203299522 0.892173945904
    outer loop
      vertex 106.365631104 -4.23886728287 82.7317352295
      vertex 128.611740112 -3.68229675293 82.0240936279
      vertex 128.589889526 -3.14238739014 83.0958175659
    endloop
  endfacet
  facet normal 0.0352356880903 0.483395576477 0.874692618847
    outer loop
      vertex 106.365631104 -4.23886728287 82.7317352295
      vertex 128.589889526 -3.14238739014 83.0958175659
      vertex 106.445602417 -3.90301322937 83.3336257935
    endloop
  endfacet
  facet normal 0.0945396274328 0.475481778383 0.874630987644
    outer loop
      vertex 106.445602417 -3.90301322937 83.3336257935
      vertex 102.877349854 -4.49879837036 82.9471740723
      vertex 106.365631104 -4.23886728287 82.7317352295
    endloop
  endfacet
  facet normal 0.0925107672811 0.485790044069 0.869166135788
    outer loop
      vertex 106.445602417 -3.90301322937 83.3336257935
      vertex 102.969650269 -4.1344461441 83.581489563
      vertex 102.877349854 -4.49879837036 82.9471740723
    endloop
  endfacet
  facet normal 0.207166999578 0.464435875416 0.861034929752
    outer loop
      vertex 102.969650269 -4.1344461441 83.581489563
      vertex 99.5549926758 -4.71349287033 84.0311203003
      vertex 102.877349854 -4.49879837036 82.9471740723
    endloop
  endfacet
  facet normal 0.2101213485 0.47475194931 0.8546692729
    outer loop
      vertex 102.877349854 -4.49879837036 82.9471740723
      vertex 99.5549926758 -4.71349287033 84.0311203003
      vertex 99.4513397217 -5.11799049377 83.3488006592
    endloop
  endfacet
  facet normal 0.31937122345 0.446877628565 0.835644900799
    outer loop
      vertex 99.5549926758 -4.71349287033 84.0311203003
      vertex 96.2479400635 -5.63231182098 84.6764221191
      vertex 99.4513397217 -5.11799049377 83.3488006592
    endloop
  endfacet
  facet normal 0.3226364851 0.457475155592 0.828626692295
    outer loop
      vertex 99.4513397217 -5.11799049377 83.3488006592
      vertex 96.2479400635 -5.63231182098 84.6764221191
      vertex 96.1343994141 -6.08799123764 83.9311218262
    endloop
  endfacet
  facet normal 0.320902526379 0.493850797415 0.808166384697
    outer loop
      vertex 99.5549926758 -4.71349287033 84.0311203003
      vertex 96.36328125 -5.19279146194 85.3207321167
      vertex 96.2479400635 -5.63231182098 84.6764221191
    endloop
  endfacet
  facet normal 0.317525923252 0.48245537281 0.816341936588
    outer loop
      vertex 99.6620483398 -4.32381010056 84.6200256348
      vertex 96.36328125 -5.19279146194 85.3207321167
      vertex 99.5549926758 -4.71349287033 84.0311203003
    endloop
  endfacet
  facet normal 0.208743423223 0.513001978397 0.832619428635
    outer loop
      vertex 102.969650269 -4.1344461441 83.581489563
      vertex 99.6620483398 -4.32381010056 84.6200256348
      vertex 99.5549926758 -4.71349287033 84.0311203003
    endloop
  endfacet
  facet normal 0.205607265234 0.501612603664 0.840303778648
    outer loop
      vertex 103.067169189 -3.78454184532 84.1276779175
      vertex 99.6620483398 -4.32381010056 84.6200256348
      vertex 102.969650269 -4.1344461441 83.581489563
    endloop
  endfacet
  facet normal 0.0914332196116 0.525543987751 0.845838904381
    outer loop
      vertex 106.532730103 -3.58225417137 83.8503189087
      vertex 103.067169189 -3.78454184532 84.1276779175
      vertex 102.969650269 -4.1344461441 83.581489563
    endloop
  endfacet
  facet normal 0.0934159681201 0.513702213764 0.852867782116
    outer loop
      vertex 106.532730103 -3.58225417137 83.8503189087
      vertex 102.969650269 -4.1344461441 83.581489563
      vertex 106.445602417 -3.90301322937 83.3336257935
    endloop
  endfacet
  facet normal 0.0348699614406 0.522854506969 0.85170841217
    outer loop
      vertex 106.445602417 -3.90301322937 83.3336257935
      vertex 128.589889526 -3.14238739014 83.0958175659
      vertex 106.532730103 -3.58225417137 83.8503189087
    endloop
  endfacet
  facet normal 0.0349018834531 0.524310529232 0.85081154108
    outer loop
      vertex 106.532730103 -3.58225417137 83.8503189087
      vertex 128.589889526 -3.14238739014 83.0958175659
      vertex 128.564422607 -2.51360607147 84.1178512573
    endloop
  endfacet
  facet normal 0.0337738208473 0.550544261932 0.834122478962
    outer loop
      vertex 106.532730103 -3.58225417137 83.8503189087
      vertex 128.564422607 -2.51360607147 84.1178512573
      vertex 106.585830688 -3.40319752693 84.118347168
    endloop
  endfacet
  facet normal 0.0860958248377 0.541583299637 0.836226642132
    outer loop
      vertex 106.532730103 -3.58225417137 83.8503189087
      vertex 106.585830688 -3.40319752693 84.118347168
      vertex 103.198669434 -3.3538351059 84.7330245972
    endloop
  endfacet
  facet normal 0.0930221527815 0.56372821331 0.820705413818
    outer loop
      vertex 103.198669434 -3.3538351059 84.7330245972
      vertex 103.067169189 -3.78454184532 84.1276779175
      vertex 106.532730103 -3.58225417137 83.8503189087
    endloop
  endfacet
  facet normal 0.203507840633 0.537870526314 0.818095266819
    outer loop
      vertex 103.198669434 -3.3538351059 84.7330245972
      vertex 99.8035736084 -3.84267640114 85.2740631104
      vertex 103.067169189 -3.78454184532 84.1276779175
    endloop
  endfacet
  facet normal 0.207640513778 0.550103366375 0.808870613575
    outer loop
      vertex 103.067169189 -3.78454184532 84.1276779175
      vertex 99.8035736084 -3.84267640114 85.2740631104
      vertex 99.6620483398 -4.32381010056 84.6200256348
    endloop
  endfacet
  facet normal 0.315133631229 0.517186641693 0.795744121075
    outer loop
      vertex 99.8035736084 -3.84267640114 85.2740631104
      vertex 96.5134735107 -4.64951658249 86.0373916626
      vertex 99.6620483398 -4.32381010056 84.6200256348
    endloop
  endfacet
  facet normal 0.319471001625 0.52902007103 0.78617811203
    outer loop
      vertex 99.6620483398 -4.32381010056 84.6200256348
      vertex 96.5134735107 -4.64951658249 86.0373916626
      vertex 96.36328125 -5.19279146194 85.3207321167
    endloop
  endfacet
  facet normal 0.422554403543 0.489621669054 0.762704670429
    outer loop
      vertex 96.36328125 -5.19279146194 85.3207321167
      vertex 96.5134735107 -4.64951658249 86.0373916626
      vertex 94.6793136597 -5.51415014267 86.2734375
    endloop
  endfacet
  facet normal 0.422554701567 0.489619582891 0.762705862522
    outer loop
      vertex 94.6793136597 -5.30004262924 86.6069641113
      vertex 94.6793136597 -5.51415014267 86.2734375
      vertex 96.5134735107 -4.64951658249 86.0373916626
    endloop
  endfacet
  facet normal 0.425061285496 0.534334301949 0.730622887611
    outer loop
      vertex 96.5134735107 -4.64951658249 86.0373916626
      vertex 94.6793136597 -4.92982816696 87.1131820679
      vertex 94.6793136597 -5.30004262924 86.6069641113
    endloop
  endfacet
  facet normal 0.415500044823 0.585426211357 0.696157932281
    outer loop
      vertex 94.6793136597 -3.45184898376 88.9392089844
      vertex 94.6793136597 -3.60007929802 88.7629394531
      vertex 97.0873565674 -2.78536510468 88.0226669312
    endloop
  endfacet
  facet normal 0.420045822859 0.625427901745 0.657572388649
    outer loop
      vertex 97.0873565674 -2.78536510468 88.0226669312
      vertex 94.6793136597 -2.84892630577 89.5731124878
      vertex 94.6793136597 -3.45184898376 88.9392089844
    endloop
  endfacet
  facet normal 0.763341128826 -0.643890321255 -0.0521113201976
    outer loop
      vertex 94.6793136597 20.4961624146 52.7488746643
      vertex 96.4727020264 19.8716697693 54.8244247437
      vertex 94.6793136597 19.7065963745 52.6849708557
    endloop
  endfacet
  facet normal 0.761540055275 -0.647102594376 -0.0362628735602
    outer loop
      vertex 96.4727020264 19.8716697693 54.8244247437
      vertex 94.6793136597 20.4961624146 52.7488746643
      vertex 94.6793136597 20.8709125519 52.7698745728
    endloop
  endfacet
  facet normal 0.768116831779 -0.636482656002 -0.0699023753405
    outer loop
      vertex 96.4727020264 19.8716697693 54.8244247437
      vertex 94.6793136597 20.8709125519 52.7698745728
      vertex 96.7597045898 20.7892189026 55.2715492249
    endloop
  endfacet
  facet normal 0.67494893074 -0.724120676517 -0.1417504251
    outer loop
      vertex 99.7728424072 19.2934036255 57.7872695923
      vertex 96.4727020264 19.8716697693 54.8244247437
      vertex 96.7597045898 20.7892189026 55.2715492249
    endloop
  endfacet
  facet normal 0.677513360977 -0.718809187412 -0.155849248171
    outer loop
      vertex 99.7728424072 19.2934036255 57.7872695923
      vertex 96.7597045898 20.7892189026 55.2715492249
      vertex 100.066696167 20.0904903412 58.2370605469
    endloop
  endfacet
  facet normal 0.57038640976 -0.787335932255 -0.234011784196
    outer loop
      vertex 103.466033936 18.6134395599 60.2607040405
      vertex 99.7728424072 19.2934036255 57.7872695923
      vertex 100.066696167 20.0904903412 58.2370605469
    endloop
  endfacet
  facet normal 0.572387933731 -0.782411932945 -0.245364367962
    outer loop
      vertex 103.466033936 18.6134395599 60.2607040405
      vertex 100.066696167 20.0904903412 58.2370605469
      vertex 103.770187378 19.3142585754 60.7029914856
    endloop
  endfacet
  facet normal 0.453074961901 -0.829409778118 -0.326806545258
    outer loop
      vertex 107.49621582 17.9388065338 62.1964187622
      vertex 103.466033936 18.6134395599 60.2607040405
      vertex 103.770187378 19.3142585754 60.7029914856
    endloop
  endfacet
  facet normal 0.45361867547 -0.827863156796 -0.329958617687
    outer loop
      vertex 107.49621582 17.9388065338 62.1964187622
      vertex 103.770187378 19.3142585754 60.7029914856
      vertex 107.73248291 18.4110202789 62.514087677
    endloop
  endfacet
  facet normal 0.325977116823 -0.851860761642 -0.409966111183
    outer loop
      vertex 111.709838867 17.2286281586 63.4670448303
      vertex 107.49621582 17.9388065338 62.1964187622
      vertex 107.73248291 18.4110202789 62.514087677
    endloop
  endfacet
  facet normal 0.325890362263 -0.852144062519 -0.409445971251
    outer loop
      vertex 111.709838867 17.2286281586 63.4670448303
      vertex 107.73248291 18.4110202789 62.514087677
      vertex 112.03024292 17.8076076508 63.8677711487
    endloop
  endfacet
  facet normal 0.189313575625 -0.85330504179 -0.485830038786
    outer loop
      vertex 116.185470581 16.8872108459 64.2656173706
      vertex 111.709838867 17.2286281586 63.4670448303
      vertex 112.03024292 17.8076076508 63.8677711487
    endloop
  endfacet
  facet normal 0.189612925053 -0.852192699909 -0.487662285566
    outer loop
      vertex 116.185470581 16.8872108459 64.2656173706
      vertex 112.03024292 17.8076076508 63.8677711487
      vertex 116.511306763 17.4516162872 64.6610946655
    endloop
  endfacet
  facet normal 0.0557509027421 -0.832530915737 -0.551166117191
    outer loop
      vertex 116.511306763 17.4516162872 64.6610946655
      vertex 120.413665771 16.2721538544 64.1415710449
      vertex 116.185470581 16.8872108459 64.2656173706
    endloop
  endfacet
  facet normal 0.0428397990763 -0.880511045456 -0.472085803747
    outer loop
      vertex 116.185470581 16.8872108459 64.2656173706
      vertex 120.413665771 16.2721538544 64.1415710449
      vertex 120.050033569 15.6564350128 63.793762207
    endloop
  endfacet
  facet normal -0.0178036931902 -0.866010308266 -0.499709129333
    outer loop
      vertex 127.83291626 15.5525960922 63.573841095
      vertex 120.050033569 15.6564350128 63.793762207
      vertex 120.413665771 16.2721538544 64.1415710449
    endloop
  endfacet
  facet normal -0.0195422619581 -0.873011887074 -0.4873072505
    outer loop
      vertex 127.83291626 15.5525960922 63.573841095
      vertex 120.413665771 16.2721538544 64.1415710449
      vertex 127.790527344 16.5995578766 64.1591949463
    endloop
  endfacet
  facet normal 0.0586540363729 -0.870325624943 -0.488971352577
    outer loop
      vertex 128.615570068 15.5565481186 63.6288070679
      vertex 127.83291626 15.5525960922 63.573841095
      vertex 127.790527344 16.5995578766 64.1591949463
    endloop
  endfacet
  facet normal 0.120970420539 -0.842889130116 -0.524312973022
    outer loop
      vertex 128.615570068 15.5565481186 63.6288070679
      vertex 127.790527344 16.5995578766 64.1591949463
      vertex 128.533309937 17.588224411 64.8807907104
    endloop
  endfacet
  facet normal 0.211828947067 -0.828162848949 -0.518916904926
    outer loop
      vertex 128.533309937 17.588224411 64.8807907104
      vertex 129.381195068 15.505022049 63.7923545837
      vertex 128.615570068 15.5565481186 63.6288070679
    endloop
  endfacet
  facet normal 0.217788130045 -0.902428269386 -0.371741294861
    outer loop
      vertex 128.615570068 15.5565481186 63.6288070679
      vertex 129.381195068 15.505022049 63.7923545837
      vertex 129.469665527 13.3199615479 62.9136047363
    endloop
  endfacet
  facet normal 0.217787951231 -0.902428328991 -0.371741265059
    outer loop
      vertex 128.615570068 15.5565481186 63.6288070679
      vertex 129.469665527 13.3199615479 62.9136047363
      vertex 128.705215454 13.3426837921 62.7384757996
    endloop
  endfacet
  facet normal 0.0630762651563 -0.925049185753 -0.374573677778
    outer loop
      vertex 128.705215454 13.3426837921 62.7384757996
      vertex 127.922958374 13.3290519714 62.6796150208
      vertex 128.615570068 15.5565481186 63.6288070679
    endloop
  endfacet
  facet normal 0.190467566252 -0.923083126545 -0.334125161171
    outer loop
      vertex 128.615570068 15.5565481186 63.6288070679
      vertex 127.922958374 13.3290519714 62.6796150208
      vertex 127.877166748 14.4597988129 63.079460144
    endloop
  endfacet
  facet normal 0.061710961163 -0.908424139023 -0.413469940424
    outer loop
      vertex 127.877166748 14.4597988129 63.079460144
      vertex 127.83291626 15.5525960922 63.573841095
      vertex 128.615570068 15.5565481186 63.6288070679
    endloop
  endfacet
  facet normal -0.0202592406422 -0.911222219467 -0.411416649818
    outer loop
      vertex 127.877166748 14.4597988129 63.079460144
      vertex 120.050033569 15.6564350128 63.793762207
      vertex 127.83291626 15.5525960922 63.573841095
    endloop
  endfacet
  facet normal -0.0108455559239 -0.888231813908 -0.459267497063
    outer loop
      vertex 127.877166748 14.4597988129 63.079460144
      vertex 119.761383057 15.1766271591 63.5491981506
      vertex 120.050033569 15.6564350128 63.793762207
    endloop
  endfacet
  facet normal -0.0150802824646 -0.906015276909 -0.422976285219
    outer loop
      vertex 119.360656738 14.5237808228 63.251083374
      vertex 119.761383057 15.1766271591 63.5491981506
      vertex 127.877166748 14.4597988129 63.079460144
    endloop
  endfacet
  facet normal -0.0156716089696 -0.921946525574 -0.386999994516
    outer loop
      vertex 127.877166748 14.4597988129 63.079460144
      vertex 119.097351074 14.1033325195 63.0790710449
      vertex 119.360656738 14.5237808228 63.251083374
    endloop
  endfacet
  facet normal -0.0147446934134 -0.931211829185 -0.364180058241
    outer loop
      vertex 119.097351074 14.1033325195 63.0790710449
      vertex 127.877166748 14.4597988129 63.079460144
      vertex 118.943893433 13.8614501953 62.9869041443
    endloop
  endfacet
  facet normal 0.0514857284725 -0.943654596806 -0.326902508736
    outer loop
      vertex 114.808456421 14.598025322 63.0164413452
      vertex 119.097351074 14.1033325195 63.0790710449
      vertex 118.943893433 13.8614501953 62.9869041443
    endloop
  endfacet
  facet normal 0.0462507456541 -0.953474462032 -0.297904938459
    outer loop
      vertex 114.808456421 14.598025322 63.0164413452
      vertex 118.943893433 13.8614501953 62.9869041443
      vertex 118.510116577 13.1903266907 62.7561759949
    endloop
  endfacet
  facet normal -0.00258636008948 -0.945155501366 -0.326610505581
    outer loop
      vertex 127.969940186 12.1684904099 62.3771820068
      vertex 118.510116577 13.1903266907 62.7561759949
      vertex 118.943893433 13.8614501953 62.9869041443
    endloop
  endfacet
  facet normal -0.018208887428 -0.967701911926 -0.251438856125
    outer loop
      vertex 118.943893433 13.8614501953 62.9869041443
      vertex 127.922958374 13.3290519714 62.6796150208
      vertex 127.969940186 12.1684904099 62.3771820068
    endloop
  endfacet
  facet normal 0.0681620910764 -0.964755296707 -0.25416764617
    outer loop
      vertex 128.705215454 13.3426837921 62.7384757996
      vertex 127.969940186 12.1684904099 62.3771820068
      vertex 127.922958374 13.3290519714 62.6796150208
    endloop
  endfacet
  facet normal 0.133531883359 -0.967637240887 -0.214120104909
    outer loop
      vertex 128.7996521 11.0103168488 62.2353973389
      vertex 127.969940186 12.1684904099 62.3771820068
      vertex 128.705215454 13.3426837921 62.7384757996
    endloop
  endfacet
  facet normal 0.224172458053 -0.950730919838 -0.214143425226
    outer loop
      vertex 128.705215454 13.3426837921 62.7384757996
      vertex 129.56288147 11.0179386139 62.4170761108
      vertex 128.7996521 11.0103168488 62.2353973389
    endloop
  endfacet
  facet normal 0.230792582035 -0.971683442593 -0.0506562814116
    outer loop
      vertex 128.7996521 11.0103168488 62.2353973389
      vertex 129.56288147 11.0179386139 62.4170761108
      vertex 129.65814209 8.66518688202 62.3170471191
    endloop
  endfacet
  facet normal 0.230784654617 -0.971685469151 -0.0506533160806
    outer loop
      vertex 128.7996521 11.0103168488 62.2353973389
      vertex 129.65814209 8.66518688202 62.3170471191
      vertex 128.89616394 8.62655067444 62.1340560913
    endloop
  endfacet
  facet normal 0.140273675323 -0.988961994648 -0.0477232523263
    outer loop
      vertex 128.89616394 8.62655067444 62.1340560913
      vertex 128.066192627 9.79155254364 62.0725517273
      vertex 128.7996521 11.0103168488 62.2353973389
    endloop
  endfacet
  facet normal 0.0749025940895 -0.993331491947 -0.0876475796103
    outer loop
      vertex 128.066192627 9.79155254364 62.0725517273
      vertex 128.017807007 10.9864883423 62.1743392944
      vertex 128.7996521 11.0103168488 62.2353973389
    endloop
  endfacet
  facet normal 0.0715071186423 -0.982582867146 -0.17151555419
    outer loop
      vertex 128.7996521 11.0103168488 62.2353973389
      vertex 128.017807007 10.9864883423 62.1743392944
      vertex 127.969940186 12.1684904099 62.3771820068
    endloop
  endfacet
  facet normal -0.00567255262285 -0.985615074635 -0.168910637498
    outer loop
      vertex 117.074020386 11.1396284103 62.2635688782
      vertex 127.969940186 12.1684904099 62.3771820068
      vertex 128.017807007 10.9864883423 62.1743392944
    endloop
  endfacet
  facet normal -0.00694028986618 -0.996391355991 -0.0845938920975
    outer loop
      vertex 117.074020386 11.1396284103 62.2635688782
      vertex 128.017807007 10.9864883423 62.1743392944
      vertex 128.066192627 9.79155254364 62.0725517273
    endloop
  endfacet
  facet normal 0.000494877051096 -0.989541232586 -0.144249409437
    outer loop
      vertex 128.066192627 9.79155254364 62.0725517273
      vertex 116.624221802 10.5595760345 62.1787872314
      vertex 117.074020386 11.1396284103 62.2635688782
    endloop
  endfacet
  facet normal 0.0494223162532 -0.993049144745 -0.106821723282
    outer loop
      vertex 113.07321167 12.0437145233 62.1617088318
      vertex 117.074020386 11.1396284103 62.2635688782
      vertex 116.624221802 10.5595760345 62.1787872314
    endloop
  endfacet
  facet normal 0.0573960542679 -0.988105535507 -0.142664477229
    outer loop
      vertex 113.07321167 12.0437145233 62.1617088318
      vertex 117.522872925 11.744594574 62.3769874573
      vertex 117.074020386 11.1396284103 62.2635688782
    endloop
  endfacet
  facet normal -0.00768165383488 -0.981799244881 -0.189766198397
    outer loop
      vertex 117.522872925 11.744594574 62.3769874573
      vertex 127.969940186 12.1684904099 62.3771820068
      vertex 117.074020386 11.1396284103 62.2635688782
    endloop
  endfacet
  facet normal -0.00863557495177 -0.976954340935 -0.213273718953
    outer loop
      vertex 127.969940186 12.1684904099 62.3771820068
      vertex 117.522872925 11.744594574 62.3769874573
      vertex 117.582809448 11.8277511597 62.3946113586
    endloop
  endfacet
  facet normal -0.00948614440858 -0.970846295357 -0.239515006542
    outer loop
      vertex 117.582809448 11.8277511597 62.3946113586
      vertex 118.058013916 12.5109634399 62.5585212708
      vertex 127.969940186 12.1684904099 62.3771820068
    endloop
  endfacet
  facet normal -0.0077251708135 -0.958767712116 -0.284085839987
    outer loop
      vertex 127.969940186 12.1684904099 62.3771820068
      vertex 118.058013916 12.5109634399 62.5585212708
      vertex 118.510116577 13.1903266907 62.7561759949
    endloop
  endfacet
  facet normal 0.0478889681399 -0.978336691856 -0.201405078173
    outer loop
      vertex 113.985107422 13.3087520599 62.5233917236
      vertex 118.058013916 12.5109634399 62.5585212708
      vertex 117.582809448 11.8277511597 62.3946113586
    endloop
  endfacet
  facet normal -0.00232193502598 -0.994679093361 -0.10299538821
    outer loop
      vertex 128.066192627 9.79155254364 62.0725517273
      vertex 116.037002563 9.83158683777 62.1047782898
      vertex 116.624221802 10.5595760345 62.1787872314
    endloop
  endfacet
  facet normal -0.00247097224928 -0.998134970665 -0.0609958730638
    outer loop
      vertex 115.582229614 9.2851228714 62.0725097656
      vertex 116.037002563 9.83158683777 62.1047782898
      vertex 128.066192627 9.79155254364 62.0725517273
    endloop
  endfacet
  facet normal -0.00145837978926 -0.999349474907 -0.0360346063972
    outer loop
      vertex 115.582229614 9.2851228714 62.0725097656
      vertex 128.066192627 9.79155254364 62.0725517273
      vertex 115.426422119 9.10065364838 62.0660858154
    endloop
  endfacet
  facet normal 0.000510499696247 -0.999999880791 -2.06671156775e-05
    outer loop
      vertex 115.426422119 9.10065364838 62.0660858154
      vertex 128.066192627 9.79155254364 62.0725517273
      vertex 128.114746094 8.59229850769 62.0725517273
    endloop
  endfacet
  facet normal -0.00289732799865 -0.996377468109 0.0849911123514
    outer loop
      vertex 115.426422119 9.10065364838 62.0660858154
      vertex 128.114746094 8.59229850769 62.0725517273
      vertex 128.163131714 7.39736270905 62.1743392944
    endloop
  endfacet
  facet normal 0.00818078778684 -0.999963700771 0.00238015083596
    outer loop
      vertex 128.163131714 7.39736270905 62.1743392944
      vertex 114.798751831 8.3679895401 62.0626945496
      vertex 115.426422119 9.10065364838 62.0660858154
    endloop
  endfacet
  facet normal 0.00487534468994 -0.998846769333 0.0477637015283
    outer loop
      vertex 128.163131714 7.39736270905 62.1743392944
      vertex 114.161468506 7.63618755341 62.0945777893
      vertex 114.798751831 8.3679895401 62.0626945496
    endloop
  endfacet
  facet normal 0.0511962845922 -0.994810521603 0.087926119566
    outer loop
      vertex 110.985198975 9.34215641022 61.7803344727
      vertex 114.798751831 8.3679895401 62.0626945496
      vertex 114.161468506 7.63618755341 62.0945777893
    endloop
  endfacet
  facet normal 0.0040492801927 -0.995462954044 0.0950636193156
    outer loop
      vertex 113.521270752 6.90686225891 62.1616210938
      vertex 114.161468506 7.63618755341 62.0945777893
      vertex 128.163131714 7.39736270905 62.1743392944
    endloop
  endfacet
  facet normal 0.0049929949455 -0.992355048656 0.123314887285
    outer loop
      vertex 128.163131714 7.39736270905 62.1743392944
      vertex 113.428222656 6.80096769333 62.1743125916
      vertex 113.521270752 6.90686225891 62.1616210938
    endloop
  endfacet
  facet normal 0.0580330193043 -0.983921527863 0.168910011649
    outer loop
      vertex 109.80859375 7.83308887482 61.7836380005
      vertex 113.521270752 6.90686225891 62.1616210938
      vertex 113.428222656 6.80096769333 62.1743125916
    endloop
  endfacet
  facet normal 0.0059934174642 -0.988964378834 0.14803211391
    outer loop
      vertex 128.163131714 7.39736270905 62.1743392944
      vertex 112.884643555 6.18118143082 62.2637901306
      vertex 113.428222656 6.80096769333 62.1743125916
    endloop
  endfacet
  facet normal 0.00766855478287 -0.985615372658 0.168829977512
    outer loop
      vertex 128.210983276 6.21536111832 62.3771820068
      vertex 112.884643555 6.18118143082 62.2637901306
      vertex 128.163131714 7.39736270905 62.1743392944
    endloop
  endfacet
  facet normal 0.210361510515 -0.964922845364 0.157073020935
    outer loop
      vertex 128.89616394 8.62655067444 62.1340560913
      vertex 128.210983276 6.21536111832 62.3771820068
      vertex 128.163131714 7.39736270905 62.1743392944
    endloop
  endfacet
  facet normal 0.0817470476031 -0.993331313133 0.0813042074442
    outer loop
      vertex 128.163131714 7.39736270905 62.1743392944
      vertex 128.114746094 8.59229850769 62.0725517273
      vertex 128.89616394 8.62655067444 62.1340560913
    endloop
  endfacet
  facet normal 0.0783268809319 -0.996922671795 -0.00317099224776
    outer loop
      vertex 128.89616394 8.62655067444 62.1340560913
      vertex 128.114746094 8.59229850769 62.0725517273
      vertex 128.066192627 9.79155254364 62.0725517273
    endloop
  endfacet
  facet normal 0.0832323804498 -0.988865196705 0.123361356556
    outer loop
      vertex 128.992004395 6.25996255875 62.4373550415
      vertex 128.210983276 6.21536111832 62.3771820068
      vertex 128.89616394 8.62655067444 62.1340560913
    endloop
  endfacet
  facet normal 0.23745842278 -0.964683234692 0.114016510546
    outer loop
      vertex 128.89616394 8.62655067444 62.1340560913
      vertex 129.752731323 6.32938194275 62.6164054871
      vertex 128.992004395 6.25996255875 62.4373550415
    endloop
  endfacet
  facet normal 0.243982002139 -0.929929554462 0.275143265724
    outer loop
      vertex 128.992004395 6.25996255875 62.4373550415
      vertex 129.752731323 6.32938194275 62.6164054871
      vertex 129.843887329 4.07773017883 63.3065299988
    endloop
  endfacet
  facet normal 0.243979588151 -0.929929852486 0.275144338608
    outer loop
      vertex 128.992004395 6.25996255875 62.4373550415
      vertex 129.843887329 4.07773017883 63.3065299988
      vertex 129.084365845 3.97862744331 63.1365814209
    endloop
  endfacet
  facet normal 0.15369464457 -0.946465551853 0.283867746592
    outer loop
      vertex 129.084365845 3.97862744331 63.1365814209
      vertex 128.257980347 5.05480194092 62.6796150208
      vertex 128.992004395 6.25996255875 62.4373550415
    endloop
  endfacet
  facet normal 0.0884825736284 -0.964755535126 0.247825801373
    outer loop
      vertex 128.992004395 6.25996255875 62.4373550415
      vertex 128.257980347 5.05480194092 62.6796150208
      vertex 128.210983276 6.21536111832 62.3771820068
    endloop
  endfacet
  facet normal 0.010960701853 -0.967732667923 0.251740723848
    outer loop
      vertex 128.257980347 5.05480194092 62.6796150208
      vertex 111.901077271 5.04446363449 62.4970436096
      vertex 128.210983276 6.21536111832 62.3771820068
    endloop
  endfacet
  facet normal 0.00881829950958 -0.974863529205 0.222628295422
    outer loop
      vertex 128.210983276 6.21536111832 62.3771820068
      vertex 111.901077271 5.04446363449 62.4970436096
      vertex 112.503326416 5.74361515045 62.3428268433
    endloop
  endfacet
  facet normal 0.00768245989457 -0.982853770256 0.184226542711
    outer loop
      vertex 128.210983276 6.21536111832 62.3771820068
      vertex 112.503326416 5.74361515045 62.3428268433
      vertex 112.884643555 6.18118143082 62.2637901306
    endloop
  endfacet
  facet normal 0.0563953481615 -0.963652551174 0.261138498783
    outer loop
      vertex 108.863967896 6.59359359741 61.8995094299
      vertex 112.503326416 5.74361515045 62.3428268433
      vertex 111.901077271 5.04446363449 62.4970436096
    endloop
  endfacet
  facet normal 0.0109172705561 -0.962809920311 0.269959032536
    outer loop
      vertex 128.257980347 5.05480194092 62.6796150208
      vertex 111.322784424 4.35986804962 62.6824378967
      vertex 111.901077271 5.04446363449 62.4970436096
    endloop
  endfacet
  facet normal 0.0128166303039 -0.948610007763 0.316187858582
    outer loop
      vertex 128.257980347 5.05480194092 62.6796150208
      vertex 110.772003174 3.69040417671 62.8981399536
      vertex 111.322784424 4.35986804962 62.6824378967
    endloop
  endfacet
  facet normal 0.0601865909994 -0.934575080872 0.350637942553
    outer loop
      vertex 107.759628296 5.08657884598 62.1803207397
      vertex 111.322784424 4.35986804962 62.6824378967
      vertex 110.772003174 3.69040417671 62.8981399536
    endloop
  endfacet
  facet normal 0.0141872586682 -0.942878127098 0.332835644484
    outer loop
      vertex 128.303771973 3.92404985428 63.079460144
      vertex 110.772003174 3.69040417671 62.8981399536
      vertex 128.257980347 5.05480194092 62.6796150208
    endloop
  endfacet
  facet normal 0.0917649269104 -0.939976930618 0.328667849302
    outer loop
      vertex 129.084365845 3.97862744331 63.1365814209
      vertex 128.303771973 3.92404985428 63.079460144
      vertex 128.257980347 5.05480194092 62.6796150208
    endloop
  endfacet
  facet normal 0.0949417427182 -0.90842294693 0.407128751278
    outer loop
      vertex 128.348007202 2.83125591278 63.573841095
      vertex 128.303771973 3.92404985428 63.079460144
      vertex 129.084365845 3.97862744331 63.1365814209
    endloop
  endfacet
  facet normal 0.222979903221 -0.85468506813 0.468821227551
    outer loop
      vertex 129.084365845 3.97862744331 63.1365814209
      vertex 128.390396118 1.78428757191 64.1591949463
      vertex 128.348007202 2.83125591278 63.573841095
    endloop
  endfacet
  facet normal 0.0202537644655 -0.873013079166 0.487276107073
    outer loop
      vertex 128.390396118 1.78428757191 64.1591949463
      vertex 109.307815552 1.77532398701 63.7214851379
      vertex 128.348007202 2.83125591278 63.573841095
    endloop
  endfacet
  facet normal 0.0186180956662 -0.887801408768 0.459850043058
    outer loop
      vertex 128.348007202 2.83125591278 63.573841095
      vertex 109.307815552 1.77532398701 63.7214851379
      vertex 109.521224976 2.070748806 63.5729408264
    endloop
  endfacet
  facet normal 0.0177577119321 -0.898537158966 0.438538044691
    outer loop
      vertex 128.348007202 2.83125591278 63.573841095
      vertex 109.521224976 2.070748806 63.5729408264
      vertex 109.763427734 2.39811444283 63.4179534912
    endloop
  endfacet
  facet normal 0.0172349959612 -0.911227405071 0.411542922258
    outer loop
      vertex 128.348007202 2.83125591278 63.573841095
      vertex 109.763427734 2.39811444283 63.4179534912
      vertex 128.303771973 3.92404985428 63.079460144
    endloop
  endfacet
  facet normal 0.0167105868459 -0.91383177042 0.405748993158
    outer loop
      vertex 128.303771973 3.92404985428 63.079460144
      vertex 109.763427734 2.39811444283 63.4179534912
      vertex 110.251739502 3.03645396233 63.1434555054
    endloop
  endfacet
  facet normal 0.014457160607 -0.932355344296 0.361254066229
    outer loop
      vertex 128.303771973 3.92404985428 63.079460144
      vertex 110.251739502 3.03645396233 63.1434555054
      vertex 110.772003174 3.69040417671 62.8981399536
    endloop
  endfacet
  facet normal 0.0644445419312 -0.89791738987 0.435420781374
    outer loop
      vertex 106.746490479 3.6182346344 62.6097602844
      vertex 110.251739502 3.03645396233 63.1434555054
      vertex 109.763427734 2.39811444283 63.4179534912
    endloop
  endfacet
  facet normal 0.0743252635002 -0.868367612362 0.490319788456
    outer loop
      vertex 105.843811035 2.20506453514 63.1823425293
      vertex 109.521224976 2.070748806 63.5729408264
      vertex 109.307815552 1.77532398701 63.7214851379
    endloop
  endfacet
  facet normal 0.0689331069589 -0.853974938393 0.515727639198
    outer loop
      vertex 105.843811035 2.20506453514 63.1823425293
      vertex 109.307815552 1.77532398701 63.7214851379
      vertex 108.885772705 1.16828632355 64.0540161133
    endloop
  endfacet
  facet normal 0.0202063322067 -0.870866775513 0.491103589535
    outer loop
      vertex 128.390396118 1.78428757191 64.1591949463
      vertex 108.885772705 1.16828632355 64.0540161133
      vertex 109.307815552 1.77532398701 63.7214851379
    endloop
  endfacet
  facet normal 0.020991936326 -0.854672193527 0.518743515015
    outer loop
      vertex 108.746780396 0.960622549057 64.1766433716
      vertex 108.885772705 1.16828632355 64.0540161133
      vertex 128.390396118 1.78428757191 64.1591949463
    endloop
  endfacet
  facet normal 0.0221581943333 -0.837367534637 0.546191036701
    outer loop
      vertex 108.746780396 0.960622549057 64.1766433716
      vertex 128.390396118 1.78428757191 64.1591949463
      vertex 108.370269775 0.37489181757 64.5487365723
    endloop
  endfacet
  facet normal 0.0720388293266 -0.820283770561 0.567401945591
    outer loop
      vertex 105.30128479 1.28778660297 63.6477508545
      vertex 108.746780396 0.960622549057 64.1766433716
      vertex 108.370269775 0.37489181757 64.5487365723
    endloop
  endfacet
  facet normal 0.0232668016106 -0.828510165215 0.559490501881
    outer loop
      vertex 108.370269775 0.37489181757 64.5487365723
      vertex 128.390396118 1.78428757191 64.1591949463
      vertex 128.430633545 0.790700256824 64.8312911987
    endloop
  endfacet
  facet normal 0.0234936363995 -0.814132034779 0.580204308033
    outer loop
      vertex 108.370269775 0.37489181757 64.5487365723
      vertex 128.430633545 0.790700256824 64.8312911987
      vertex 108.123840332 -0.0302987527102 64.8303909302
    endloop
  endfacet
  facet normal 0.0242730826139 -0.800007522106 0.599498808384
    outer loop
      vertex 108.123840332 -0.0302987527102 64.8303909302
      vertex 128.430633545 0.790700256824 64.8312911987
      vertex 108.03112793 -0.188052356243 64.9457931519
    endloop
  endfacet
  facet normal 0.08019053936 -0.781453609467 0.618788957596
    outer loop
      vertex 104.60118103 -0.00589933665469 64.4495849609
      vertex 108.123840332 -0.0302987527102 64.8303909302
      vertex 108.03112793 -0.188052356243 64.9457931519
    endloop
  endfacet
  facet normal 0.0766622498631 -0.764756679535 0.639742195606
    outer loop
      vertex 104.60118103 -0.00589933665469 64.4495849609
      vertex 108.03112793 -0.188052356243 64.9457931519
      vertex 107.728149414 -0.727780878544 65.3669204712
    endloop
  endfacet
  facet normal 0.0258350875229 -0.781055152416 0.623927414417
    outer loop
      vertex 108.03112793 -0.188052356243 64.9457931519
      vertex 128.468414307 -0.142365470529 65.5853042603
      vertex 107.728149414 -0.727780878544 65.3669204712
    endloop
  endfacet
  facet normal 0.0265376996249 -0.750656247139 0.660159766674
    outer loop
      vertex 128.468414307 -0.142365470529 65.5853042603
      vertex 107.459579468 -1.24455225468 65.8118972778
      vertex 107.728149414 -0.727780878544 65.3669204712
    endloop
  endfacet
  facet normal 0.0287337824702 -0.718116283417 0.695329725742
    outer loop
      vertex 128.468414307 -0.142365470529 65.5853042603
      vertex 107.223388672 -1.73852670193 66.28074646
      vertex 107.459579468 -1.24455225468 65.8118972778
    endloop
  endfacet
  facet normal 0.0810405611992 -0.703290402889 0.706268370152
    outer loop
      vertex 104.031951904 -1.19265699387 65.3648147583
      vertex 107.459579468 -1.24455225468 65.8118972778
      vertex 107.223388672 -1.73852670193 66.28074646
    endloop
  endfacet
  facet normal 0.0283096469939 -0.721957504749 0.691358029842
    outer loop
      vertex 128.503463745 -1.00817775726 66.4157943726
      vertex 107.223388672 -1.73852670193 66.28074646
      vertex 128.468414307 -0.142365470529 65.5853042603
    endloop
  endfacet
  facet normal 0.106236822903 -0.719735324383 0.68607199192
    outer loop
      vertex 128.503463745 -1.00817775726 66.4157943726
      vertex 128.468414307 -0.142365470529 65.5853042603
      vertex 129.248291016 -0.0700822100043 65.6315155029
    endloop
  endfacet
  facet normal 0.23340049386 -0.646803736687 0.726064145565
    outer loop
      vertex 129.248291016 -0.0700822100043 65.6315155029
      vertex 128.535552979 -1.80049192905 67.3167800903
      vertex 128.503463745 -1.00817775726 66.4157943726
    endloop
  endfacet
  facet normal 0.0309404619038 -0.660672962666 0.750035941601
    outer loop
      vertex 128.535552979 -1.80049192905 67.3167800903
      vertex 107.017532349 -2.20971465111 66.7736282349
      vertex 128.503463745 -1.00817775726 66.4157943726
    endloop
  endfacet
  facet normal 0.0296847559512 -0.67940723896 0.733160674572
    outer loop
      vertex 128.503463745 -1.00817775726 66.4157943726
      vertex 107.017532349 -2.20971465111 66.7736282349
      vertex 107.163314819 -1.87159132957 66.4151229858
    endloop
  endfacet
  facet normal 0.0290202554315 -0.696753501892 0.716723382473
    outer loop
      vertex 128.503463745 -1.00817775726 66.4157943726
      vertex 107.163314819 -1.87159132957 66.4151229858
      vertex 107.223388672 -1.73852670193 66.28074646
    endloop
  endfacet
  facet normal 0.0878590196371 -0.664330661297 0.74225705862
    outer loop
      vertex 103.581848145 -2.27009797096 66.38671875
      vertex 107.163314819 -1.87159132957 66.4151229858
      vertex 107.017532349 -2.20971465111 66.7736282349
    endloop
  endfacet
  facet normal 0.0850732475519 -0.635694801807 0.76723831892
    outer loop
      vertex 103.581848145 -2.27009797096 66.38671875
      vertex 107.017532349 -2.20971465111 66.7736282349
      vertex 106.839996338 -2.65781593323 67.2906951904
    endloop
  endfacet
  facet normal 0.0308341998607 -0.648532390594 0.760562300682
    outer loop
      vertex 128.535552979 -1.80049192905 67.3167800903
      vertex 106.839996338 -2.65781593323 67.2906951904
      vertex 107.017532349 -2.20971465111 66.7736282349
    endloop
  endfacet
  facet normal 0.0315232388675 -0.626647353172 0.77866512537
    outer loop
      vertex 128.535552979 -1.80049192905 67.3167800903
      vertex 106.810379028 -2.7373726368 67.3880615234
      vertex 106.839996338 -2.65781593323 67.2906951904
    endloop
  endfacet
  facet normal 0.0326920896769 -0.594631373882 0.803333520889
    outer loop
      vertex 128.564422607 -2.51360607147 68.2817687988
      vertex 106.810379028 -2.7373726368 67.3880615234
      vertex 128.535552979 -1.80049192905 67.3167800903
    endloop
  endfacet
  facet normal 0.110753826797 -0.592801392078 0.797696769238
    outer loop
      vertex 129.315139771 -1.72099220753 67.3554534912
      vertex 128.564422607 -2.51360607147 68.2817687988
      vertex 128.535552979 -1.80049192905 67.3167800903
    endloop
  endfacet
  facet normal 0.107234932482 -0.689821660519 0.715993523598
    outer loop
      vertex 129.315139771 -1.72099220753 67.3554534912
      vertex 128.535552979 -1.80049192905 67.3167800903
      vertex 129.248291016 -0.0700822100043 65.6315155029
    endloop
  endfacet
  facet normal 0.260864198208 -0.672953605652 0.692158401012
    outer loop
      vertex 129.248291016 -0.0700822100043 65.6315155029
      vertex 130.071670532 -1.54774081707 67.4705200195
      vertex 129.315139771 -1.72099220753 67.3554534912
    endloop
  endfacet
  facet normal 0.265056163073 -0.544610381126 0.795703947544
    outer loop
      vertex 129.315139771 -1.72099220753 67.3554534912
      vertex 130.071670532 -1.54774081707 67.4705200195
      vertex 130.125061035 -2.86641025543 69.4231491089
    endloop
  endfacet
  facet normal 0.265055894852 -0.544610321522 0.795704066753
    outer loop
      vertex 129.315139771 -1.72099220753 67.3554534912
      vertex 130.125061035 -2.86641025543 69.4231491089
      vertex 129.369247437 -3.05704641342 69.3338317871
    endloop
  endfacet
  facet normal 0.175148248672 -0.554293692112 0.813683986664
    outer loop
      vertex 129.369247437 -3.05704641342 69.3338317871
      vertex 128.564422607 -2.51360607147 68.2817687988
      vertex 129.315139771 -1.72099220753 67.3554534912
    endloop
  endfacet
  facet normal 0.112668156624 -0.522694647312 0.845042109489
    outer loop
      vertex 129.369247437 -3.05704641342 69.3338317871
      vertex 128.589889526 -3.14238739014 69.3038101196
      vertex 128.564422607 -2.51360607147 68.2817687988
    endloop
  endfacet
  facet normal 0.0348555482924 -0.524307668209 0.850815236568
    outer loop
      vertex 106.540374756 -3.55585932732 68.508934021
      vertex 128.564422607 -2.51360607147 68.2817687988
      vertex 128.589889526 -3.14238739014 69.3038101196
    endloop
  endfacet
  facet normal 0.0337353162467 -0.551979899406 0.833174705505
    outer loop
      vertex 106.585830688 -3.40320277214 68.281288147
      vertex 128.564422607 -2.51360607147 68.2817687988
      vertex 106.540374756 -3.55585932732 68.508934021
    endloop
  endfacet
  facet normal 0.0919242054224 -0.541867017746 0.835422098637
    outer loop
      vertex 103.0756073 -3.7556707859 68.2292175293
      vertex 106.585830688 -3.40320277214 68.281288147
      vertex 106.540374756 -3.55585932732 68.508934021
    endloop
  endfacet
  facet normal 0.0331811383367 -0.572157561779 0.819472253323
    outer loop
      vertex 106.585830688 -3.40320277214 68.281288147
      vertex 106.66242981 -3.16160202026 67.9396972656
      vertex 128.564422607 -2.51360607147 68.2817687988
    endloop
  endfacet
  facet normal 0.0329949110746 -0.603707671165 0.796522676945
    outer loop
      vertex 128.564422607 -2.51360607147 68.2817687988
      vertex 106.66242981 -3.16160202026 67.9396972656
      vertex 106.810379028 -2.7373726368 67.3880615234
    endloop
  endfacet
  facet normal 0.0872615203261 -0.59247815609 0.800846457481
    outer loop
      vertex 103.365951538 -2.85518240929 67.0400009155
      vertex 106.810379028 -2.7373726368 67.3880615234
      vertex 106.66242981 -3.16160202026 67.9396972656
    endloop
  endfacet
  facet normal 0.114337749779 -0.448820054531 0.886277318001
    outer loop
      vertex 128.611740112 -3.68229675293 70.3755264282
      vertex 128.589889526 -3.14238739014 69.3038101196
      vertex 129.369247437 -3.05704641342 69.3338317871
    endloop
  endfacet
  facet normal 0.240411311388 -0.365029245615 0.899419844151
    outer loop
      vertex 129.369247437 -3.05704641342 69.3338317871
      vertex 128.629852295 -4.12944698334 71.4892196655
      vertex 128.611740112 -3.68229675293 70.3755264282
    endloop
  endfacet
  facet normal 0.0381068959832 -0.372855216265 0.927106678486
    outer loop
      vertex 106.253479004 -4.83415603638 70.9545516968
      vertex 128.611740112 -3.68229675293 70.3755264282
      vertex 128.629852295 -4.12944698334 71.4892196655
    endloop
  endfacet
  facet normal 0.114869877696 -0.410639643669 0.904533028603
    outer loop
      vertex 129.409042358 -4.03980493546 71.509727478
      vertex 128.629852295 -4.12944698334 71.4892196655
      vertex 129.369247437 -3.05704641342 69.3338317871
    endloop
  endfacet
  facet normal 0.268306434155 -0.400598883629 0.876089155674
    outer loop
      vertex 129.369247437 -3.05704641342 69.3338317871
      vertex 130.164337158 -3.8363904953 71.5707397461
      vertex 129.409042358 -4.03980493546 71.509727478
    endloop
  endfacet
  facet normal 0.270530253649 -0.245060667396 0.93099874258
    outer loop
      vertex 129.409042358 -4.03980493546 71.509727478
      vertex 130.164337158 -3.8363904953 71.5707397461
      vertex 130.188354492 -4.42976140976 73.8515014648
    endloop
  endfacet
  facet normal 0.270546376705 -0.245065063238 0.930992901325
    outer loop
      vertex 129.409042358 -4.03980493546 71.509727478
      vertex 130.188354492 -4.42976140976 73.8515014648
      vertex 129.433380127 -4.64100790024 73.8205413818
    endloop
  endfacet
  facet normal 0.180723190308 -0.24942356348 0.951381623745
    outer loop
      vertex 129.433380127 -4.64100790024 73.8205413818
      vertex 128.644073486 -4.48061275482 72.6368408203
      vertex 129.409042358 -4.03980493546 71.509727478
    endloop
  endfacet
  facet normal 0.116892382503 -0.291920512915 0.949272632599
    outer loop
      vertex 129.409042358 -4.03980493546 71.509727478
      vertex 128.644073486 -4.48061275482 72.6368408203
      vertex 128.629852295 -4.12944698334 71.4892196655
    endloop
  endfacet
  facet normal 0.0392505712807 -0.292821466923 0.955361187458
    outer loop
      vertex 106.201538086 -5.22692966461 72.0635223389
      vertex 128.629852295 -4.12944698334 71.4892196655
      vertex 128.644073486 -4.48061275482 72.6368408203
    endloop
  endfacet
  facet normal 0.0389282852411 -0.27231991291 0.96141898632
    outer loop
      vertex 106.201538086 -5.22692966461 72.0635223389
      vertex 128.644073486 -4.48061275482 72.6368408203
      vertex 106.185562134 -5.38996124268 72.6368179321
    endloop
  endfacet
  facet normal 0.0391887761652 -0.24844494462 0.967852950096
    outer loop
      vertex 106.185562134 -5.38996124268 72.6368179321
      vertex 128.644073486 -4.48061275482 72.6368408203
      vertex 106.183395386 -5.41527557373 72.7350921631
    endloop
  endfacet
  facet normal 0.0397240594029 -0.210683852434 0.976746797562
    outer loop
      vertex 106.183395386 -5.41527557373 72.7350921631
      vertex 128.644073486 -4.48061275482 72.6368408203
      vertex 128.654296875 -4.73327589035 73.8101348877
    endloop
  endfacet
  facet normal 0.0401504784822 -0.221065431833 0.974432170391
    outer loop
      vertex 106.183395386 -5.41527557373 72.7350921631
      vertex 128.654296875 -4.73327589035 73.8101348877
      vertex 106.172073364 -5.56980371475 73.4141769409
    endloop
  endfacet
  facet normal 0.0396624021232 -0.172808349133 0.984156548977
    outer loop
      vertex 128.654296875 -4.73327589035 73.8101348877
      vertex 106.165710449 -5.69052410126 74.100227356
      vertex 106.172073364 -5.56980371475 73.4141769409
    endloop
  endfacet
  facet normal 0.0990848839283 -0.171557202935 0.980178713799
    outer loop
      vertex 102.61781311 -5.91779518127 73.3495941162
      vertex 106.172073364 -5.56980371475 73.4141769409
      vertex 106.165710449 -5.69052410126 74.100227356
    endloop
  endfacet
  facet normal 0.0405834689736 -0.125045344234 0.991320669651
    outer loop
      vertex 128.654296875 -4.73327589035 73.8101348877
      vertex 106.162750244 -5.77437639236 74.7640228271
      vertex 106.165710449 -5.69052410126 74.100227356
    endloop
  endfacet
  facet normal 0.0404884330928 -0.127016812563 0.991073846817
    outer loop
      vertex 128.660476685 -4.88560152054 75.0006561279
      vertex 106.162750244 -5.77437639236 74.7640228271
      vertex 128.654296875 -4.73327589035 73.8101348877
    endloop
  endfacet
  facet normal 0.11833114922 -0.126626580954 0.984867215157
    outer loop
      vertex 128.660476685 -4.88560152054 75.0006561279
      vertex 128.654296875 -4.73327589035 73.8101348877
      vertex 129.433380127 -4.64100790024 73.8205413818
    endloop
  endfacet
  facet normal 0.117752835155 -0.210035204887 0.970576882362
    outer loop
      vertex 129.433380127 -4.64100790024 73.8205413818
      vertex 128.654296875 -4.73327589035 73.8101348877
      vertex 128.644073486 -4.48061275482 72.6368408203
    endloop
  endfacet
  facet normal 0.0402808114886 -0.0931400805712 0.994837880135
    outer loop
      vertex 128.660476685 -4.88560152054 75.0006561279
      vertex 106.162200928 -5.79655265808 75.0006561279
      vertex 106.162750244 -5.77437639236 74.7640228271
    endloop
  endfacet
  facet normal 0.0998960286379 -0.092612221837 0.990678429604
    outer loop
      vertex 102.595245361 -6.1313419342 74.7344207764
      vertex 106.162750244 -5.77437639236 74.7640228271
      vertex 106.162200928 -5.79655265808 75.0006561279
    endloop
  endfacet
  facet normal 0.0403621122241 -0.0683334842324 0.996845722198
    outer loop
      vertex 128.660476685 -4.88560152054 75.0006561279
      vertex 106.161621094 -5.82855129242 75.4671020508
      vertex 106.162200928 -5.79655265808 75.0006561279
    endloop
  endfacet
  facet normal 0.271673232317 -0.0824789702892 0.958848714828
    outer loop
      vertex 129.433380127 -4.64100790024 73.8205413818
      vertex 130.188354492 -4.42976140976 73.8515014648
      vertex 130.19644165 -4.62946987152 76.1998138428
    endloop
  endfacet
  facet normal 0.418453216553 -0.0783919915557 0.90484893322
    outer loop
      vertex 130.188354492 -4.42976140976 73.8515014648
      vertex 130.908569336 -4.30013990402 76.1998138428
      vertex 130.19644165 -4.62946987152 76.1998138428
    endloop
  endfacet
  facet normal 0.418453246355 0.0783913880587 0.904848992825
    outer loop
      vertex 130.19644165 -4.62946987152 76.1998138428
      vertex 130.908569336 -4.30013990402 76.1998138428
      vertex 130.900665283 -4.10474777222 78.4973831177
    endloop
  endfacet
  facet normal 0.418451607227 0.0783920511603 0.90484970808
    outer loop
      vertex 130.19644165 -4.62946987152 76.1998138428
      vertex 130.900665283 -4.10474777222 78.4973831177
      vertex 130.188354492 -4.42976140976 78.5481262207
    endloop
  endfacet
  facet normal 0.417379766703 0.232921391726 0.878374516964
    outer loop
      vertex 130.188354492 -4.42976140976 78.5481262207
      vertex 130.900665283 -4.10474777222 78.4973831177
      vertex 130.877151489 -3.52419161797 80.7288589478
    endloop
  endfacet
  facet normal 0.417391568422 0.232915922999 0.878370344639
    outer loop
      vertex 130.188354492 -4.42976140976 78.5481262207
      vertex 130.877151489 -3.52419161797 80.7288589478
      vertex 130.164337158 -3.8363904953 80.8288803101
    endloop
  endfacet
  facet normal 0.270544201136 0.245060577989 0.930994689465
    outer loop
      vertex 129.433380127 -4.64100790024 78.5790786743
      vertex 130.188354492 -4.42976140976 78.5481262207
      vertex 130.164337158 -3.8363904953 80.8288803101
    endloop
  endfacet
  facet normal 0.415277600288 0.380745261908 0.826182544231
    outer loop
      vertex 130.164337158 -3.8363904953 80.8288803101
      vertex 130.877151489 -3.52419161797 80.7288589478
      vertex 130.838729858 -2.5751786232 82.830039978
    endloop
  endfacet
  facet normal 0.415269970894 0.380749136209 0.826184570789
    outer loop
      vertex 130.164337158 -3.8363904953 80.8288803101
      vertex 130.838729858 -2.5751786232 82.830039978
      vertex 130.125061035 -2.86641025543 82.9764709473
    endloop
  endfacet
  facet normal 0.412176758051 0.517621338367 0.749785602093
    outer loop
      vertex 130.125061035 -2.86641025543 82.9764709473
      vertex 130.838729858 -2.5751786232 82.830039978
      vertex 130.786499023 -1.28499734402 84.740486145
    endloop
  endfacet
  facet normal 0.41217815876 0.517620563507 0.749785363674
    outer loop
      vertex 130.125061035 -2.86641025543 82.9764709473
      vertex 130.786499023 -1.28499734402 84.740486145
      vertex 130.071670532 -1.54774081707 84.929107666
    endloop
  endfacet
  facet normal 0.265061587095 0.544607996941 0.79570376873
    outer loop
      vertex 129.369247437 -3.05704641342 83.0657958984
      vertex 130.125061035 -2.86641025543 82.9764709473
      vertex 130.071670532 -1.54774081707 84.929107666
    endloop
  endfacet
  facet normal 0.265050977468 0.544612407684 0.795704245567
    outer loop
      vertex 129.369247437 -3.05704641342 83.0657958984
      vertex 130.071670532 -1.54774081707 84.929107666
      vertex 129.315139771 -1.72099220753 85.0441665649
    endloop
  endfacet
  facet normal 0.11153241992 0.55826228857 0.822133660316
    outer loop
      vertex 129.315139771 -1.72099220753 85.0441665649
      vertex 128.535552979 -1.80049192905 85.0828399658
      vertex 129.369247437 -3.05704641342 83.0657958984
    endloop
  endfacet
  facet normal 0.235493436456 0.582149207592 0.778232038021
    outer loop
      vertex 129.369247437 -3.05704641342 83.0657958984
      vertex 128.535552979 -1.80049192905 85.0828399658
      vertex 128.564422607 -2.51360607147 84.1178512573
    endloop
  endfacet
  facet normal 0.112668074667 0.522697508335 0.845040380955
    outer loop
      vertex 128.564422607 -2.51360607147 84.1178512573
      vertex 128.589889526 -3.14238739014 83.0958175659
      vertex 129.369247437 -3.05704641342 83.0657958984
    endloop
  endfacet
  facet normal 0.114337787032 0.448817461729 0.886278629303
    outer loop
      vertex 129.369247437 -3.05704641342 83.0657958984
      vertex 128.589889526 -3.14238739014 83.0958175659
      vertex 128.611740112 -3.68229675293 82.0240936279
    endloop
  endfacet
  facet normal 0.0330225341022 0.594631314278 0.80332005024
    outer loop
      vertex 106.653274536 -3.18954229355 84.4215164185
      vertex 128.564422607 -2.51360607147 84.1178512573
      vertex 128.535552979 -1.80049192905 85.0828399658
    endloop
  endfacet
  facet normal 0.0325348339975 0.600932717323 0.798637211323
    outer loop
      vertex 106.653274536 -3.18954229355 84.4215164185
      vertex 128.535552979 -1.80049192905 85.0828399658
      vertex 106.797653198 -2.77202796936 84.9685745239
    endloop
  endfacet
  facet normal 0.0912883654237 0.588824272156 0.80308932066
    outer loop
      vertex 103.198669434 -3.3538351059 84.7330245972
      vertex 106.653274536 -3.18954229355 84.4215164185
      vertex 106.797653198 -2.77202796936 84.9685745239
    endloop
  endfacet
  facet normal 0.0884863063693 0.604134261608 0.791954517365
    outer loop
      vertex 106.797653198 -2.77202796936 84.9685745239
      vertex 103.352523804 -2.89349794388 85.3139419556
      vertex 103.198669434 -3.3538351059 84.7330245972
    endloop
  endfacet
  facet normal 0.20148614049 0.574999630451 0.792955696583
    outer loop
      vertex 103.352523804 -2.89349794388 85.3139419556
      vertex 99.9660491943 -3.32696485519 85.9028244019
      vertex 103.198669434 -3.3538351059 84.7330245972
    endloop
  endfacet
  facet normal 0.206319794059 0.588105857372 0.782025337219
    outer loop
      vertex 103.198669434 -3.3538351059 84.7330245972
      vertex 99.9660491943 -3.32696485519 85.9028244019
      vertex 99.8035736084 -3.84267640114 85.2740631104
    endloop
  endfacet
  facet normal 0.312874943018 0.552695631981 0.772422671318
    outer loop
      vertex 99.9660491943 -3.32696485519 85.9028244019
      vertex 96.683380127 -4.06664991379 86.727355957
      vertex 99.8035736084 -3.84267640114 85.2740631104
    endloop
  endfacet
  facet normal 0.317810326815 0.564984560013 0.761438786983
    outer loop
      vertex 99.8035736084 -3.84267640114 85.2740631104
      vertex 96.683380127 -4.06664991379 86.727355957
      vertex 96.5134735107 -4.64951658249 86.0373916626
    endloop
  endfacet
  facet normal 0.420104831457 0.523026168346 0.741589903831
    outer loop
      vertex 96.5134735107 -4.64951658249 86.0373916626
      vertex 96.683380127 -4.06664991379 86.727355957
      vertex 94.6793136597 -4.92982816696 87.1131820679
    endloop
  endfacet
  facet normal 0.420104831457 0.523026287556 0.741589784622
    outer loop
      vertex 94.6793136597 -4.72892045975 87.3980407715
      vertex 94.6793136597 -4.92982816696 87.1131820679
      vertex 96.683380127 -4.06664991379 86.727355957
    endloop
  endfacet
  facet normal 0.423230141401 0.566248774529 0.70727545023
    outer loop
      vertex 96.683380127 -4.06664991379 86.727355957
      vertex 94.6793136597 -4.29267644882 87.9429321289
      vertex 94.6793136597 -4.72892045975 87.3980407715
    endloop
  endfacet
  facet normal 0.421550184488 0.59658998251 0.682917118073
    outer loop
      vertex 96.8742218018 -3.44502806664 87.389503479
      vertex 94.6793136597 -3.60007929802 88.7629394531
      vertex 94.6793136597 -4.11334180832 88.1754074097
    endloop
  endfacet
  facet normal 0.41774597764 0.554954230785 0.719384551048
    outer loop
      vertex 94.6793136597 -4.11334180832 88.1754074097
      vertex 94.6793136597 -4.29267644882 87.9429321289
      vertex 96.8742218018 -3.44502806664 87.389503479
    endloop
  endfacet
  facet normal 0.417745918036 0.554955840111 0.719383358955
    outer loop
      vertex 96.683380127 -4.06664991379 86.727355957
      vertex 96.8742218018 -3.44502806664 87.389503479
      vertex 94.6793136597 -4.29267644882 87.9429321289
    endloop
  endfacet
  facet normal 0.316239863634 0.599276900291 0.735431551933
    outer loop
      vertex 99.9660491943 -3.32696485519 85.9028244019
      vertex 96.8742218018 -3.44502806664 87.389503479
      vertex 96.683380127 -4.06664991379 86.727355957
    endloop
  endfacet
  facet normal 0.310645967722 0.586654126644 0.747887730598
    outer loop
      vertex 100.150985718 -2.77741980553 86.5054779053
      vertex 96.8742218018 -3.44502806664 87.389503479
      vertex 99.9660491943 -3.32696485519 85.9028244019
    endloop
  endfacet
  facet normal 0.205051749945 0.624380886555 0.753725588322
    outer loop
      vertex 103.352523804 -2.89349794388 85.3139419556
      vertex 100.150985718 -2.77741980553 86.5054779053
      vertex 99.9660491943 -3.32696485519 85.9028244019
    endloop
  endfacet
  facet normal 0.1994291991 0.610516548157 0.766483902931
    outer loop
      vertex 103.530517578 -2.40423774719 85.8700485229
      vertex 100.150985718 -2.77741980553 86.5054779053
      vertex 103.352523804 -2.89349794388 85.3139419556
    endloop
  endfacet
  facet normal 0.087042324245 0.642184972763 0.761591851711
    outer loop
      vertex 106.967910767 -2.3304400444 85.4916610718
      vertex 103.530517578 -2.40423774719 85.8700485229
      vertex 103.352523804 -2.89349794388 85.3139419556
    endloop
  endfacet
  facet normal 0.0900082290173 0.625184059143 0.77526986599
    outer loop
      vertex 106.967910767 -2.3304400444 85.4916610718
      vertex 103.352523804 -2.89349794388 85.3139419556
      vertex 106.797653198 -2.77202796936 84.9685745239
    endloop
  endfacet
  facet normal 0.030997812748 0.638850331306 0.768706321716
    outer loop
      vertex 106.797653198 -2.77202796936 84.9685745239
      vertex 128.535552979 -1.80049192905 85.0828399658
      vertex 106.967910767 -2.3304400444 85.4916610718
    endloop
  endfacet
  facet normal 0.0309526957572 0.660672962666 0.750035464764
    outer loop
      vertex 106.967910767 -2.3304400444 85.4916610718
      vertex 128.535552979 -1.80049192905 85.0828399658
      vertex 128.503463745 -1.00817775726 85.9838256836
    endloop
  endfacet
  facet normal 0.0298401024193 0.674974024296 0.737237811089
    outer loop
      vertex 106.967910767 -2.3304400444 85.4916610718
      vertex 128.503463745 -1.00817775726 85.9838256836
      vertex 107.16607666 -1.86535191536 85.9908905029
    endloop
  endfacet
  facet normal 0.0886591896415 0.659892380238 0.746110975742
    outer loop
      vertex 107.16607666 -1.86535191536 85.9908905029
      vertex 103.530517578 -2.40423774719 85.8700485229
      vertex 106.967910767 -2.3304400444 85.4916610718
    endloop
  endfacet
  facet normal 0.0855908244848 0.678512096405 0.729585886002
    outer loop
      vertex 107.16607666 -1.86535191536 85.9908905029
      vertex 103.734405518 -1.88663423061 86.400894165
      vertex 103.530517578 -2.40423774719 85.8700485229
    endloop
  endfacet
  facet normal 0.197354197502 0.644483208656 0.738710165024
    outer loop
      vertex 103.734405518 -1.88663423061 86.400894165
      vertex 100.359909058 -2.19467163086 87.081161499
      vertex 103.530517578 -2.40423774719 85.8700485229
    endloop
  endfacet
  facet normal 0.203848391771 0.658946335316 0.724041163921
    outer loop
      vertex 103.530517578 -2.40423774719 85.8700485229
      vertex 100.359909058 -2.19467163086 87.081161499
      vertex 100.150985718 -2.77741980553 86.5054779053
    endloop
  endfacet
  facet normal 0.308469444513 0.619103252888 0.722189545631
    outer loop
      vertex 100.359909058 -2.19467163086 87.081161499
      vertex 97.0873565674 -2.78536510468 88.0226669312
      vertex 100.150985718 -2.77741980553 86.5054779053
    endloop
  endfacet
  facet normal 0.314778089523 0.631915271282 0.708235740662
    outer loop
      vertex 100.150985718 -2.77741980553 86.5054779053
      vertex 97.0873565674 -2.78536510468 88.0226669312
      vertex 96.8742218018 -3.44502806664 87.389503479
    endloop
  endfacet
  facet normal 0.415500044823 0.585426330566 0.696157813072
    outer loop
      vertex 96.8742218018 -3.44502806664 87.389503479
      vertex 97.0873565674 -2.78536510468 88.0226669312
      vertex 94.6793136597 -3.60007929802 88.7629394531
    endloop
  endfacet
  facet normal 0.313450038433 0.662963807583 0.679873526096
    outer loop
      vertex 100.359909058 -2.19467163086 87.081161499
      vertex 97.3241424561 -2.08839988708 88.6254577637
      vertex 97.0873565674 -2.78536510468 88.0226669312
    endloop
  endfacet
  facet normal 0.413395673037 0.614511072636 0.67192274332
    outer loop
      vertex 97.0873565674 -2.78536510468 88.0226669312
      vertex 97.3241424561 -2.08839988708 88.6254577637
      vertex 94.6793136597 -2.84892630577 89.5731124878
    endloop
  endfacet
  facet normal 0.413396000862 0.614515066147 0.671918869019
    outer loop
      vertex 94.6793136597 -2.74270343781 89.6892623901
      vertex 94.6793136597 -2.84892630577 89.5731124878
      vertex 97.3241424561 -2.08839988708 88.6254577637
    endloop
  endfacet
  facet normal 0.418740153313 0.652799487114 0.631276130676
    outer loop
      vertex 97.3241424561 -2.08839988708 88.6254577637
      vertex 94.6793136597 -2.03548240662 90.3731613159
      vertex 94.6793136597 -2.74270343781 89.6892623901
    endloop
  endfacet
  facet normal 0.411450475454 0.642235457897 0.646716415882
    outer loop
      vertex 97.3241424561 -2.08839988708 88.6254577637
      vertex 97.5859527588 -1.35477352142 89.196472168
      vertex 94.6793136597 -2.03548240662 90.3731613159
    endloop
  endfacet
  facet normal 0.411450892687 0.642238259315 0.646713376045
    outer loop
      vertex 94.6793136597 -1.98373699188 90.4252700806
      vertex 94.6793136597 -2.03548240662 90.3731613159
      vertex 97.5859527588 -1.35477352142 89.196472168
    endloop
  endfacet
  facet normal 0.417514741421 0.677870094776 0.605122804642
    outer loop
      vertex 97.5859527588 -1.35477352142 89.196472168
      vertex 94.6793136597 -1.36245393753 90.9798812866
      vertex 94.6793136597 -1.98373699188 90.4252700806
    endloop
  endfacet
  facet normal 0.508916676044 0.704352021217 0.494865655899
    outer loop
      vertex 94.6793136597 2.43944478035 93.9822616577
      vertex 94.6793136597 1.87091457844 93.582824707
      vertex 96.1000213623 2.60384511948 93.0712585449
    endloop
  endfacet
  facet normal 0.518217384815 0.726814389229 0.450767785311
    outer loop
      vertex 96.1000213623 2.60384511948 93.0712585449
      vertex 94.6793136597 3.04223966599 94.3561172485
      vertex 94.6793136597 2.43944478035 93.9822616577
    endloop
  endfacet
  facet normal 0.634102165699 0.742990195751 0.214196205139
    outer loop
      vertex 94.6793136597 12.3579101562 98.5978012085
      vertex 94.6793136597 11.4632520676 98.339881897
      vertex 96.8059082031 12.2476043701 96.7510681152
    endloop
  endfacet
  facet normal 0.631658315659 0.740994155407 0.227893486619
    outer loop
      vertex 94.6793136597 12.7076206207 98.7053604126
      vertex 94.6793136597 12.3579101562 98.5978012085
      vertex 96.8059082031 12.2476043701 96.7510681152
    endloop
  endfacet
  facet normal 0.638287603855 0.742441356182 0.20339563489
    outer loop
      vertex 96.8059082031 12.2476043701 96.7510681152
      vertex 96.9807434082 12.6816997528 96.7196807861
      vertex 94.6793136597 12.7076206207 98.7053604126
    endloop
  endfacet
  facet normal 0.640634953976 0.744937002659 0.186160504818
    outer loop
      vertex 94.6793136597 13.1207647324 98.8086013794
      vertex 94.6793136597 12.7076206207 98.7053604126
      vertex 96.9807434082 12.6816997528 96.7196807861
    endloop
  endfacet
  facet normal 0.636671900749 0.7440341115 0.202637836337
    outer loop
      vertex 94.6793136597 13.2193784714 98.8354568481
      vertex 94.6793136597 13.1207647324 98.8086013794
      vertex 96.9807434082 12.6816997528 96.7196807861
    endloop
  endfacet
  facet normal 0.643173694611 0.744793057442 0.177794545889
    outer loop
      vertex 96.9807434082 12.6816997528 96.7196807861
      vertex 97.3847198486 13.6708164215 96.6069412231
      vertex 94.6793136597 13.2193784714 98.8354568481
    endloop
  endfacet
  facet normal 0.643379032612 0.748758614063 0.159448876977
    outer loop
      vertex 94.6793136597 14.3318252563 99.0723571777
      vertex 94.6793136597 13.2193784714 98.8354568481
      vertex 97.3847198486 13.6708164215 96.6069412231
    endloop
  endfacet
  facet normal 0.6392750144 0.748625338078 0.175748720765
    outer loop
      vertex 94.6793136597 14.4092464447 99.0905303955
      vertex 94.6793136597 14.3318252563 99.0723571777
      vertex 97.3847198486 13.6708164215 96.6069412231
    endloop
  endfacet
  facet normal 0.653814375401 0.747361183167 0.118228569627
    outer loop
      vertex 97.3847198486 13.6708164215 96.6069412231
      vertex 94.6793136597 14.9497613907 99.1760406494
      vertex 94.6793136597 14.4092464447 99.0905303955
    endloop
  endfacet
  facet normal 0.768995940685 0.631812691689 -0.0972519293427
    outer loop
      vertex 96.8192901611 20.981180191 97.027557373
      vertex 94.6793136597 22.3017463684 99.4289169312
      vertex 94.6793136597 21.3830337524 99.5703277588
    endloop
  endfacet
  facet normal 0.768799066544 0.634805142879 -0.0772685855627
    outer loop
      vertex 96.5308227539 20.0565109253 97.4894638062
      vertex 96.8192901611 20.981180191 97.027557373
      vertex 94.6793136597 21.3830337524 99.5703277588
    endloop
  endfacet
  facet normal 0.768797934055 0.634807050228 -0.077264033258
    outer loop
      vertex 96.5308227539 20.0565109253 97.4894638062
      vertex 94.6793136597 21.3830337524 99.5703277588
      vertex 94.6793136597 21.1065196991 99.6039810181
    endloop
  endfacet
  facet normal 0.768289506435 0.635757863522 -0.0744526013732
    outer loop
      vertex 96.5308227539 20.0565109253 97.4894638062
      vertex 94.6793136597 21.1065196991 99.6039810181
      vertex 94.6793136597 20.9277019501 99.6249237061
    endloop
  endfacet
  facet normal 0.765605449677 0.640843629837 -0.0562821626663
    outer loop
      vertex 94.6793136597 20.9277019501 99.6249237061
      vertex 94.6793136597 20.8597774506 99.6308898926
      vertex 96.5308227539 20.0565109253 97.4894638062
    endloop
  endfacet
  facet normal 0.765604257584 0.640845835209 -0.0562734715641
    outer loop
      vertex 96.4699401855 19.8629150391 97.5792007446
      vertex 96.5308227539 20.0565109253 97.4894638062
      vertex 94.6793136597 20.8597774506 99.6308898926
    endloop
  endfacet
  facet normal 0.765036702156 0.6417735219 -0.0533447265625
    outer loop
      vertex 96.4699401855 19.8629150391 97.5792007446
      vertex 94.6793136597 20.8597774506 99.6308898926
      vertex 94.6793136597 20.0974082947 99.6942596436
    endloop
  endfacet
  facet normal 0.764611363411 0.643626391888 -0.0333848260343
    outer loop
      vertex 96.1753692627 18.9344558716 97.9773025513
      vertex 96.4699401855 19.8629150391 97.5792007446
      vertex 94.6793136597 20.0974082947 99.6942596436
    endloop
  endfacet
  facet normal 0.76461160183 0.64362603426 -0.0333856232464
    outer loop
      vertex 96.1753692627 18.9344558716 97.9773025513
      vertex 94.6793136597 20.0974082947 99.6942596436
      vertex 94.6793136597 19.6931972504 99.7152252197
    endloop
  endfacet
  facet normal 0.756293773651 0.654192328453 0.00721762375906
    outer loop
      vertex 94.6793136597 19.6931972504 99.7152252197
      vertex 94.6793136597 19.2490196228 99.7103271484
      vertex 96.1753692627 18.9344558716 97.9773025513
    endloop
  endfacet
  facet normal 0.759198248386 0.650241017342 -0.0283649023622
    outer loop
      vertex 94.6793136597 19.2490196228 99.7103271484
      vertex 94.6793136597 19.1558742523 99.7143859863
      vertex 96.1753692627 18.9344558716 97.9773025513
    endloop
  endfacet
  facet normal 0.7571875453 0.653148233891 0.00802839919925
    outer loop
      vertex 95.8693237305 18.1535377502 98.3224945068
      vertex 96.1753692627 18.9344558716 97.9773025513
      vertex 94.6793136597 19.1558742523 99.7143859863
    endloop
  endfacet
  facet normal 0.765168786049 0.643663764 -0.0146178752184
    outer loop
      vertex 95.8693237305 18.1535377502 98.3224945068
      vertex 94.6793136597 19.1558742523 99.7143859863
      vertex 94.6793136597 18.7079162598 99.7245635986
    endloop
  endfacet
  facet normal 0.757485091686 0.652411222458 0.0239987466484
    outer loop
      vertex 95.8693237305 18.1535377502 98.3224945068
      vertex 94.6793136597 18.7079162598 99.7245635986
      vertex 94.6793136597 18.2630672455 99.7081985474
    endloop
  endfacet
  facet normal 0.75557076931 0.652990162373 0.0521214902401
    outer loop
      vertex 95.5511932373 17.339345932 98.625617981
      vertex 95.8693237305 18.1535377502 98.3224945068
      vertex 94.6793136597 18.2630672455 99.7081985474
    endloop
  endfacet
  facet normal 0.755571007729 0.652989923954 0.0521210208535
    outer loop
      vertex 95.5511932373 17.339345932 98.625617981
      vertex 94.6793136597 18.2630672455 99.7081985474
      vertex 94.6793136597 17.7084980011 99.6639328003
    endloop
  endfacet
  facet normal 0.752198755741 0.655504882336 0.0671595111489
    outer loop
      vertex 95.5511932373 17.339345932 98.625617981
      vertex 94.6793136597 17.7084980011 99.6639328003
      vertex 94.6793136597 17.3600788116 99.6282348633
    endloop
  endfacet
  facet normal 0.750581264496 0.654577076435 0.0903136506677
    outer loop
      vertex 95.218170166 16.4500370026 98.8847808838
      vertex 95.5511932373 17.339345932 98.625617981
      vertex 94.6793136597 17.3600788116 99.6282348633
    endloop
  endfacet
  facet normal 0.750581562519 0.654576838017 0.0903132557869
    outer loop
      vertex 95.218170166 16.4500370026 98.8847808838
      vertex 94.6793136597 17.3600788116 99.6282348633
      vertex 94.6793136597 16.6536808014 99.5307693481
    endloop
  endfacet
  facet normal 0.746403455734 0.656670212746 0.108009591699
    outer loop
      vertex 95.218170166 16.4500370026 98.8847808838
      vertex 94.6793136597 16.6536808014 99.5307693481
      vertex 94.6793136597 16.4257450104 99.4932785034
    endloop
  endfacet
  facet normal 0.745092332363 0.65474909544 0.127047374845
    outer loop
      vertex 94.6793136597 16.4257450104 99.4932785034
      vertex 94.6793136597 15.5515289307 99.3236465454
      vertex 95.218170166 16.4500370026 98.8847808838
    endloop
  endfacet
  facet normal 0.745094418526 0.654746174812 0.127050071955
    outer loop
      vertex 94.8699188232 15.4886608124 99.0945358276
      vertex 95.218170166 16.4500370026 98.8847808838
      vertex 94.6793136597 15.5515289307 99.3236465454
    endloop
  endfacet
  facet normal 0.740238428116 0.656123936176 0.146793857217
    outer loop
      vertex 94.8699188232 15.4886608124 99.0945358276
      vertex 94.6793136597 15.5515289307 99.3236465454
      vertex 94.6793136597 15.4668006897 99.3046875
    endloop
  endfacet
  facet normal 0.739210963249 0.65354591608 0.162618771195
    outer loop
      vertex 94.8699188232 15.4886608124 99.0945358276
      vertex 94.6793136597 15.4668006897 99.3046875
      vertex 94.6793136597 14.9497613907 99.1760406494
    endloop
  endfacet
  facet normal 0.65381538868 0.747360765934 0.118225671351
    outer loop
      vertex 97.3847198486 13.6708164215 96.6069412231
      vertex 94.8699188232 15.4886608124 99.0945358276
      vertex 94.6793136597 14.9497613907 99.1760406494
    endloop
  endfacet
  facet normal 0.644533038139 0.752101123333 0.137553676963
    outer loop
      vertex 97.7712554932 14.5914993286 96.4440765381
      vertex 94.8699188232 15.4886608124 99.0945358276
      vertex 97.3847198486 13.6708164215 96.6069412231
    endloop
  endfacet
  facet normal 0.553522348404 0.828397989273 0.0858476758003
    outer loop
      vertex 100.581207275 12.8145446777 94.3823623657
      vertex 97.7712554932 14.5914993286 96.4440765381
      vertex 97.3847198486 13.6708164215 96.6069412231
    endloop
  endfacet
  facet normal 0.5363753438 0.829869627953 0.153681278229
    outer loop
      vertex 100.581207275 12.8145446777 94.3823623657
      vertex 97.3847198486 13.6708164215 96.6069412231
      vertex 100.146026611 11.9243202209 94.4987792969
    endloop
  endfacet
  facet normal 0.439816147089 0.892696022987 0.0982626825571
    outer loop
      vertex 103.563278198 11.0904884338 92.7233734131
      vertex 100.581207275 12.8145446777 94.3823623657
      vertex 100.146026611 11.9243202209 94.4987792969
    endloop
  endfacet
  facet normal 0.423617601395 0.891297280788 0.161670133471
    outer loop
      vertex 103.563278198 11.0904884338 92.7233734131
      vertex 100.146026611 11.9243202209 94.4987792969
      vertex 103.358764648 10.7355518341 92.7561950684
    endloop
  endfacet
  facet normal 0.319707661867 0.942532002926 0.0970590934157
    outer loop
      vertex 106.949783325 9.86580848694 91.4485549927
      vertex 103.563278198 11.0904884338 92.7233734131
      vertex 103.358764648 10.7355518341 92.7561950684
    endloop
  endfacet
  facet normal 0.301045954227 0.938646435738 0.168268218637
    outer loop
      vertex 106.949783325 9.86580848694 91.4485549927
      vertex 103.358764648 10.7355518341 92.7561950684
      vertex 106.407363892 9.05919075012 91.4779205322
    endloop
  endfacet
  facet normal 0.20116956532 0.974459052086 0.0998017340899
    outer loop
      vertex 110.078323364 8.18127155304 90.6301651001
      vertex 106.949783325 9.86580848694 91.4485549927
      vertex 106.407363892 9.05919075012 91.4779205322
    endloop
  endfacet
  facet normal 0.177606269717 0.965625226498 0.189799726009
    outer loop
      vertex 110.078323364 8.18127155304 90.6301651001
      vertex 106.407363892 9.05919075012 91.4779205322
      vertex 109.486679077 7.4147734642 90.5883255005
    endloop
  endfacet
  facet normal 0.079559288919 0.990121304989 0.115456350148
    outer loop
      vertex 110.078323364 8.18127155304 90.6301651001
      vertex 109.486679077 7.4147734642 90.5883255005
      vertex 113.173446655 6.51083707809 90.1866760254
    endloop
  endfacet
  facet normal 0.0476713813841 0.983792006969 0.172860577703
    outer loop
      vertex 113.173446655 6.51083707809 90.1866760254
      vertex 113.428283691 6.80104541779 90.2253189087
      vertex 110.078323364 8.18127155304 90.6301651001
    endloop
  endfacet
  facet normal 0.0550859309733 0.98628371954 0.155595541
    outer loop
      vertex 110.078323364 8.18127155304 90.6301651001
      vertex 113.428283691 6.80104541779 90.2253189087
      vertex 113.813339233 7.2392783165 90.2729492188
    endloop
  endfacet
  facet normal 0.0633098557591 0.990201115608 0.124473117292
    outer loop
      vertex 110.078323364 8.18127155304 90.6301651001
      vertex 113.813339233 7.2392783165 90.2729492188
      vertex 114.455627441 7.97285318375 90.3240966797
    endloop
  endfacet
  facet normal 0.0669751167297 0.996167480946 0.0562552660704
    outer loop
      vertex 110.078323364 8.18127155304 90.6301651001
      vertex 114.455627441 7.97285318375 90.3240966797
      vertex 110.669906616 8.93963813782 90.6332168579
    endloop
  endfacet
  facet normal 0.17787475884 0.973655223846 0.14267462492
    outer loop
      vertex 110.669906616 8.93963813782 90.6332168579
      vertex 106.949783325 9.86580848694 91.4485549927
      vertex 110.078323364 8.18127155304 90.6301651001
    endloop
  endfacet
  facet normal 0.198787003756 0.978045165539 0.0625414997339
    outer loop
      vertex 110.669906616 8.93963813782 90.6332168579
      vertex 107.173568726 10.1945953369 91.4240951538
      vertex 106.949783325 9.86580848694 91.4485549927
    endloop
  endfacet
  facet normal 0.305019825697 0.942367196083 0.137502580881
    outer loop
      vertex 107.173568726 10.1945953369 91.4240951538
      vertex 103.563278198 11.0904884338 92.7233734131
      vertex 106.949783325 9.86580848694 91.4485549927
    endloop
  endfacet
  facet normal 0.323695898056 0.943956911564 0.064546816051
    outer loop
      vertex 107.173568726 10.1945953369 91.4240951538
      vertex 104.038009644 11.9031438828 92.6161499023
      vertex 103.563278198 11.0904884338 92.7233734131
    endloop
  endfacet
  facet normal 0.423908352852 0.896419286728 0.129360824823
    outer loop
      vertex 104.038009644 11.9031438828 92.6161499023
      vertex 100.581207275 12.8145446777 94.3823623657
      vertex 103.563278198 11.0904884338 92.7233734131
    endloop
  endfacet
  facet normal 0.443604528904 0.894746601582 0.0514148063958
    outer loop
      vertex 104.038009644 11.9031438828 92.6161499023
      vertex 100.999069214 13.6453266144 94.2229309082
      vertex 100.581207275 12.8145446777 94.3823623657
    endloop
  endfacet
  facet normal 0.540814399719 0.833647489548 0.112033933401
    outer loop
      vertex 100.999069214 13.6453266144 94.2229309082
      vertex 97.7712554932 14.5914993286 96.4440765381
      vertex 100.581207275 12.8145446777 94.3823623657
    endloop
  endfacet
  facet normal 0.558407068253 0.828594624996 0.0401557870209
    outer loop
      vertex 100.999069214 13.6453266144 94.2229309082
      vertex 98.1410522461 15.4482078552 96.2363815308
      vertex 97.7712554932 14.5914993286 96.4440765381
    endloop
  endfacet
  facet normal 0.649659752846 0.753928005695 0.0976464375854
    outer loop
      vertex 98.1410522461 15.4482078552 96.2363815308
      vertex 95.218170166 16.4500370026 98.8847808838
      vertex 97.7712554932 14.5914993286 96.4440765381
    endloop
  endfacet
  facet normal 0.659645974636 0.747743666172 0.0758067667484
    outer loop
      vertex 97.7712554932 14.5914993286 96.4440765381
      vertex 95.218170166 16.4500370026 98.8847808838
      vertex 94.8699188232 15.4886608124 99.0945358276
    endloop
  endfacet
  facet normal 0.665137767792 0.746049165726 0.0316605344415
    outer loop
      vertex 98.1410522461 15.4482078552 96.2363815308
      vertex 95.5511932373 17.339345932 98.625617981
      vertex 95.218170166 16.4500370026 98.8847808838
    endloop
  endfacet
  facet normal 0.654335618019 0.754082858562 0.0566033273935
    outer loop
      vertex 98.4952545166 16.2399044037 95.9884567261
      vertex 95.5511932373 17.339345932 98.625617981
      vertex 98.1410522461 15.4482078552 96.2363815308
    endloop
  endfacet
  facet normal 0.562942385674 0.826466917992 -0.00695358961821
    outer loop
      vertex 101.39944458 14.4204549789 94.0255966187
      vertex 98.4952545166 16.2399044037 95.9884567261
      vertex 98.1410522461 15.4482078552 96.2363815308
    endloop
  endfacet
  facet normal 0.545153141022 0.835501968861 0.0688806772232
    outer loop
      vertex 101.39944458 14.4204549789 94.0255966187
      vertex 98.1410522461 15.4482078552 96.2363815308
      vertex 100.999069214 13.6453266144 94.2229309082
    endloop
  endfacet
  facet normal 0.447230607271 0.894412577152 0.00330367381684
    outer loop
      vertex 104.495117188 12.6672382355 92.4711990356
      vertex 101.39944458 14.4204549789 94.0255966187
      vertex 100.999069214 13.6453266144 94.2229309082
    endloop
  endfacet
  facet normal 0.427278965712 0.900128960609 0.0848559960723
    outer loop
      vertex 104.495117188 12.6672382355 92.4711990356
      vertex 100.999069214 13.6453266144 94.2229309082
      vertex 104.038009644 11.9031438828 92.6161499023
    endloop
  endfacet
  facet normal 0.325991034508 0.945242404938 0.0157040636986
    outer loop
      vertex 107.694015503 10.9527168274 91.3394927979
      vertex 104.495117188 12.6672382355 92.4711990356
      vertex 104.038009644 11.9031438828 92.6161499023
    endloop
  endfacet
  facet normal 0.303954929113 0.947105109692 0.10297229141
    outer loop
      vertex 107.694015503 10.9527168274 91.3394927979
      vertex 104.038009644 11.9031438828 92.6161499023
      vertex 107.173568726 10.1945953369 91.4240951538
    endloop
  endfacet
  facet normal 0.20210018754 0.978920459747 0.0294990818948
    outer loop
      vertex 110.914627075 9.2520904541 90.6233444214
      vertex 107.694015503 10.9527168274 91.3394927979
      vertex 107.173568726 10.1945953369 91.4240951538
    endloop
  endfacet
  facet normal 0.181183770299 0.977161824703 0.111027806997
    outer loop
      vertex 110.914627075 9.2520904541 90.6233444214
      vertex 107.173568726 10.1945953369 91.4240951538
      vertex 110.669906616 8.93963813782 90.6332168579
    endloop
  endfacet
  facet normal 0.069658793509 0.997304677963 0.0230430979282
    outer loop
      vertex 110.669906616 8.93963813782 90.6332168579
      vertex 114.721908569 8.27923679352 90.3349380493
      vertex 110.914627075 9.2520904541 90.6233444214
    endloop
  endfacet
  facet normal 0.0615885965526 0.996616840363 0.0544220395386
    outer loop
      vertex 110.914627075 9.2520904541 90.6233444214
      vertex 114.721908569 8.27923679352 90.3349380493
      vertex 115.342971802 9.0023431778 90.3360443115
    endloop
  endfacet
  facet normal 0.0655745342374 0.997735440731 -0.0149670280516
    outer loop
      vertex 110.914627075 9.2520904541 90.6233444214
      vertex 115.342971802 9.0023431778 90.3360443115
      vertex 111.484664917 9.9800567627 90.5749588013
    endloop
  endfacet
  facet normal 0.178696528077 0.981062710285 0.0747225284576
    outer loop
      vertex 111.484664917 9.9800567627 90.5749588013
      vertex 107.694015503 10.9527168274 91.3394927979
      vertex 110.914627075 9.2520904541 90.6233444214
    endloop
  endfacet
  facet normal 0.202679917216 0.979033768177 -0.0203403010964
    outer loop
      vertex 111.484664917 9.9800567627 90.5749588013
      vertex 108.196273804 11.6748800278 91.2205123901
      vertex 107.694015503 10.9527168274 91.3394927979
    endloop
  endfacet
  facet normal 0.306051045656 0.950350165367 0.0562788695097
    outer loop
      vertex 108.196273804 11.6748800278 91.2205123901
      vertex 104.495117188 12.6672382355 92.4711990356
      vertex 107.694015503 10.9527168274 91.3394927979
    endloop
  endfacet
  facet normal 0.328090041876 0.944038927555 -0.0338731072843
    outer loop
      vertex 108.196273804 11.6748800278 91.2205123901
      vertex 104.933380127 13.3856878281 92.2931060791
      vertex 104.495117188 12.6672382355 92.4711990356
    endloop
  endfacet
  facet normal 0.430588871241 0.901698768139 0.0391480661929
    outer loop
      vertex 104.933380127 13.3856878281 92.2931060791
      vertex 101.39944458 14.4204549789 94.0255966187
      vertex 104.495117188 12.6672382355 92.4711990356
    endloop
  endfacet
  facet normal 0.450523585081 0.891585588455 -0.0458653233945
    outer loop
      vertex 104.933380127 13.3856878281 92.2931060791
      vertex 101.782806396 15.1393489838 93.7948989868
      vertex 101.39944458 14.4204549789 94.0255966187
    endloop
  endfacet
  facet normal 0.549110531807 0.835383355618 0.0247439742088
    outer loop
      vertex 101.782806396 15.1393489838 93.7948989868
      vertex 98.4952545166 16.2399044037 95.9884567261
      vertex 101.39944458 14.4204549789 94.0255966187
    endloop
  endfacet
  facet normal 0.566993892193 0.821838378906 -0.0556738786399
    outer loop
      vertex 101.782806396 15.1393489838 93.7948989868
      vertex 98.8337249756 16.9643955231 95.7058639526
      vertex 98.4952545166 16.2399044037 95.9884567261
    endloop
  endfacet
  facet normal 0.658500730991 0.752447187901 0.0141429686919
    outer loop
      vertex 98.8337249756 16.9643955231 95.7058639526
      vertex 95.8693237305 18.1535377502 98.3224945068
      vertex 98.4952545166 16.2399044037 95.9884567261
    endloop
  endfacet
  facet normal 0.670132637024 0.742100954056 -0.0144378785044
    outer loop
      vertex 98.4952545166 16.2399044037 95.9884567261
      vertex 95.8693237305 18.1535377502 98.3224945068
      vertex 95.5511932373 17.339345932 98.625617981
    endloop
  endfacet
  facet normal 0.674194693565 0.736019551754 -0.0611284896731
    outer loop
      vertex 98.8337249756 16.9643955231 95.7058639526
      vertex 96.1753692627 18.9344558716 97.9773025513
      vertex 95.8693237305 18.1535377502 98.3224945068
    endloop
  endfacet
  facet normal 0.662530243397 0.748388111591 -0.031127974391
    outer loop
      vertex 99.1584472656 17.6584072113 95.3895263672
      vertex 96.1753692627 18.9344558716 97.9773025513
      vertex 98.8337249756 16.9643955231 95.7058639526
    endloop
  endfacet
  facet normal 0.57015389204 0.814846277237 -0.10464258492
    outer loop
      vertex 102.148239136 15.8003759384 93.5361557007
      vertex 99.1584472656 17.6584072113 95.3895263672
      vertex 98.8337249756 16.9643955231 95.7058639526
    endloop
  endfacet
  facet normal 0.552636265755 0.833167672157 -0.0206107702106
    outer loop
      vertex 102.148239136 15.8003759384 93.5361557007
      vertex 98.8337249756 16.9643955231 95.7058639526
      vertex 101.782806396 15.1393489838 93.7948989868
    endloop
  endfacet
  facet normal 0.453373193741 0.8861130476 -0.0962100997567
    outer loop
      vertex 105.352355957 14.0582637787 92.0859451294
      vertex 102.148239136 15.8003759384 93.5361557007
      vertex 101.782806396 15.1393489838 93.7948989868
    endloop
  endfacet
  facet normal 0.433634161949 0.901058554649 -0.00740986084566
    outer loop
      vertex 105.352355957 14.0582637787 92.0859451294
      vertex 101.782806396 15.1393489838 93.7948989868
      vertex 104.933380127 13.3856878281 92.2931060791
    endloop
  endfacet
  facet normal 0.329905837774 0.94026017189 -0.0841005593538
    outer loop
      vertex 108.677825928 12.3629484177 91.0707855225
      vertex 105.352355957 14.0582637787 92.0859451294
      vertex 104.933380127 13.3856878281 92.2931060791
    endloop
  endfacet
  facet normal 0.30816835165 0.951292335987 0.00866950489581
    outer loop
      vertex 108.677825928 12.3629484177 91.0707855225
      vertex 104.933380127 13.3856878281 92.2931060791
      vertex 108.196273804 11.6748800278 91.2205123901
    endloop
  endfacet
  facet normal 0.203069314361 0.976630330086 -0.0703989267349
    outer loop
      vertex 112.035736084 10.6861763 90.4934463501
      vertex 108.677825928 12.3629484177 91.0707855225
      vertex 108.196273804 11.6748800278 91.2205123901
    endloop
  endfacet
  facet normal 0.179405063391 0.98341858387 0.0264890883118
    outer loop
      vertex 112.035736084 10.6861763 90.4934463501
      vertex 108.196273804 11.6748800278 91.2205123901
      vertex 111.484664917 9.9800567627 90.5749588013
    endloop
  endfacet
  facet normal 0.0704056620598 0.995712578297 -0.059995431453
    outer loop
      vertex 111.484664917 9.9800567627 90.5749588013
      vertex 115.582077026 9.28494739532 90.3271179199
      vertex 112.035736084 10.6861763 90.4934463501
    endloop
  endfacet
  facet normal 0.0516351535916 0.99859213829 -0.012147737667
    outer loop
      vertex 112.035736084 10.6861763 90.4934463501
      vertex 115.582077026 9.28494739532 90.3271179199
      vertex 115.944168091 9.71896934509 90.3031158447
    endloop
  endfacet
  facet normal 0.0596407130361 0.997215509415 -0.04476865381
    outer loop
      vertex 112.035736084 10.6861763 90.4934463501
      vertex 115.944168091 9.71896934509 90.3031158447
      vertex 116.52003479 10.4282712936 90.236831665
    endloop
  endfacet
  facet normal 0.06328266114 0.991487026215 -0.113792516291
    outer loop
      vertex 112.035736084 10.6861763 90.4934463501
      vertex 116.52003479 10.4282712936 90.236831665
      vertex 112.563873291 11.3710584641 90.3811340332
    endloop
  endfacet
  facet normal 0.180209204555 0.983375549316 -0.0222966838628
    outer loop
      vertex 112.563873291 11.3710584641 90.3811340332
      vertex 108.677825928 12.3629484177 91.0707855225
      vertex 112.035736084 10.6861763 90.4934463501
    endloop
  endfacet
  facet normal 0.20322111249 0.971679091454 -0.120585590601
    outer loop
      vertex 112.563873291 11.3710584641 90.3811340332
      vertex 109.137145996 13.0168638229 90.8935699463
      vertex 108.677825928 12.3629484177 91.0707855225
    endloop
  endfacet
  facet normal 0.310138970613 0.949867188931 -0.0395738743246
    outer loop
      vertex 109.137145996 13.0168638229 90.8935699463
      vertex 105.352355957 14.0582637787 92.0859451294
      vertex 108.677825928 12.3629484177 91.0707855225
    endloop
  endfacet
  facet normal 0.331323295832 0.933817923069 -0.134940624237
    outer loop
      vertex 109.137145996 13.0168638229 90.8935699463
      vertex 105.750061035 14.6835269928 91.8544845581
      vertex 105.352355957 14.0582637787 92.0859451294
    endloop
  endfacet
  facet normal 0.436347454786 0.898100793362 -0.0549170598388
    outer loop
      vertex 105.750061035 14.6835269928 91.8544845581
      vertex 102.148239136 15.8003759384 93.5361557007
      vertex 105.352355957 14.0582637787 92.0859451294
    endloop
  endfacet
  facet normal 0.455411672592 0.878156304359 -0.146429762244
    outer loop
      vertex 105.750061035 14.6835269928 91.8544845581
      vertex 102.497009277 16.4343948364 93.2495651245
      vertex 102.148239136 15.8003759384 93.5361557007
    endloop
  endfacet
  facet normal 0.556060433388 0.828311562538 -0.0685329809785
    outer loop
      vertex 102.497009277 16.4343948364 93.2495651245
      vertex 99.1584472656 17.6584072113 95.3895263672
      vertex 102.148239136 15.8003759384 93.5361557007
    endloop
  endfacet
  facet normal 0.571045100689 0.808038771152 -0.144847676158
    outer loop
      vertex 102.497009277 16.4343948364 93.2495651245
      vertex 99.4685058594 18.477640152 95.0235519409
      vertex 99.1584472656 17.6584072113 95.3895263672
    endloop
  endfacet
  facet normal 0.66736727953 0.740604579449 -0.0782674625516
    outer loop
      vertex 99.4685058594 18.477640152 95.0235519409
      vertex 96.4699401855 19.8629150391 97.5792007446
      vertex 99.1584472656 17.6584072113 95.3895263672
    endloop
  endfacet
  facet normal 0.675848305225 0.730395257473 -0.0987511128187
    outer loop
      vertex 99.1584472656 17.6584072113 95.3895263672
      vertex 96.4699401855 19.8629150391 97.5792007446
      vertex 96.1753692627 18.9344558716 97.9773025513
    endloop
  endfacet
  facet normal 0.676206052303 0.72620934248 -0.12395722419
    outer loop
      vertex 99.4685058594 18.477640152 95.0235519409
      vertex 96.5308227539 20.0565109253 97.4894638062
      vertex 96.4699401855 19.8629150391 97.5792007446
    endloop
  endfacet
  facet normal 0.671060562134 0.734411776066 -0.101572647691
    outer loop
      vertex 99.5324859619 18.6482582092 94.9414978027
      vertex 96.5308227539 20.0565109253 97.4894638062
      vertex 99.4685058594 18.477640152 95.0235519409
    endloop
  endfacet
  facet normal 0.570564746857 0.80298858881 -0.172235801816
    outer loop
      vertex 102.828720093 17.1695747375 92.916519165
      vertex 99.5324859619 18.6482582092 94.9414978027
      vertex 99.4685058594 18.477640152 95.0235519409
    endloop
  endfacet
  facet normal 0.560230076313 0.819801926613 -0.118604622781
    outer loop
      vertex 102.828720093 17.1695747375 92.916519165
      vertex 99.4685058594 18.477640152 95.0235519409
      vertex 102.497009277 16.4343948364 93.2495651245
    endloop
  endfacet
  facet normal 0.455434530973 0.870051622391 -0.188652098179
    outer loop
      vertex 106.127166748 15.2858409882 91.5983734131
      vertex 102.828720093 17.1695747375 92.916519165
      vertex 102.497009277 16.4343948364 93.2495651245
    endloop
  endfacet
  facet normal 0.438996344805 0.892379701138 -0.104597494006
    outer loop
      vertex 106.127166748 15.2858409882 91.5983734131
      vertex 102.497009277 16.4343948364 93.2495651245
      vertex 105.750061035 14.6835269928 91.8544845581
    endloop
  endfacet
  facet normal 0.33207899332 0.92486166954 -0.185349553823
    outer loop
      vertex 109.570968628 13.635008812 90.6926879883
      vertex 106.127166748 15.2858409882 91.5983734131
      vertex 105.750061035 14.6835269928 91.8544845581
    endloop
  endfacet
  facet normal 0.311923533678 0.945975899696 -0.0885057225823
    outer loop
      vertex 109.570968628 13.635008812 90.6926879883
      vertex 105.750061035 14.6835269928 91.8544845581
      vertex 109.137145996 13.0168638229 90.8935699463
    endloop
  endfacet
  facet normal 0.203055307269 0.964152336121 -0.170818015933
    outer loop
      vertex 113.066390991 12.0346212387 90.2400741577
      vertex 109.570968628 13.635008812 90.6926879883
      vertex 109.137145996 13.0168638229 90.8935699463
    endloop
  endfacet
  facet normal 0.180997163057 0.980884969234 -0.0714468285441
    outer loop
      vertex 113.066390991 12.0346212387 90.2400741577
      vertex 109.137145996 13.0168638229 90.8935699463
      vertex 112.563873291 11.3710584641 90.3811340332
    endloop
  endfacet
  facet normal 0.0619469918311 0.984773516655 -0.162430718541
    outer loop
      vertex 112.563873291 11.3710584641 90.3811340332
      vertex 117.066635132 11.129907608 90.1376647949
      vertex 113.066390991 12.0346212387 90.2400741577
    endloop
  endfacet
  facet normal 0.0579953826964 0.987786591053 -0.144617393613
    outer loop
      vertex 113.066390991 12.0346212387 90.2400741577
      vertex 117.066635132 11.129907608 90.1376647949
      vertex 117.577758789 11.820728302 90.0065155029
    endloop
  endfacet
  facet normal 0.0604907236993 0.975742101669 -0.210400283337
    outer loop
      vertex 113.066390991 12.0346212387 90.2400741577
      vertex 117.577758789 11.820728302 90.0065155029
      vertex 113.538589478 12.6746768951 90.0727844238
    endloop
  endfacet
  facet normal 0.18175214529 0.975874662399 -0.120974324644
    outer loop
      vertex 113.538589478 12.6746768951 90.0727844238
      vertex 109.570968628 13.635008812 90.6926879883
      vertex 113.066390991 12.0346212387 90.2400741577
    endloop
  endfacet
  facet normal 0.202415466309 0.954189062119 -0.220343351364
    outer loop
      vertex 113.538589478 12.6746768951 90.0727844238
      vertex 109.97946167 14.2347297668 90.4675445557
      vertex 109.570968628 13.635008812 90.6926879883
    endloop
  endfacet
  facet normal 0.313654720783 0.939309895039 -0.138988018036
    outer loop
      vertex 109.97946167 14.2347297668 90.4675445557
      vertex 106.127166748 15.2858409882 91.5983734131
      vertex 109.570968628 13.635008812 90.6926879883
    endloop
  endfacet
  facet normal 0.331208884716 0.915311098099 -0.229142472148
    outer loop
      vertex 109.97946167 14.2347297668 90.4675445557
      vertex 106.485473633 15.9640693665 91.2989273071
      vertex 106.127166748 15.2858409882 91.5983734131
    endloop
  endfacet
  facet normal 0.442213863134 0.883183419704 -0.15631352365
    outer loop
      vertex 106.485473633 15.9640693665 91.2989273071
      vertex 102.828720093 17.1695747375 92.916519165
      vertex 106.127166748 15.2858409882 91.5983734131
    endloop
  endfacet
  facet normal 0.453953295946 0.864045917988 -0.217603087425
    outer loop
      vertex 106.485473633 15.9640693665 91.2989273071
      vertex 102.897064209 17.3225193024 92.8420944214
      vertex 102.828720093 17.1695747375 92.916519165
    endloop
  endfacet
  facet normal 0.564008176327 0.813175082207 -0.143670156598
    outer loop
      vertex 102.897064209 17.3225193024 92.8420944214
      vertex 99.5324859619 18.6482582092 94.9414978027
      vertex 102.828720093 17.1695747375 92.916519165
    endloop
  endfacet
  facet normal 0.573709130287 0.794995427132 -0.197078928351
    outer loop
      vertex 102.897064209 17.3225193024 92.8420944214
      vertex 99.835357666 19.4622783661 94.5211334229
      vertex 99.5324859619 18.6482582092 94.9414978027
    endloop
  endfacet
  facet normal 0.671102464199 0.73032784462 -0.12744705379
    outer loop
      vertex 99.835357666 19.4622783661 94.5211334229
      vertex 96.8192901611 20.981180191 97.027557373
      vertex 99.5324859619 18.6482582092 94.9414978027
    endloop
  endfacet
  facet normal 0.679322183132 0.718924582005 -0.147203177214
    outer loop
      vertex 99.5324859619 18.6482582092 94.9414978027
      vertex 96.8192901611 20.981180191 97.027557373
      vertex 96.5308227539 20.0565109253 97.4894638062
    endloop
  endfacet
  facet normal 0.681799471378 0.707330048084 -0.186637878418
    outer loop
      vertex 99.835357666 19.4622783661 94.5211334229
      vertex 97.09765625 21.8835067749 96.5211486816
      vertex 96.8192901611 20.981180191 97.027557373
    endloop
  endfacet
  facet normal 0.771849215031 0.625677585602 -0.113032385707
    outer loop
      vertex 96.8192901611 20.981180191 97.027557373
      vertex 97.09765625 21.8835067749 96.5211486816
      vertex 94.6793136597 22.4697227478 99.3985671997
    endloop
  endfacet
  facet normal 0.771849870682 0.625676214695 -0.11303550005
    outer loop
      vertex 96.8192901611 20.981180191 97.027557373
      vertex 94.6793136597 22.4697227478 99.3985671997
      vertex 94.6793136597 22.3017463684 99.4289169312
    endloop
  endfacet
  facet normal 0.771912276745 0.621693432331 -0.132848337293
    outer loop
      vertex 97.09765625 21.8835067749 96.5211486816
      vertex 94.6793136597 23.4948730469 99.1795043945
      vertex 94.6793136597 22.4697227478 99.3985671997
    endloop
  endfacet
  facet normal 0.77455675602 0.614965438843 -0.147916689515
    outer loop
      vertex 97.09765625 21.8835067749 96.5211486816
      vertex 94.6793136597 23.5603160858 99.1637649536
      vertex 94.6793136597 23.4948730469 99.1795043945
    endloop
  endfacet
  facet normal 0.758745253086 -0.380899041891 -0.52841424942
    outer loop
      vertex 94.9875335693 36.5029258728 62.5103645325
      vertex 94.6793136597 36.4187431335 61.7796020508
      vertex 94.6793136597 36.9455032349 62.5103645325
    endloop
  endfacet
  facet normal 0.776812493801 -0.322311490774 -0.540996849537
    outer loop
      vertex 94.9875335693 36.5029258728 62.5103645325
      vertex 94.6793136597 36.9455032349 62.5103645325
      vertex 94.6793136597 37.680015564 63.7432403564
    endloop
  endfacet
  facet normal 0.776818335056 -0.322305500507 -0.540992081165
    outer loop
      vertex 95.9238433838 36.7558670044 65.1916046143
      vertex 94.9875335693 36.5029258728 62.5103645325
      vertex 94.6793136597 37.680015564 63.7432403564
    endloop
  endfacet
  facet normal 0.776818394661 -0.322305709124 -0.540991842747
    outer loop
      vertex 95.9238433838 36.7558670044 65.1916046143
      vertex 94.6793136597 37.680015564 63.7432403564
      vertex 94.6793136597 38.5429077148 65.1916046143
    endloop
  endfacet
  facet normal 0.792673826218 -0.25870218873 -0.552033901215
    outer loop
      vertex 94.6793136597 38.5429077148 65.1916046143
      vertex 94.6793136597 39.1730537415 66.5362472534
      vertex 95.9238433838 36.7558670044 65.1916046143
    endloop
  endfacet
  facet normal 0.792674362659 -0.258701145649 -0.552033603191
    outer loop
      vertex 95.0480194092 39.2852706909 67.905456543
      vertex 95.9238433838 36.7558670044 65.1916046143
      vertex 94.6793136597 39.1730537415 66.5362472534
    endloop
  endfacet
  facet normal 0.753055095673 -0.252581834793 -0.607544600964
    outer loop
      vertex 95.0480194092 39.2852706909 67.905456543
      vertex 94.6793136597 39.1730537415 66.5362472534
      vertex 94.6793136597 39.7422904968 67.905456543
    endloop
  endfacet
  facet normal 0.764787971973 -0.185465738177 -0.617010354996
    outer loop
      vertex 95.0480194092 39.2852706909 67.905456543
      vertex 94.6793136597 39.7422904968 67.905456543
      vertex 94.6793136597 39.985294342 68.7138900757
    endloop
  endfacet
  facet normal 0.764789402485 -0.185464054346 -0.617009162903
    outer loop
      vertex 95.5829620361 39.4464645386 70.6476364136
      vertex 95.0480194092 39.2852706909 67.905456543
      vertex 94.6793136597 39.985294342 68.7138900757
    endloop
  endfacet
  facet normal 0.764789879322 -0.18546448648 -0.617008447647
    outer loop
      vertex 95.5829620361 39.4464645386 70.6476364136
      vertex 94.6793136597 39.985294342 68.7138900757
      vertex 94.6793136597 40.5665550232 70.6476364136
    endloop
  endfacet
  facet normal 0.773220360279 -0.113980010152 -0.623809874058
    outer loop
      vertex 95.5829620361 39.4464645386 70.6476364136
      vertex 94.6793136597 40.5665550232 70.6476364136
      vertex 94.6793136597 40.8783912659 72.3543243408
    endloop
  endfacet
  facet normal 0.773219168186 -0.11398165673 -0.623811125755
    outer loop
      vertex 95.911605835 39.5445480347 73.4138565063
      vertex 95.5829620361 39.4464645386 70.6476364136
      vertex 94.6793136597 40.8783912659 72.3543243408
    endloop
  endfacet
  facet normal 0.773219168186 -0.113981664181 -0.623811125755
    outer loop
      vertex 95.911605835 39.5445480347 73.4138565063
      vertex 94.6793136597 40.8783912659 72.3543243408
      vertex 94.6793136597 41.0719871521 73.4138565063
    endloop
  endfacet
  facet normal 0.777708768845 -0.038686234504 -0.627433180809
    outer loop
      vertex 95.911605835 39.5445480347 73.4138565063
      vertex 94.6793136597 41.0719871521 73.4138565063
      vertex 94.6793136597 41.1976852417 75.4524993896
    endloop
  endfacet
  facet normal 0.777708172798 -0.0386872254312 -0.627433955669
    outer loop
      vertex 96.0234832764 39.5776596069 76.1998062134
      vertex 95.911605835 39.5445480347 73.4138565063
      vertex 94.6793136597 41.1976852417 75.4524993896
    endloop
  endfacet
  facet normal 0.777708292007 -0.0386881008744 -0.627433657646
    outer loop
      vertex 96.0234832764 39.5776596069 76.1998062134
      vertex 94.6793136597 41.1976852417 75.4524993896
      vertex 94.6793136597 41.2437667847 76.1998062134
    endloop
  endfacet
  facet normal 0.777708411217 0.0386857874691 -0.627433717251
    outer loop
      vertex 96.0234832764 39.5776596069 76.1998062134
      vertex 94.6793136597 41.2437667847 76.1998062134
      vertex 94.6793136597 41.1225738525 78.1654052734
    endloop
  endfacet
  facet normal 0.777709245682 0.0386872552335 -0.627432584763
    outer loop
      vertex 95.911605835 39.5445480347 78.9857559204
      vertex 96.0234832764 39.5776596069 76.1998062134
      vertex 94.6793136597 41.1225738525 78.1654052734
    endloop
  endfacet
  facet normal 0.777709305286 0.0386870466173 -0.627432525158
    outer loop
      vertex 95.911605835 39.5445480347 78.9857559204
      vertex 94.6793136597 41.1225738525 78.1654052734
      vertex 94.6793136597 41.0719909668 78.9857559204
    endloop
  endfacet
  facet normal 0.773219764233 0.113980747759 -0.623810529709
    outer loop
      vertex 95.911605835 39.5445480347 78.9857559204
      vertex 94.6793136597 41.0719909668 78.9857559204
      vertex 94.6793136597 40.7773971558 80.5980529785
    endloop
  endfacet
  facet normal 0.773220419884 0.113982066512 -0.623809456825
    outer loop
      vertex 95.5829620361 39.4464645386 81.7519683838
      vertex 95.911605835 39.5445480347 78.9857559204
      vertex 94.6793136597 40.7773971558 80.5980529785
    endloop
  endfacet
  facet normal 0.773220181465 0.113982580602 -0.623809695244
    outer loop
      vertex 95.5829620361 39.4464645386 81.7519683838
      vertex 94.6793136597 40.7773971558 80.5980529785
      vertex 94.6793136597 40.5665550232 81.7519683838
    endloop
  endfacet
  facet normal 0.764789819717 0.185464605689 -0.617008388042
    outer loop
      vertex 95.5829620361 39.4464645386 81.7519683838
      vertex 94.6793136597 40.5665550232 81.7519683838
      vertex 94.6793136597 40.2438201904 82.8256454468
    endloop
  endfacet
  facet normal 0.76478856802 0.185461729765 -0.617010831833
    outer loop
      vertex 95.0480194092 39.2852783203 84.4941558838
      vertex 95.5829620361 39.4464645386 81.7519683838
      vertex 94.6793136597 40.2438201904 82.8256454468
    endloop
  endfacet
  facet normal 0.76478856802 0.185461729765 -0.617010831833
    outer loop
      vertex 95.0480194092 39.2852783203 84.4941558838
      vertex 94.6793136597 40.2438201904 82.8256454468
      vertex 94.6793136597 39.7422981262 84.4941558838
    endloop
  endfacet
  facet normal 0.753055036068 0.252582073212 -0.607544541359
    outer loop
      vertex 95.0480194092 39.2852783203 84.4941558838
      vertex 94.6793136597 39.7422981262 84.4941558838
      vertex 94.6793136597 39.5749893188 84.8965911865
    endloop
  endfacet
  facet normal 0.753055512905 0.2525832057 -0.60754352808
    outer loop
      vertex 95.0480194092 39.2852783203 84.4941558838
      vertex 94.6793136597 39.5749893188 84.8965911865
      vertex 94.6793136597 39.1730537415 85.8633728027
    endloop
  endfacet
  facet normal 0.79267001152 0.258701592684 -0.552039563656
    outer loop
      vertex 96.6705627441 36.9554824829 84.4941558838
      vertex 95.0480194092 39.2852783203 84.4941558838
      vertex 94.6793136597 39.1730537415 85.8633728027
    endloop
  endfacet
  facet normal 0.79267013073 0.258702844381 -0.552038908005
    outer loop
      vertex 96.6705627441 36.9554824829 84.4941558838
      vertex 94.6793136597 39.1730537415 85.8633728027
      vertex 94.6793136597 38.7385978699 86.7904434204
    endloop
  endfacet
  facet normal 0.792671978474 0.258708745241 -0.552033424377
    outer loop
      vertex 95.9238433838 36.7558708191 87.2080078125
      vertex 96.6705627441 36.9554824829 84.4941558838
      vertex 94.6793136597 38.7385978699 86.7904434204
    endloop
  endfacet
  facet normal 0.792673110962 0.258705466986 -0.552033364773
    outer loop
      vertex 95.9238433838 36.7558708191 87.2080078125
      vertex 94.6793136597 38.7385978699 86.7904434204
      vertex 94.6793136597 38.5429115295 87.2080078125
    endloop
  endfacet
  facet normal 0.776817381382 0.322309315205 -0.540991187096
    outer loop
      vertex 95.9238433838 36.7558708191 87.2080078125
      vertex 94.6793136597 38.5429115295 87.2080078125
      vertex 94.6793136597 37.7548980713 88.5306777954
    endloop
  endfacet
  facet normal 0.776816666126 0.322306573391 -0.540993869305
    outer loop
      vertex 94.9875335693 36.5029258728 89.8892440796
      vertex 95.9238433838 36.7558708191 87.2080078125
      vertex 94.6793136597 37.7548980713 88.5306777954
    endloop
  endfacet
  facet normal 0.776816904545 0.32230630517 -0.540993630886
    outer loop
      vertex 94.9875335693 36.5029258728 89.8892440796
      vertex 94.6793136597 37.7548980713 88.5306777954
      vertex 94.6793136597 36.9455070496 89.8892440796
    endloop
  endfacet
  facet normal 0.758751153946 0.38089004159 -0.528412163258
    outer loop
      vertex 94.9875335693 36.5029258728 89.8892440796
      vertex 94.6793136597 36.9455070496 89.8892440796
      vertex 94.6793136597 36.7261009216 90.1936264038
    endloop
  endfacet
  facet normal 0.758752524853 0.380895912647 -0.528406023979
    outer loop
      vertex 94.9875335693 36.5029258728 89.8892440796
      vertex 94.6793136597 36.7261009216 90.1936264038
      vertex 94.6793136597 36.4187469482 90.620010376
    endloop
  endfacet
  facet normal 0.794194638729 0.388773620129 -0.467022448778
    outer loop
      vertex 96.4034118652 34.0951538086 89.8892440796
      vertex 94.9875335693 36.5029258728 89.8892440796
      vertex 94.6793136597 36.4187469482 90.620010376
    endloop
  endfacet
  facet normal 0.794194161892 0.388775676489 -0.467021495104
    outer loop
      vertex 96.4034118652 34.0951538086 89.8892440796
      vertex 94.6793136597 36.4187469482 90.620010376
      vertex 94.6793136597 35.5276947021 91.6903991699
    endloop
  endfacet
  facet normal 0.794194579124 0.388778537512 -0.467018395662
    outer loop
      vertex 95.2665252686 33.8271865845 92.5335693359
      vertex 96.4034118652 34.0951538086 89.8892440796
      vertex 94.6793136597 35.5276947021 91.6903991699
    endloop
  endfacet
  facet normal 0.794195711613 0.388776838779 -0.467017948627
    outer loop
      vertex 95.2665252686 33.8271865845 92.5335693359
      vertex 94.6793136597 35.5276947021 91.6903991699
      vertex 94.6793136597 34.8257827759 92.5335693359
    endloop
  endfacet
  facet normal 0.772801160812 0.44301828742 -0.45443713665
    outer loop
      vertex 95.2665252686 33.8271865845 92.5335693359
      vertex 94.6793136597 34.8257827759 92.5335693359
      vertex 94.6793136597 34.2693405151 93.1043548584
    endloop
  endfacet
  facet normal 0.772801041603 0.44301700592 -0.454438626766
    outer loop
      vertex 95.2665252686 33.8271865845 92.5335693359
      vertex 94.6793136597 34.2693405151 93.1043548584
      vertex 94.6793136597 33.6871681213 93.7015380859
    endloop
  endfacet
  facet normal 0.804858624935 0.450912058353 -0.385850816965
    outer loop
      vertex 96.3336181641 30.9036388397 93.130569458
      vertex 95.2665252686 33.8271865845 92.5335693359
      vertex 94.6793136597 33.6871681213 93.7015380859
    endloop
  endfacet
  facet normal 0.804858446121 0.450912624598 -0.385850578547
    outer loop
      vertex 96.3336181641 30.9036388397 93.130569458
      vertex 94.6793136597 33.6871681213 93.7015380859
      vertex 94.6793136597 32.7220153809 94.5274276733
    endloop
  endfacet
  facet normal 0.805031716824 0.449606359005 -0.387011677027
    outer loop
      vertex 94.6793136597 32.7220153809 94.5274276733
      vertex 94.6793136597 32.0142250061 95.136680603
      vertex 96.3336181641 30.9036388397 93.130569458
    endloop
  endfacet
  facet normal 0.805031836033 0.449606835842 -0.387010961771
    outer loop
      vertex 95.1357879639 31.0646953583 95.136680603
      vertex 96.3336181641 30.9036388397 93.130569458
      vertex 94.6793136597 32.0142250061 95.136680603
    endloop
  endfacet
  facet normal 0.780272305012 0.500468850136 -0.375108093023
    outer loop
      vertex 95.1357879639 31.0646953583 95.136680603
      vertex 94.6793136597 32.0142250061 95.136680603
      vertex 94.6793136597 31.4259681702 95.577583313
    endloop
  endfacet
  facet normal 0.780272305012 0.500469386578 -0.37510740757
    outer loop
      vertex 95.1357879639 31.0646953583 95.136680603
      vertex 94.6793136597 31.4259681702 95.577583313
      vertex 94.6793136597 30.9718532562 95.9179534912
    endloop
  endfacet
  facet normal 0.805405020714 0.507054269314 -0.306950688362
    outer loop
      vertex 95.725112915 28.4081325531 95.8087692261
      vertex 95.1357879639 31.0646953583 95.136680603
      vertex 94.6793136597 30.9718532562 95.9179534912
    endloop
  endfacet
  facet normal 0.805404543877 0.507055163383 -0.306950479746
    outer loop
      vertex 95.725112915 28.4081325531 95.8087692261
      vertex 94.6793136597 30.9718532562 95.9179534912
      vertex 94.6793136597 29.5889205933 96.7551193237
    endloop
  endfacet
  facet normal 0.803897321224 0.513126432896 -0.300749689341
    outer loop
      vertex 95.725112915 28.4081325531 95.8087692261
      vertex 94.6793136597 29.5889205933 96.7551193237
      vertex 94.6793136597 28.2622318268 97.5327072144
    endloop
  endfacet
  facet normal 0.815672397614 0.516817331314 -0.259958356619
    outer loop
      vertex 95.4943237305 27.4815444946 96.6390914917
      vertex 95.725112915 28.4081325531 95.8087692261
      vertex 94.6793136597 28.2622318268 97.5327072144
    endloop
  endfacet
  facet normal 0.815672934055 0.51681470871 -0.259961932898
    outer loop
      vertex 95.4943237305 27.4815444946 96.6390914917
      vertex 94.6793136597 28.2622318268 97.5327072144
      vertex 94.6793136597 28.1662082672 97.5810089111
    endloop
  endfacet
  facet normal 0.812647938728 0.534673452377 -0.231792062521
    outer loop
      vertex 94.6793136597 28.1662082672 97.5810089111
      vertex 94.6793136597 28.003944397 97.6513519287
      vertex 95.4943237305 27.4815444946 96.6390914917
    endloop
  endfacet
  facet normal 0.811653375626 0.54498898983 -0.210251808167
    outer loop
      vertex 94.6793136597 28.003944397 97.6513519287
      vertex 94.6793136597 27.6523990631 97.7869796753
      vertex 95.4943237305 27.4815444946 96.6390914917
    endloop
  endfacet
  facet normal 0.808545947075 0.538907289505 -0.236288771033
    outer loop
      vertex 95.260269165 26.5542259216 97.3968429565
      vertex 95.4943237305 27.4815444946 96.6390914917
      vertex 94.6793136597 27.6523990631 97.7869796753
    endloop
  endfacet
  facet normal 0.792167663574 0.570673108101 -0.216339200735
    outer loop
      vertex 94.6793136597 27.6523990631 97.7869796753
      vertex 94.6793136597 25.7788829803 98.497215271
      vertex 95.260269165 26.5542259216 97.3968429565
    endloop
  endfacet
  facet normal 0.786308407784 0.574790298939 -0.226572677493
    outer loop
      vertex 95.0164794922 25.6018505096 98.105758667
      vertex 95.260269165 26.5542259216 97.3968429565
      vertex 94.6793136597 25.7788829803 98.497215271
    endloop
  endfacet
  facet normal 0.785761475563 0.581691563129 -0.210270866752
    outer loop
      vertex 95.0164794922 25.6018505096 98.105758667
      vertex 94.6793136597 25.7788829803 98.497215271
      vertex 94.6793136597 25.5579395294 98.5770874023
    endloop
  endfacet
  facet normal 0.79036873579 0.582948327065 -0.188383921981
    outer loop
      vertex 94.7637176514 24.6214885712 98.7652664185
      vertex 95.0164794922 25.6018505096 98.105758667
      vertex 94.6793136597 25.5579395294 98.5770874023
    endloop
  endfacet
  facet normal 0.790373027325 0.582942783833 -0.188383191824
    outer loop
      vertex 94.7637176514 24.6214885712 98.7652664185
      vertex 94.6793136597 25.5579395294 98.5770874023
      vertex 94.6793136597 24.6371326447 98.8746490479
    endloop
  endfacet
  facet normal 0.792961835861 0.590318143368 -0.150784656405
    outer loop
      vertex 94.7637176514 24.6214885712 98.7652664185
      vertex 94.6793136597 24.6371326447 98.8746490479
      vertex 94.6793136597 24.2962245941 98.961730957
    endloop
  endfacet
  facet normal 0.77448797226 0.610016405582 -0.167476549745
    outer loop
      vertex 97.3663482666 22.7617301941 95.9715042114
      vertex 94.7637176514 24.6214885712 98.7652664185
      vertex 94.6793136597 24.2962245941 98.961730957
    endloop
  endfacet
  facet normal 0.774487495422 0.610018074512 -0.167472586036
    outer loop
      vertex 97.3663482666 22.7617301941 95.9715042114
      vertex 94.6793136597 24.2962245941 98.961730957
      vertex 94.6793136597 23.5603160858 99.1637649536
    endloop
  endfacet
  facet normal 0.774555265903 0.614969313145 -0.147908523679
    outer loop
      vertex 97.09765625 21.8835067749 96.5211486816
      vertex 97.3663482666 22.7617301941 95.9715042114
      vertex 94.6793136597 23.5603160858 99.1637649536
    endloop
  endfacet
  facet normal 0.683959424496 0.693939328194 -0.225050583482
    outer loop
      vertex 100.127105713 20.2553215027 94.0633010864
      vertex 97.3663482666 22.7617301941 95.9715042114
      vertex 97.09765625 21.8835067749 96.5211486816
    endloop
  endfacet
  facet normal 0.673869371414 0.719606518745 -0.167530506849
    outer loop
      vertex 100.127105713 20.2553215027 94.0633010864
      vertex 97.09765625 21.8835067749 96.5211486816
      vertex 99.835357666 19.4622783661 94.5211334229
    endloop
  endfacet
  facet normal 0.575562059879 0.781858801842 -0.239635273814
    outer loop
      vertex 103.219955444 18.0515403748 92.4619598389
      vertex 100.127105713 20.2553215027 94.0633010864
      vertex 99.835357666 19.4622783661 94.5211334229
    endloop
  endfacet
  facet normal 0.563326358795 0.808155357838 -0.171896159649
    outer loop
      vertex 103.219955444 18.0515403748 92.4619598389
      vertex 99.835357666 19.4622783661 94.5211334229
      vertex 102.897064209 17.3225193024 92.8420944214
    endloop
  endfacet
  facet normal 0.457073330879 0.855419397354 -0.24360139668
    outer loop
      vertex 106.559143066 16.1050643921 91.2320480347
      vertex 103.219955444 18.0515403748 92.4619598389
      vertex 102.897064209 17.3225193024 92.8420944214
    endloop
  endfacet
  facet normal 0.44594964385 0.876229822636 -0.182620421052
    outer loop
      vertex 106.559143066 16.1050643921 91.2320480347
      vertex 102.897064209 17.3225193024 92.8420944214
      vertex 106.485473633 15.9640693665 91.2989273071
    endloop
  endfacet
  facet normal 0.328621864319 0.908226191998 -0.259100049734
    outer loop
      vertex 110.367904663 14.8844833374 90.2021408081
      vertex 106.559143066 16.1050643921 91.2320480347
      vertex 106.485473633 15.9640693665 91.2989273071
    endloop
  endfacet
  facet normal 0.315667003393 0.929460346699 -0.190939173102
    outer loop
      vertex 110.367904663 14.8844833374 90.2021408081
      vertex 106.485473633 15.9640693665 91.2989273071
      vertex 109.97946167 14.2347297668 90.4675445557
    endloop
  endfacet
  facet normal 0.20068988204 0.94306665659 -0.2652336061
    outer loop
      vertex 113.980133057 13.3011732101 89.8787384033
      vertex 110.367904663 14.8844833374 90.2021408081
      vertex 109.97946167 14.2347297668 90.4675445557
    endloop
  endfacet
  facet normal 0.18246203661 0.968178868294 -0.171281278133
    outer loop
      vertex 113.980133057 13.3011732101 89.8787384033
      vertex 109.97946167 14.2347297668 90.4675445557
      vertex 113.538589478 12.6746768951 90.0727844238
    endloop
  endfacet
  facet normal 0.0588390044868 0.96454334259 -0.257282167673
    outer loop
      vertex 113.538589478 12.6746768951 90.0727844238
      vertex 118.052658081 12.5030355453 89.8432006836
      vertex 113.980133057 13.3011732101 89.8787384033
    endloop
  endfacet
  facet normal 0.0562168508768 0.968210101128 -0.243739262223
    outer loop
      vertex 113.980133057 13.3011732101 89.8787384033
      vertex 118.052658081 12.5030355453 89.8432006836
      vertex 118.505905151 13.1839170456 89.6454772949
    endloop
  endfacet
  facet normal 0.0568673759699 0.951721847057 -0.301648169756
    outer loop
      vertex 113.980133057 13.3011732101 89.8787384033
      vertex 118.505905151 13.1839170456 89.6454772949
      vertex 114.400772095 13.9517383575 89.6474075317
    endloop
  endfacet
  facet normal 0.183107748628 0.957666933537 -0.222138777375
    outer loop
      vertex 114.400772095 13.9517383575 89.6474075317
      vertex 110.367904663 14.8844833374 90.2021408081
      vertex 113.980133057 13.3011732101 89.8787384033
    endloop
  endfacet
  facet normal 0.196965202689 0.934762299061 -0.295675724745
    outer loop
      vertex 114.400772095 13.9517383575 89.6474075317
      vertex 110.447601318 15.0195302963 90.1426315308
      vertex 110.367904663 14.8844833374 90.2021408081
    endloop
  endfacet
  facet normal 0.319245427847 0.922256529331 -0.218002900481
    outer loop
      vertex 110.447601318 15.0195302963 90.1426315308
      vertex 106.559143066 16.1050643921 91.2320480347
      vertex 110.367904663 14.8844833374 90.2021408081
    endloop
  endfacet
  facet normal 0.331650257111 0.899112999439 -0.285664051771
    outer loop
      vertex 110.447601318 15.0195302963 90.1426315308
      vertex 106.906585693 16.7766857147 90.8905029297
      vertex 106.559143066 16.1050643921 91.2320480347
    endloop
  endfacet
  facet normal 0.44445335865 0.870206236839 -0.212608456612
    outer loop
      vertex 106.906585693 16.7766857147 90.8905029297
      vertex 103.219955444 18.0515403748 92.4619598389
      vertex 106.559143066 16.1050643921 91.2320480347
    endloop
  endfacet
  facet normal 0.458124011755 0.840809762478 -0.288377046585
    outer loop
      vertex 106.906585693 16.7766857147 90.8905029297
      vertex 103.530212402 18.7607822418 92.049659729
      vertex 103.219955444 18.0515403748 92.4619598389
    endloop
  endfacet
  facet normal 0.565607786179 0.796061873436 -0.21534474194
    outer loop
      vertex 103.530212402 18.7607822418 92.049659729
      vertex 100.127105713 20.2553215027 94.0633010864
      vertex 103.219955444 18.0515403748 92.4619598389
    endloop
  endfacet
  facet normal 0.57714253664 0.766727149487 -0.281133323908
    outer loop
      vertex 103.530212402 18.7607822418 92.049659729
      vertex 100.40826416 21.0260772705 93.5690536499
      vertex 100.127105713 20.2553215027 94.0633010864
    endloop
  endfacet
  facet normal 0.676317095757 0.707023441792 -0.206671372056
    outer loop
      vertex 100.40826416 21.0260772705 93.5690536499
      vertex 97.3663482666 22.7617301941 95.9715042114
      vertex 100.127105713 20.2553215027 94.0633010864
    endloop
  endfacet
  facet normal 0.685844421387 0.678761482239 -0.262488543987
    outer loop
      vertex 100.40826416 21.0260772705 93.5690536499
      vertex 97.6258087158 23.6143245697 95.3796234131
      vertex 97.3663482666 22.7617301941 95.9715042114
    endloop
  endfacet
  facet normal 0.776959061623 0.602685332298 -0.181947633624
    outer loop
      vertex 97.6258087158 23.6143245697 95.3796234131
      vertex 94.7637176514 24.6214885712 98.7652664185
      vertex 97.3663482666 22.7617301941 95.9715042114
    endloop
  endfacet
  facet normal 0.776761651039 0.596790075302 -0.201203778386
    outer loop
      vertex 97.6258087158 23.6143245697 95.3796234131
      vertex 95.0164794922 25.6018505096 98.105758667
      vertex 94.7637176514 24.6214885712 98.7652664185
    endloop
  endfacet
  facet normal 0.779095351696 0.588803946972 -0.215221628547
    outer loop
      vertex 97.8760070801 24.4415817261 94.7461853027
      vertex 95.0164794922 25.6018505096 98.105758667
      vertex 97.6258087158 23.6143245697 95.3796234131
    endloop
  endfacet
  facet normal 0.687463462353 0.66186517477 -0.298878699541
    outer loop
      vertex 100.679397583 21.7734298706 93.0392303467
      vertex 97.8760070801 24.4415817261 94.7461853027
      vertex 97.6258087158 23.6143245697 95.3796234131
    endloop
  endfacet
  facet normal 0.678471982479 0.692613005638 -0.244873315096
    outer loop
      vertex 100.679397583 21.7734298706 93.0392303467
      vertex 97.6258087158 23.6143245697 95.3796234131
      vertex 100.40826416 21.0260772705 93.5690536499
    endloop
  endfacet
  facet normal 0.578483343124 0.74963247776 -0.321571469307
    outer loop
      vertex 103.82850647 19.4493217468 91.6060714722
      vertex 100.679397583 21.7734298706 93.0392303467
      vertex 100.40826416 21.0260772705 93.5690536499
    endloop
  endfacet
  facet normal 0.567607581615 0.781887769699 -0.257823914289
    outer loop
      vertex 103.82850647 19.4493217468 91.6060714722
      vertex 100.40826416 21.0260772705 93.5690536499
      vertex 103.530212402 18.7607822418 92.049659729
    endloop
  endfacet
  facet normal 0.458971142769 0.824064135551 -0.332059890032
    outer loop
      vertex 107.2394104 17.4295654297 90.5202026367
      vertex 103.82850647 19.4493217468 91.6060714722
      vertex 103.530212402 18.7607822418 92.049659729
    endloop
  endfacet
  facet normal 0.44609940052 0.856820702553 -0.258560568094
    outer loop
      vertex 107.2394104 17.4295654297 90.5202026367
      vertex 103.530212402 18.7607822418 92.049659729
      vertex 106.906585693 16.7766857147 90.8905029297
    endloop
  endfacet
  facet normal 0.331780731678 0.883101165295 -0.331743657589
    outer loop
      vertex 110.822784424 15.6627731323 89.837638855
      vertex 107.2394104 17.4295654297 90.5202026367
      vertex 106.906585693 16.7766857147 90.8905029297
    endloop
  endfacet
  facet normal 0.316892296076 0.915168404579 -0.249090492725
    outer loop
      vertex 110.822784424 15.6627731323 89.837638855
      vertex 106.906585693 16.7766857147 90.8905029297
      vertex 110.447601318 15.0195302963 90.1426315308
    endloop
  endfacet
  facet normal 0.199833080173 0.925342559814 -0.322192311287
    outer loop
      vertex 114.486907959 14.087015152 89.5950088501
      vertex 110.822784424 15.6627731323 89.837638855
      vertex 110.447601318 15.0195302963 90.1426315308
    endloop
  endfacet
  facet normal 0.186408594251 0.95029270649 -0.249390408397
    outer loop
      vertex 114.486907959 14.087015152 89.5950088501
      vertex 110.447601318 15.0195302963 90.1426315308
      vertex 114.400772095 13.9517383575 89.6474075317
    endloop
  endfacet
  facet normal 0.0595170781016 0.94301956892 -0.327371120453
    outer loop
      vertex 114.400772095 13.9517383575 89.6474075317
      vertex 118.598556519 13.3256378174 89.599822998
      vertex 114.486907959 14.087015152 89.5950088501
    endloop
  endfacet
  facet normal 0.0548943765461 0.95157957077 -0.302461385727
    outer loop
      vertex 114.486907959 14.087015152 89.5950088501
      vertex 118.598556519 13.3256378174 89.599822998
      vertex 119.033065796 14.0017185211 89.3598632812
    endloop
  endfacet
  facet normal 0.054929766804 0.932346940041 -0.357368022203
    outer loop
      vertex 114.486907959 14.087015152 89.5950088501
      vertex 119.033065796 14.0017185211 89.3598632812
      vertex 114.891586304 14.7316846848 89.3240661621
    endloop
  endfacet
  facet normal 0.183200106025 0.942078113556 -0.28093868494
    outer loop
      vertex 114.891586304 14.7316846848 89.3240661621
      vertex 110.822784424 15.6627731323 89.837638855
      vertex 114.486907959 14.087015152 89.5950088501
    endloop
  endfacet
  facet normal 0.198965743184 0.908042728901 -0.368606954813
    outer loop
      vertex 114.891586304 14.7316846848 89.3240661621
      vertex 111.181060791 16.2880954742 89.5052947998
      vertex 110.822784424 15.6627731323 89.837638855
    endloop
  endfacet
  facet normal 0.317772835493 0.900590240955 -0.296576619148
    outer loop
      vertex 111.181060791 16.2880954742 89.5052947998
      vertex 107.2394104 17.4295654297 90.5202026367
      vertex 110.822784424 15.6627731323 89.837638855
    endloop
  endfacet
  facet normal 0.33177626133 0.864895999432 -0.376668840647
    outer loop
      vertex 111.181060791 16.2880954742 89.5052947998
      vertex 107.558532715 18.0630607605 90.1218948364
      vertex 107.2394104 17.4295654297 90.5202026367
    endloop
  endfacet
  facet normal 0.447506397963 0.841212391853 -0.30347931385
    outer loop
      vertex 107.558532715 18.0630607605 90.1218948364
      vertex 103.82850647 19.4493217468 91.6060714722
      vertex 107.2394104 17.4295654297 90.5202026367
    endloop
  endfacet
  facet normal 0.459629803896 0.805232644081 -0.374620944262
    outer loop
      vertex 107.558532715 18.0630607605 90.1218948364
      vertex 104.115524292 20.1163749695 91.1319046021
      vertex 103.82850647 19.4493217468 91.6060714722
    endloop
  endfacet
  facet normal 0.569347023964 0.765679895878 -0.299296349287
    outer loop
      vertex 104.115524292 20.1163749695 91.1319046021
      vertex 100.679397583 21.7734298706 93.0392303467
      vertex 103.82850647 19.4493217468 91.6060714722
    endloop
  endfacet
  facet normal 0.57959908247 0.730624496937 -0.360905408859
    outer loop
      vertex 104.115524292 20.1163749695 91.1319046021
      vertex 100.94052124 22.497751236 92.4742889404
      vertex 100.679397583 21.7734298706 93.0392303467
    endloop
  endfacet
  facet normal 0.680401742458 0.676321327686 -0.282210767269
    outer loop
      vertex 100.94052124 22.497751236 92.4742889404
      vertex 97.8760070801 24.4415817261 94.7461853027
      vertex 100.679397583 21.7734298706 93.0392303467
    endloop
  endfacet
  facet normal 0.688843131065 0.643356382847 -0.334047466516
    outer loop
      vertex 100.94052124 22.497751236 92.4742889404
      vertex 98.116104126 25.2461547852 94.0713577271
      vertex 97.8760070801 24.4415817261 94.7461853027
    endloop
  endfacet
  facet normal 0.781017482281 0.573263347149 -0.247751504183
    outer loop
      vertex 98.116104126 25.2461547852 94.0713577271
      vertex 95.260269165 26.5542259216 97.3968429565
      vertex 97.8760070801 24.4415817261 94.7461853027
    endloop
  endfacet
  facet normal 0.778767645359 0.582067370415 -0.233919784427
    outer loop
      vertex 97.8760070801 24.4415817261 94.7461853027
      vertex 95.260269165 26.5542259216 97.3968429565
      vertex 95.0164794922 25.6018505096 98.105758667
    endloop
  endfacet
  facet normal 0.78056460619 0.565922141075 -0.265426158905
    outer loop
      vertex 98.116104126 25.2461547852 94.0713577271
      vertex 95.4943237305 27.4815444946 96.6390914917
      vertex 95.260269165 26.5542259216 97.3968429565
    endloop
  endfacet
  facet normal 0.78283393383 0.555836498737 -0.279672831297
    outer loop
      vertex 98.3527526855 26.0491847992 93.3340148926
      vertex 95.4943237305 27.4815444946 96.6390914917
      vertex 98.116104126 25.2461547852 94.0713577271
    endloop
  endfacet
  facet normal 0.690137445927 0.622829139233 -0.368502646685
    outer loop
      vertex 101.190933228 23.2013435364 91.8740692139
      vertex 98.3527526855 26.0491847992 93.3340148926
      vertex 98.116104126 25.2461547852 94.0713577271
    endloop
  endfacet
  facet normal 0.682180643082 0.658107161522 -0.31862911582
    outer loop
      vertex 101.190933228 23.2013435364 91.8740692139
      vertex 98.116104126 25.2461547852 94.0713577271
      vertex 100.94052124 22.497751236 92.4742889404
    endloop
  endfacet
  facet normal 0.580508887768 0.709829688072 -0.398937612772
    outer loop
      vertex 104.391433716 20.7623271942 90.6274261475
      vertex 101.190933228 23.2013435364 91.8740692139
      vertex 100.94052124 22.497751236 92.4742889404
    endloop
  endfacet
  facet normal 0.57089304924 0.747383892536 -0.339850604534
    outer loop
      vertex 104.391433716 20.7623271942 90.6274261475
      vertex 100.94052124 22.497751236 92.4742889404
      vertex 104.115524292 20.1163749695 91.1319046021
    endloop
  endfacet
  facet normal 0.460120081902 0.784349799156 -0.416034728289
    outer loop
      vertex 107.864746094 18.6766490936 89.6961746216
      vertex 104.391433716 20.7623271942 90.6274261475
      vertex 104.115524292 20.1163749695 91.1319046021
    endloop
  endfacet
  facet normal 0.448707431555 0.823406279087 -0.347366809845
    outer loop
      vertex 107.864746094 18.6766490936 89.6961746216
      vertex 104.115524292 20.1163749695 91.1319046021
      vertex 107.558532715 18.0630607605 90.1218948364
    endloop
  endfacet
  facet normal 0.331653505564 0.844532728195 -0.420440763235
    outer loop
      vertex 111.52355957 16.895072937 89.146270752
      vertex 107.864746094 18.6766490936 89.6961746216
      vertex 107.558532715 18.0630607605 90.1218948364
    endloop
  endfacet
  facet normal 0.318477749825 0.88370013237 -0.342995613813
    outer loop
      vertex 111.52355957 16.895072937 89.146270752
      vertex 107.558532715 18.0630607605 90.1218948364
      vertex 111.181060791 16.2880954742 89.5052947998
    endloop
  endfacet
  facet normal 0.198040679097 0.888553798199 -0.413826048374
    outer loop
      vertex 115.276901245 15.359046936 89.025100708
      vertex 111.52355957 16.895072937 89.146270752
      vertex 111.181060791 16.2880954742 89.5052947998
    endloop
  endfacet
  facet normal 0.183223873377 0.926405787468 -0.328939676285
    outer loop
      vertex 115.276901245 15.359046936 89.025100708
      vertex 111.181060791 16.2880954742 89.5052947998
      vertex 114.891586304 14.7316846848 89.3240661621
    endloop
  endfacet
  facet normal 0.0603607483208 0.914981365204 -0.398955702782
    outer loop
      vertex 114.891586304 14.7316846848 89.3240661621
      vertex 119.097625732 14.1037740707 89.3203811646
      vertex 115.276901245 15.359046936 89.025100708
    endloop
  endfacet
  facet normal 0.0457196347415 0.932412445545 -0.358492285013
    outer loop
      vertex 115.276901245 15.359046936 89.025100708
      vertex 119.097625732 14.1037740707 89.3203811646
      vertex 119.445587158 14.6608562469 89.0891342163
    endloop
  endfacet
  facet normal 0.0524739772081 0.916173815727 -0.397331148386
    outer loop
      vertex 115.276901245 15.359046936 89.025100708
      vertex 119.445587158 14.6608562469 89.0891342163
      vertex 119.83770752 15.3027210236 88.7883071899
    endloop
  endfacet
  facet normal 0.0518885776401 0.893134713173 -0.446786224842
    outer loop
      vertex 115.276901245 15.359046936 89.025100708
      vertex 119.83770752 15.3027210236 88.7883071899
      vertex 115.64414978 15.9687709808 88.6987533569
    endloop
  endfacet
  facet normal 0.183154061437 0.908385694027 -0.375885605812
    outer loop
      vertex 115.64414978 15.9687709808 88.6987533569
      vertex 111.52355957 16.895072937 89.146270752
      vertex 115.276901245 15.359046936 89.025100708
    endloop
  endfacet
  facet normal 0.19707582891 0.866908788681 -0.457853972912
    outer loop
      vertex 115.64414978 15.9687709808 88.6987533569
      vertex 111.851272583 17.4833602905 88.7610702515
      vertex 111.52355957 16.895072937 89.146270752
    endloop
  endfacet
  facet normal 0.319033712149 0.864522457123 -0.388353437185
    outer loop
      vertex 111.851272583 17.4833602905 88.7610702515
      vertex 107.864746094 18.6766490936 89.6961746216
      vertex 111.52355957 16.895072937 89.146270752
    endloop
  endfacet
  facet normal 0.33141964674 0.822062671185 -0.463005334139
    outer loop
      vertex 111.851272583 17.4833602905 88.7610702515
      vertex 108.158416748 19.2706623077 89.2432174683
      vertex 107.864746094 18.6766490936 89.6961746216
    endloop
  endfacet
  facet normal 0.449746757746 0.803382575512 -0.390261799097
    outer loop
      vertex 108.158416748 19.2706623077 89.2432174683
      vertex 104.391433716 20.7623271942 90.6274261475
      vertex 107.864746094 18.6766490936 89.6961746216
    endloop
  endfacet
  facet normal 0.460445165634 0.761559426785 -0.456089377403
    outer loop
      vertex 108.158416748 19.2706623077 89.2432174683
      vertex 104.655715942 21.3890514374 90.092300415
      vertex 104.391433716 20.7623271942 90.6274261475
    endloop
  endfacet
  facet normal 0.572307229042 0.726992249489 -0.379403084517
    outer loop
      vertex 104.655715942 21.3890514374 90.092300415
      vertex 101.190933228 23.2013435364 91.8740692139
      vertex 104.391433716 20.7623271942 90.6274261475
    endloop
  endfacet
  facet normal 0.581371903419 0.686799347401 -0.436249136925
    outer loop
      vertex 104.655715942 21.3890514374 90.092300415
      vertex 101.437591553 23.902715683 91.2197647095
      vertex 101.190933228 23.2013435364 91.8740692139
    endloop
  endfacet
  facet normal 0.683783769608 0.637782156467 -0.354504853487
    outer loop
      vertex 101.437591553 23.902715683 91.2197647095
      vertex 98.3527526855 26.0491847992 93.3340148926
      vertex 101.190933228 23.2013435364 91.8740692139
    endloop
  endfacet
  facet normal 0.691239058971 0.600575983524 -0.401867032051
    outer loop
      vertex 101.437591553 23.902715683 91.2197647095
      vertex 98.573059082 26.8049983978 92.5747070312
      vertex 98.3527526855 26.0491847992 93.3340148926
    endloop
  endfacet
  facet normal 0.784441351891 0.536804199219 -0.310633301735
    outer loop
      vertex 98.573059082 26.8049983978 92.5747070312
      vertex 95.725112915 28.4081325531 95.8087692261
      vertex 98.3527526855 26.0491847992 93.3340148926
    endloop
  endfacet
  facet normal 0.782189905643 0.54807138443 -0.296305060387
    outer loop
      vertex 98.3527526855 26.0491847992 93.3340148926
      vertex 95.725112915 28.4081325531 95.8087692261
      vertex 95.4943237305 27.4815444946 96.6390914917
    endloop
  endfacet
  facet normal 0.783775627613 0.528595864773 -0.326009482145
    outer loop
      vertex 98.573059082 26.8049983978 92.5747070312
      vertex 95.9400177002 29.2812805176 94.9516143799
      vertex 95.725112915 28.4081325531 95.8087692261
    endloop
  endfacet
  facet normal 0.800613820553 0.514148712158 -0.307682663202
    outer loop
      vertex 95.9400177002 29.2812805176 94.9516143799
      vertex 95.1357879639 31.0646953583 95.136680603
      vertex 95.725112915 28.4081325531 95.8087692261
    endloop
  endfacet
  facet normal 0.816515266895 0.481703966856 -0.318220198154
    outer loop
      vertex 95.9400177002 29.2812805176 94.9516143799
      vertex 96.1427307129 30.1133422852 94.0583267212
      vertex 95.1357879639 31.0646953583 95.136680603
    endloop
  endfacet
  facet normal 0.818224906921 0.460975438356 -0.343525350094
    outer loop
      vertex 95.1357879639 31.0646953583 95.136680603
      vertex 96.1427307129 30.1133422852 94.0583267212
      vertex 96.3336181641 30.9036388397 93.130569458
    endloop
  endfacet
  facet normal 0.786582589149 0.486148536205 -0.380719602108
    outer loop
      vertex 98.9763793945 28.2068405151 90.9665679932
      vertex 96.3336181641 30.9036388397 93.130569458
      vertex 96.1427307129 30.1133422852 94.0583267212
    endloop
  endfacet
  facet normal 0.787331998348 0.494790583849 -0.367818683386
    outer loop
      vertex 98.9763793945 28.2068405151 90.9665679932
      vertex 96.1427307129 30.1133422852 94.0583267212
      vertex 98.7808074951 27.5243988037 91.7850875854
    endloop
  endfacet
  facet normal 0.693222999573 0.551997125149 -0.463401585817
    outer loop
      vertex 101.883575439 25.1888504028 89.8491821289
      vertex 98.9763793945 28.2068405151 90.9665679932
      vertex 98.7808074951 27.5243988037 91.7850875854
    endloop
  endfacet
  facet normal 0.686843395233 0.591780304909 -0.421950519085
    outer loop
      vertex 101.883575439 25.1888504028 89.8491821289
      vertex 98.7808074951 27.5243988037 91.7850875854
      vertex 101.667144775 24.5620479584 90.5473022461
    endloop
  endfacet
  facet normal 0.582667410374 0.635491132736 -0.50660610199
    outer loop
      vertex 105.157928467 22.5990581512 88.9115524292
      vertex 101.883575439 25.1888504028 89.8491821289
      vertex 101.667144775 24.5620479584 90.5473022461
    endloop
  endfacet
  facet normal 0.574823021889 0.679394245148 -0.456072241068
    outer loop
      vertex 105.157928467 22.5990581512 88.9115524292
      vertex 101.667144775 24.5620479584 90.5473022461
      vertex 104.915893555 22.0130805969 89.5096969604
    endloop
  endfacet
  facet normal 0.460897028446 0.709172129631 -0.533524870872
    outer loop
      vertex 108.715789795 20.4193153381 88.2391357422
      vertex 105.157928467 22.5990581512 88.9115524292
      vertex 104.915893555 22.0130805969 89.5096969604
    endloop
  endfacet
  facet normal 0.451450616121 0.756385684013 -0.47336357832
    outer loop
      vertex 108.715789795 20.4193153381 88.2391357422
      vertex 104.915893555 22.0130805969 89.5096969604
      vertex 108.439407349 19.8464660645 88.7625961304
    endloop
  endfacet
  facet normal 0.330782771111 0.770679354668 -0.544643044472
    outer loop
      vertex 112.46434021 18.6052284241 87.9122467041
      vertex 108.715789795 20.4193153381 88.2391357422
      vertex 108.439407349 19.8464660645 88.7625961304
    endloop
  endfacet
  facet normal 0.319844007492 0.819301664829 -0.475861907005
    outer loop
      vertex 112.46434021 18.6052284241 87.9122467041
      vertex 108.439407349 19.8464660645 88.7625961304
      vertex 112.164779663 18.0531368256 88.3498535156
    endloop
  endfacet
  facet normal 0.195020824671 0.817388236523 -0.542073190212
    outer loop
      vertex 116.328872681 17.1345462799 87.9655303955
      vertex 112.46434021 18.6052284241 87.9122467041
      vertex 112.164779663 18.0531368256 88.3498535156
    endloop
  endfacet
  facet normal 0.182779729366 0.865442097187 -0.466477751732
    outer loop
      vertex 116.328872681 17.1345462799 87.9655303955
      vertex 112.164779663 18.0531368256 88.3498535156
      vertex 115.994522095 16.5606136322 88.3454971313
    endloop
  endfacet
  facet normal 0.0510236769915 0.846165716648 -0.530471682549
    outer loop
      vertex 115.994522095 16.5606136322 88.3454971313
      vertex 120.430389404 16.3007717133 88.2409133911
      vertex 116.328872681 17.1345462799 87.9655303955
    endloop
  endfacet
  facet normal 0.044416077435 0.862863123417 -0.503482341766
    outer loop
      vertex 116.328872681 17.1345462799 87.9655303955
      vertex 120.430389404 16.3007717133 88.2409133911
      vertex 120.565933228 16.5336074829 88.0980758667
    endloop
  endfacet
  facet normal 0.0488557070494 0.845930635929 -0.53105032444
    outer loop
      vertex 116.328872681 17.1345462799 87.9655303955
      vertex 120.565933228 16.5336074829 88.0980758667
      vertex 120.904449463 17.1219596863 87.7091751099
    endloop
  endfacet
  facet normal 0.0474600195885 0.819018781185 -0.571800470352
    outer loop
      vertex 116.328872681 17.1345462799 87.9655303955
      vertex 120.904449463 17.1219596863 87.7091751099
      vertex 116.647964478 17.6908054352 87.5586853027
    endloop
  endfacet
  facet normal 0.18252158165 0.840545535088 -0.510067760944
    outer loop
      vertex 116.647964478 17.6908054352 87.5586853027
      vertex 112.46434021 18.6052284241 87.9122467041
      vertex 116.328872681 17.1345462799 87.9655303955
    endloop
  endfacet
  facet normal 0.194062814116 0.789143621922 -0.58274525404
    outer loop
      vertex 116.647964478 17.6908054352 87.5586853027
      vertex 112.758789062 19.1543445587 87.4343414307
      vertex 112.46434021 18.6052284241 87.9122467041
    endloop
  endfacet
  facet normal 0.320061326027 0.792931497097 -0.518478929996
    outer loop
      vertex 112.758789062 19.1543445587 87.4343414307
      vertex 108.715789795 20.4193153381 88.2391357422
      vertex 112.46434021 18.6052284241 87.9122467041
    endloop
  endfacet
  facet normal 0.330303043127 0.74163299799 -0.583849608898
    outer loop
      vertex 112.758789062 19.1543445587 87.4343414307
      vertex 108.972824097 20.9568595886 87.7014770508
      vertex 108.715789795 20.4193153381 88.2391357422
    endloop
  endfacet
  facet normal 0.452298939228 0.729378044605 -0.513257563114
    outer loop
      vertex 108.972824097 20.9568595886 87.7014770508
      vertex 105.157928467 22.5990581512 88.9115524292
      vertex 108.715789795 20.4193153381 88.2391357422
    endloop
  endfacet
  facet normal 0.46102899313 0.680461704731 -0.569582462311
    outer loop
      vertex 108.972824097 20.9568595886 87.7014770508
      vertex 105.386123657 23.1555595398 88.2911224365
      vertex 105.157928467 22.5990581512 88.9115524292
    endloop
  endfacet
  facet normal 0.575971484184 0.652978301048 -0.491809099913
    outer loop
      vertex 105.386123657 23.1555595398 88.2911224365
      vertex 101.883575439 25.1888504028 89.8491821289
      vertex 105.157928467 22.5990581512 88.9115524292
    endloop
  endfacet
  facet normal 0.583250999451 0.607571899891 -0.539142489433
    outer loop
      vertex 105.386123657 23.1555595398 88.2911224365
      vertex 102.08732605 25.7827224731 89.1266021729
      vertex 101.883575439 25.1888504028 89.8491821289
    endloop
  endfacet
  facet normal 0.688220202923 0.566536188126 -0.453199446201
    outer loop
      vertex 102.08732605 25.7827224731 89.1266021729
      vertex 98.9763793945 28.2068405151 90.9665679932
      vertex 101.883575439 25.1888504028 89.8491821289
    endloop
  endfacet
  facet normal 0.694133341312 0.525592446327 -0.491865307093
    outer loop
      vertex 102.08732605 25.7827224731 89.1266021729
      vertex 99.1600952148 28.8517436981 90.1204223633
      vertex 98.9763793945 28.2068405151 90.9665679932
    endloop
  endfacet
  facet normal 0.788654208183 0.471754014492 -0.394300311804
    outer loop
      vertex 99.1600952148 28.8517436981 90.1204223633
      vertex 96.3336181641 30.9036388397 93.130569458
      vertex 98.9763793945 28.2068405151 90.9665679932
    endloop
  endfacet
  facet normal 0.787878572941 0.463067144156 -0.405975610018
    outer loop
      vertex 99.1600952148 28.8517436981 90.1204223633
      vertex 96.5129699707 31.6514358521 92.1698150635
      vertex 96.3336181641 30.9036388397 93.130569458
    endloop
  endfacet
  facet normal 0.805030524731 0.450605064631 -0.38585087657
    outer loop
      vertex 96.3336181641 30.9036388397 93.130569458
      vertex 96.5129699707 31.6514358521 92.1698150635
      vertex 95.2665252686 33.8271865845 92.5335693359
    endloop
  endfacet
  facet normal 0.815927386284 0.420122385025 -0.397189706564
    outer loop
      vertex 95.2665252686 33.8271865845 92.5335693359
      vertex 96.5129699707 31.6514358521 92.1698150635
      vertex 96.6808624268 32.3563079834 91.1773452759
    endloop
  endfacet
  facet normal 0.816563725471 0.393837571144 -0.422037482262
    outer loop
      vertex 95.2665252686 33.8271865845 92.5335693359
      vertex 96.6808624268 32.3563079834 91.1773452759
      vertex 96.4034118652 34.0951538086 89.8892440796
    endloop
  endfacet
  facet normal 0.812281310558 0.399155020714 -0.425293236971
    outer loop
      vertex 96.4034118652 34.0951538086 89.8892440796
      vertex 96.6808624268 32.3563079834 91.1773452759
      vertex 96.8371124268 33.0181121826 90.1542358398
    endloop
  endfacet
  facet normal 0.82971817255 0.363550782204 -0.423554718494
    outer loop
      vertex 96.4034118652 34.0951538086 89.8892440796
      vertex 96.8371124268 33.0181121826 90.1542358398
      vertex 96.9744567871 33.6046295166 89.1574554443
    endloop
  endfacet
  facet normal 0.824856221676 0.341837048531 -0.45028835535
    outer loop
      vertex 96.9744567871 33.6046295166 89.1574554443
      vertex 97.108291626 34.1806945801 88.0756835938
      vertex 96.4034118652 34.0951538086 89.8892440796
    endloop
  endfacet
  facet normal 0.811322510242 0.337841242552 -0.47709441185
    outer loop
      vertex 97.108291626 34.1806945801 88.0756835938
      vertex 94.9875335693 36.5029258728 89.8892440796
      vertex 96.4034118652 34.0951538086 89.8892440796
    endloop
  endfacet
  facet normal 0.811021625996 0.328858852386 -0.483834505081
    outer loop
      vertex 97.108291626 34.1806945801 88.0756835938
      vertex 95.9238433838 36.7558708191 87.2080078125
      vertex 94.9875335693 36.5029258728 89.8892440796
    endloop
  endfacet
  facet normal 0.815045952797 0.320310890675 -0.482805371284
    outer loop
      vertex 97.2289581299 34.7040634155 86.9797744751
      vertex 95.9238433838 36.7558708191 87.2080078125
      vertex 97.108291626 34.1806945801 88.0756835938
    endloop
  endfacet
  facet normal 0.79386228323 0.331017315388 -0.510108053684
    outer loop
      vertex 99.8928985596 31.4731121063 85.5699768066
      vertex 97.2289581299 34.7040634155 86.9797744751
      vertex 97.108291626 34.1806945801 88.0756835938
    endloop
  endfacet
  facet normal 0.794580280781 0.338021427393 -0.504364609718
    outer loop
      vertex 99.8928985596 31.4731121063 85.5699768066
      vertex 97.108291626 34.1806945801 88.0756835938
      vertex 99.7694854736 31.0252895355 86.5282821655
    endloop
  endfacet
  facet normal 0.698314905167 0.374881088734 -0.609770834446
    outer loop
      vertex 102.914703369 28.2259349823 85.2228317261
      vertex 99.8928985596 31.4731121063 85.5699768066
      vertex 99.7694854736 31.0252895355 86.5282821655
    endloop
  endfacet
  facet normal 0.694440364838 0.419511944056 -0.58460444212
    outer loop
      vertex 102.914703369 28.2259349823 85.2228317261
      vertex 99.7694854736 31.0252895355 86.5282821655
      vertex 102.771606445 27.7992687225 86.0542831421
    endloop
  endfacet
  facet normal 0.585924983025 0.447523027658 -0.675584971905
    outer loop
      vertex 106.324188232 25.4666595459 84.9243469238
      vertex 102.914703369 28.2259349823 85.2228317261
      vertex 102.771606445 27.7992687225 86.0542831421
    endloop
  endfacet
  facet normal 0.581163585186 0.497086495161 -0.644324362278
    outer loop
      vertex 106.324188232 25.4666595459 84.9243469238
      vertex 102.771606445 27.7992687225 86.0542831421
      vertex 106.168746948 25.0816955566 85.6050720215
    endloop
  endfacet
  facet normal 0.461564451456 0.514200985432 -0.722880065441
    outer loop
      vertex 110.047866821 23.2314720154 84.7241439819
      vertex 106.324188232 25.4666595459 84.9243469238
      vertex 106.168746948 25.0816955566 85.6050720215
    endloop
  endfacet
  facet normal 0.455753177404 0.568677663803 -0.684758901596
    outer loop
      vertex 110.047866821 23.2314720154 84.7241439819
      vertex 106.168746948 25.0816955566 85.6050720215
      vertex 109.859710693 22.8321151733 85.3558120728
    endloop
  endfacet
  facet normal 0.328368186951 0.572694599628 -0.7511292696
    outer loop
      vertex 113.977981567 21.4686031342 84.7828445435
      vertex 110.047866821 23.2314720154 84.7241439819
      vertex 109.859710693 22.8321151733 85.3558120728
    endloop
  endfacet
  facet normal 0.32140865922 0.631973206997 -0.705199539661
    outer loop
      vertex 113.977981567 21.4686031342 84.7828445435
      vertex 109.859710693 22.8321151733 85.3558120728
      vertex 113.762908936 21.0583438873 85.3500213623
    endloop
  endfacet
  facet normal 0.189117833972 0.621578633785 -0.760180532932
    outer loop
      vertex 118.030090332 20.1679344177 85.1406707764
      vertex 113.977981567 21.4686031342 84.7828445435
      vertex 113.762908936 21.0583438873 85.3500213623
    endloop
  endfacet
  facet normal 0.181155756116 0.683020591736 -0.707577228546
    outer loop
      vertex 118.030090332 20.1679344177 85.1406707764
      vertex 113.762908936 21.0583438873 85.3500213623
      vertex 117.786148071 19.7258548737 85.6633453369
    endloop
  endfacet
  facet normal 0.0410210490227 0.656334877014 -0.753353714943
    outer loop
      vertex 117.786148071 19.7258548737 85.6633453369
      vertex 122.369522095 19.7524814606 85.346321106
      vertex 118.030090332 20.1679344177 85.1406707764
    endloop
  endfacet
  facet normal 0.0409545972943 0.656845331192 -0.752912342548
    outer loop
      vertex 118.030090332 20.1679344177 85.1406707764
      vertex 122.369522095 19.7524814606 85.346321106
      vertex 122.491607666 19.9752502441 85.0833587646
    endloop
  endfacet
  facet normal 0.0418091602623 0.619652450085 -0.783761978149
    outer loop
      vertex 118.030090332 20.1679344177 85.1406707764
      vertex 122.491607666 19.9752502441 85.0833587646
      vertex 118.259475708 20.5839691162 84.5989761353
    endloop
  endfacet
  facet normal 0.180951744318 0.646105825901 -0.741487503052
    outer loop
      vertex 118.259475708 20.5839691162 84.5989761353
      vertex 113.977981567 21.4686031342 84.7828445435
      vertex 118.030090332 20.1679344177 85.1406707764
    endloop
  endfacet
  facet normal 0.188293710351 0.583404123783 -0.790053904057
    outer loop
      vertex 118.259475708 20.5839691162 84.5989761353
      vertex 114.179244995 21.8523273468 84.1982421875
      vertex 113.977981567 21.4686031342 84.7828445435
    endloop
  endfacet
  facet normal 0.321687608957 0.594479084015 -0.736961126328
    outer loop
      vertex 114.179244995 21.8523273468 84.1982421875
      vertex 110.047866821 23.2314720154 84.7241439819
      vertex 113.977981567 21.4686031342 84.7828445435
    endloop
  endfacet
  facet normal 0.327987879515 0.535237491131 -0.778424561024
    outer loop
      vertex 114.179244995 21.8523273468 84.1982421875
      vertex 110.21395874 23.5837841034 84.1099777222
      vertex 110.047866821 23.2314720154 84.7241439819
    endloop
  endfacet
  facet normal 0.456522077322 0.532381951809 -0.712851345539
    outer loop
      vertex 110.21395874 23.5837841034 84.1099777222
      vertex 106.324188232 25.4666595459 84.9243469238
      vertex 110.047866821 23.2314720154 84.7241439819
    endloop
  endfacet
  facet normal 0.461823552847 0.477161347866 -0.747687160969
    outer loop
      vertex 110.21395874 23.5837841034 84.1099777222
      vertex 106.47605896 25.8430843353 84.1875228882
      vertex 106.324188232 25.4666595459 84.9243469238
    endloop
  endfacet
  facet normal 0.582052230835 0.461868703365 -0.669247746468
    outer loop
      vertex 106.47605896 25.8430843353 84.1875228882
      vertex 102.914703369 28.2259349823 85.2228317261
      vertex 106.324188232 25.4666595459 84.9243469238
    endloop
  endfacet
  facet normal 0.586471140385 0.410959243774 -0.697971463203
    outer loop
      vertex 106.47605896 25.8430843353 84.1875228882
      vertex 103.043838501 28.6122264862 84.3824691772
      vertex 102.914703369 28.2259349823 85.2228317261
    endloop
  endfacet
  facet normal 0.695655941963 0.385533064604 -0.60615760088
    outer loop
      vertex 103.043838501 28.6122264862 84.3824691772
      vertex 99.8928985596 31.4731121063 85.5699768066
      vertex 102.914703369 28.2259349823 85.2228317261
    endloop
  endfacet
  facet normal 0.699124634266 0.340863078833 -0.628519773483
    outer loop
      vertex 99.8928985596 31.4731121063 85.5699768066
      vertex 103.043838501 28.6122264862 84.3824691772
      vertex 100.003204346 31.875541687 84.6016845703
    endloop
  endfacet
  facet normal 0.795674204826 0.307529598475 -0.521850645542
    outer loop
      vertex 100.003204346 31.875541687 84.6016845703
      vertex 97.2289581299 34.7040634155 86.9797744751
      vertex 99.8928985596 31.4731121063 85.5699768066
    endloop
  endfacet
  facet normal 0.795005321503 0.301109164953 -0.526592612267
    outer loop
      vertex 100.003204346 31.875541687 84.6016845703
      vertex 97.3368225098 35.1752357483 85.8709793091
      vertex 97.2289581299 34.7040634155 86.9797744751
    endloop
  endfacet
  facet normal 0.822092950344 0.288543641567 -0.490821480751
    outer loop
      vertex 97.3368225098 35.1752357483 85.8709793091
      vertex 95.9238433838 36.7558708191 87.2080078125
      vertex 97.2289581299 34.7040634155 86.9797744751
    endloop
  endfacet
  facet normal 0.819107055664 0.262880414724 -0.509860277176
    outer loop
      vertex 97.3368225098 35.1752357483 85.8709793091
      vertex 96.6705627441 36.9554824829 84.4941558838
      vertex 95.9238433838 36.7558708191 87.2080078125
    endloop
  endfacet
  facet normal 0.820906579494 0.260105162859 -0.508387386799
    outer loop
      vertex 97.4322052002 35.5945510864 84.7503662109
      vertex 96.6705627441 36.9554824829 84.4941558838
      vertex 97.3368225098 35.1752357483 85.8709793091
    endloop
  endfacet
  facet normal 0.796109676361 0.270349532366 -0.541406035423
    outer loop
      vertex 100.10067749 32.2329940796 83.6243209839
      vertex 97.4322052002 35.5945510864 84.7503662109
      vertex 97.3368225098 35.1752357483 85.8709793091
    endloop
  endfacet
  facet normal 0.796719014645 0.276073098183 -0.537608027458
    outer loop
      vertex 100.10067749 32.2329940796 83.6243209839
      vertex 97.3368225098 35.1752357483 85.8709793091
      vertex 100.003204346 31.875541687 84.6016845703
    endloop
  endfacet
  facet normal 0.699921548367 0.305849671364 -0.645419120789
    outer loop
      vertex 100.003204346 31.875541687 84.6016845703
      vertex 103.159362793 28.9587364197 83.5341644287
      vertex 100.10067749 32.2329940796 83.6243209839
    endloop
  endfacet
  facet normal 0.697982251644 0.31447699666 -0.64337003231
    outer loop
      vertex 100.10067749 32.2329940796 83.6243209839
      vertex 103.159362793 28.9587364197 83.5341644287
      vertex 103.26159668 29.2659740448 82.6786956787
    endloop
  endfacet
  facet normal 0.70068025589 0.269941985607 -0.660438120365
    outer loop
      vertex 100.10067749 32.2329940796 83.6243209839
      vertex 103.26159668 29.2659740448 82.6786956787
      vertex 100.18560791 32.5457611084 82.6386489868
    endloop
  endfacet
  facet normal 0.797708213329 0.243760928512 -0.551581561565
    outer loop
      vertex 100.18560791 32.5457611084 82.6386489868
      vertex 97.4322052002 35.5945510864 84.7503662109
      vertex 100.10067749 32.2329940796 83.6243209839
    endloop
  endfacet
  facet normal 0.797157287598 0.238723799586 -0.554572999477
    outer loop
      vertex 100.18560791 32.5457611084 82.6386489868
      vertex 97.515335083 35.9621505737 83.6188201904
      vertex 97.4322052002 35.5945510864 84.7503662109
    endloop
  endfacet
  facet normal 0.831299364567 0.226033717394 -0.507789433002
    outer loop
      vertex 96.6705627441 36.9554824829 84.4941558838
      vertex 97.4322052002 35.5945510864 84.7503662109
      vertex 97.515335083 35.9621505737 83.6188201904
    endloop
  endfacet
  facet normal 0.824710726738 0.192405283451 -0.531819880009
    outer loop
      vertex 96.6705627441 36.9554824829 84.4941558838
      vertex 97.515335083 35.9621505737 83.6188201904
      vertex 97.2170562744 37.1001014709 81.7519683838
    endloop
  endfacet
  facet normal 0.805634379387 0.190146028996 -0.561068356037
    outer loop
      vertex 97.2170562744 37.1001014709 81.7519683838
      vertex 95.0480194092 39.2852783203 84.4941558838
      vertex 96.6705627441 36.9554824829 84.4941558838
    endloop
  endfacet
  facet normal 0.805632650852 0.19014146924 -0.561072409153
    outer loop
      vertex 97.2170562744 37.1001014709 81.7519683838
      vertex 95.5829620361 39.4464645386 81.7519683838
      vertex 95.0480194092 39.2852783203 84.4941558838
    endloop
  endfacet
  facet normal 0.814971983433 0.116950877011 -0.5675765872
    outer loop
      vertex 97.552734375 37.1880950928 78.9857559204
      vertex 95.5829620361 39.4464645386 81.7519683838
      vertex 97.2170562744 37.1001014709 81.7519683838
    endloop
  endfacet
  facet normal 0.809507846832 0.11653752625 -0.57542681694
    outer loop
      vertex 97.6893310547 36.7386779785 80.2560043335
      vertex 97.552734375 37.1880950928 78.9857559204
      vertex 97.2170562744 37.1001014709 81.7519683838
    endloop
  endfacet
  facet normal 0.834113061428 0.134059220552 -0.53505474329
    outer loop
      vertex 97.6893310547 36.7386779785 80.2560043335
      vertex 97.2170562744 37.1001014709 81.7519683838
      vertex 97.6410675049 36.5223007202 81.419883728
    endloop
  endfacet
  facet normal 0.799748837948 0.141620531678 -0.583391308784
    outer loop
      vertex 100.36328125 33.2041931152 79.7158279419
      vertex 97.6893310547 36.7386779785 80.2560043335
      vertex 97.6410675049 36.5223007202 81.419883728
    endloop
  endfacet
  facet normal 0.800098955631 0.144484356046 -0.582207798958
    outer loop
      vertex 100.36328125 33.2041931152 79.7158279419
      vertex 97.6410675049 36.5223007202 81.419883728
      vertex 100.314025879 33.0210876465 80.7264099121
    endloop
  endfacet
  facet normal 0.702561676502 0.15988266468 -0.693429589272
    outer loop
      vertex 100.314025879 33.0210876465 80.7264099121
      vertex 103.485977173 29.9410934448 80.1464157104
      vertex 100.36328125 33.2041931152 79.7158279419
    endloop
  endfacet
  facet normal 0.701757192612 0.164215922356 -0.693231523037
    outer loop
      vertex 100.36328125 33.2041931152 79.7158279419
      vertex 103.485977173 29.9410934448 80.1464157104
      vertex 103.53793335 30.0973815918 79.2646179199
    endloop
  endfacet
  facet normal 0.703026652336 0.120602093637 -0.700862824917
    outer loop
      vertex 103.53793335 30.0973815918 79.2646179199
      vertex 100.399856567 33.3404388428 78.7108306885
      vertex 100.36328125 33.2041931152 79.7158279419
    endloop
  endfacet
  facet normal 0.800685584545 0.109003067017 -0.589084863663
    outer loop
      vertex 100.399856567 33.3404388428 78.7108306885
      vertex 97.6893310547 36.7386779785 80.2560043335
      vertex 100.36328125 33.2041931152 79.7158279419
    endloop
  endfacet
  facet normal 0.800417721272 0.106876865029 -0.589837968349
    outer loop
      vertex 100.399856567 33.3404388428 78.7108306885
      vertex 97.7251739502 36.8999481201 79.0975265503
      vertex 97.6893310547 36.7386779785 80.2560043335
    endloop
  endfacet
  facet normal 0.835952818394 0.10095975548 -0.539434909821
    outer loop
      vertex 97.7251739502 36.8999481201 79.0975265503
      vertex 97.552734375 37.1880950928 78.9857559204
      vertex 97.6893310547 36.7386779785 80.2560043335
    endloop
  endfacet
  facet normal 0.844523072243 0.066845215857 -0.531330823898
    outer loop
      vertex 97.7251739502 36.8999481201 79.0975265503
      vertex 97.7489471436 37.0071792603 77.9448242188
      vertex 97.552734375 37.1880950928 78.9857559204
    endloop
  endfacet
  facet normal 0.777921259403 0.0376227609813 -0.627234399319
    outer loop
      vertex 97.552734375 37.1880950928 78.9857559204
      vertex 97.7489471436 37.0071792603 77.9448242188
      vertex 97.7608795166 37.0611572266 76.7982177734
    endloop
  endfacet
  facet normal 0.784742832184 0.0387724228203 -0.618607580662
    outer loop
      vertex 97.552734375 37.1880950928 78.9857559204
      vertex 97.7608795166 37.0611572266 76.7982177734
      vertex 97.6669769287 37.2177848816 76.1998062134
    endloop
  endfacet
  facet normal 0.819954633713 0.0397095158696 -0.571049511433
    outer loop
      vertex 97.6669769287 37.2177848816 76.1998062134
      vertex 95.911605835 39.5445480347 78.9857559204
      vertex 97.552734375 37.1880950928 78.9857559204
    endloop
  endfacet
  facet normal 0.814970910549 0.116948455572 -0.567578613758
    outer loop
      vertex 97.552734375 37.1880950928 78.9857559204
      vertex 95.911605835 39.5445480347 78.9857559204
      vertex 95.5829620361 39.4464645386 81.7519683838
    endloop
  endfacet
  facet normal 0.81995677948 0.0397136621177 -0.571046173573
    outer loop
      vertex 97.6669769287 37.2177848816 76.1998062134
      vertex 96.0234832764 39.5776596069 76.1998062134
      vertex 95.911605835 39.5445480347 78.9857559204
    endloop
  endfacet
  facet normal 0.819956898689 -0.039709571749 -0.571046233177
    outer loop
      vertex 97.552734375 37.1880950928 73.4138565063
      vertex 96.0234832764 39.5776596069 76.1998062134
      vertex 97.6669769287 37.2177848816 76.1998062134
    endloop
  endfacet
  facet normal 0.778144419193 -0.0385902039707 -0.626898705959
    outer loop
      vertex 97.749786377 37.0109634399 74.5097579956
      vertex 97.552734375 37.1880950928 73.4138565063
      vertex 97.6669769287 37.2177848816 76.1998062134
    endloop
  endfacet
  facet normal 0.79560226202 -0.0350311584771 -0.604805648327
    outer loop
      vertex 97.749786377 37.0109634399 74.5097579956
      vertex 97.6669769287 37.2177848816 76.1998062134
      vertex 97.7611541748 37.0624160767 75.6562576294
    endloop
  endfacet
  facet normal 0.801372945309 -0.0347450226545 -0.597155034542
    outer loop
      vertex 100.424957275 33.4340744019 74.7356872559
      vertex 97.749786377 37.0109634399 74.5097579956
      vertex 97.7611541748 37.0624160767 75.6562576294
    endloop
  endfacet
  facet normal 0.801272392273 -0.0354132391512 -0.597250759602
    outer loop
      vertex 100.424957275 33.4340744019 74.7356872559
      vertex 97.7611541748 37.0624160767 75.6562576294
      vertex 100.436553955 33.4774093628 75.7290039062
    endloop
  endfacet
  facet normal 0.703418195248 -0.0391760542989 -0.709695756435
    outer loop
      vertex 103.615447998 30.3299789429 75.7895736694
      vertex 100.424957275 33.4340744019 74.7356872559
      vertex 100.436553955 33.4774093628 75.7290039062
    endloop
  endfacet
  facet normal 0.703571617603 0.000992723042145 -0.710623681545
    outer loop
      vertex 103.615447998 30.3299789429 75.7895736694
      vertex 100.436553955 33.4774093628 75.7290039062
      vertex 103.615142822 30.329076767 76.6514511108
    endloop
  endfacet
  facet normal 0.590090990067 0.0010537863709 -0.807336032391
    outer loop
      vertex 107.226806641 27.6893367767 76.5996551514
      vertex 103.615447998 30.3299789429 75.7895736694
      vertex 103.615142822 30.329076767 76.6514511108
    endloop
  endfacet
  facet normal 0.589881777763 0.0462766773999 -0.80616247654
    outer loop
      vertex 107.226806641 27.6893367767 76.5996551514
      vertex 103.615142822 30.329076767 76.6514511108
      vertex 107.212738037 27.6556453705 77.3659362793
    endloop
  endfacet
  facet normal 0.463578373194 0.0474142879248 -0.884786427021
    outer loop
      vertex 111.175384521 25.5850524902 77.2612304688
      vertex 107.226806641 27.6893367767 76.5996551514
      vertex 107.212738037 27.6556453705 77.3659362793
    endloop
  endfacet
  facet normal 0.462933212519 0.0974255129695 -0.881022751331
    outer loop
      vertex 111.175384521 25.5850524902 77.2612304688
      vertex 107.212738037 27.6556453705 77.3659362793
      vertex 111.144638062 25.5236949921 77.9621810913
    endloop
  endfacet
  facet normal 0.326867073774 0.096629679203 -0.940117359161
    outer loop
      vertex 115.367996216 24.0649394989 77.8682632446
      vertex 111.175384521 25.5850524902 77.2612304688
      vertex 111.144638062 25.5236949921 77.9621810913
    endloop
  endfacet
  facet normal 0.325722038746 0.151285111904 -0.933283448219
    outer loop
      vertex 115.367996216 24.0649394989 77.8682632446
      vertex 111.144638062 25.5236949921 77.9621810913
      vertex 115.317138672 23.9748439789 78.5335617065
    endloop
  endfacet
  facet normal 0.18319028616 0.14566347003 -0.972226023674
    outer loop
      vertex 119.705184937 23.1507511139 78.5154190063
      vertex 115.367996216 24.0649394989 77.8682632446
      vertex 115.317138672 23.9748439789 78.5335617065
    endloop
  endfacet
  facet normal 0.181497424841 0.204375788569 -0.961919546127
    outer loop
      vertex 115.317138672 23.9748439789 78.5335617065
      vertex 119.63079834 23.0247898102 79.174331665
      vertex 119.705184937 23.1507511139 78.5154190063
    endloop
  endfacet
  facet normal 0.034031111747 0.191361770034 -0.980929434299
    outer loop
      vertex 119.63079834 23.0247898102 79.174331665
      vertex 124.165527344 22.9770088196 78.6128158569
      vertex 119.705184937 23.1507511139 78.5154190063
    endloop
  endfacet
  facet normal 0.0351253449917 0.153120085597 -0.9875831604
    outer loop
      vertex 119.705184937 23.1507511139 78.5154190063
      vertex 124.165527344 22.9770088196 78.6128158569
      vertex 124.226821899 23.0808582306 77.9289550781
    endloop
  endfacet
  facet normal 0.0339482426643 0.143874183297 -0.989013493061
    outer loop
      vertex 119.705184937 23.1507511139 78.5154190063
      vertex 124.226821899 23.0808582306 77.9289550781
      vertex 119.761230469 23.244594574 77.8571014404
    endloop
  endfacet
  facet normal 0.1817471385 0.15392011404 -0.971224248409
    outer loop
      vertex 119.761230469 23.244594574 77.8571014404
      vertex 115.367996216 24.0649394989 77.8682632446
      vertex 119.705184937 23.1507511139 78.5154190063
    endloop
  endfacet
  facet normal 0.182920470834 0.0975643098354 -0.978274643421
    outer loop
      vertex 119.761230469 23.244594574 77.8571014404
      vertex 115.402069092 24.1246776581 77.2053909302
      vertex 115.367996216 24.0649394989 77.8682632446
    endloop
  endfacet
  facet normal 0.326081395149 0.101463824511 -0.939880847931
    outer loop
      vertex 115.402069092 24.1246776581 77.2053909302
      vertex 111.175384521 25.5850524902 77.2612304688
      vertex 115.367996216 24.0649394989 77.8682632446
    endloop
  endfacet
  facet normal 0.326755672693 0.0489533916116 -0.943840205669
    outer loop
      vertex 115.402069092 24.1246776581 77.2053909302
      vertex 111.190933228 25.6158370972 76.5638961792
      vertex 111.175384521 25.5850524902 77.2612304688
    endloop
  endfacet
  facet normal 0.463274121284 0.0493927747011 -0.884837508202
    outer loop
      vertex 111.190933228 25.6158370972 76.5638961792
      vertex 107.226806641 27.6893367767 76.5996551514
      vertex 111.175384521 25.5850524902 77.2612304688
    endloop
  endfacet
  facet normal 0.463497579098 0.00110715953633 -0.886097490788
    outer loop
      vertex 111.190933228 25.6158370972 76.5638961792
      vertex 107.227127075 27.6901226044 75.8366241455
      vertex 107.226806641 27.6893367767 76.5996551514
    endloop
  endfacet
  facet normal 0.590087294579 0.00107922870666 -0.8073387146
    outer loop
      vertex 107.227127075 27.6901226044 75.8366241455
      vertex 103.615447998 30.3299789429 75.7895736694
      vertex 107.226806641 27.6893367767 76.5996551514
    endloop
  endfacet
  facet normal 0.589921414852 -0.042681440711 -0.80633187294
    outer loop
      vertex 107.227127075 27.6901226044 75.8366241455
      vertex 103.603149414 30.2931575775 74.9239730835
      vertex 103.615447998 30.3299789429 75.7895736694
    endloop
  endfacet
  facet normal 0.703558802605 -0.0401768647134 -0.709500432014
    outer loop
      vertex 103.603149414 30.2931575775 74.9239730835
      vertex 100.424957275 33.4340744019 74.7356872559
      vertex 103.615447998 30.3299789429 75.7895736694
    endloop
  endfacet
  facet normal 0.703152894974 -0.0764810666442 -0.706913471222
    outer loop
      vertex 103.603149414 30.2931575775 74.9239730835
      vertex 100.405090332 33.3599777222 73.8681716919
      vertex 100.424957275 33.4340744019 74.7356872559
    endloop
  endfacet
  facet normal 0.800978541374 -0.0691358074546 -0.594687819481
    outer loop
      vertex 100.405090332 33.3599777222 73.8681716919
      vertex 97.749786377 37.0109634399 74.5097579956
      vertex 100.424957275 33.4340744019 74.7356872559
    endloop
  endfacet
  facet normal 0.801165401936 -0.067803055048 -0.594589531422
    outer loop
      vertex 100.405090332 33.3599777222 73.8681716919
      vertex 97.7303009033 36.9230918884 73.5089645386
      vertex 97.749786377 37.0109634399 74.5097579956
    endloop
  endfacet
  facet normal 0.839483916759 -0.063723936677 -0.539635121822
    outer loop
      vertex 97.7303009033 36.9230918884 73.5089645386
      vertex 97.552734375 37.1880950928 73.4138565063
      vertex 97.749786377 37.0109634399 74.5097579956
    endloop
  endfacet
  facet normal 0.844070017338 -0.119058787823 -0.522848725319
    outer loop
      vertex 97.7303009033 36.9230918884 73.5089645386
      vertex 97.2170562744 37.1001014709 70.6476364136
      vertex 97.552734375 37.1880950928 73.4138565063
    endloop
  endfacet
  facet normal 0.814970672131 -0.116950459778 -0.567578494549
    outer loop
      vertex 97.2170562744 37.1001014709 70.6476364136
      vertex 95.911605835 39.5445480347 73.4138565063
      vertex 97.552734375 37.1880950928 73.4138565063
    endloop
  endfacet
  facet normal 0.819954514503 -0.0397136099637 -0.571049451828
    outer loop
      vertex 97.552734375 37.1880950928 73.4138565063
      vertex 95.911605835 39.5445480347 73.4138565063
      vertex 96.0234832764 39.5776596069 76.1998062134
    endloop
  endfacet
  facet normal 0.814972221851 -0.116948217154 -0.567576766014
    outer loop
      vertex 97.2170562744 37.1001014709 70.6476364136
      vertex 95.5829620361 39.4464645386 70.6476364136
      vertex 95.911605835 39.5445480347 73.4138565063
    endloop
  endfacet
  facet normal 0.805631935596 -0.190146267414 -0.561071872711
    outer loop
      vertex 96.6705627441 36.9554824829 67.905456543
      vertex 95.5829620361 39.4464645386 70.6476364136
      vertex 97.2170562744 37.1001014709 70.6476364136
    endloop
  endfacet
  facet normal 0.821479916573 -0.192031487823 -0.53693073988
    outer loop
      vertex 97.2170562744 37.1001014709 70.6476364136
      vertex 97.592376709 36.3047943115 70.0294799805
      vertex 96.6705627441 36.9554824829 67.905456543
    endloop
  endfacet
  facet normal 0.824447393417 -0.195055827498 -0.531262397766
    outer loop
      vertex 96.6705627441 36.9554824829 67.905456543
      vertex 97.592376709 36.3047943115 70.0294799805
      vertex 97.5224304199 35.9936752319 68.8864593506
    endloop
  endfacet
  facet normal 0.83146327734 -0.223194777966 -0.508775830269
    outer loop
      vertex 96.6705627441 36.9554824829 67.905456543
      vertex 97.5224304199 35.9936752319 68.8864593506
      vertex 97.4403381348 35.6304168701 67.7525787354
    endloop
  endfacet
  facet normal 0.820716381073 -0.26312404871 -0.507139384747
    outer loop
      vertex 96.6705627441 36.9554824829 67.905456543
      vertex 97.4403381348 35.6304168701 67.7525787354
      vertex 95.9238433838 36.7558670044 65.1916046143
    endloop
  endfacet
  facet normal 0.79266756773 -0.258709013462 -0.552039682865
    outer loop
      vertex 95.9238433838 36.7558670044 65.1916046143
      vertex 95.0480194092 39.2852706909 67.905456543
      vertex 96.6705627441 36.9554824829 67.905456543
    endloop
  endfacet
  facet normal 0.80563390255 -0.190143689513 -0.561069905758
    outer loop
      vertex 96.6705627441 36.9554824829 67.905456543
      vertex 95.0480194092 39.2852706909 67.905456543
      vertex 95.5829620361 39.4464645386 70.6476364136
    endloop
  endfacet
  facet normal 0.818038105965 -0.258641988039 -0.513729512691
    outer loop
      vertex 95.9238433838 36.7558670044 65.1916046143
      vertex 97.4403381348 35.6304168701 67.7525787354
      vertex 97.3458862305 35.2149124146 66.6285552979
    endloop
  endfacet
  facet normal 0.821757018566 -0.282585084438 -0.494834363461
    outer loop
      vertex 95.9238433838 36.7558670044 65.1916046143
      vertex 97.3458862305 35.2149124146 66.6285552979
      vertex 97.2669219971 34.8695144653 65.794090271
    endloop
  endfacet
  facet normal 0.818582713604 -0.309168875217 -0.484083622694
    outer loop
      vertex 97.2669219971 34.8695144653 65.794090271
      vertex 97.1491699219 34.3575973511 64.6807785034
      vertex 95.9238433838 36.7558670044 65.1916046143
    endloop
  endfacet
  facet normal 0.810774981976 -0.328813195229 -0.484278678894
    outer loop
      vertex 95.9238433838 36.7558670044 65.1916046143
      vertex 97.1491699219 34.3575973511 64.6807785034
      vertex 94.9875335693 36.5029258728 62.5103645325
    endloop
  endfacet
  facet normal 0.811700642109 -0.336616545916 -0.47731679678
    outer loop
      vertex 96.4034118652 34.0951538086 62.5103645325
      vertex 94.9875335693 36.5029258728 62.5103645325
      vertex 97.1491699219 34.3575973511 64.6807785034
    endloop
  endfacet
  facet normal 0.817650258541 -0.337355136871 -0.466518521309
    outer loop
      vertex 96.4034118652 34.0951538086 62.5103645325
      vertex 97.1491699219 34.3575973511 64.6807785034
      vertex 97.0196685791 33.7987670898 63.5941238403
    endloop
  endfacet
  facet normal 0.830822706223 -0.355273991823 -0.428385436535
    outer loop
      vertex 97.0196685791 33.7987670898 63.5941238403
      vertex 96.8784332275 33.1940994263 62.5347328186
      vertex 96.4034118652 34.0951538086 62.5103645325
    endloop
  endfacet
  facet normal 0.817394912243 -0.394015282393 -0.420258849859
    outer loop
      vertex 96.4034118652 34.0951538086 62.5103645325
      vertex 96.8784332275 33.1940994263 62.5347328186
      vertex 95.2665252686 33.8271865845 59.8660430908
    endloop
  endfacet
  facet normal 0.794192790985 -0.388778626919 -0.467021375895
    outer loop
      vertex 95.2665252686 33.8271865845 59.8660430908
      vertex 94.9875335693 36.5029258728 62.5103645325
      vertex 96.4034118652 34.0951538086 62.5103645325
    endloop
  endfacet
  facet normal 0.794193387032 -0.388778030872 -0.467020869255
    outer loop
      vertex 94.9875335693 36.5029258728 62.5103645325
      vertex 95.2665252686 33.8271865845 59.8660430908
      vertex 94.6793136597 36.4187431335 61.7796020508
    endloop
  endfacet
  facet normal 0.794193923473 -0.388777405024 -0.467020511627
    outer loop
      vertex 94.6793136597 34.8257751465 59.8660430908
      vertex 94.6793136597 36.4187431335 61.7796020508
      vertex 95.2665252686 33.8271865845 59.8660430908
    endloop
  endfacet
  facet normal 0.772799432278 -0.44301879406 -0.454439640045
    outer loop
      vertex 95.2665252686 33.8271865845 59.8660430908
      vertex 94.6793136597 33.6871681213 58.6980819702
      vertex 94.6793136597 34.8257751465 59.8660430908
    endloop
  endfacet
  facet normal 0.804336965084 -0.450797587633 -0.387070506811
    outer loop
      vertex 94.6793136597 32.80078125 57.9370002747
      vertex 94.6793136597 33.6871681213 58.6980819702
      vertex 96.3839874268 31.1131439209 59.529510498
    endloop
  endfacet
  facet normal 0.80430829525 -0.451196163893 -0.386665433645
    outer loop
      vertex 96.3839874268 31.1131439209 59.529510498
      vertex 94.6793136597 32.014213562 57.262928009
      vertex 94.6793136597 32.80078125 57.9370002747
    endloop
  endfacet
  facet normal 0.767287433147 -0.635191142559 -0.0883304551244
    outer loop
      vertex 94.6793136597 21.8110084534 52.900604248
      vertex 96.7597045898 20.7892189026 55.2715492249
      vertex 94.6793136597 20.8709125519 52.7698745728
    endloop
  endfacet
  facet normal 0.764977574348 -0.639954984188 -0.0725735649467
    outer loop
      vertex 96.7597045898 20.7892189026 55.2715492249
      vertex 94.6793136597 21.8110084534 52.900604248
      vertex 94.6793136597 22.0513477325 52.92786026
    endloop
  endfacet
  facet normal 0.771238863468 -0.627724587917 -0.10560515523
    outer loop
      vertex 96.7597045898 20.7892189026 55.2715492249
      vertex 94.6793136597 22.0513477325 52.92786026
      vertex 97.0399780273 21.695848465 55.7684326172
    endloop
  endfacet
  facet normal 0.677515506744 -0.712832987309 -0.18122318387
    outer loop
      vertex 100.066696167 20.0904903412 58.2370605469
      vertex 96.7597045898 20.7892189026 55.2715492249
      vertex 97.0399780273 21.695848465 55.7684326172
    endloop
  endfacet
  facet normal 0.680002629757 -0.706715404987 -0.195319578052
    outer loop
      vertex 100.066696167 20.0904903412 58.2370605469
      vertex 97.0399780273 21.695848465 55.7684326172
      vertex 100.353240967 20.8748264313 58.7295455933
    endloop
  endfacet
  facet normal 0.572107434273 -0.772360920906 -0.275955975056
    outer loop
      vertex 103.770187378 19.3142585754 60.7029914856
      vertex 100.066696167 20.0904903412 58.2370605469
      vertex 100.353240967 20.8748264313 58.7295455933
    endloop
  endfacet
  facet normal 0.573304116726 -0.768964350224 -0.282871425152
    outer loop
      vertex 103.770187378 19.3142585754 60.7029914856
      vertex 100.353240967 20.8748264313 58.7295455933
      vertex 103.991470337 19.8275985718 61.0568084717
    endloop
  endfacet
  facet normal 0.454564988613 -0.812816143036 -0.364280879498
    outer loop
      vertex 107.73248291 18.4110202789 62.514087677
      vertex 103.770187378 19.3142585754 60.7029914856
      vertex 103.991470337 19.8275985718 61.0568084717
    endloop
  endfacet
  facet normal 0.45513805747 -0.810945153236 -0.36771902442
    outer loop
      vertex 107.73248291 18.4110202789 62.514087677
      vertex 103.991470337 19.8275985718 61.0568084717
      vertex 108.032348633 19.0146656036 62.9561042786
    endloop
  endfacet
  facet normal 0.325202018023 -0.832689285278 -0.448187679052
    outer loop
      vertex 112.03024292 17.8076076508 63.8677711487
      vertex 107.73248291 18.4110202789 62.514087677
      vertex 108.032348633 19.0146656036 62.9561042786
    endloop
  endfacet
  facet normal 0.326065272093 -0.829488813877 -0.453464120626
    outer loop
      vertex 112.03024292 17.8076076508 63.8677711487
      vertex 108.032348633 19.0146656036 62.9561042786
      vertex 112.336013794 18.3678531647 64.2942428589
    endloop
  endfacet
  facet normal 0.188555940986 -0.828297495842 -0.527607679367
    outer loop
      vertex 116.511306763 17.4516162872 64.6610946655
      vertex 112.03024292 17.8076076508 63.8677711487
      vertex 112.336013794 18.3678531647 64.2942428589
    endloop
  endfacet
  facet normal 0.189074456692 -0.826106071472 -0.530848026276
    outer loop
      vertex 116.511306763 17.4516162872 64.6610946655
      vertex 112.336013794 18.3678531647 64.2942428589
      vertex 116.821929932 17.9972648621 65.0828170776
    endloop
  endfacet
  facet normal 0.0540103130043 -0.804713129997 -0.591201901436
    outer loop
      vertex 116.821929932 17.9972648621 65.0828170776
      vertex 120.759521484 16.8689022064 64.518119812
      vertex 116.511306763 17.4516162872 64.6610946655
    endloop
  endfacet
  facet normal 0.0419331863523 -0.855755269527 -0.515678703785
    outer loop
      vertex 116.511306763 17.4516162872 64.6610946655
      vertex 120.759521484 16.8689022064 64.518119812
      vertex 120.413665771 16.2721538544 64.1415710449
    endloop
  endfacet
  facet normal -0.0220774095505 -0.839679419994 -0.542633414268
    outer loop
      vertex 127.790527344 16.5995578766 64.1591949463
      vertex 120.413665771 16.2721538544 64.1415710449
      vertex 120.759521484 16.8689022064 64.518119812
    endloop
  endfacet
  facet normal -0.019244287163 -0.813332736492 -0.581480443478
    outer loop
      vertex 127.790527344 16.5995578766 64.1591949463
      vertex 120.759521484 16.8689022064 64.518119812
      vertex 121.088897705 17.4463500977 64.9231643677
    endloop
  endfacet
  facet normal -0.0115975243971 -0.786358296871 -0.617661833763
    outer loop
      vertex 127.790527344 16.5995578766 64.1591949463
      vertex 121.088897705 17.4463500977 64.9231643677
      vertex 121.40284729 18.0040302277 65.3565750122
    endloop
  endfacet
  facet normal -0.032369941473 -0.828473448753 -0.55909204483
    outer loop
      vertex 127.790527344 16.5995578766 64.1591949463
      vertex 121.40284729 18.0040302277 65.3565750122
      vertex 127.750305176 17.5931549072 64.8312911987
    endloop
  endfacet
  facet normal 0.0557471811771 -0.825963020325 -0.560961067677
    outer loop
      vertex 128.533309937 17.588224411 64.8807907104
      vertex 127.790527344 16.5995578766 64.1591949463
      vertex 127.750305176 17.5931549072 64.8312911987
    endloop
  endfacet
  facet normal 0.0514739602804 -0.748375535011 -0.661274909973
    outer loop
      vertex 128.533309937 17.588224411 64.8807907104
      vertex 127.750305176 17.5931549072 64.8312911987
      vertex 128.460800171 19.3792629242 66.4583892822
    endloop
  endfacet
  facet normal 0.206462070346 -0.730076134205 -0.65143096447
    outer loop
      vertex 128.460800171 19.3792629242 66.4583892822
      vertex 129.300003052 17.510263443 65.0280456543
      vertex 128.533309937 17.588224411 64.8807907104
    endloop
  endfacet
  facet normal 0.211826503277 -0.828163802624 -0.518916428089
    outer loop
      vertex 128.533309937 17.588224411 64.8807907104
      vertex 129.300003052 17.510263443 65.0280456543
      vertex 129.381195068 15.505022049 63.7923545837
    endloop
  endfacet
  facet normal 0.361582815647 -0.787125647068 -0.499690920115
    outer loop
      vertex 129.300003052 17.510263443 65.0280456543
      vertex 130.110946655 15.3992824554 64.0604553223
      vertex 129.381195068 15.505022049 63.7923545837
    endloop
  endfacet
  facet normal 0.367246240377 -0.85771137476 -0.3598074615
    outer loop
      vertex 129.381195068 15.505022049 63.7923545837
      vertex 130.110946655 15.3992824554 64.0604553223
      vertex 130.197494507 13.2614364624 63.2006912231
    endloop
  endfacet
  facet normal 0.367251247168 -0.857708752155 -0.359808593988
    outer loop
      vertex 129.381195068 15.505022049 63.7923545837
      vertex 130.197494507 13.2614364624 63.2006912231
      vertex 129.469665527 13.3199615479 62.9136047363
    endloop
  endfacet
  facet normal 0.373315632343 -0.903618812561 -0.210020124912
    outer loop
      vertex 129.469665527 13.3199615479 62.9136047363
      vertex 130.197494507 13.2614364624 63.2006912231
      vertex 130.288696289 11.0091590881 62.7148933411
    endloop
  endfacet
  facet normal 0.373314768076 -0.903619229794 -0.210019856691
    outer loop
      vertex 129.469665527 13.3199615479 62.9136047363
      vertex 130.288696289 11.0091590881 62.7148933411
      vertex 129.56288147 11.0179386139 62.4170761108
    endloop
  endfacet
  facet normal 0.22416947782 -0.950731873512 -0.21414244175
    outer loop
      vertex 128.705215454 13.3426837921 62.7384757996
      vertex 129.469665527 13.3199615479 62.9136047363
      vertex 129.56288147 11.0179386139 62.4170761108
    endloop
  endfacet
  facet normal 0.379606425762 -0.923533499241 -0.0546335428953
    outer loop
      vertex 129.56288147 11.0179386139 62.4170761108
      vertex 130.288696289 11.0091590881 62.7148933411
      vertex 130.381896973 8.70724487305 62.6170272827
    endloop
  endfacet
  facet normal 0.379609078169 -0.923532366753 -0.054634578526
    outer loop
      vertex 129.56288147 11.0179386139 62.4170761108
      vertex 130.381896973 8.70724487305 62.6170272827
      vertex 129.65814209 8.66518688202 62.3170471191
    endloop
  endfacet
  facet normal 0.385946303606 -0.916878581047 0.101878032088
    outer loop
      vertex 129.65814209 8.66518688202 62.3170471191
      vertex 130.381896973 8.70724487305 62.6170272827
      vertex 130.474441528 6.42191362381 62.9099159241
    endloop
  endfacet
  facet normal 0.385944604874 -0.916879177094 0.101878814399
    outer loop
      vertex 129.65814209 8.66518688202 62.3170471191
      vertex 130.474441528 6.42191362381 62.9099159241
      vertex 129.752731323 6.32938194275 62.6164054871
    endloop
  endfacet
  facet normal 0.237452998757 -0.964684307575 0.114018760622
    outer loop
      vertex 128.89616394 8.62655067444 62.1340560913
      vertex 129.65814209 8.66518688202 62.3170471191
      vertex 129.752731323 6.32938194275 62.6164054871
    endloop
  endfacet
  facet normal 0.392145574093 -0.883848130703 0.255018353462
    outer loop
      vertex 129.752731323 6.32938194275 62.6164054871
      vertex 130.474441528 6.42191362381 62.9099159241
      vertex 130.563644409 4.21891593933 63.5851287842
    endloop
  endfacet
  facet normal 0.392138391733 -0.883850216866 0.255022078753
    outer loop
      vertex 129.752731323 6.32938194275 62.6164054871
      vertex 130.563644409 4.21891593933 63.5851287842
      vertex 129.843887329 4.07773017883 63.3065299988
    endloop
  endfacet
  facet normal 0.398024052382 -0.825391948223 0.400381088257
    outer loop
      vertex 129.843887329 4.07773017883 63.3065299988
      vertex 130.563644409 4.21891593933 63.5851287842
      vertex 130.646942139 2.16162633896 64.6232452393
    endloop
  endfacet
  facet normal 0.398027956486 -0.825391113758 0.400378882885
    outer loop
      vertex 129.843887329 4.07773017883 63.3065299988
      vertex 130.646942139 2.16162633896 64.6232452393
      vertex 129.929031372 1.97500109673 64.3675765991
    endloop
  endfacet
  facet normal 0.25017234683 -0.868424296379 0.428080677986
    outer loop
      vertex 129.084365845 3.97862744331 63.1365814209
      vertex 129.843887329 4.07773017883 63.3065299988
      vertex 129.929031372 1.97500109673 64.3675765991
    endloop
  endfacet
  facet normal 0.250175356865 -0.868424117565 0.428079277277
    outer loop
      vertex 129.084365845 3.97862744331 63.1365814209
      vertex 129.929031372 1.97500109673 64.3675765991
      vertex 129.170623779 1.84818100929 64.2116088867
    endloop
  endfacet
  facet normal 0.0962676927447 -0.890193343163 0.445295780897
    outer loop
      vertex 129.170623779 1.84818100929 64.2116088867
      vertex 128.390396118 1.78428757191 64.1591949463
      vertex 129.084365845 3.97862744331 63.1365814209
    endloop
  endfacet
  facet normal 0.100905478001 -0.825961410999 0.554622232914
    outer loop
      vertex 129.170623779 1.84818100929 64.2116088867
      vertex 128.430633545 0.790700256824 64.8312911987
      vertex 128.390396118 1.78428757191 64.1591949463
    endloop
  endfacet
  facet normal 0.165785163641 -0.795838713646 0.582370996475
    outer loop
      vertex 129.248291016 -0.0700822100043 65.6315155029
      vertex 128.430633545 0.790700256824 64.8312911987
      vertex 129.170623779 1.84818100929 64.2116088867
    endloop
  endfacet
  facet normal 0.255856782198 -0.781934678555 0.568432450294
    outer loop
      vertex 129.170623779 1.84818100929 64.2116088867
      vertex 130.005691528 0.0816904306412 65.7690124512
      vertex 129.248291016 -0.0700822100043 65.6315155029
    endloop
  endfacet
  facet normal 0.26086550951 -0.672953724861 0.692157864571
    outer loop
      vertex 129.248291016 -0.0700822100043 65.6315155029
      vertex 130.005691528 0.0816904306412 65.7690124512
      vertex 130.071670532 -1.54774081707 67.4705200195
    endloop
  endfacet
  facet normal 0.40819260478 -0.639606416225 0.65136963129
    outer loop
      vertex 130.005691528 0.0816904306412 65.7690124512
      vertex 130.786499023 -1.28499734402 67.6591415405
      vertex 130.071670532 -1.54774081707 67.4705200195
    endloop
  endfacet
  facet normal 0.412178188562 -0.51762098074 0.749785065651
    outer loop
      vertex 130.071670532 -1.54774081707 67.4705200195
      vertex 130.786499023 -1.28499734402 67.6591415405
      vertex 130.838729858 -2.5751786232 69.5695877075
    endloop
  endfacet
  facet normal 0.412181735039 -0.517621219158 0.749782919884
    outer loop
      vertex 130.071670532 -1.54774081707 67.4705200195
      vertex 130.838729858 -2.5751786232 69.5695877075
      vertex 130.125061035 -2.86641025543 69.4231491089
    endloop
  endfacet
  facet normal 0.41527363658 -0.380746006966 0.826184153557
    outer loop
      vertex 130.125061035 -2.86641025543 69.4231491089
      vertex 130.838729858 -2.5751786232 69.5695877075
      vertex 130.877151489 -3.52419161797 71.6707687378
    endloop
  endfacet
  facet normal 0.415280759335 -0.380747169256 0.826180040836
    outer loop
      vertex 130.125061035 -2.86641025543 69.4231491089
      vertex 130.877151489 -3.52419161797 71.6707687378
      vertex 130.164337158 -3.8363904953 71.5707397461
    endloop
  endfacet
  facet normal 0.268312335014 -0.400600165129 0.876086771488
    outer loop
      vertex 129.369247437 -3.05704641342 69.3338317871
      vertex 130.125061035 -2.86641025543 69.4231491089
      vertex 130.164337158 -3.8363904953 71.5707397461
    endloop
  endfacet
  facet normal 0.417393654585 -0.232919916511 0.878368258476
    outer loop
      vertex 130.164337158 -3.8363904953 71.5707397461
      vertex 130.877151489 -3.52419161797 71.6707687378
      vertex 130.900665283 -4.10474777222 73.9022445679
    endloop
  endfacet
  facet normal 0.417379915714 -0.23291644454 0.878375768661
    outer loop
      vertex 130.164337158 -3.8363904953 71.5707397461
      vertex 130.900665283 -4.10474777222 73.9022445679
      vertex 130.188354492 -4.42976140976 73.8515014648
    endloop
  endfacet
  facet normal 0.418451577425 -0.0783914402127 0.904849767685
    outer loop
      vertex 130.188354492 -4.42976140976 73.8515014648
      vertex 130.900665283 -4.10474777222 73.9022445679
      vertex 130.908569336 -4.30013990402 76.1998138428
    endloop
  endfacet
  facet normal 0.555104613304 -0.0723795220256 0.828625380993
    outer loop
      vertex 130.900665283 -4.10474777222 73.9022445679
      vertex 131.560409546 -3.86346769333 76.1998138428
      vertex 130.908569336 -4.30013990402 76.1998138428
    endloop
  endfacet
  facet normal 0.555104613304 0.0723805725574 0.828625321388
    outer loop
      vertex 130.908569336 -4.30013990402 76.1998138428
      vertex 131.560409546 -3.86346769333 76.1998138428
      vertex 131.552734375 -3.67396903038 78.4281005859
    endloop
  endfacet
  facet normal 0.555107116699 0.0723793953657 0.828623771667
    outer loop
      vertex 130.908569336 -4.30013990402 76.1998138428
      vertex 131.552734375 -3.67396903038 78.4281005859
      vertex 130.900665283 -4.10474777222 78.4973831177
    endloop
  endfacet
  facet normal 0.554117679596 0.215056955814 0.804179131985
    outer loop
      vertex 130.900665283 -4.10474777222 78.4973831177
      vertex 131.552734375 -3.67396903038 78.4281005859
      vertex 131.529937744 -3.11091637611 80.5922927856
    endloop
  endfacet
  facet normal 0.554113268852 0.215059429407 0.804181516171
    outer loop
      vertex 130.900665283 -4.10474777222 78.4973831177
      vertex 131.529937744 -3.11091637611 80.5922927856
      vertex 130.877151489 -3.52419161797 80.7288589478
    endloop
  endfacet
  facet normal 0.552161753178 0.351550400257 0.755995810032
    outer loop
      vertex 130.877151489 -3.52419161797 80.7288589478
      vertex 131.529937744 -3.11091637611 80.5922927856
      vertex 131.492675781 -2.19051551819 82.6301116943
    endloop
  endfacet
  facet normal 0.552166759968 0.351547241211 0.755993664265
    outer loop
      vertex 130.877151489 -3.52419161797 80.7288589478
      vertex 131.492675781 -2.19051551819 82.6301116943
      vertex 130.838729858 -2.5751786232 82.830039978
    endloop
  endfacet
  facet normal 0.54931050539 0.477924376726 0.685453295708
    outer loop
      vertex 130.838729858 -2.5751786232 82.830039978
      vertex 131.492675781 -2.19051551819 82.6301116943
      vertex 131.442016602 -0.93924421072 84.4829483032
    endloop
  endfacet
  facet normal 0.549309253693 0.477925240993 0.68545371294
    outer loop
      vertex 130.838729858 -2.5751786232 82.830039978
      vertex 131.442016602 -0.93924421072 84.4829483032
      vertex 130.786499023 -1.28499734402 84.740486145
    endloop
  endfacet
  facet normal 0.545630335808 0.59055685997 0.59458398819
    outer loop
      vertex 130.786499023 -1.28499734402 84.740486145
      vertex 131.442016602 -0.93924421072 84.4829483032
      vertex 131.37940979 0.606908559799 86.0974884033
    endloop
  endfacet
  facet normal 0.545632719994 0.59055519104 0.594583511353
    outer loop
      vertex 130.786499023 -1.28499734402 84.740486145
      vertex 131.37940979 0.606908559799 86.0974884033
      vertex 130.721939087 0.309220165014 86.4052276611
    endloop
  endfacet
  facet normal 0.408192664385 0.639605998993 0.651370048523
    outer loop
      vertex 130.071670532 -1.54774081707 84.929107666
      vertex 130.786499023 -1.28499734402 84.740486145
      vertex 130.721939087 0.309220165014 86.4052276611
    endloop
  endfacet
  facet normal 0.408191055059 0.639606893063 0.651370167732
    outer loop
      vertex 130.071670532 -1.54774081707 84.929107666
      vertex 130.721939087 0.309220165014 86.4052276611
      vertex 130.005691528 0.0816904306412 86.6306152344
    endloop
  endfacet
  facet normal 0.260857760906 0.672955036163 0.692159473896
    outer loop
      vertex 129.315139771 -1.72099220753 85.0441665649
      vertex 130.071670532 -1.54774081707 84.929107666
      vertex 130.005691528 0.0816904306412 86.6306152344
    endloop
  endfacet
  facet normal 0.260859072208 0.672954499722 0.692159533501
    outer loop
      vertex 129.315139771 -1.72099220753 85.0441665649
      vertex 130.005691528 0.0816904306412 86.6306152344
      vertex 129.248291016 -0.0700822100043 86.7681045532
    endloop
  endfacet
  facet normal 0.170888394117 0.684918701649 0.708296179771
    outer loop
      vertex 129.248291016 -0.0700822100043 86.7681045532
      vertex 128.503463745 -1.00817775726 85.9838256836
      vertex 129.315139771 -1.72099220753 85.0441665649
    endloop
  endfacet
  facet normal 0.108603172004 0.658640503883 0.744579136372
    outer loop
      vertex 129.315139771 -1.72099220753 85.0441665649
      vertex 128.503463745 -1.00817775726 85.9838256836
      vertex 128.535552979 -1.80049192905 85.0828399658
    endloop
  endfacet
  facet normal 0.106236822903 0.719735324383 0.68607199192
    outer loop
      vertex 129.248291016 -0.0700822100043 86.7681045532
      vertex 128.468414307 -0.142365470529 86.8143157959
      vertex 128.503463745 -1.00817775726 85.9838256836
    endloop
  endfacet
  facet normal 0.0285850502551 0.72195738554 0.691346824169
    outer loop
      vertex 107.394119263 -1.37724995613 86.4662017822
      vertex 128.503463745 -1.00817775726 85.9838256836
      vertex 128.468414307 -0.142365470529 86.8143157959
    endloop
  endfacet
  facet normal 0.0269733797759 0.742262363434 0.669566333294
    outer loop
      vertex 107.394119263 -1.37724995613 86.4662017822
      vertex 128.468414307 -0.142365470529 86.8143157959
      vertex 107.65397644 -0.866438806057 86.9175415039
    endloop
  endfacet
  facet normal 0.0857458412647 0.72457754612 0.683838486671
    outer loop
      vertex 107.65397644 -0.866438806057 86.9175415039
      vertex 103.965957642 -1.34126079082 86.9058532715
      vertex 107.394119263 -1.37724995613 86.4662017822
    endloop
  endfacet
  facet normal 0.0841470882297 0.713105857372 0.695987999439
    outer loop
      vertex 107.394119263 -1.37724995613 86.4662017822
      vertex 103.965957642 -1.34126079082 86.9058532715
      vertex 103.734405518 -1.88663423061 86.400894165
    endloop
  endfacet
  facet normal 0.0872377976775 0.693022072315 0.715618610382
    outer loop
      vertex 107.394119263 -1.37724995613 86.4662017822
      vertex 103.734405518 -1.88663423061 86.400894165
      vertex 107.16607666 -1.86535191536 85.9908905029
    endloop
  endfacet
  facet normal 0.0285235662013 0.709446787834 0.704181611538
    outer loop
      vertex 107.16607666 -1.86535191536 85.9908905029
      vertex 128.503463745 -1.00817775726 85.9838256836
      vertex 107.394119263 -1.37724995613 86.4662017822
    endloop
  endfacet
  facet normal 0.195269420743 0.676930129528 0.709672749043
    outer loop
      vertex 103.965957642 -1.34126079082 86.9058532715
      vertex 100.59437561 -1.57936704159 87.6288070679
      vertex 103.734405518 -1.88663423061 86.400894165
    endloop
  endfacet
  facet normal 0.202728360891 0.691835105419 0.693011820316
    outer loop
      vertex 103.734405518 -1.88663423061 86.400894165
      vertex 100.59437561 -1.57936704159 87.6288070679
      vertex 100.359909058 -2.19467163086 87.081161499
    endloop
  endfacet
  facet normal 0.306362509727 0.650096535683 0.695353507996
    outer loop
      vertex 100.59437561 -1.57936704159 87.6288070679
      vertex 97.3241424561 -2.08839988708 88.6254577637
      vertex 100.359909058 -2.19467163086 87.081161499
    endloop
  endfacet
  facet normal 0.312269240618 0.692439079285 0.650396823883
    outer loop
      vertex 100.59437561 -1.57936704159 87.6288070679
      vertex 97.5859527588 -1.35477352142 89.196472168
      vertex 97.3241424561 -2.08839988708 88.6254577637
    endloop
  endfacet
  facet normal 0.304346829653 0.679671287537 0.667397856712
    outer loop
      vertex 100.855941772 -0.932043254375 88.147315979
      vertex 97.5859527588 -1.35477352142 89.196472168
      vertex 100.59437561 -1.57936704159 87.6288070679
    endloop
  endfacet
  facet normal 0.201701447368 0.723062992096 0.660678803921
    outer loop
      vertex 103.965957642 -1.34126079082 86.9058532715
      vertex 100.855941772 -0.932043254375 88.147315979
      vertex 100.59437561 -1.57936704159 87.6288070679
    endloop
  endfacet
  facet normal 0.193185791373 0.707895934582 0.679383993149
    outer loop
      vertex 104.226898193 -0.76854133606 87.3842926025
      vertex 100.855941772 -0.932043254375 88.147315979
      vertex 103.965957642 -1.34126079082 86.9058532715
    endloop
  endfacet
  facet normal 0.0827175229788 0.745951771736 0.660843193531
    outer loop
      vertex 107.65397644 -0.866438806057 86.9175415039
      vertex 104.226898193 -0.76854133606 87.3842926025
      vertex 103.965957642 -1.34126079082 86.9058532715
    endloop
  endfacet
  facet normal 0.0840083956718 0.753570318222 0.651977241039
    outer loop
      vertex 107.924072266 -0.374278813601 87.3132400513
      vertex 104.226898193 -0.76854133606 87.3842926025
      vertex 107.65397644 -0.866438806057 86.9175415039
    endloop
  endfacet
  facet normal 0.0259183514863 0.772088706493 0.634986042976
    outer loop
      vertex 107.65397644 -0.866438806057 86.9175415039
      vertex 128.468414307 -0.142365470529 86.8143157959
      vertex 107.924072266 -0.374278813601 87.3132400513
    endloop
  endfacet
  facet normal 0.0259803403169 0.778036534786 0.627681612968
    outer loop
      vertex 107.924072266 -0.374278813601 87.3132400513
      vertex 128.468414307 -0.142365470529 86.8143157959
      vertex 128.430633545 0.790700256824 87.5683288574
    endloop
  endfacet
  facet normal 0.0245346557349 0.795107603073 0.605971872807
    outer loop
      vertex 107.924072266 -0.374278813601 87.3132400513
      vertex 128.430633545 0.790700256824 87.5683288574
      vertex 108.123947144 -0.0300971474499 87.5693817139
    endloop
  endfacet
  facet normal 0.0723011419177 0.779560089111 0.622140347958
    outer loop
      vertex 107.924072266 -0.374278813601 87.3132400513
      vertex 108.123947144 -0.0300971474499 87.5693817139
      vertex 104.821487427 0.417378842831 88.2327880859
    endloop
  endfacet
  facet normal 0.087000913918 0.802142381668 0.590760886669
    outer loop
      vertex 104.821487427 0.417378842831 88.2327880859
      vertex 104.495407104 -0.215413808823 87.802116394
      vertex 107.924072266 -0.374278813601 87.3132400513
    endloop
  endfacet
  facet normal 0.081629537046 0.775812208652 0.625661253929
    outer loop
      vertex 107.924072266 -0.374278813601 87.3132400513
      vertex 104.495407104 -0.215413808823 87.802116394
      vertex 104.226898193 -0.76854133606 87.3842926025
    endloop
  endfacet
  facet normal 0.191492706537 0.736219525337 0.649084985256
    outer loop
      vertex 104.495407104 -0.215413808823 87.802116394
      vertex 101.122558594 -0.306187897921 88.5993728638
      vertex 104.226898193 -0.76854133606 87.3842926025
    endloop
  endfacet
  facet normal 0.200607001781 0.75161677599 0.62835419178
    outer loop
      vertex 104.226898193 -0.76854133606 87.3842926025
      vertex 101.122558594 -0.306187897921 88.5993728638
      vertex 100.855941772 -0.932043254375 88.147315979
    endloop
  endfacet
  facet normal 0.302794575691 0.706700980663 0.639444410801
    outer loop
      vertex 101.122558594 -0.306187897921 88.5993728638
      vertex 97.8505859375 -0.645401835442 89.6943588257
      vertex 100.855941772 -0.932043254375 88.147315979
    endloop
  endfacet
  facet normal 0.311103582382 0.719425201416 0.621000766754
    outer loop
      vertex 100.855941772 -0.932043254375 88.147315979
      vertex 97.8505859375 -0.645401835442 89.6943588257
      vertex 97.5859527588 -1.35477352142 89.196472168
    endloop
  endfacet
  facet normal 0.410029053688 0.667548656464 0.621494174004
    outer loop
      vertex 97.8505859375 -0.645401835442 89.6943588257
      vertex 94.72315979 -1.22851169109 91.0724411011
      vertex 97.5859527588 -1.35477352142 89.196472168
    endloop
  endfacet
  facet normal 0.41751524806 0.677870929241 0.60512149334
    outer loop
      vertex 97.5859527588 -1.35477352142 89.196472168
      vertex 94.72315979 -1.22851169109 91.0724411011
      vertex 94.6793136597 -1.36245393753 90.9798812866
    endloop
  endfacet
  facet normal 0.511776864529 0.619265258312 0.595478713512
    outer loop
      vertex 94.72315979 -1.22851169109 91.0724411011
      vertex 94.6793136597 -1.24072563648 91.0969314575
      vertex 94.6793136597 -1.36245393753 90.9798812866
    endloop
  endfacet
  facet normal 0.517794907093 0.649078249931 0.557302296162
    outer loop
      vertex 94.72315979 -1.22851169109 91.0724411011
      vertex 94.6793136597 -1.22494995594 91.1104736328
      vertex 94.6793136597 -1.24072563648 91.0969314575
    endloop
  endfacet
  facet normal 0.510311484337 0.641861617565 0.572359919548
    outer loop
      vertex 94.72315979 -1.22851169109 91.0724411011
      vertex 95.0347290039 -0.310695588589 91.643157959
      vertex 94.6793136597 -1.22494995594 91.1104736328
    endloop
  endfacet
  facet normal 0.510302662849 0.641868233681 0.572360336781
    outer loop
      vertex 94.6793136597 -0.395661920309 91.8499603271
      vertex 94.6793136597 -1.22494995594 91.1104736328
      vertex 95.0347290039 -0.310695588589 91.643157959
    endloop
  endfacet
  facet normal 0.517281413078 0.670524358749 0.531805455685
    outer loop
      vertex 95.0347290039 -0.310695588589 91.643157959
      vertex 94.6793136597 -0.261830866337 91.9561080933
      vertex 94.6793136597 -0.395661920309 91.8499603271
    endloop
  endfacet
  facet normal 0.509436666965 0.664035618305 0.547294259071
    outer loop
      vertex 94.6793136597 0.498302698135 92.5826034546
      vertex 94.6793136597 -0.261830866337 91.9561080933
      vertex 95.3680267334 0.635133266449 92.1670074463
    endloop
  endfacet
  facet normal 0.517171323299 0.690580368042 0.505601227283
    outer loop
      vertex 95.3680267334 0.635133266449 92.1670074463
      vertex 94.6793136597 0.769319713116 92.7810287476
      vertex 94.6793136597 0.498302698135 92.5826034546
    endloop
  endfacet
  facet normal 0.508954107761 0.68483799696 0.521500349045
    outer loop
      vertex 95.3680267334 0.635133266449 92.1670074463
      vertex 95.7234802246 1.60771238804 92.6434555054
      vertex 94.6793136597 0.769319713116 92.7810287476
    endloop
  endfacet
  facet normal 0.508954226971 0.684837758541 0.521500587463
    outer loop
      vertex 94.6793136597 1.44328510761 93.2942428589
      vertex 94.6793136597 0.769319713116 92.7810287476
      vertex 95.7234802246 1.60771238804 92.6434555054
    endloop
  endfacet
  facet normal 0.517459750175 0.709307849407 0.478662490845
    outer loop
      vertex 95.7234802246 1.60771238804 92.6434555054
      vertex 94.6793136597 1.87091457844 93.582824707
      vertex 94.6793136597 1.44328510761 93.2942428589
    endloop
  endfacet
  facet normal 0.508916735649 0.704351842403 0.494865894318
    outer loop
      vertex 95.7234802246 1.60771238804 92.6434555054
      vertex 96.1000213623 2.60384511948 93.0712585449
      vertex 94.6793136597 1.87091457844 93.582824707
    endloop
  endfacet
  facet normal 0.416224300861 0.767798483372 0.487075805664
    outer loop
      vertex 98.8715515137 1.86481082439 91.0999832153
      vertex 96.1000213623 2.60384511948 93.0712585449
      vertex 95.7234802246 1.60771238804 92.6434555054
    endloop
  endfacet
  facet normal 0.406282007694 0.739175379276 0.537172853947
    outer loop
      vertex 98.8715515137 1.86481082439 91.0999832153
      vertex 95.7234802246 1.60771238804 92.6434555054
      vertex 98.506729126 1.00348567963 90.6745605469
    endloop
  endfacet
  facet normal 0.309513807297 0.79398047924 0.523255348206
    outer loop
      vertex 101.791564941 1.14911186695 89.490020752
      vertex 98.8715515137 1.86481082439 91.0999832153
      vertex 98.506729126 1.00348567963 90.6745605469
    endloop
  endfacet
  facet normal 0.299281418324 0.758817136288 0.578469693661
    outer loop
      vertex 101.791564941 1.14911186695 89.490020752
      vertex 98.506729126 1.00348567963 90.6745605469
      vertex 101.443496704 0.410157233477 89.0639724731
    endloop
  endfacet
  facet normal 0.199361681938 0.805368542671 0.558244049549
    outer loop
      vertex 104.821487427 0.417378842831 88.2327880859
      vertex 101.791564941 1.14911186695 89.490020752
      vertex 101.443496704 0.410157233477 89.0639724731
    endloop
  endfacet
  facet normal 0.189227342606 0.763669252396 0.61725383997
    outer loop
      vertex 104.821487427 0.417378842831 88.2327880859
      vertex 101.443496704 0.410157233477 89.0639724731
      vertex 104.495407104 -0.215413808823 87.802116394
    endloop
  endfacet
  facet normal 0.200065478683 0.778683483601 0.59466445446
    outer loop
      vertex 104.495407104 -0.215413808823 87.802116394
      vertex 101.443496704 0.410157233477 89.0639724731
      vertex 101.122558594 -0.306187897921 88.5993728638
    endloop
  endfacet
  facet normal 0.300805836916 0.732964932919 0.610146105289
    outer loop
      vertex 101.443496704 0.410157233477 89.0639724731
      vertex 98.1665649414 0.166375011206 90.2058792114
      vertex 101.122558594 -0.306187897921 88.5993728638
    endloop
  endfacet
  facet normal 0.310531318188 0.745032668114 0.590336024761
    outer loop
      vertex 101.122558594 -0.306187897921 88.5993728638
      vertex 98.1665649414 0.166375011206 90.2058792114
      vertex 97.8505859375 -0.645401835442 89.6943588257
    endloop
  endfacet
  facet normal 0.40831643343 0.69219237566 0.595102846622
    outer loop
      vertex 98.1665649414 0.166375011206 90.2058792114
      vertex 95.0347290039 -0.310695588589 91.643157959
      vertex 97.8505859375 -0.645401835442 89.6943588257
    endloop
  endfacet
  facet normal 0.416910499334 0.701642811298 0.577826082706
    outer loop
      vertex 97.8505859375 -0.645401835442 89.6943588257
      vertex 95.0347290039 -0.310695588589 91.643157959
      vertex 94.72315979 -1.22851169109 91.0724411011
    endloop
  endfacet
  facet normal 0.416352540255 0.725212752819 0.548376739025
    outer loop
      vertex 98.1665649414 0.166375011206 90.2058792114
      vertex 95.3680267334 0.635133266449 92.1670074463
      vertex 95.0347290039 -0.310695588589 91.643157959
    endloop
  endfacet
  facet normal 0.509437561035 0.664034545422 0.547294735909
    outer loop
      vertex 95.0347290039 -0.310695588589 91.643157959
      vertex 95.3680267334 0.635133266449 92.1670074463
      vertex 94.6793136597 -0.261830866337 91.9561080933
    endloop
  endfacet
  facet normal 0.407143622637 0.716416060925 0.566552817822
    outer loop
      vertex 98.506729126 1.00348567963 90.6745605469
      vertex 95.3680267334 0.635133266449 92.1670074463
      vertex 98.1665649414 0.166375011206 90.2058792114
    endloop
  endfacet
  facet normal 0.309899508953 0.770356416702 0.55723720789
    outer loop
      vertex 101.443496704 0.410157233477 89.0639724731
      vertex 98.506729126 1.00348567963 90.6745605469
      vertex 98.1665649414 0.166375011206 90.2058792114
    endloop
  endfacet
  facet normal 0.416120380163 0.747242927551 0.518142640591
    outer loop
      vertex 98.506729126 1.00348567963 90.6745605469
      vertex 95.7234802246 1.60771238804 92.6434555054
      vertex 95.3680267334 0.635133266449 92.1670074463
    endloop
  endfacet
  facet normal 0.187320649624 0.790681064129 0.582867443562
    outer loop
      vertex 105.177963257 1.07004642487 88.6294631958
      vertex 101.791564941 1.14911186695 89.490020752
      vertex 104.821487427 0.417378842831 88.2327880859
    endloop
  endfacet
  facet normal 0.0786558687687 0.83225518465 0.548784554005
    outer loop
      vertex 108.6199646 0.76735407114 88.1045684814
      vertex 105.177963257 1.07004642487 88.6294631958
      vertex 104.821487427 0.417378842831 88.2327880859
    endloop
  endfacet
  facet normal 0.0809883028269 0.808591902256 0.582769274712
    outer loop
      vertex 104.821487427 0.417378842831 88.2327880859
      vertex 108.255096436 0.187941610813 87.7235183716
      vertex 108.6199646 0.76735407114 88.1045684814
    endloop
  endfacet
  facet normal 0.023086708039 0.828552901745 0.559434592724
    outer loop
      vertex 128.430633545 0.790700256824 87.5683288574
      vertex 108.6199646 0.76735407114 88.1045684814
      vertex 108.255096436 0.187941610813 87.7235183716
    endloop
  endfacet
  facet normal 0.0237513035536 0.809547960758 0.586573064327
    outer loop
      vertex 128.430633545 0.790700256824 87.5683288574
      vertex 108.255096436 0.187941610813 87.7235183716
      vertex 108.123947144 -0.0300971474499 87.5693817139
    endloop
  endfacet
  facet normal 0.0769390538335 0.791748821735 0.605982005596
    outer loop
      vertex 104.821487427 0.417378842831 88.2327880859
      vertex 108.123947144 -0.0300971474499 87.5693817139
      vertex 108.255096436 0.187941610813 87.7235183716
    endloop
  endfacet
  facet normal 0.0230855513364 0.828507244587 0.5595023036
    outer loop
      vertex 128.390396118 1.78428757191 88.2404327393
      vertex 108.6199646 0.76735407114 88.1045684814
      vertex 128.430633545 0.790700256824 87.5683288574
    endloop
  endfacet
  facet normal 0.225840419531 0.811114966869 0.539526283741
    outer loop
      vertex 129.248291016 -0.0700822100043 86.7681045532
      vertex 128.390396118 1.78428757191 88.2404327393
      vertex 128.430633545 0.790700256824 87.5683288574
    endloop
  endfacet
  facet normal 0.103666774929 0.775642156601 0.622601389885
    outer loop
      vertex 128.430633545 0.790700256824 87.5683288574
      vertex 128.468414307 -0.142365470529 86.8143157959
      vertex 129.248291016 -0.0700822100043 86.7681045532
    endloop
  endfacet
  facet normal 0.102101333439 0.801535248756 0.589165985584
    outer loop
      vertex 129.170623779 1.84818100929 88.1880111694
      vertex 128.390396118 1.78428757191 88.2404327393
      vertex 129.248291016 -0.0700822100043 86.7681045532
    endloop
  endfacet
  facet normal 0.255850821733 0.781935811043 0.568433582783
    outer loop
      vertex 129.248291016 -0.0700822100043 86.7681045532
      vertex 129.929031372 1.97500109673 88.0320510864
      vertex 129.170623779 1.84818100929 88.1880111694
    endloop
  endfacet
  facet normal 0.250167042017 0.868426084518 0.428080171347
    outer loop
      vertex 129.170623779 1.84818100929 88.1880111694
      vertex 129.929031372 1.97500109673 88.0320510864
      vertex 129.843887329 4.07773017883 89.0930938721
    endloop
  endfacet
  facet normal 0.250176519156 0.868422627449 0.42808163166
    outer loop
      vertex 129.170623779 1.84818100929 88.1880111694
      vertex 129.843887329 4.07773017883 89.0930938721
      vertex 129.084365845 3.97862744331 89.2630462646
    endloop
  endfacet
  facet normal 0.159999415278 0.883865177631 0.439525306225
    outer loop
      vertex 129.084365845 3.97862744331 89.2630462646
      vertex 128.348007202 2.83125591278 88.8257827759
      vertex 129.170623779 1.84818100929 88.1880111694
    endloop
  endfacet
  facet normal 0.0979986190796 0.87032777071 0.482623904943
    outer loop
      vertex 129.170623779 1.84818100929 88.1880111694
      vertex 128.348007202 2.83125591278 88.8257827759
      vertex 128.390396118 1.78428757191 88.2404327393
    endloop
  endfacet
  facet normal 0.0197284538299 0.873014569283 0.487294971943
    outer loop
      vertex 128.348007202 2.83125591278 88.8257827759
      vertex 109.520553589 2.06983375549 88.8262405396
      vertex 128.390396118 1.78428757191 88.2404327393
    endloop
  endfacet
  facet normal 0.0207725781947 0.890585005283 0.454342186451
    outer loop
      vertex 128.390396118 1.78428757191 88.2404327393
      vertex 109.520553589 2.06983375549 88.8262405396
      vertex 109.453491211 1.97774088383 88.7808227539
    endloop
  endfacet
  facet normal 0.0201823469251 0.878274381161 0.477730840445
    outer loop
      vertex 128.390396118 1.78428757191 88.2404327393
      vertex 109.453491211 1.97774088383 88.7808227539
      vertex 109.019256592 1.36390554905 88.4569091797
    endloop
  endfacet
  facet normal 0.0208084788173 0.854684472084 0.518730580807
    outer loop
      vertex 109.019256592 1.36390554905 88.4569091797
      vertex 108.6199646 0.76735407114 88.1045684814
      vertex 128.390396118 1.78428757191 88.2404327393
    endloop
  endfacet
  facet normal 0.0792216658592 0.834205746651 0.54573315382
    outer loop
      vertex 109.019256592 1.36390554905 88.4569091797
      vertex 105.177963257 1.07004642487 88.6294631958
      vertex 108.6199646 0.76735407114 88.1045684814
    endloop
  endfacet
  facet normal 0.0773873105645 0.858003497124 0.50778067112
    outer loop
      vertex 109.019256592 1.36390554905 88.4569091797
      vertex 105.56539917 1.74206936359 88.9922332764
      vertex 105.177963257 1.07004642487 88.6294631958
    endloop
  endfacet
  facet normal 0.185517624021 0.816013276577 0.547453641891
    outer loop
      vertex 105.56539917 1.74206936359 88.9922332764
      vertex 102.167282104 1.90979993343 89.8773117065
      vertex 105.177963257 1.07004642487 88.6294631958
    endloop
  endfacet
  facet normal 0.198803678155 0.830170929432 0.520858287811
    outer loop
      vertex 105.177963257 1.07004642487 88.6294631958
      vertex 102.167282104 1.90979993343 89.8773117065
      vertex 101.791564941 1.14911186695 89.490020752
    endloop
  endfacet
  facet normal 0.297969639301 0.783096075058 0.545870542526
    outer loop
      vertex 102.167282104 1.90979993343 89.8773117065
      vertex 98.8715515137 1.86481082439 91.0999832153
      vertex 101.791564941 1.14911186695 89.490020752
    endloop
  endfacet
  facet normal 0.30937564373 0.815957069397 0.488365441561
    outer loop
      vertex 102.167282104 1.90979993343 89.8773117065
      vertex 99.2602996826 2.74780154228 91.4810714722
      vertex 98.8715515137 1.86481082439 91.0999832153
    endloop
  endfacet
  facet normal 0.405774861574 0.760534226894 0.506887018681
    outer loop
      vertex 99.2602996826 2.74780154228 91.4810714722
      vertex 96.1000213623 2.60384511948 93.0712585449
      vertex 98.8715515137 1.86481082439 91.0999832153
    endloop
  endfacet
  facet normal 0.416712462902 0.786967694759 0.455008327961
    outer loop
      vertex 99.2602996826 2.74780154228 91.4810714722
      vertex 96.4962005615 3.620054245 93.4490280151
      vertex 96.1000213623 2.60384511948 93.0712585449
    endloop
  endfacet
  facet normal 0.509378194809 0.722656548023 0.467227339745
    outer loop
      vertex 96.1000213623 2.60384511948 93.0712585449
      vertex 96.4962005615 3.620054245 93.4490280151
      vertex 94.6793136597 3.04223966599 94.3561172485
    endloop
  endfacet
  facet normal 0.509378194809 0.722656965256 0.467226743698
    outer loop
      vertex 94.6793136597 3.48619413376 94.6431503296
      vertex 94.6793136597 3.04223966599 94.3561172485
      vertex 96.4962005615 3.620054245 93.4490280151
    endloop
  endfacet
  facet normal 0.519483923912 0.743127763271 0.421779066324
    outer loop
      vertex 96.4962005615 3.620054245 93.4490280151
      vertex 94.6793136597 4.2834610939 95.0956573486
      vertex 94.6793136597 3.48619413376 94.6431503296
    endloop
  endfacet
  facet normal 0.525403857231 0.780685603619 0.338350087404
    outer loop
      vertex 97.6392822266 6.39901304245 94.199798584
      vertex 94.6793136597 6.68154764175 96.3143157959
      vertex 94.6793136597 6.51209449768 96.2408752441
    endloop
  endfacet
  facet normal 0.512915551662 0.765367627144 0.388754546642
    outer loop
      vertex 94.6793136597 6.51209449768 96.2408752441
      vertex 94.6793136597 6.48590326309 96.2275695801
      vertex 97.6392822266 6.39901304245 94.199798584
    endloop
  endfacet
  facet normal 0.516889631748 0.770495474339 0.373043984175
    outer loop
      vertex 94.6793136597 6.48590326309 96.2275695801
      vertex 94.6793136597 5.30959367752 95.6580505371
      vertex 97.6392822266 6.39901304245 94.199798584
    endloop
  endfacet
  facet normal 0.518455684185 0.760948777199 0.390077769756
    outer loop
      vertex 97.1859130859 5.32102441788 93.9560928345
      vertex 97.6392822266 6.39901304245 94.199798584
      vertex 94.6793136597 5.30959367752 95.6580505371
    endloop
  endfacet
  facet normal 0.512512564659 0.752032160759 0.414461702108
    outer loop
      vertex 94.6793136597 5.30959367752 95.6580505371
      vertex 94.6793136597 5.18874549866 95.5914459229
      vertex 97.1859130859 5.32102441788 93.9560928345
    endloop
  endfacet
  facet normal 0.515850424767 0.758455455303 0.398301035166
    outer loop
      vertex 94.6793136597 5.18874549866 95.5914459229
      vertex 94.6793136597 4.58479309082 95.2742843628
      vertex 97.1859130859 5.32102441788 93.9560928345
    endloop
  endfacet
  facet normal 0.515974223614 0.74928355217 0.415144324303
    outer loop
      vertex 96.9119262695 4.65498209 93.7757415771
      vertex 97.1859130859 5.32102441788 93.9560928345
      vertex 94.6793136597 4.58479309082 95.2742843628
    endloop
  endfacet
  facet normal 0.510324180126 0.739770412445 0.438530504704
    outer loop
      vertex 94.6793136597 4.58479309082 95.2742843628
      vertex 94.6793136597 4.2834610939 95.0956573486
      vertex 96.9119262695 4.65498209 93.7757415771
    endloop
  endfacet
  facet normal 0.510324060917 0.739769995213 0.438531279564
    outer loop
      vertex 96.4962005615 3.620054245 93.4490280151
      vertex 96.9119262695 4.65498209 93.7757415771
      vertex 94.6793136597 4.2834610939 95.0956573486
    endloop
  endfacet
  facet normal 0.41761520505 0.804780066013 0.421813458204
    outer loop
      vertex 99.6718444824 3.64970111847 91.8166656494
      vertex 96.9119262695 4.65498209 93.7757415771
      vertex 96.4962005615 3.620054245 93.4490280151
    endloop
  endfacet
  facet normal 0.405669122934 0.78056371212 0.475555300713
    outer loop
      vertex 99.6718444824 3.64970111847 91.8166656494
      vertex 96.4962005615 3.620054245 93.4490280151
      vertex 99.2602996826 2.74780154228 91.4810714722
    endloop
  endfacet
  facet normal 0.309517115355 0.83635866642 0.452441513538
    outer loop
      vertex 102.570281982 2.69043707848 90.2250900269
      vertex 99.6718444824 3.64970111847 91.8166656494
      vertex 99.2602996826 2.74780154228 91.4810714722
    endloop
  endfacet
  facet normal 0.29690554738 0.805855989456 0.512292146683
    outer loop
      vertex 102.570281982 2.69043707848 90.2250900269
      vertex 99.2602996826 2.74780154228 91.4810714722
      vertex 102.167282104 1.90979993343 89.8773117065
    endloop
  endfacet
  facet normal 0.198392257094 0.853133618832 0.482497215271
    outer loop
      vertex 105.56539917 1.74206936359 88.9922332764
      vertex 102.570281982 2.69043707848 90.2250900269
      vertex 102.167282104 1.90979993343 89.8773117065
    endloop
  endfacet
  facet normal 0.18383719027 0.839695155621 0.510995030403
    outer loop
      vertex 105.98387146 2.43255281448 89.3208084106
      vertex 102.570281982 2.69043707848 90.2250900269
      vertex 105.56539917 1.74206936359 88.9922332764
    endloop
  endfacet
  facet normal 0.0761671438813 0.881654500961 0.465707987547
    outer loop
      vertex 109.453491211 1.97774088383 88.7808227539
      vertex 105.98387146 2.43255281448 89.3208084106
      vertex 105.56539917 1.74206936359 88.9922332764
    endloop
  endfacet
  facet normal 0.0774256438017 0.858114302158 0.507587492466
    outer loop
      vertex 109.453491211 1.97774088383 88.7808227539
      vertex 105.56539917 1.74206936359 88.9922332764
      vertex 109.019256592 1.36390554905 88.4569091797
    endloop
  endfacet
  facet normal 0.0841302648187 0.900289416313 0.427084445953
    outer loop
      vertex 106.432952881 3.14068388939 89.6147689819
      vertex 105.98387146 2.43255281448 89.3208084106
      vertex 109.453491211 1.97774088383 88.7808227539
    endloop
  endfacet
  facet normal 0.0590901710093 0.877555847168 0.475819408894
    outer loop
      vertex 109.453491211 1.97774088383 88.7808227539
      vertex 109.520553589 2.06983375549 88.8262405396
      vertex 106.432952881 3.14068388939 89.6147689819
    endloop
  endfacet
  facet normal 0.0664898976684 0.885321140289 0.46020168066
    outer loop
      vertex 106.432952881 3.14068388939 89.6147689819
      vertex 109.520553589 2.06983375549 88.8262405396
      vertex 109.922637939 2.60922122002 89.076423645
    endloop
  endfacet
  facet normal 0.0738347992301 0.900882720947 0.427736788988
    outer loop
      vertex 106.432952881 3.14068388939 89.6147689819
      vertex 109.922637939 2.60922122002 89.076423645
      vertex 110.426315308 3.25858688354 89.343460083
    endloop
  endfacet
  facet normal 0.0738594308496 0.92277687788 0.378189861774
    outer loop
      vertex 110.426315308 3.25858688354 89.343460083
      vertex 106.912353516 3.86599206924 89.8736572266
      vertex 106.432952881 3.14068388939 89.6147689819
    endloop
  endfacet
  facet normal 0.180976301432 0.882284462452 0.434536218643
    outer loop
      vertex 106.912353516 3.86599206924 89.8736572266
      vertex 103.455627441 4.30500078201 90.7989273071
      vertex 106.432952881 3.14068388939 89.6147689819
    endloop
  endfacet
  facet normal 0.198058053851 0.893736302853 0.402502685785
    outer loop
      vertex 106.432952881 3.14068388939 89.6147689819
      vertex 103.455627441 4.30500078201 90.7989273071
      vertex 102.999801636 3.48915553093 90.5325164795
    endloop
  endfacet
  facet normal 0.182323694229 0.861786305904 0.473373413086
    outer loop
      vertex 106.432952881 3.14068388939 89.6147689819
      vertex 102.999801636 3.48915553093 90.5325164795
      vertex 105.98387146 2.43255281448 89.3208084106
    endloop
  endfacet
  facet normal 0.198139294982 0.87431460619 0.443074226379
    outer loop
      vertex 105.98387146 2.43255281448 89.3208084106
      vertex 102.999801636 3.48915553093 90.5325164795
      vertex 102.570281982 2.69043707848 90.2250900269
    endloop
  endfacet
  facet normal 0.296131074429 0.827155828476 0.477618724108
    outer loop
      vertex 102.999801636 3.48915553093 90.5325164795
      vertex 99.6718444824 3.64970111847 91.8166656494
      vertex 102.570281982 2.69043707848 90.2250900269
    endloop
  endfacet
  facet normal 0.309962809086 0.855218172073 0.415361195803
    outer loop
      vertex 102.999801636 3.48915553093 90.5325164795
      vertex 100.106018066 4.5692691803 92.1059188843
      vertex 99.6718444824 3.64970111847 91.8166656494
    endloop
  endfacet
  facet normal 0.405964374542 0.799286961555 0.443095117807
    outer loop
      vertex 100.106018066 4.5692691803 92.1059188843
      vertex 96.9119262695 4.65498209 93.7757415771
      vertex 99.6718444824 3.64970111847 91.8166656494
    endloop
  endfacet
  facet normal 0.417592138052 0.818985641003 0.393547177315
    outer loop
      vertex 100.106018066 4.5692691803 92.1059188843
      vertex 97.1859130859 5.32102441788 93.9560928345
      vertex 96.9119262695 4.65498209 93.7757415771
    endloop
  endfacet
  facet normal 0.407823801041 0.812733948231 0.416104882956
    outer loop
      vertex 100.393280029 5.16157531738 92.2650222778
      vertex 97.1859130859 5.32102441788 93.9560928345
      vertex 100.106018066 4.5692691803 92.1059188843
    endloop
  endfacet
  facet normal 0.309246122837 0.870132386684 0.383714079857
    outer loop
      vertex 103.455627441 4.30500078201 90.7989273071
      vertex 100.393280029 5.16157531738 92.2650222778
      vertex 100.106018066 4.5692691803 92.1059188843
    endloop
  endfacet
  facet normal 0.295645385981 0.847014546394 0.441769391298
    outer loop
      vertex 103.455627441 4.30500078201 90.7989273071
      vertex 100.106018066 4.5692691803 92.1059188843
      vertex 102.999801636 3.48915553093 90.5325164795
    endloop
  endfacet
  facet normal 0.297038763762 0.861296534538 0.412233293056
    outer loop
      vertex 103.758468628 4.83133029938 90.946395874
      vertex 100.393280029 5.16157531738 92.2650222778
      vertex 103.455627441 4.30500078201 90.7989273071
    endloop
  endfacet
  facet normal 0.196580439806 0.908901512623 0.367769211531
    outer loop
      vertex 106.912353516 3.86599206924 89.8736572266
      vertex 103.758468628 4.83133029938 90.946395874
      vertex 103.455627441 4.30500078201 90.7989273071
    endloop
  endfacet
  facet normal 0.181801855564 0.897025823593 0.402855813503
    outer loop
      vertex 107.23223877 4.33511257172 90.0195083618
      vertex 103.758468628 4.83133029938 90.946395874
      vertex 106.912353516 3.86599206924 89.8736572266
    endloop
  endfacet
  facet normal 0.0748651921749 0.936622321606 0.342248171568
    outer loop
      vertex 110.763717651 3.68017983437 89.4979171753
      vertex 107.23223877 4.33511257172 90.0195083618
      vertex 106.912353516 3.86599206924 89.8736572266
    endloop
  endfacet
  facet normal 0.0705366283655 0.91707187891 0.392433106899
    outer loop
      vertex 110.763717651 3.68017983437 89.4979171753
      vertex 106.912353516 3.86599206924 89.8736572266
      vertex 110.426315308 3.25858688354 89.343460083
    endloop
  endfacet
  facet normal 0.0143999271095 0.935093104839 0.354109436274
    outer loop
      vertex 128.303771973 3.92404985428 89.3201599121
      vertex 110.763717651 3.68017983437 89.4979171753
      vertex 110.426315308 3.25858688354 89.343460083
    endloop
  endfacet
  facet normal 0.0165077019483 0.911228775978 0.411569714546
    outer loop
      vertex 128.348007202 2.83125591278 88.8257827759
      vertex 128.303771973 3.92404985428 89.3201599121
      vertex 110.426315308 3.25858688354 89.343460083
    endloop
  endfacet
  facet normal 0.0172338541597 0.919943213463 0.391672730446
    outer loop
      vertex 110.426315308 3.25858688354 89.343460083
      vertex 109.922637939 2.60922122002 89.076423645
      vertex 128.348007202 2.83125591278 88.8257827759
    endloop
  endfacet
  facet normal 0.0174683500081 0.901995122433 0.43139269948
    outer loop
      vertex 128.348007202 2.83125591278 88.8257827759
      vertex 109.922637939 2.60922122002 89.076423645
      vertex 109.520553589 2.06983375549 88.8262405396
    endloop
  endfacet
  facet normal 0.0949327126145 0.908424794674 0.40712672472
    outer loop
      vertex 129.084365845 3.97862744331 89.2630462646
      vertex 128.303771973 3.92404985428 89.3201599121
      vertex 128.348007202 2.83125591278 88.8257827759
    endloop
  endfacet
  facet normal 0.0917558073997 0.939976632595 0.328671336174
    outer loop
      vertex 128.257980347 5.05480194092 89.7200088501
      vertex 128.303771973 3.92404985428 89.3201599121
      vertex 129.084365845 3.97862744331 89.2630462646
    endloop
  endfacet
  facet normal 0.213632240891 0.947418272495 0.238243296742
    outer loop
      vertex 129.084365845 3.97862744331 89.2630462646
      vertex 128.210983276 6.21536111832 90.0224456787
      vertex 128.257980347 5.05480194092 89.7200088501
    endloop
  endfacet
  facet normal 0.0095165418461 0.967731893063 0.251802235842
    outer loop
      vertex 128.257980347 5.05480194092 89.7200088501
      vertex 128.210983276 6.21536111832 90.0224456787
      vertex 112.543136597 5.78946733475 90.0657043457
    endloop
  endfacet
  facet normal 0.0110737746581 0.975003361702 0.22191388905
    outer loop
      vertex 112.543136597 5.78946733475 90.0657043457
      vertex 111.928482056 5.07654953003 89.9104232788
      vertex 128.257980347 5.05480194092 89.7200088501
    endloop
  endfacet
  facet normal 0.0108746225014 0.963237464428 0.268431246281
    outer loop
      vertex 128.257980347 5.05480194092 89.7200088501
      vertex 111.928482056 5.07654953003 89.9104232788
      vertex 111.334014893 4.37331914902 89.7211608887
    endloop
  endfacet
  facet normal 0.0134679218754 0.942877352238 0.332867741585
    outer loop
      vertex 128.257980347 5.05480194092 89.7200088501
      vertex 111.334014893 4.37331914902 89.7211608887
      vertex 128.303771973 3.92404985428 89.3201599121
    endloop
  endfacet
  facet normal 0.0140177169815 0.948332071304 0.3169696033
    outer loop
      vertex 128.303771973 3.92404985428 89.3201599121
      vertex 111.334014893 4.37331914902 89.7211608887
      vertex 110.763717651 3.68017983437 89.4979171753
    endloop
  endfacet
  facet normal 0.071047745645 0.930906772614 0.358280390501
    outer loop
      vertex 111.334014893 4.37331914902 89.7211608887
      vertex 107.23223877 4.33511257172 90.0195083618
      vertex 110.763717651 3.68017983437 89.4979171753
    endloop
  endfacet
  facet normal 0.0719458162785 0.950374603271 0.302674680948
    outer loop
      vertex 111.334014893 4.37331914902 89.7211608887
      vertex 107.770172119 5.10137319565 90.2228240967
      vertex 107.23223877 4.33511257172 90.0195083618
    endloop
  endfacet
  facet normal 0.179054677486 0.912496387959 0.367817491293
    outer loop
      vertex 107.770172119 5.10137319565 90.2228240967
      vertex 104.265045166 5.68714523315 91.146736145
      vertex 107.23223877 4.33511257172 90.0195083618
    endloop
  endfacet
  facet normal 0.198353514075 0.921760261059 0.333187520504
    outer loop
      vertex 107.23223877 4.33511257172 90.0195083618
      vertex 104.265045166 5.68714523315 91.146736145
      vertex 103.758468628 4.83133029938 90.946395874
    endloop
  endfacet
  facet normal 0.295408189297 0.87652605772 0.380047470331
    outer loop
      vertex 104.265045166 5.68714523315 91.146736145
      vertex 100.871139526 6.12186288834 92.4790420532
      vertex 103.758468628 4.83133029938 90.946395874
    endloop
  endfacet
  facet normal 0.311402916908 0.882796227932 0.351708739996
    outer loop
      vertex 103.758468628 4.83133029938 90.946395874
      vertex 100.871139526 6.12186288834 92.4790420532
      vertex 100.393280029 5.16157531738 92.2650222778
    endloop
  endfacet
  facet normal 0.407266318798 0.827248632908 0.387032181025
    outer loop
      vertex 100.871139526 6.12186288834 92.4790420532
      vertex 97.6392822266 6.39901304245 94.199798584
      vertex 100.393280029 5.16157531738 92.2650222778
    endloop
  endfacet
  facet normal 0.420051008463 0.831062972546 0.364542841911
    outer loop
      vertex 100.393280029 5.16157531738 92.2650222778
      vertex 97.6392822266 6.39901304245 94.199798584
      vertex 97.1859130859 5.32102441788 93.9560928345
    endloop
  endfacet
  facet normal 0.422109991312 0.845474839211 0.327101558447
    outer loop
      vertex 100.871139526 6.12186288834 92.4790420532
      vertex 98.0996398926 7.46644639969 94.3829345703
      vertex 97.6392822266 6.39901304245 94.199798584
    endloop
  endfacet
  facet normal 0.515392780304 0.779502809048 0.356013536453
    outer loop
      vertex 98.0996398926 7.46644639969 94.3829345703
      vertex 95.056640625 7.70840406418 96.5054168701
      vertex 97.6392822266 6.39901304245 94.199798584
    endloop
  endfacet
  facet normal 0.525403738022 0.780685544014 0.338350385427
    outer loop
      vertex 97.6392822266 6.39901304245 94.199798584
      vertex 95.056640625 7.70840406418 96.5054168701
      vertex 94.6793136597 6.68154764175 96.3143157959
    endloop
  endfacet
  facet normal 0.613916575909 0.704210281372 0.356643140316
    outer loop
      vertex 95.056640625 7.70840406418 96.5054168701
      vertex 94.6793136597 7.72047805786 96.8404769897
      vertex 94.6793136597 6.68154764175 96.3143157959
    endloop
  endfacet
  facet normal 0.626559436321 0.733786344528 0.262642145157
    outer loop
      vertex 94.6793136597 11.4632520676 98.339881897
      vertex 94.6793136597 10.8973798752 98.1373443604
      vertex 96.3779449463 11.1692619324 96.7842407227
    endloop
  endfacet
  facet normal 0.635454714298 0.737238526344 0.229513987899
    outer loop
      vertex 96.3779449463 11.1692619324 96.7842407227
      vertex 96.8059082031 12.2476043701 96.7510681152
      vertex 94.6793136597 11.4632520676 98.339881897
    endloop
  endfacet
  facet normal 0.541447162628 0.819056332111 0.189688354731
    outer loop
      vertex 99.4997558594 10.5657100677 94.5807495117
      vertex 96.8059082031 12.2476043701 96.7510681152
      vertex 96.3779449463 11.1692619324 96.7842407227
    endloop
  endfacet
  facet normal 0.525708019733 0.813193738461 0.24969381094
    outer loop
      vertex 99.4997558594 10.5657100677 94.5807495117
      vertex 96.3779449463 11.1692619324 96.7842407227
      vertex 99.0345611572 9.56004238129 94.5726928711
    endloop
  endfacet
  facet normal 0.430838495493 0.878524303436 0.206332921982
    outer loop
      vertex 102.359542847 8.95181751251 92.7992324829
      vertex 99.4997558594 10.5657100677 94.5807495117
      vertex 99.0345611572 9.56004238129 94.5726928711
    endloop
  endfacet
  facet normal 0.413226127625 0.868563711643 0.27357134223
    outer loop
      vertex 102.359542847 8.95181751251 92.7992324829
      vertex 99.0345611572 9.56004238129 94.5726928711
      vertex 101.856811523 8.02012729645 92.7449569702
    endloop
  endfacet
  facet normal 0.316038906574 0.921866595745 0.224235191941
    outer loop
      vertex 105.320114136 7.39047718048 91.4044952393
      vertex 102.359542847 8.95181751251 92.7992324829
      vertex 101.856811523 8.02012729645 92.7449569702
    endloop
  endfacet
  facet normal 0.29671049118 0.906991362572 0.298880517483
    outer loop
      vertex 105.320114136 7.39047718048 91.4044952393
      vertex 101.856811523 8.02012729645 92.7449569702
      vertex 104.786422729 6.54062891006 91.2990341187
    endloop
  endfacet
  facet normal 0.199138432741 0.949398934841 0.242869377136
    outer loop
      vertex 108.327514648 5.87098836899 90.384979248
      vertex 105.320114136 7.39047718048 91.4044952393
      vertex 104.786422729 6.54062891006 91.2990341187
    endloop
  endfacet
  facet normal 0.178322806954 0.928807139397 0.324835807085
    outer loop
      vertex 108.327514648 5.87098836899 90.384979248
      vertex 104.786422729 6.54062891006 91.2990341187
      vertex 107.770172119 5.10137319565 90.2228240967
    endloop
  endfacet
  facet normal 0.0709360316396 0.964447319508 0.254576891661
    outer loop
      vertex 111.928482056 5.07654953003 89.9104232788
      vertex 108.327514648 5.87098836899 90.384979248
      vertex 107.770172119 5.10137319565 90.2228240967
    endloop
  endfacet
  facet normal 0.0692793056369 0.947073280811 0.313452601433
    outer loop
      vertex 111.928482056 5.07654953003 89.9104232788
      vertex 107.770172119 5.10137319565 90.2228240967
      vertex 111.334014893 4.37331914902 89.7211608887
    endloop
  endfacet
  facet normal 0.0676174387336 0.961142122746 0.267644762993
    outer loop
      vertex 112.543136597 5.78946733475 90.0657043457
      vertex 108.327514648 5.87098836899 90.384979248
      vertex 111.928482056 5.07654953003 89.9104232788
    endloop
  endfacet
  facet normal 0.0699436068535 0.976079583168 0.205855756998
    outer loop
      vertex 112.543136597 5.78946733475 90.0657043457
      vertex 108.901046753 6.64299726486 90.5066986084
      vertex 108.327514648 5.87098836899 90.384979248
    endloop
  endfacet
  facet normal 0.177841693163 0.94313955307 0.280820518732
    outer loop
      vertex 108.901046753 6.64299726486 90.5066986084
      vertex 105.320114136 7.39047718048 91.4044952393
      vertex 108.327514648 5.87098836899 90.384979248
    endloop
  endfacet
  facet normal 0.199711173773 0.959992051125 0.196292430162
    outer loop
      vertex 108.901046753 6.64299726486 90.5066986084
      vertex 105.862487793 8.23285198212 91.4639053345
      vertex 105.320114136 7.39047718048 91.4044952393
    endloop
  endfacet
  facet normal 0.297837525606 0.91947889328 0.2566152215
    outer loop
      vertex 105.862487793 8.23285198212 91.4639053345
      vertex 102.359542847 8.95181751251 92.7992324829
      vertex 105.320114136 7.39047718048 91.4044952393
    endloop
  endfacet
  facet normal 0.318127036095 0.930974841118 0.179111868143
    outer loop
      vertex 105.862487793 8.23285198212 91.4639053345
      vertex 102.861526489 9.8584318161 92.8021240234
      vertex 102.359542847 8.95181751251 92.7992324829
    endloop
  endfacet
  facet normal 0.415994346142 0.878975093365 0.233134046197
    outer loop
      vertex 102.861526489 9.8584318161 92.8021240234
      vertex 99.4997558594 10.5657100677 94.5807495117
      vertex 102.359542847 8.95181751251 92.7992324829
    endloop
  endfacet
  facet normal 0.434457629919 0.885871827602 0.162719637156
    outer loop
      vertex 102.861526489 9.8584318161 92.8021240234
      vertex 99.9581298828 11.5340251923 94.5338134766
      vertex 99.4997558594 10.5657100677 94.5807495117
    endloop
  endfacet
  facet normal 0.529952585697 0.821344792843 0.211052015424
    outer loop
      vertex 99.9581298828 11.5340251923 94.5338134766
      vertex 96.8059082031 12.2476043701 96.7510681152
      vertex 99.4997558594 10.5657100677 94.5807495117
    endloop
  endfacet
  facet normal 0.543586373329 0.824088335037 0.159349620342
    outer loop
      vertex 99.9581298828 11.5340251923 94.5338134766
      vertex 96.9807434082 12.6816997528 96.7196807861
      vertex 96.8059082031 12.2476043701 96.7510681152
    endloop
  endfacet
  facet normal 0.534828543663 0.824807882309 0.183440327644
    outer loop
      vertex 100.146026611 11.9243202209 94.4987792969
      vertex 96.9807434082 12.6816997528 96.7196807861
      vertex 99.9581298828 11.5340251923 94.5338134766
    endloop
  endfacet
  facet normal 0.435284644365 0.890918314457 0.129583522677
    outer loop
      vertex 103.358764648 10.7355518341 92.7561950684
      vertex 100.146026611 11.9243202209 94.4987792969
      vertex 99.9581298828 11.5340251923 94.5338134766
    endloop
  endfacet
  facet normal 0.419102340937 0.887597858906 0.191110476851
    outer loop
      vertex 103.358764648 10.7355518341 92.7561950684
      vertex 99.9581298828 11.5340251923 94.5338134766
      vertex 102.861526489 9.8584318161 92.8021240234
    endloop
  endfacet
  facet normal 0.320412576199 0.937961876392 0.132526382804
    outer loop
      vertex 106.407363892 9.05919075012 91.4779205322
      vertex 103.358764648 10.7355518341 92.7561950684
      vertex 102.861526489 9.8584318161 92.8021240234
    endloop
  endfacet
  facet normal 0.299292683601 0.930054783821 0.213124364614
    outer loop
      vertex 106.407363892 9.05919075012 91.4779205322
      vertex 102.861526489 9.8584318161 92.8021240234
      vertex 105.862487793 8.23285198212 91.4639053345
    endloop
  endfacet
  facet normal 0.2004160285 0.968379318714 0.148576378822
    outer loop
      vertex 109.486679077 7.4147734642 90.5883255005
      vertex 106.407363892 9.05919075012 91.4779205322
      vertex 105.862487793 8.23285198212 91.4639053345
    endloop
  endfacet
  facet normal 0.17759642005 0.955432653427 0.235813468695
    outer loop
      vertex 109.486679077 7.4147734642 90.5883255005
      vertex 105.862487793 8.23285198212 91.4639053345
      vertex 108.901046753 6.64299726486 90.5066986084
    endloop
  endfacet
  facet normal 0.0689586475492 0.985262513161 0.156532868743
    outer loop
      vertex 113.173446655 6.51083707809 90.1866760254
      vertex 109.486679077 7.4147734642 90.5883255005
      vertex 108.901046753 6.64299726486 90.5066986084
    endloop
  endfacet
  facet normal 0.0660535991192 0.973058462143 0.220893859863
    outer loop
      vertex 113.173446655 6.51083707809 90.1866760254
      vertex 108.901046753 6.64299726486 90.5066986084
      vertex 112.543136597 5.78946733475 90.0657043457
    endloop
  endfacet
  facet normal 0.00738598918542 0.985129237175 0.17165607214
    outer loop
      vertex 128.210983276 6.21536111832 90.0224456787
      vertex 113.173446655 6.51083707809 90.1866760254
      vertex 112.543136597 5.78946733475 90.0657043457
    endloop
  endfacet
  facet normal 0.00808451045305 0.990264832973 0.138960942626
    outer loop
      vertex 128.210983276 6.21536111832 90.0224456787
      vertex 113.428283691 6.80104541779 90.2253189087
      vertex 113.173446655 6.51083707809 90.1866760254
    endloop
  endfacet
  facet normal 0.0068362345919 0.985616803169 0.168857455254
    outer loop
      vertex 128.163131714 7.39736270905 90.2252807617
      vertex 113.428283691 6.80104541779 90.2253189087
      vertex 128.210983276 6.21536111832 90.0224456787
    endloop
  endfacet
  facet normal 0.0851455032825 0.982583463192 0.16516661644
    outer loop
      vertex 128.992004395 6.25996255875 89.9622650146
      vertex 128.163131714 7.39736270905 90.2252807617
      vertex 128.210983276 6.21536111832 90.0224456787
    endloop
  endfacet
  facet normal 0.0899289101362 0.953240513802 0.288522601128
    outer loop
      vertex 128.992004395 6.25996255875 89.9622650146
      vertex 128.210983276 6.21536111832 90.0224456787
      vertex 129.084365845 3.97862744331 89.2630462646
    endloop
  endfacet
  facet normal 0.24397751689 0.929931223392 0.275141686201
    outer loop
      vertex 129.084365845 3.97862744331 89.2630462646
      vertex 129.752731323 6.32938194275 89.7832183838
      vertex 128.992004395 6.25996255875 89.9622650146
    endloop
  endfacet
  facet normal 0.237453818321 0.964684307575 0.114017121494
    outer loop
      vertex 128.992004395 6.25996255875 89.9622650146
      vertex 129.752731323 6.32938194275 89.7832183838
      vertex 129.65814209 8.66518688202 90.082572937
    endloop
  endfacet
  facet normal 0.237462282181 0.964681923389 0.114019349217
    outer loop
      vertex 128.992004395 6.25996255875 89.9622650146
      vertex 129.65814209 8.66518688202 90.082572937
      vertex 128.89616394 8.62655067444 90.2655715942
    endloop
  endfacet
  facet normal 0.147053167224 0.981837213039 0.119879320264
    outer loop
      vertex 128.89616394 8.62655067444 90.2655715942
      vertex 128.163131714 7.39736270905 90.2252807617
      vertex 128.992004395 6.25996255875 89.9622650146
    endloop
  endfacet
  facet normal 0.0817422792315 0.993331372738 0.0813076347113
    outer loop
      vertex 128.89616394 8.62655067444 90.2655715942
      vertex 128.114746094 8.59229850769 90.3270721436
      vertex 128.163131714 7.39736270905 90.2252807617
    endloop
  endfacet
  facet normal -0.00202766875736 0.99638235569 0.0849595442414
    outer loop
      vertex 128.114746094 8.59229850769 90.3270721436
      vertex 115.342971802 9.0023431778 90.3360443115
      vertex 128.163131714 7.39736270905 90.2252807617
    endloop
  endfacet
  facet normal 0.0076276245527 0.999938249588 0.00808098912239
    outer loop
      vertex 128.163131714 7.39736270905 90.2252807617
      vertex 115.342971802 9.0023431778 90.3360443115
      vertex 114.721908569 8.27923679352 90.3349380493
    endloop
  endfacet
  facet normal 0.00551730534062 0.999178349972 0.0401512794197
    outer loop
      vertex 128.163131714 7.39736270905 90.2252807617
      vertex 114.721908569 8.27923679352 90.3349380493
      vertex 114.455627441 7.97285318375 90.3240966797
    endloop
  endfacet
  facet normal 0.00411872193217 0.997312903404 0.0731435865164
    outer loop
      vertex 114.455627441 7.97285318375 90.3240966797
      vertex 113.813339233 7.2392783165 90.2729492188
      vertex 128.163131714 7.39736270905 90.2252807617
    endloop
  endfacet
  facet normal 0.00453460821882 0.993699610233 0.111984357238
    outer loop
      vertex 128.163131714 7.39736270905 90.2252807617
      vertex 113.813339233 7.2392783165 90.2729492188
      vertex 113.428283691 6.80104541779 90.2253189087
    endloop
  endfacet
  facet normal 0.0591005310416 0.994492530823 0.0865548849106
    outer loop
      vertex 110.669906616 8.93963813782 90.6332168579
      vertex 114.455627441 7.97285318375 90.3240966797
      vertex 114.721908569 8.27923679352 90.3349380493
    endloop
  endfacet
  facet normal 0.00167045427952 0.999543726444 -0.0301577728242
    outer loop
      vertex 128.114746094 8.59229850769 90.3270721436
      vertex 115.582077026 9.28494739532 90.3271179199
      vertex 115.342971802 9.0023431778 90.3360443115
    endloop
  endfacet
  facet normal 0.0574768669903 0.99820035696 0.0171020142734
    outer loop
      vertex 111.484664917 9.9800567627 90.5749588013
      vertex 115.342971802 9.0023431778 90.3360443115
      vertex 115.582077026 9.28494739532 90.3271179199
    endloop
  endfacet
  facet normal 3.7205679746e-06 1 -1.50623804984e-07
    outer loop
      vertex 128.066192627 9.79155254364 90.3270721436
      vertex 115.582077026 9.28494739532 90.3271179199
      vertex 128.114746094 8.59229850769 90.3270721436
    endloop
  endfacet
  facet normal 0.0783219709992 0.996923089027 -0.00317079364322
    outer loop
      vertex 128.066192627 9.79155254364 90.3270721436
      vertex 128.114746094 8.59229850769 90.3270721436
      vertex 128.89616394 8.62655067444 90.2655715942
    endloop
  endfacet
  facet normal 0.140273541212 0.988961815834 -0.0477264598012
    outer loop
      vertex 128.7996521 11.0103168488 90.1642227173
      vertex 128.066192627 9.79155254364 90.3270721436
      vertex 128.89616394 8.62655067444 90.2655715942
    endloop
  endfacet
  facet normal 0.230783224106 0.971685647964 -0.0506564229727
    outer loop
      vertex 128.89616394 8.62655067444 90.2655715942
      vertex 129.56288147 11.0179386139 89.9825515747
      vertex 128.7996521 11.0103168488 90.1642227173
    endloop
  endfacet
  facet normal 0.224163174629 0.950732648373 -0.214145570993
    outer loop
      vertex 128.7996521 11.0103168488 90.1642227173
      vertex 129.56288147 11.0179386139 89.9825515747
      vertex 129.469665527 13.3199615479 89.4860153198
    endloop
  endfacet
  facet normal 0.224172532558 0.950731158257 -0.214142411947
    outer loop
      vertex 128.7996521 11.0103168488 90.1642227173
      vertex 129.469665527 13.3199615479 89.4860153198
      vertex 128.705215454 13.3426837921 89.6611480713
    endloop
  endfacet
  facet normal 0.0696186423302 0.974563241005 -0.213025182486
    outer loop
      vertex 128.705215454 13.3426837921 89.6611480713
      vertex 127.922958374 13.3290519714 89.7200088501
      vertex 128.7996521 11.0103168488 90.1642227173
    endloop
  endfacet
  facet normal 0.193688333035 0.947415113449 -0.254733920097
    outer loop
      vertex 128.7996521 11.0103168488 90.1642227173
      vertex 127.922958374 13.3290519714 89.7200088501
      vertex 127.969940186 12.1684904099 90.0224456787
    endloop
  endfacet
  facet normal 0.0715073943138 0.982583940029 -0.171509310603
    outer loop
      vertex 127.969940186 12.1684904099 90.0224456787
      vertex 128.017807007 10.9864883423 90.2252807617
      vertex 128.7996521 11.0103168488 90.1642227173
    endloop
  endfacet
  facet normal 0.0749024748802 0.993331253529 -0.0876507759094
    outer loop
      vertex 128.7996521 11.0103168488 90.1642227173
      vertex 128.017807007 10.9864883423 90.2252807617
      vertex 128.066192627 9.79155254364 90.3270721436
    endloop
  endfacet
  facet normal -0.00686375331134 0.996391355991 -0.084600225091
    outer loop
      vertex 128.017807007 10.9864883423 90.2252807617
      vertex 117.066635132 11.129907608 90.1376647949
      vertex 128.066192627 9.79155254364 90.3270721436
    endloop
  endfacet
  facet normal -2.04695334105e-05 0.990157008171 -0.139960944653
    outer loop
      vertex 128.066192627 9.79155254364 90.3270721436
      vertex 117.066635132 11.129907608 90.1376647949
      vertex 116.52003479 10.4282712936 90.236831665
    endloop
  endfacet
  facet normal -0.0025366328191 0.995465874672 -0.0950856432319
    outer loop
      vertex 128.066192627 9.79155254364 90.3270721436
      vertex 116.52003479 10.4282712936 90.236831665
      vertex 115.944168091 9.71896934509 90.3031158447
    endloop
  endfacet
  facet normal -0.00231517432258 0.998363256454 -0.0571438223124
    outer loop
      vertex 115.944168091 9.71896934509 90.3031158447
      vertex 115.582077026 9.28494739532 90.3271179199
      vertex 128.066192627 9.79155254364 90.3270721436
    endloop
  endfacet
  facet normal 0.0588033124804 0.993772745132 -0.09464623034
    outer loop
      vertex 112.563873291 11.3710584641 90.3811340332
      vertex 116.52003479 10.4282712936 90.236831665
      vertex 117.066635132 11.129907608 90.1376647949
    endloop
  endfacet
  facet normal -0.00536145968363 0.98170375824 -0.19033922255
    outer loop
      vertex 128.017807007 10.9864883423 90.2252807617
      vertex 117.577758789 11.820728302 90.0065155029
      vertex 117.066635132 11.129907608 90.1376647949
    endloop
  endfacet
  facet normal -0.00716107338667 0.985616743565 -0.16884419322
    outer loop
      vertex 127.969940186 12.1684904099 90.0224456787
      vertex 117.577758789 11.820728302 90.0065155029
      vertex 128.017807007 10.9864883423 90.2252807617
    endloop
  endfacet
  facet normal -0.0094866650179 0.970970571041 -0.239010825753
    outer loop
      vertex 127.969940186 12.1684904099 90.0224456787
      vertex 118.052658081 12.5030355453 89.8432006836
      vertex 117.577758789 11.820728302 90.0065155029
    endloop
  endfacet
  facet normal 0.0572008602321 0.97921949625 -0.194569408894
    outer loop
      vertex 113.538589478 12.6746768951 90.0727844238
      vertex 117.577758789 11.820728302 90.0065155029
      vertex 118.052658081 12.5030355453 89.8432006836
    endloop
  endfacet
  facet normal -0.00776351056993 0.958903372288 -0.283626705408
    outer loop
      vertex 118.505905151 13.1839170456 89.6454772949
      vertex 118.052658081 12.5030355453 89.8432006836
      vertex 127.969940186 12.1684904099 90.0224456787
    endloop
  endfacet
  facet normal -0.00468090130016 0.950922250748 -0.309394478798
    outer loop
      vertex 127.969940186 12.1684904099 90.0224456787
      vertex 118.598556519 13.3256378174 89.599822998
      vertex 118.505905151 13.1839170456 89.6454772949
    endloop
  endfacet
  facet normal 0.0519409291446 0.959957540035 -0.275288373232
    outer loop
      vertex 114.400772095 13.9517383575 89.6474075317
      vertex 118.505905151 13.1839170456 89.6454772949
      vertex 118.598556519 13.3256378174 89.599822998
    endloop
  endfacet
  facet normal -0.00111027935054 0.942175745964 -0.335117399693
    outer loop
      vertex 127.969940186 12.1684904099 90.0224456787
      vertex 119.033065796 14.0017185211 89.3598632812
      vertex 118.598556519 13.3256378174 89.599822998
    endloop
  endfacet
  facet normal -0.020183198154 0.967683851719 -0.251357465982
    outer loop
      vertex 127.922958374 13.3290519714 89.7200088501
      vertex 119.033065796 14.0017185211 89.3598632812
      vertex 127.969940186 12.1684904099 90.0224456787
    endloop
  endfacet
  facet normal -0.00997924711555 0.930451989174 -0.366277933121
    outer loop
      vertex 127.922958374 13.3290519714 89.7200088501
      vertex 119.097625732 14.1037740707 89.3203811646
      vertex 119.033065796 14.0017185211 89.3598632812
    endloop
  endfacet
  facet normal 0.0504527688026 0.941777408123 -0.332430154085
    outer loop
      vertex 114.891586304 14.7316846848 89.3240661621
      vertex 119.033065796 14.0017185211 89.3598632812
      vertex 119.097625732 14.1037740707 89.3203811646
    endloop
  endfacet
  facet normal -0.0134746432304 0.942876815796 -0.332868874073
    outer loop
      vertex 127.877166748 14.4597988129 89.3201599121
      vertex 119.097625732 14.1037740707 89.3203811646
      vertex 127.922958374 13.3290519714 89.7200088501
    endloop
  endfacet
  facet normal 0.0648902282119 0.939975202084 -0.33501625061
    outer loop
      vertex 128.705215454 13.3426837921 89.6611480713
      vertex 127.877166748 14.4597988129 89.3201599121
      vertex 127.922958374 13.3290519714 89.7200088501
    endloop
  endfacet
  facet normal 0.127039283514 0.918474435806 -0.374520719051
    outer loop
      vertex 128.615570068 15.5565481186 88.7708129883
      vertex 127.877166748 14.4597988129 89.3201599121
      vertex 128.705215454 13.3426837921 89.6611480713
    endloop
  endfacet
  facet normal 0.217783764005 0.902428865433 -0.371742367744
    outer loop
      vertex 128.705215454 13.3426837921 89.6611480713
      vertex 129.381195068 15.505022049 88.6072692871
      vertex 128.615570068 15.5565481186 88.7708129883
    endloop
  endfacet
  facet normal 0.211825042963 0.828164577484 -0.518915772438
    outer loop
      vertex 128.615570068 15.5565481186 88.7708129883
      vertex 129.381195068 15.505022049 88.6072692871
      vertex 129.300003052 17.510263443 87.3715820312
    endloop
  endfacet
  facet normal 0.211827859282 0.828164517879 -0.518914699554
    outer loop
      vertex 128.615570068 15.5565481186 88.7708129883
      vertex 129.300003052 17.510263443 87.3715820312
      vertex 128.533309937 17.588224411 87.5188369751
    endloop
  endfacet
  facet normal 0.120974615216 0.84289008379 -0.524310469627
    outer loop
      vertex 128.533309937 17.588224411 87.5188369751
      vertex 127.790527344 16.5995578766 88.2404327393
      vertex 128.615570068 15.5565481186 88.7708129883
    endloop
  endfacet
  facet normal 0.0586584359407 0.870326697826 -0.488968908787
    outer loop
      vertex 127.790527344 16.5995578766 88.2404327393
      vertex 127.83291626 15.5525960922 88.8257827759
      vertex 128.615570068 15.5565481186 88.7708129883
    endloop
  endfacet
  facet normal 0.0617155358195 0.908424973488 -0.413467288017
    outer loop
      vertex 128.615570068 15.5565481186 88.7708129883
      vertex 127.83291626 15.5525960922 88.8257827759
      vertex 127.877166748 14.4597988129 89.3201599121
    endloop
  endfacet
  facet normal -0.0237808581442 0.911206185818 -0.411263555288
    outer loop
      vertex 127.83291626 15.5525960922 88.8257827759
      vertex 120.210769653 15.9270772934 88.4578399658
      vertex 127.877166748 14.4597988129 89.3201599121
    endloop
  endfacet
  facet normal -0.00884378328919 0.881602287292 -0.471910148859
    outer loop
      vertex 127.877166748 14.4597988129 89.3201599121
      vertex 120.210769653 15.9270772934 88.4578399658
      vertex 119.83770752 15.3027210236 88.7883071899
    endloop
  endfacet
  facet normal -0.0144237633795 0.901975870132 -0.431545495987
    outer loop
      vertex 127.877166748 14.4597988129 89.3201599121
      vertex 119.83770752 15.3027210236 88.7883071899
      vertex 119.445587158 14.6608562469 89.0891342163
    endloop
  endfacet
  facet normal -0.0158639345318 0.919924557209 -0.391774356365
    outer loop
      vertex 119.445587158 14.6608562469 89.0891342163
      vertex 119.097625732 14.1037740707 89.3203811646
      vertex 127.877166748 14.4597988129 89.3201599121
    endloop
  endfacet
  facet normal 0.0512618497014 0.895009219646 -0.443092256784
    outer loop
      vertex 115.64414978 15.9687709808 88.6987533569
      vertex 119.83770752 15.3027210236 88.7883071899
      vertex 120.210769653 15.9270772934 88.4578399658
    endloop
  endfacet
  facet normal 0.050390753895 0.870429873466 -0.489706635475
    outer loop
      vertex 115.64414978 15.9687709808 88.6987533569
      vertex 120.210769653 15.9270772934 88.4578399658
      vertex 115.994522095 16.5606136322 88.3454971313
    endloop
  endfacet
  facet normal 0.182997405529 0.888063848019 -0.421727985144
    outer loop
      vertex 115.994522095 16.5606136322 88.3454971313
      vertex 111.851272583 17.4833602905 88.7610702515
      vertex 115.64414978 15.9687709808 88.6987533569
    endloop
  endfacet
  facet normal 0.196067869663 0.843159198761 -0.500639498234
    outer loop
      vertex 115.994522095 16.5606136322 88.3454971313
      vertex 112.164779663 18.0531368256 88.3498535156
      vertex 111.851272583 17.4833602905 88.7610702515
    endloop
  endfacet
  facet normal 0.31947439909 0.843053877354 -0.432661861181
    outer loop
      vertex 112.164779663 18.0531368256 88.3498535156
      vertex 108.158416748 19.2706623077 89.2432174683
      vertex 111.851272583 17.4833602905 88.7610702515
    endloop
  endfacet
  facet normal 0.331078439951 0.797606766224 -0.504192948341
    outer loop
      vertex 112.164779663 18.0531368256 88.3498535156
      vertex 108.439407349 19.8464660645 88.7625961304
      vertex 108.158416748 19.2706623077 89.2432174683
    endloop
  endfacet
  facet normal 0.450677812099 0.781145811081 -0.432088792324
    outer loop
      vertex 108.439407349 19.8464660645 88.7625961304
      vertex 104.655715942 21.3890514374 90.092300415
      vertex 108.158416748 19.2706623077 89.2432174683
    endloop
  endfacet
  facet normal 0.460762530565 0.736393690109 -0.495401024818
    outer loop
      vertex 108.439407349 19.8464660645 88.7625961304
      vertex 104.915893555 22.0130805969 89.5096969604
      vertex 104.655715942 21.3890514374 90.092300415
    endloop
  endfacet
  facet normal 0.573543071747 0.704271793365 -0.418389290571
    outer loop
      vertex 104.915893555 22.0130805969 89.5096969604
      vertex 101.437591553 23.902715683 91.2197647095
      vertex 104.655715942 21.3890514374 90.092300415
    endloop
  endfacet
  facet normal 0.582038700581 0.661864697933 -0.47240459919
    outer loop
      vertex 104.915893555 22.0130805969 89.5096969604
      vertex 101.667144775 24.5620479584 90.5473022461
      vertex 101.437591553 23.902715683 91.2197647095
    endloop
  endfacet
  facet normal 0.685384869576 0.615490376949 -0.3891261518
    outer loop
      vertex 101.667144775 24.5620479584 90.5473022461
      vertex 98.573059082 26.8049983978 92.5747070312
      vertex 101.437591553 23.902715683 91.2197647095
    endloop
  endfacet
  facet normal 0.692264080048 0.576998770237 -0.433408409357
    outer loop
      vertex 101.667144775 24.5620479584 90.5473022461
      vertex 98.7808074951 27.5243988037 91.7850875854
      vertex 98.573059082 26.8049983978 92.5747070312
    endloop
  endfacet
  facet normal 0.785934269428 0.516480863094 -0.339933604002
    outer loop
      vertex 98.7808074951 27.5243988037 91.7850875854
      vertex 95.9400177002 29.2812805176 94.9516143799
      vertex 98.573059082 26.8049983978 92.5747070312
    endloop
  endfacet
  facet normal 0.785221159458 0.507996797562 -0.354072004557
    outer loop
      vertex 98.7808074951 27.5243988037 91.7850875854
      vertex 96.1427307129 30.1133422852 94.0583267212
      vertex 95.9400177002 29.2812805176 94.9516143799
    endloop
  endfacet
  facet normal 0.0487617515028 0.87599337101 -0.479851990938
    outer loop
      vertex 115.994522095 16.5606136322 88.3454971313
      vertex 120.210769653 15.9270772934 88.4578399658
      vertex 120.430389404 16.3007717133 88.2409133911
    endloop
  endfacet
  facet normal -0.016519933939 0.860481977463 -0.509212970734
    outer loop
      vertex 127.83291626 15.5525960922 88.8257827759
      vertex 120.430389404 16.3007717133 88.2409133911
      vertex 120.210769653 15.9270772934 88.4578399658
    endloop
  endfacet
  facet normal -0.0197250340134 0.87301325798 -0.487297415733
    outer loop
      vertex 127.790527344 16.5995578766 88.2404327393
      vertex 120.430389404 16.3007717133 88.2409133911
      vertex 127.83291626 15.5525960922 88.8257827759
    endloop
  endfacet
  facet normal -0.0215361975133 0.846551954746 -0.531870245934
    outer loop
      vertex 127.790527344 16.5995578766 88.2404327393
      vertex 120.565933228 16.5336074829 88.0980758667
      vertex 120.430389404 16.3007717133 88.2409133911
    endloop
  endfacet
  facet normal -0.0214322991669 0.828317344189 -0.559849083424
    outer loop
      vertex 120.904449463 17.1219596863 87.7091751099
      vertex 120.565933228 16.5336074829 88.0980758667
      vertex 127.790527344 16.5995578766 88.2404327393
    endloop
  endfacet
  facet normal -0.0164465848356 0.801275968552 -0.598068833351
    outer loop
      vertex 120.904449463 17.1219596863 87.7091751099
      vertex 127.790527344 16.5995578766 88.2404327393
      vertex 121.23664856 17.7079944611 87.2785797119
    endloop
  endfacet
  facet normal 0.0477633625269 0.817663431168 -0.573711693287
    outer loop
      vertex 116.647964478 17.6908054352 87.5586853027
      vertex 120.904449463 17.1219596863 87.7091751099
      vertex 121.23664856 17.7079944611 87.2785797119
    endloop
  endfacet
  facet normal 0.0459257401526 0.789880871773 -0.611538231373
    outer loop
      vertex 116.647964478 17.6908054352 87.5586853027
      vertex 121.23664856 17.7079944611 87.2785797119
      vertex 116.961349487 18.2443027496 87.1119384766
    endloop
  endfacet
  facet normal 0.182132571936 0.812984585762 -0.553067624569
    outer loop
      vertex 116.961349487 18.2443027496 87.1119384766
      vertex 112.758789062 19.1543445587 87.4343414307
      vertex 116.647964478 17.6908054352 87.5586853027
    endloop
  endfacet
  facet normal 0.192934006453 0.758739709854 -0.622165977955
    outer loop
      vertex 116.961349487 18.2443027496 87.1119384766
      vertex 113.032516479 19.669588089 86.942237854
      vertex 112.758789062 19.1543445587 87.4343414307
    endloop
  endfacet
  facet normal 0.320403397083 0.76424574852 -0.559705376625
    outer loop
      vertex 113.032516479 19.669588089 86.942237854
      vertex 108.972824097 20.9568595886 87.7014770508
      vertex 112.758789062 19.1543445587 87.4343414307
    endloop
  endfacet
  facet normal 0.329874515533 0.711067557335 -0.620939433575
    outer loop
      vertex 113.032516479 19.669588089 86.942237854
      vertex 109.215179443 21.4670734406 87.1435012817
      vertex 108.972824097 20.9568595886 87.7014770508
    endloop
  endfacet
  facet normal 0.453043848276 0.700724959373 -0.551122307777
    outer loop
      vertex 109.215179443 21.4670734406 87.1435012817
      vertex 105.386123657 23.1555595398 88.2911224365
      vertex 108.972824097 20.9568595886 87.7014770508
    endloop
  endfacet
  facet normal 0.461145728827 0.650130867958 -0.603882849216
    outer loop
      vertex 109.215179443 21.4670734406 87.1435012817
      vertex 105.601028442 23.6823158264 87.6494064331
      vertex 105.386123657 23.1555595398 88.2911224365
    endloop
  endfacet
  facet normal 0.577052354813 0.624893248081 -0.525850772858
    outer loop
      vertex 105.601028442 23.6823158264 87.6494064331
      vertex 102.08732605 25.7827224731 89.1266021729
      vertex 105.386123657 23.1555595398 88.2911224365
    endloop
  endfacet
  facet normal 0.583801090717 0.578156471252 -0.570009946823
    outer loop
      vertex 105.601028442 23.6823158264 87.6494064331
      vertex 102.278778076 26.3432388306 88.3806610107
      vertex 102.08732605 25.7827224731 89.1266021729
    endloop
  endfacet
  facet normal 0.689525485039 0.539809882641 -0.482866346836
    outer loop
      vertex 102.278778076 26.3432388306 88.3806610107
      vertex 99.1600952148 28.8517436981 90.1204223633
      vertex 102.08732605 25.7827224731 89.1266021729
    endloop
  endfacet
  facet normal 0.695001721382 0.497812777758 -0.518801569939
    outer loop
      vertex 102.278778076 26.3432388306 88.3806610107
      vertex 99.3320159912 29.4587917328 89.247756958
      vertex 99.1600952148 28.8517436981 90.1204223633
    endloop
  endfacet
  facet normal 0.789917826653 0.44736456871 -0.419398099184
    outer loop
      vertex 99.3320159912 29.4587917328 89.247756958
      vertex 96.5129699707 31.6514358521 92.1698150635
      vertex 99.1600952148 28.8517436981 90.1204223633
    endloop
  endfacet
  facet normal 0.789127707481 0.438772439957 -0.429832756519
    outer loop
      vertex 99.3320159912 29.4587917328 89.247756958
      vertex 96.6808624268 32.3563079834 91.1773452759
      vertex 96.5129699707 31.6514358521 92.1698150635
    endloop
  endfacet
  facet normal 0.791140258312 0.4216157794 -0.443099558353
    outer loop
      vertex 99.4919891357 30.0279064178 88.3494644165
      vertex 96.6808624268 32.3563079834 91.1773452759
      vertex 99.3320159912 29.4587917328 89.247756958
    endloop
  endfacet
  facet normal 0.695847332478 0.468684852123 -0.544179201126
    outer loop
      vertex 102.457992554 26.8701629639 87.6122741699
      vertex 99.4919891357 30.0279064178 88.3494644165
      vertex 99.3320159912 29.4587917328 89.247756958
    endloop
  endfacet
  facet normal 0.690796852112 0.51154178381 -0.511003553867
    outer loop
      vertex 102.457992554 26.8701629639 87.6122741699
      vertex 99.3320159912 29.4587917328 89.247756958
      vertex 102.278778076 26.3432388306 88.3806610107
    endloop
  endfacet
  facet normal 0.584339141846 0.547223508358 -0.599244713783
    outer loop
      vertex 105.803024292 24.1790161133 86.9873428345
      vertex 102.457992554 26.8701629639 87.6122741699
      vertex 102.278778076 26.3432388306 88.3806610107
    endloop
  endfacet
  facet normal 0.578090190887 0.595161497593 -0.558206558228
    outer loop
      vertex 105.803024292 24.1790161133 86.9873428345
      vertex 102.278778076 26.3432388306 88.3806610107
      vertex 105.601028442 23.6823158264 87.6494064331
    endloop
  endfacet
  facet normal 0.461258083582 0.618209779263 -0.636441409588
    outer loop
      vertex 109.443496704 21.9498138428 86.5660629272
      vertex 105.803024292 24.1790161133 86.9873428345
      vertex 105.601028442 23.6823158264 87.6494064331
    endloop
  endfacet
  facet normal 0.453744322062 0.670307993889 -0.587199509144
    outer loop
      vertex 109.443496704 21.9498138428 86.5660629272
      vertex 105.601028442 23.6823158264 87.6494064331
      vertex 109.215179443 21.4670734406 87.1435012817
    endloop
  endfacet
  facet normal 0.329459697008 0.678857684135 -0.656207680702
    outer loop
      vertex 113.290634155 20.1587162018 86.4303283691
      vertex 109.443496704 21.9498138428 86.5660629272
      vertex 109.215179443 21.4670734406 87.1435012817
    endloop
  endfacet
  facet normal 0.320668131113 0.733872890472 -0.598834276199
    outer loop
      vertex 113.290634155 20.1587162018 86.4303283691
      vertex 109.215179443 21.4670734406 87.1435012817
      vertex 113.032516479 19.669588089 86.942237854
    endloop
  endfacet
  facet normal 0.191906616092 0.726853311062 -0.659436225891
    outer loop
      vertex 117.252563477 18.7640190125 86.6496200562
      vertex 113.290634155 20.1587162018 86.4303283691
      vertex 113.032516479 19.669588089 86.942237854
    endloop
  endfacet
  facet normal 0.181912794709 0.783106088638 -0.594686925411
    outer loop
      vertex 117.252563477 18.7640190125 86.6496200562
      vertex 113.032516479 19.669588089 86.942237854
      vertex 116.961349487 18.2443027496 87.1119384766
    endloop
  endfacet
  facet normal 0.0446331202984 0.758704960346 -0.649903595448
    outer loop
      vertex 116.961349487 18.2443027496 87.1119384766
      vertex 121.54524231 18.2589797974 86.8297042847
      vertex 117.252563477 18.7640190125 86.6496200562
    endloop
  endfacet
  facet normal 0.0453245379031 0.754799485207 -0.654387831688
    outer loop
      vertex 117.252563477 18.7640190125 86.6496200562
      vertex 121.54524231 18.2589797974 86.8297042847
      vertex 121.836273193 18.7833538055 86.3576126099
    endloop
  endfacet
  facet normal 0.0433633737266 0.726120889187 -0.686198294163
    outer loop
      vertex 117.252563477 18.7640190125 86.6496200562
      vertex 121.836273193 18.7833538055 86.3576126099
      vertex 117.527206421 19.2578620911 86.1665267944
    endloop
  endfacet
  facet normal 0.181645959616 0.751552045345 -0.634172081947
    outer loop
      vertex 117.527206421 19.2578620911 86.1665267944
      vertex 113.290634155 20.1587162018 86.4303283691
      vertex 117.252563477 18.7640190125 86.6496200562
    endloop
  endfacet
  facet normal 0.190925642848 0.693337202072 -0.694860339165
    outer loop
      vertex 117.527206421 19.2578620911 86.1665267944
      vertex 113.533905029 20.6216773987 85.8993606567
      vertex 113.290634155 20.1587162018 86.4303283691
    endloop
  endfacet
  facet normal 0.320915430784 0.701681911945 -0.636125564575
    outer loop
      vertex 113.533905029 20.6216773987 85.8993606567
      vertex 109.443496704 21.9498138428 86.5660629272
      vertex 113.290634155 20.1587162018 86.4303283691
    endloop
  endfacet
  facet normal 0.329067885876 0.645035505295 -0.689669132233
    outer loop
      vertex 113.533905029 20.6216773987 85.8993606567
      vertex 109.65826416 22.4048690796 85.9699554443
      vertex 109.443496704 21.9498138428 86.5660629272
    endloop
  endfacet
  facet normal 0.454416692257 0.638156890869 -0.621499180794
    outer loop
      vertex 109.65826416 22.4048690796 85.9699554443
      vertex 105.803024292 24.1790161133 86.9873428345
      vertex 109.443496704 21.9498138428 86.5660629272
    endloop
  endfacet
  facet normal 0.461372613907 0.584731519222 -0.667251348495
    outer loop
      vertex 109.65826416 22.4048690796 85.9699554443
      vertex 105.992294312 24.6454925537 86.3056945801
      vertex 105.803024292 24.1790161133 86.9873428345
    endloop
  endfacet
  facet normal 0.579098939896 0.563790738583 -0.588884055614
    outer loop
      vertex 105.992294312 24.6454925537 86.3056945801
      vertex 102.457992554 26.8701629639 87.6122741699
      vertex 105.803024292 24.1790161133 86.9873428345
    endloop
  endfacet
  facet normal 0.584864735603 0.514849603176 -0.626787960529
    outer loop
      vertex 105.992294312 24.6454925537 86.3056945801
      vertex 102.624862671 27.3634395599 86.8221893311
      vertex 102.457992554 26.8701629639 87.6122741699
    endloop
  endfacet
  facet normal 0.692046999931 0.481774747372 -0.537553787231
    outer loop
      vertex 102.624862671 27.3634395599 86.8221893311
      vertex 99.4919891357 30.0279064178 88.3494644165
      vertex 102.457992554 26.8701629639 87.6122741699
    endloop
  endfacet
  facet normal 0.696620583534 0.438997387886 -0.567451357841
    outer loop
      vertex 102.624862671 27.3634395599 86.8221893311
      vertex 99.6325378418 30.5314922333 87.4754943848
      vertex 99.4919891357 30.0279064178 88.3494644165
    endloop
  endfacet
  facet normal 0.792263388634 0.395260483027 -0.464852511883
    outer loop
      vertex 99.6325378418 30.5314922333 87.4754943848
      vertex 96.8371124268 33.0181121826 90.1542358398
      vertex 99.4919891357 30.0279064178 88.3494644165
    endloop
  endfacet
  facet normal 0.790348112583 0.413265198469 -0.452285051346
    outer loop
      vertex 99.4919891357 30.0279064178 88.3494644165
      vertex 96.8371124268 33.0181121826 90.1542358398
      vertex 96.6808624268 32.3563079834 91.1773452759
    endloop
  endfacet
  facet normal 0.791570544243 0.387227922678 -0.472726792097
    outer loop
      vertex 99.6325378418 30.5314922333 87.4754943848
      vertex 96.9744567871 33.6046295166 89.1574554443
      vertex 96.8371124268 33.0181121826 90.1542358398
    endloop
  endfacet
  facet normal 0.793445885181 0.36760109663 -0.485090821981
    outer loop
      vertex 99.7694854736 31.0252895355 86.5282821655
      vertex 96.9744567871 33.6046295166 89.1574554443
      vertex 99.6325378418 30.5314922333 87.4754943848
    endloop
  endfacet
  facet normal 0.697484612465 0.407966405153 -0.589133799076
    outer loop
      vertex 102.771606445 27.7992687225 86.0542831421
      vertex 99.7694854736 31.0252895355 86.5282821655
      vertex 99.6325378418 30.5314922333 87.4754943848
    endloop
  endfacet
  facet normal 0.693318426609 0.451335370541 -0.561788141727
    outer loop
      vertex 102.771606445 27.7992687225 86.0542831421
      vertex 99.6325378418 30.5314922333 87.4754943848
      vertex 102.624862671 27.3634395599 86.8221893311
    endloop
  endfacet
  facet normal 0.585325539112 0.481918245554 -0.652034342289
    outer loop
      vertex 106.168746948 25.0816955566 85.6050720215
      vertex 102.771606445 27.7992687225 86.0542831421
      vertex 102.624862671 27.3634395599 86.8221893311
    endloop
  endfacet
  facet normal 0.580104410648 0.530776441097 -0.617863416672
    outer loop
      vertex 106.168746948 25.0816955566 85.6050720215
      vertex 102.624862671 27.3634395599 86.8221893311
      vertex 105.992294312 24.6454925537 86.3056945801
    endloop
  endfacet
  facet normal 0.461499214172 0.549731194973 -0.696285963058
    outer loop
      vertex 109.859710693 22.8321151733 85.3558120728
      vertex 106.168746948 25.0816955566 85.6050720215
      vertex 105.992294312 24.6454925537 86.3056945801
    endloop
  endfacet
  facet normal 0.455082267523 0.604270279408 -0.65403175354
    outer loop
      vertex 109.859710693 22.8321151733 85.3558120728
      vertex 105.992294312 24.6454925537 86.3056945801
      vertex 109.65826416 22.4048690796 85.9699554443
    endloop
  endfacet
  facet normal 0.328702807426 0.609628736973 -0.721323311329
    outer loop
      vertex 113.762908936 21.0583438873 85.3500213623
      vertex 109.859710693 22.8321151733 85.3558120728
      vertex 109.65826416 22.4048690796 85.9699554443
    endloop
  endfacet
  facet normal 0.321156263351 0.667715787888 -0.671575963497
    outer loop
      vertex 113.762908936 21.0583438873 85.3500213623
      vertex 109.65826416 22.4048690796 85.9699554443
      vertex 113.533905029 20.6216773987 85.8993606567
    endloop
  endfacet
  facet normal 0.189995363355 0.658238172531 -0.728439629078
    outer loop
      vertex 117.786148071 19.7258548737 85.6633453369
      vertex 113.762908936 21.0583438873 85.3500213623
      vertex 113.533905029 20.6216773987 85.8993606567
    endloop
  endfacet
  facet normal 0.18139141798 0.718171417713 -0.671808719635
    outer loop
      vertex 117.786148071 19.7258548737 85.6633453369
      vertex 113.533905029 20.6216773987 85.8993606567
      vertex 117.527206421 19.2578620911 86.1665267944
    endloop
  endfacet
  facet normal 0.0421580411494 0.691979706287 -0.720684945583
    outer loop
      vertex 117.527206421 19.2578620911 86.1665267944
      vertex 122.11076355 19.2812042236 85.8629684448
      vertex 117.786148071 19.7258548737 85.6633453369
    endloop
  endfacet
  facet normal 0.0431557893753 0.685006022453 -0.727258086205
    outer loop
      vertex 117.786148071 19.7258548737 85.6633453369
      vertex 122.11076355 19.2812042236 85.8629684448
      vertex 122.369522095 19.7524814606 85.346321106
    endloop
  endfacet
  facet normal -0.0137746706605 0.670083940029 -0.742157518864
    outer loop
      vertex 127.712524414 18.526216507 86.8143157959
      vertex 122.369522095 19.7524814606 85.346321106
      vertex 122.11076355 19.2812042236 85.8629684448
    endloop
  endfacet
  facet normal -0.0234954357147 0.702685177326 -0.711112856865
    outer loop
      vertex 127.712524414 18.526216507 86.8143157959
      vertex 122.11076355 19.2812042236 85.8629684448
      vertex 121.836273193 18.7833538055 86.3576126099
    endloop
  endfacet
  facet normal -0.0275103822351 0.735263228416 -0.677223145962
    outer loop
      vertex 121.54524231 18.2589797974 86.8297042847
      vertex 127.712524414 18.526216507 86.8143157959
      vertex 121.836273193 18.7833538055 86.3576126099
    endloop
  endfacet
  facet normal -0.025258295238 0.778035342693 -0.627712547779
    outer loop
      vertex 121.54524231 18.2589797974 86.8297042847
      vertex 127.750305176 17.5931549072 87.5683288574
      vertex 127.712524414 18.526216507 86.8143157959
    endloop
  endfacet
  facet normal 0.0529863685369 0.775641083717 -0.628946185112
    outer loop
      vertex 127.712524414 18.526216507 86.8143157959
      vertex 127.750305176 17.5931549072 87.5683288574
      vertex 128.533309937 17.588224411 87.5188369751
    endloop
  endfacet
  facet normal 0.115512661636 0.743055820465 -0.659184992313
    outer loop
      vertex 128.460800171 19.3792629242 85.9412307739
      vertex 127.712524414 18.526216507 86.8143157959
      vertex 128.533309937 17.588224411 87.5188369751
    endloop
  endfacet
  facet normal 0.206462740898 0.73007440567 -0.6514326334
    outer loop
      vertex 128.533309937 17.588224411 87.5188369751
      vertex 129.228424072 19.2780056 85.8144989014
      vertex 128.460800171 19.3792629242 85.9412307739
    endloop
  endfacet
  facet normal 0.201844915748 0.610981941223 -0.765480041504
    outer loop
      vertex 128.460800171 19.3792629242 85.9412307739
      vertex 129.228424072 19.2780056 85.8144989014
      vertex 129.168533325 20.7573833466 83.9808197021
    endloop
  endfacet
  facet normal 0.201845183969 0.610981941223 -0.765479981899
    outer loop
      vertex 128.460800171 19.3792629242 85.9412307739
      vertex 129.168533325 20.7573833466 83.9808197021
      vertex 128.400100708 20.8781452179 84.0833816528
    endloop
  endfacet
  facet normal 0.0467338114977 0.626297533512 -0.778182089329
    outer loop
      vertex 128.400100708 20.8781452179 84.0833816528
      vertex 127.616516113 20.8974609375 84.1178512573
      vertex 128.460800171 19.3792629242 85.9412307739
    endloop
  endfacet
  facet normal 0.171816661954 0.582150280476 -0.794720113277
    outer loop
      vertex 128.460800171 19.3792629242 85.9412307739
      vertex 127.616516113 20.8974609375 84.1178512573
      vertex 127.645385742 20.184343338 85.0828399658
    endloop
  endfacet
  facet normal 0.0480498932302 0.658641338348 -0.750921308994
    outer loop
      vertex 127.645385742 20.184343338 85.0828399658
      vertex 127.677459717 19.3920269012 85.9838256836
      vertex 128.460800171 19.3792629242 85.9412307739
    endloop
  endfacet
  facet normal 0.0504186339676 0.71973502636 -0.692415654659
    outer loop
      vertex 128.460800171 19.3792629242 85.9412307739
      vertex 127.677459717 19.3920269012 85.9838256836
      vertex 127.712524414 18.526216507 86.8143157959
    endloop
  endfacet
  facet normal -0.0397895947099 0.721906721592 -0.690845489502
    outer loop
      vertex 127.677459717 19.3920269012 85.9838256836
      vertex 122.369522095 19.7524814606 85.346321106
      vertex 127.712524414 18.526216507 86.8143157959
    endloop
  endfacet
  facet normal -0.0246273837984 0.639508903027 -0.768389165401
    outer loop
      vertex 127.677459717 19.3920269012 85.9838256836
      vertex 122.491607666 19.9752502441 85.0833587646
      vertex 122.369522095 19.7524814606 85.346321106
    endloop
  endfacet
  facet normal -0.0303639806807 0.66067391634 -0.750058710575
    outer loop
      vertex 127.645385742 20.184343338 85.0828399658
      vertex 122.491607666 19.9752502441 85.0833587646
      vertex 127.677459717 19.3920269012 85.9838256836
    endloop
  endfacet
  facet normal -0.0317895896733 0.618561685085 -0.785092949867
    outer loop
      vertex 127.645385742 20.184343338 85.0828399658
      vertex 122.613098145 20.1970310211 84.8081130981
      vertex 122.491607666 19.9752502441 85.0833587646
    endloop
  endfacet
  facet normal 0.0378244072199 0.63704508543 -0.769897937775
    outer loop
      vertex 118.259475708 20.5839691162 84.5989761353
      vertex 122.491607666 19.9752502441 85.0833587646
      vertex 122.613098145 20.1970310211 84.8081130981
    endloop
  endfacet
  facet normal 0.0412155352533 0.608391582966 -0.79256606102
    outer loop
      vertex 118.259475708 20.5839691162 84.5989761353
      vertex 122.613098145 20.1970310211 84.8081130981
      vertex 122.841888428 20.614572525 84.2486724854
    endloop
  endfacet
  facet normal 0.038956284523 0.580642640591 -0.813225984573
    outer loop
      vertex 118.259475708 20.5839691162 84.5989761353
      vertex 122.841888428 20.614572525 84.2486724854
      vertex 118.474533081 20.9737663269 84.0386123657
    endloop
  endfacet
  facet normal 0.180789873004 0.607449471951 -0.773511588573
    outer loop
      vertex 118.474533081 20.9737663269 84.0386123657
      vertex 114.179244995 21.8523273468 84.1982421875
      vertex 118.259475708 20.5839691162 84.5989761353
    endloop
  endfacet
  facet normal 0.187430784106 0.544777154922 -0.817366242409
    outer loop
      vertex 118.474533081 20.9737663269 84.0386123657
      vertex 114.357315063 22.191110611 83.6286773682
      vertex 114.179244995 21.8523273468 84.1982421875
    endloop
  endfacet
  facet normal 0.3220936656 0.556325614452 -0.766000926495
    outer loop
      vertex 114.357315063 22.191110611 83.6286773682
      vertex 110.21395874 23.5837841034 84.1099777222
      vertex 114.179244995 21.8523273468 84.1982421875
    endloop
  endfacet
  facet normal 0.327847927809 0.496307134628 -0.803862512112
    outer loop
      vertex 114.357315063 22.191110611 83.6286773682
      vertex 110.376617432 23.9281787872 83.4447174072
      vertex 110.21395874 23.5837841034 84.1099777222
    endloop
  endfacet
  facet normal 0.457104951143 0.494480848312 -0.739286005497
    outer loop
      vertex 110.376617432 23.9281787872 83.4447174072
      vertex 106.47605896 25.8430843353 84.1875228882
      vertex 110.21395874 23.5837841034 84.1099777222
    endloop
  endfacet
  facet normal 0.46201556921 0.437824606895 -0.771265983582
    outer loop
      vertex 110.376617432 23.9281787872 83.4447174072
      vertex 106.613388062 26.1834545135 83.4430160522
      vertex 106.47605896 25.8430843353 84.1875228882
    endloop
  endfacet
  facet normal 0.583073437214 0.424291819334 -0.692821621895
    outer loop
      vertex 106.613388062 26.1834545135 83.4430160522
      vertex 103.043838501 28.6122264862 84.3824691772
      vertex 106.47605896 25.8430843353 84.1875228882
    endloop
  endfacet
  facet normal 0.587026774883 0.373363137245 -0.718331098557
    outer loop
      vertex 103.043838501 28.6122264862 84.3824691772
      vertex 106.613388062 26.1834545135 83.4430160522
      vertex 103.159362793 28.9587364197 83.5341644287
    endloop
  endfacet
  facet normal 0.696843326092 0.350500047207 -0.625746786594
    outer loop
      vertex 100.003204346 31.875541687 84.6016845703
      vertex 103.043838501 28.6122264862 84.3824691772
      vertex 103.159362793 28.9587364197 83.5341644287
    endloop
  endfacet
  facet normal 0.584071815014 0.385624080896 -0.714250743389
    outer loop
      vertex 103.159362793 28.9587364197 83.5341644287
      vertex 106.613388062 26.1834545135 83.4430160522
      vertex 106.736541748 26.4883956909 82.6916732788
    endloop
  endfacet
  facet normal 0.587576031685 0.334788143635 -0.736662268639
    outer loop
      vertex 103.159362793 28.9587364197 83.5341644287
      vertex 106.736541748 26.4883956909 82.6916732788
      vertex 103.26159668 29.2659740448 82.6786956787
    endloop
  endfacet
  facet normal 0.585044562817 0.34587803483 -0.733547031879
    outer loop
      vertex 103.26159668 29.2659740448 82.6786956787
      vertex 106.736541748 26.4883956909 82.6916732788
      vertex 106.845825195 26.7584133148 81.9341583252
    endloop
  endfacet
  facet normal 0.588110029697 0.295276582241 -0.752953112125
    outer loop
      vertex 103.26159668 29.2659740448 82.6786956787
      vertex 106.845825195 26.7584133148 81.9341583252
      vertex 103.350814819 29.5343227386 81.8167114258
    endloop
  endfacet
  facet normal 0.69906181097 0.277515441179 -0.65901273489
    outer loop
      vertex 100.18560791 32.5457611084 82.6386489868
      vertex 103.26159668 29.2659740448 82.6786956787
      vertex 103.350814819 29.5343227386 81.8167114258
    endloop
  endfacet
  facet normal 0.701390981674 0.233103856444 -0.673582434654
    outer loop
      vertex 100.18560791 32.5457611084 82.6386489868
      vertex 103.350814819 29.5343227386 81.8167114258
      vertex 100.258163452 32.8139953613 81.6452331543
    endloop
  endfacet
  facet normal 0.798621594906 0.210562005639 -0.563797175884
    outer loop
      vertex 100.258163452 32.8139953613 81.6452331543
      vertex 97.515335083 35.9621505737 83.6188201904
      vertex 100.18560791 32.5457611084 82.6386489868
    endloop
  endfacet
  facet normal 0.798134207726 0.206246942282 -0.566077709198
    outer loop
      vertex 100.258163452 32.8139953613 81.6452331543
      vertex 97.5863647461 36.2779998779 82.4770431519
      vertex 97.515335083 35.9621505737 83.6188201904
    endloop
  endfacet
  facet normal 0.815022349358 0.201034501195 -0.543436944485
    outer loop
      vertex 97.2170562744 37.1001014709 81.7519683838
      vertex 97.515335083 35.9621505737 83.6188201904
      vertex 97.5863647461 36.2779998779 82.4770431519
    endloop
  endfacet
  facet normal 0.837857067585 0.163699835539 -0.520766615868
    outer loop
      vertex 97.2170562744 37.1001014709 81.7519683838
      vertex 97.5863647461 36.2779998779 82.4770431519
      vertex 97.6410675049 36.5223007202 81.419883728
    endloop
  endfacet
  facet normal 0.799022853374 0.174332886934 -0.575474202633
    outer loop
      vertex 100.314025879 33.0210876465 80.7264099121
      vertex 97.6410675049 36.5223007202 81.419883728
      vertex 97.5863647461 36.2779998779 82.4770431519
    endloop
  endfacet
  facet normal 0.799396693707 0.177938878536 -0.573849022388
    outer loop
      vertex 100.314025879 33.0210876465 80.7264099121
      vertex 97.5863647461 36.2779998779 82.4770431519
      vertex 100.258163452 32.8139953613 81.6452331543
    endloop
  endfacet
  facet normal 0.701995253563 0.196936786175 -0.684411108494
    outer loop
      vertex 100.258163452 32.8139953613 81.6452331543
      vertex 103.427139282 29.7640361786 80.948677063
      vertex 100.314025879 33.0210876465 80.7264099121
    endloop
  endfacet
  facet normal 0.701014280319 0.202334687114 -0.683841824532
    outer loop
      vertex 100.314025879 33.0210876465 80.7264099121
      vertex 103.427139282 29.7640361786 80.948677063
      vertex 103.485977173 29.9410934448 80.1464157104
    endloop
  endfacet
  facet normal 0.58903157711 0.215112790465 -0.778953313828
    outer loop
      vertex 103.427139282 29.7640361786 80.948677063
      vertex 107.023452759 27.1953334808 80.4027175903
      vertex 103.485977173 29.9410934448 80.1464157104
    endloop
  endfacet
  facet normal 0.587708175182 0.222340002656 -0.777922928333
    outer loop
      vertex 103.485977173 29.9410934448 80.1464157104
      vertex 107.023452759 27.1953334808 80.4027175903
      vertex 107.086853027 27.3503627777 79.6927108765
    endloop
  endfacet
  facet normal 0.589454293251 0.1745236516 -0.788723766804
    outer loop
      vertex 103.485977173 29.9410934448 80.1464157104
      vertex 107.086853027 27.3503627777 79.6927108765
      vertex 103.53793335 30.0973815918 79.2646179199
    endloop
  endfacet
  facet normal 0.588355779648 0.180403321981 -0.788220882416
    outer loop
      vertex 103.53793335 30.0973815918 79.2646179199
      vertex 107.086853027 27.3503627777 79.6927108765
      vertex 107.143005371 27.4870529175 78.912361145
    endloop
  endfacet
  facet normal 0.589778363705 0.131562277675 -0.796776533127
    outer loop
      vertex 107.143005371 27.4870529175 78.912361145
      vertex 103.576583862 30.2134857178 78.3881912231
      vertex 103.53793335 30.0973815918 79.2646179199
    endloop
  endfacet
  facet normal 0.702461838722 0.123826183379 -0.700866878033
    outer loop
      vertex 103.576583862 30.2134857178 78.3881912231
      vertex 100.399856567 33.3404388428 78.7108306885
      vertex 103.53793335 30.0973815918 79.2646179199
    endloop
  endfacet
  facet normal 0.703362941742 0.0809756815434 -0.706203639507
    outer loop
      vertex 103.576583862 30.2134857178 78.3881912231
      vertex 100.424087524 33.4308853149 77.7115707397
      vertex 100.399856567 33.3404388428 78.7108306885
    endloop
  endfacet
  facet normal 0.80111348629 0.0731916427612 -0.594020307064
    outer loop
      vertex 100.424087524 33.4308853149 77.7115707397
      vertex 97.7251739502 36.8999481201 79.0975265503
      vertex 100.399856567 33.3404388428 78.7108306885
    endloop
  endfacet
  facet normal 0.8009339571 0.0718160644174 -0.594430208206
    outer loop
      vertex 100.424087524 33.4308853149 77.7115707397
      vertex 97.7489471436 37.0071792603 77.9448242188
      vertex 97.7251739502 36.8999481201 79.0975265503
    endloop
  endfacet
  facet normal 0.801368534565 0.0371584296227 -0.597015678883
    outer loop
      vertex 100.436279297 33.476348877 76.718132019
      vertex 97.7489471436 37.0071792603 77.9448242188
      vertex 100.424087524 33.4308853149 77.7115707397
    endloop
  endfacet
  facet normal 0.703549981117 0.041103374213 -0.709456086159
    outer loop
      vertex 103.602249146 30.2904434204 77.5171661377
      vertex 100.436279297 33.476348877 76.718132019
      vertex 100.424087524 33.4308853149 77.7115707397
    endloop
  endfacet
  facet normal 0.703008651733 0.0831194445491 -0.706307291985
    outer loop
      vertex 103.602249146 30.2904434204 77.5171661377
      vertex 100.424087524 33.4308853149 77.7115707397
      vertex 103.576583862 30.2134857178 78.3881912231
    endloop
  endfacet
  facet normal 0.590005636215 0.0882936045527 -0.802556872368
    outer loop
      vertex 107.184875488 27.5884819031 78.1367874146
      vertex 103.602249146 30.2904434204 77.5171661377
      vertex 103.576583862 30.2134857178 78.3881912231
    endloop
  endfacet
  facet normal 0.589001476765 0.135979667306 -0.796609580517
    outer loop
      vertex 107.184875488 27.5884819031 78.1367874146
      vertex 103.576583862 30.2134857178 78.3881912231
      vertex 107.143005371 27.4870529175 78.912361145
    endloop
  endfacet
  facet normal 0.463489621878 0.139463052154 -0.875058531761
    outer loop
      vertex 111.098602295 25.4310283661 78.6668624878
      vertex 107.184875488 27.5884819031 78.1367874146
      vertex 107.143005371 27.4870529175 78.912361145
    endloop
  endfacet
  facet normal 0.461940795183 0.192715287209 -0.86572021246
    outer loop
      vertex 107.143005371 27.4870529175 78.912361145
      vertex 111.037094116 25.3061447144 79.3753051758
      vertex 111.098602295 25.4310283661 78.6668624878
    endloop
  endfacet
  facet normal 0.327025175095 0.191522330046 -0.92540460825
    outer loop
      vertex 111.037094116 25.3061447144 79.3753051758
      vertex 115.249435425 23.8535861969 79.2012405396
      vertex 111.098602295 25.4310283661 78.6668624878
    endloop
  endfacet
  facet normal 0.325311899185 0.20080280304 -0.924040257931
    outer loop
      vertex 111.098602295 25.4310283661 78.6668624878
      vertex 115.249435425 23.8535861969 79.2012405396
      vertex 115.317138672 23.9748439789 78.5335617065
    endloop
  endfacet
  facet normal 0.326952904463 0.144178599119 -0.933977663517
    outer loop
      vertex 115.317138672 23.9748439789 78.5335617065
      vertex 111.144638062 25.5236949921 77.9621810913
      vertex 111.098602295 25.4310283661 78.6668624878
    endloop
  endfacet
  facet normal 0.462484359741 0.145230710506 -0.874652087688
    outer loop
      vertex 111.144638062 25.5236949921 77.9621810913
      vertex 107.184875488 27.5884819031 78.1367874146
      vertex 111.098602295 25.4310283661 78.6668624878
    endloop
  endfacet
  facet normal 0.463571697474 0.0935257449746 -0.881109654903
    outer loop
      vertex 111.144638062 25.5236949921 77.9621810913
      vertex 107.212738037 27.6556453705 77.3659362793
      vertex 107.184875488 27.5884819031 78.1367874146
    endloop
  endfacet
  facet normal 0.589518427849 0.0912365093827 -0.802585780621
    outer loop
      vertex 107.212738037 27.6556453705 77.3659362793
      vertex 103.602249146 30.2904434204 77.5171661377
      vertex 107.184875488 27.5884819031 78.1367874146
    endloop
  endfacet
  facet normal 0.59011811018 0.0447599478066 -0.806075155735
    outer loop
      vertex 107.212738037 27.6556453705 77.3659362793
      vertex 103.615142822 30.329076767 76.6514511108
      vertex 103.602249146 30.2904434204 77.5171661377
    endloop
  endfacet
  facet normal 0.70338845253 0.042139519006 -0.709555447102
    outer loop
      vertex 103.615142822 30.329076767 76.6514511108
      vertex 100.436279297 33.476348877 76.718132019
      vertex 103.602249146 30.2904434204 77.5171661377
    endloop
  endfacet
  facet normal 0.703576982021 0.000956216244958 -0.710618436337
    outer loop
      vertex 103.615142822 30.329076767 76.6514511108
      vertex 100.436553955 33.4774093628 75.7290039062
      vertex 100.436279297 33.476348877 76.718132019
    endloop
  endfacet
  facet normal 0.802101790905 0.000861979322508 -0.597186744213
    outer loop
      vertex 100.436553955 33.4774093628 75.7290039062
      vertex 97.7624816895 37.0683670044 76.1998138428
      vertex 100.436279297 33.476348877 76.718132019
    endloop
  endfacet
  facet normal 0.801479935646 0.0093495324254 -0.597948551178
    outer loop
      vertex 97.7624816895 37.0683670044 76.1998138428
      vertex 97.7608795166 37.0611572266 76.7982177734
      vertex 100.436279297 33.476348877 76.718132019
    endloop
  endfacet
  facet normal 0.801272451878 0.0364512614906 -0.597188234329
    outer loop
      vertex 100.436279297 33.476348877 76.718132019
      vertex 97.7608795166 37.0611572266 76.7982177734
      vertex 97.7489471436 37.0071792603 77.9448242188
    endloop
  endfacet
  facet normal 0.842554926872 0.00874385703355 -0.538539469242
    outer loop
      vertex 97.6669769287 37.2177848816 76.1998062134
      vertex 97.7608795166 37.0611572266 76.7982177734
      vertex 97.7624816895 37.0683670044 76.1998138428
    endloop
  endfacet
  facet normal 0.842560827732 -0.00795439723879 -0.538542449474
    outer loop
      vertex 97.6669769287 37.2177848816 76.1998062134
      vertex 97.7624816895 37.0683670044 76.1998138428
      vertex 97.7611541748 37.0624160767 75.6562576294
    endloop
  endfacet
  facet normal 0.801484525204 -0.00850435066968 -0.597955048084
    outer loop
      vertex 100.436553955 33.4774093628 75.7290039062
      vertex 97.7611541748 37.0624160767 75.6562576294
      vertex 97.7624816895 37.0683670044 76.1998138428
    endloop
  endfacet
  facet normal 0.183498069644 0.193636313081 -0.963760077953
    outer loop
      vertex 115.249435425 23.8535861969 79.2012405396
      vertex 119.63079834 23.0247898102 79.174331665
      vertex 115.317138672 23.9748439789 78.5335617065
    endloop
  endfacet
  facet normal 0.181358069181 0.252126097679 -0.950548112392
    outer loop
      vertex 115.249435425 23.8535861969 79.2012405396
      vertex 119.547668457 22.8824768066 79.7706680298
      vertex 119.63079834 23.0247898102 79.174331665
    endloop
  endfacet
  facet normal 0.0342940799892 0.236510649323 -0.971023499966
    outer loop
      vertex 119.547668457 22.8824768066 79.7706680298
      vertex 124.084411621 22.8380622864 79.2951889038
      vertex 119.63079834 23.0247898102 79.174331665
    endloop
  endfacet
  facet normal 0.0355021394789 0.203453361988 -0.978440761566
    outer loop
      vertex 119.63079834 23.0247898102 79.174331665
      vertex 124.084411621 22.8380622864 79.2951889038
      vertex 124.165527344 22.9770088196 78.6128158569
    endloop
  endfacet
  facet normal -0.0339789688587 0.195533275604 -0.980108261108
    outer loop
      vertex 127.536865234 22.8644676208 79.7627868652
      vertex 124.165527344 22.9770088196 78.6128158569
      vertex 124.084411621 22.8380622864 79.2951889038
    endloop
  endfacet
  facet normal -0.0469629280269 0.292815834284 -0.955014884472
    outer loop
      vertex 127.536865234 22.8644676208 79.7627868652
      vertex 124.084411621 22.8380622864 79.2951889038
      vertex 127.551086426 22.5132961273 80.91040802
    endloop
  endfacet
  facet normal 0.165784835815 0.286678463221 -0.943573474884
    outer loop
      vertex 128.352996826 22.0417442322 81.9987335205
      vertex 127.536865234 22.8644676208 79.7627868652
      vertex 127.551086426 22.5132961273 80.91040802
    endloop
  endfacet
  facet normal 0.0408987179399 0.37171086669 -0.927447199821
    outer loop
      vertex 127.551086426 22.5132961273 80.91040802
      vertex 127.56918335 22.0661449432 82.0240936279
      vertex 128.352996826 22.0417442322 81.9987335205
    endloop
  endfacet
  facet normal 0.0423092842102 0.448814302683 -0.892622888088
    outer loop
      vertex 128.352996826 22.0417442322 81.9987335205
      vertex 127.56918335 22.0661449432 82.0240936279
      vertex 127.591049194 21.5262413025 83.0958175659
    endloop
  endfacet
  facet normal 0.107015013695 0.482746452093 -0.869197130203
    outer loop
      vertex 128.352996826 22.0417442322 81.9987335205
      vertex 127.591049194 21.5262413025 83.0958175659
      vertex 128.400100708 20.8781452179 84.0833816528
    endloop
  endfacet
  facet normal 0.198112994432 0.474312722683 -0.857775449753
    outer loop
      vertex 128.400100708 20.8781452179 84.0833816528
      vertex 129.122024536 21.9058437347 81.9232940674
      vertex 128.352996826 22.0417442322 81.9987335205
    endloop
  endfacet
  facet normal 0.195365145802 0.324000149965 -0.925665378571
    outer loop
      vertex 128.352996826 22.0417442322 81.9987335205
      vertex 129.122024536 21.9058437347 81.9232940674
      vertex 129.090270996 22.6903476715 79.7011184692
    endloop
  endfacet
  facet normal 0.19535805285 0.323998451233 -0.925667464733
    outer loop
      vertex 128.352996826 22.0417442322 81.9987335205
      vertex 129.090270996 22.6903476715 79.7011184692
      vertex 128.320800781 22.8365879059 79.7472686768
    endloop
  endfacet
  facet normal 0.0400891602039 0.332120478153 -0.942384660244
    outer loop
      vertex 128.320800781 22.8365879059 79.7472686768
      vertex 127.536865234 22.8644676208 79.7627868652
      vertex 128.352996826 22.0417442322 81.9987335205
    endloop
  endfacet
  facet normal 0.0389005839825 0.210029453039 -0.976920843124
    outer loop
      vertex 128.320800781 22.8365879059 79.7472686768
      vertex 127.526626587 23.1171245575 78.5894851685
      vertex 127.536865234 22.8644676208 79.7627868652
    endloop
  endfacet
  facet normal -0.0392565652728 0.210678443313 -0.976766884327
    outer loop
      vertex 127.526626587 23.1171245575 78.5894851685
      vertex 124.165527344 22.9770088196 78.6128158569
      vertex 127.536865234 22.8644676208 79.7627868652
    endloop
  endfacet
  facet normal -0.0401868447661 0.146493285894 -0.988395035267
    outer loop
      vertex 127.526626587 23.1171245575 78.5894851685
      vertex 124.226821899 23.0808582306 77.9289550781
      vertex 124.165527344 22.9770088196 78.6128158569
    endloop
  endfacet
  facet normal -0.030690478161 0.0987093374133 -0.994642913342
    outer loop
      vertex 127.526626587 23.1171245575 78.5894851685
      vertex 124.2681427 23.150094986 77.244140625
      vertex 124.226821899 23.0808582306 77.9289550781
    endloop
  endfacet
  facet normal 0.034799233079 0.102607131004 -0.994113087654
    outer loop
      vertex 119.761230469 23.244594574 77.8571014404
      vertex 124.226821899 23.0808582306 77.9289550781
      vertex 124.2681427 23.150094986 77.244140625
    endloop
  endfacet
  facet normal 0.0339575782418 0.0963172540069 -0.994771242142
    outer loop
      vertex 119.761230469 23.244594574 77.8571014404
      vertex 124.2681427 23.150094986 77.244140625
      vertex 119.798904419 23.3069648743 77.1996536255
    endloop
  endfacet
  facet normal 0.181996464729 0.10319698602 -0.977868914604
    outer loop
      vertex 119.798904419 23.3069648743 77.1996536255
      vertex 115.402069092 24.1246776581 77.2053909302
      vertex 119.761230469 23.244594574 77.8571014404
    endloop
  endfacet
  facet normal 0.182681664824 0.0493888035417 -0.981930851936
    outer loop
      vertex 119.798904419 23.3069648743 77.1996536255
      vertex 115.4193573 24.1546783447 76.5449676514
      vertex 115.402069092 24.1246776581 77.2053909302
    endloop
  endfacet
  facet normal 0.326379626989 0.0514196231961 -0.943839132786
    outer loop
      vertex 115.4193573 24.1546783447 76.5449676514
      vertex 111.190933228 25.6158370972 76.5638961792
      vertex 115.402069092 24.1246776581 77.2053909302
    endloop
  endfacet
  facet normal 0.326610445976 0.00114646786824 -0.945158362389
    outer loop
      vertex 115.4193573 24.1546783447 76.5449676514
      vertex 111.191299438 25.6165523529 75.8690948486
      vertex 111.190933228 25.6158370972 76.5638961792
    endloop
  endfacet
  facet normal 0.463490247726 0.00115791859571 -0.88610124588
    outer loop
      vertex 111.191299438 25.6165523529 75.8690948486
      vertex 107.227127075 27.6901226044 75.8366241455
      vertex 111.190933228 25.6158370972 76.5638961792
    endloop
  endfacet
  facet normal 0.463315159082 -0.0451867617667 -0.885040819645
    outer loop
      vertex 111.191299438 25.6165523529 75.8690948486
      vertex 107.213729858 27.6580181122 75.0704345703
      vertex 107.227127075 27.6901226044 75.8366241455
    endloop
  endfacet
  facet normal 0.590119183064 -0.0440970249474 -0.806110918522
    outer loop
      vertex 107.213729858 27.6580181122 75.0704345703
      vertex 103.603149414 30.2931575775 74.9239730835
      vertex 107.227127075 27.6901226044 75.8366241455
    endloop
  endfacet
  facet normal 0.589678108692 -0.0833704993129 -0.803323745728
    outer loop
      vertex 107.213729858 27.6580181122 75.0704345703
      vertex 103.582122803 30.2301177979 74.1678161621
      vertex 103.603149414 30.2931575775 74.9239730835
    endloop
  endfacet
  facet normal 0.703380525112 -0.0784581303596 -0.706470191479
    outer loop
      vertex 103.582122803 30.2301177979 74.1678161621
      vertex 100.405090332 33.3599777222 73.8681716919
      vertex 103.603149414 30.2931575775 74.9239730835
    endloop
  endfacet
  facet normal 0.702667236328 -0.113747254014 -0.702367663383
    outer loop
      vertex 103.582122803 30.2301177979 74.1678161621
      vertex 100.370376587 33.2306365967 72.8550796509
      vertex 100.405090332 33.3599777222 73.8681716919
    endloop
  endfacet
  facet normal 0.80044656992 -0.102817937732 -0.59051990509
    outer loop
      vertex 100.370376587 33.2306365967 72.8550796509
      vertex 97.7303009033 36.9230918884 73.5089645386
      vertex 100.405090332 33.3599777222 73.8681716919
    endloop
  endfacet
  facet normal 0.800797939301 -0.100735530257 -0.590402424335
    outer loop
      vertex 100.370376587 33.2306365967 72.8550796509
      vertex 97.6962890625 36.769947052 72.3409957886
      vertex 97.7303009033 36.9230918884 73.5089645386
    endloop
  endfacet
  facet normal 0.784855484962 -0.102980166674 -0.61106210947
    outer loop
      vertex 97.6962890625 36.769947052 72.3409957886
      vertex 97.2170562744 37.1001014709 70.6476364136
      vertex 97.7303009033 36.9230918884 73.5089645386
    endloop
  endfacet
  facet normal 0.83035159111 -0.129315540195 -0.54202747345
    outer loop
      vertex 97.6962890625 36.769947052 72.3409957886
      vertex 97.6503143311 36.563659668 71.1811141968
      vertex 97.2170562744 37.1001014709 70.6476364136
    endloop
  endfacet
  facet normal 0.83938318491 -0.159053981304 -0.51974773407
    outer loop
      vertex 97.2170562744 37.1001014709 70.6476364136
      vertex 97.6503143311 36.563659668 71.1811141968
      vertex 97.592376709 36.3047943115 70.0294799805
    endloop
  endfacet
  facet normal 0.799615979195 -0.169705331326 -0.576033294201
    outer loop
      vertex 100.264312744 32.8367233276 70.8473434448
      vertex 97.592376709 36.3047943115 70.0294799805
      vertex 97.6503143311 36.563659668 71.1811141968
    endloop
  endfacet
  facet normal 0.798920214176 -0.173456892371 -0.575881242752
    outer loop
      vertex 100.264312744 32.8367233276 70.8473434448
      vertex 97.6503143311 36.563659668 71.1811141968
      vertex 100.323455811 33.0561141968 71.8481292725
    endloop
  endfacet
  facet normal 0.701340973377 -0.191939607263 -0.686498343945
    outer loop
      vertex 103.495910645 29.9710083008 72.4058761597
      vertex 100.264312744 32.8367233276 70.8473434448
      vertex 100.323455811 33.0561141968 71.8481292725
    endloop
  endfacet
  facet normal 0.702564775944 -0.157249093056 -0.694028437138
    outer loop
      vertex 103.495910645 29.9710083008 72.4058761597
      vertex 100.323455811 33.0561141968 71.8481292725
      vertex 103.545440674 30.1199264526 73.2844161987
    endloop
  endfacet
  facet normal 0.588705718517 -0.167243361473 -0.790857255459
    outer loop
      vertex 107.151107788 27.5067596436 73.6194763184
      vertex 103.495910645 29.9710083008 72.4058761597
      vertex 103.545440674 30.1199264526 73.2844161987
    endloop
  endfacet
  facet normal 0.58976984024 -0.128172397614 -0.797335147858
    outer loop
      vertex 107.151107788 27.5067596436 73.6194763184
      vertex 103.545440674 30.1199264526 73.2844161987
      vertex 107.190887451 27.6030044556 74.4012298584
    endloop
  endfacet
  facet normal 0.462731271982 -0.131478473544 -0.876694440842
    outer loop
      vertex 111.151260376 25.5369625092 74.5632400513
      vertex 107.151107788 27.5067596436 73.6194763184
      vertex 107.190887451 27.6030044556 74.4012298584
    endloop
  endfacet
  facet normal 0.463518291712 -0.0919804871082 -0.881300389767
    outer loop
      vertex 111.151260376 25.5369625092 74.5632400513
      vertex 107.190887451 27.6030044556 74.4012298584
      vertex 111.176467896 25.5872192383 75.1718139648
    endloop
  endfacet
  facet normal 0.326253682375 -0.0912135243416 -0.940871179104
    outer loop
      vertex 115.403274536 24.1267852783 75.2258682251
      vertex 111.151260376 25.5369625092 74.5632400513
      vertex 111.176467896 25.5872192383 75.1718139648
    endloop
  endfacet
  facet normal 0.326740533113 -0.0490252785385 -0.943841695786
    outer loop
      vertex 115.403274536 24.1267852783 75.2258682251
      vertex 111.176467896 25.5872192383 75.1718139648
      vertex 115.419769287 24.1553783417 75.8862838745
    endloop
  endfacet
  facet normal 0.182270884514 -0.047074124217 -0.982120871544
    outer loop
      vertex 119.818511963 23.3390922546 75.8877868652
      vertex 115.403274536 24.1267852783 75.2258682251
      vertex 115.419769287 24.1553783417 75.8862838745
    endloop
  endfacet
  facet normal 0.182457059622 0.0012276370544 -0.983213067055
    outer loop
      vertex 119.818511963 23.3390922546 75.8877868652
      vertex 115.419769287 24.1553783417 75.8862838745
      vertex 119.818054199 23.3383579254 76.543296814
    endloop
  endfacet
  facet normal 0.0332927592099 0.00114229822066 -0.999444961548
    outer loop
      vertex 119.818054199 23.3383579254 76.543296814
      vertex 124.292053223 23.1897163391 76.1998138428
      vertex 119.818511963 23.3390922546 75.8877868652
    endloop
  endfacet
  facet normal 0.0342116802931 -0.0120818456635 -0.999341607094
    outer loop
      vertex 119.818511963 23.3390922546 75.8877868652
      vertex 124.292053223 23.1897163391 76.1998138428
      vertex 124.289718628 23.1858520508 75.8735809326
    endloop
  endfacet
  facet normal 0.0340534001589 -0.0495094172657 -0.998192965984
    outer loop
      vertex 119.818511963 23.3390922546 75.8877868652
      vertex 124.289718628 23.1858520508 75.8735809326
      vertex 124.269607544 23.152545929 75.1882400513
    endloop
  endfacet
  facet normal 0.0345364399254 -0.0464704595506 -0.998322486877
    outer loop
      vertex 119.818511963 23.3390922546 75.8877868652
      vertex 124.269607544 23.152545929 75.1882400513
      vertex 119.800231934 23.3091697693 75.2313842773
    endloop
  endfacet
  facet normal 0.182649612427 -0.0498469807208 -0.981913626194
    outer loop
      vertex 119.800231934 23.3091697693 75.2313842773
      vertex 115.403274536 24.1267852783 75.2258682251
      vertex 119.818511963 23.3390922546 75.8877868652
    endloop
  endfacet
  facet normal 0.182151585817 -0.0920692011714 -0.978950500488
    outer loop
      vertex 119.800231934 23.3091697693 75.2313842773
      vertex 115.375335693 24.0778484344 74.6502532959
      vertex 115.403274536 24.1267852783 75.2258682251
    endloop
  endfacet
  facet normal 0.326758742332 -0.0957974120975 -0.94024014473
    outer loop
      vertex 115.375335693 24.0778484344 74.6502532959
      vertex 111.151260376 25.5369625092 74.5632400513
      vertex 115.403274536 24.1267852783 75.2258682251
    endloop
  endfacet
  facet normal 0.325969517231 -0.135870307684 -0.935565650463
    outer loop
      vertex 115.375335693 24.0778484344 74.6502532959
      vertex 111.107513428 25.4490337372 73.8528442383
      vertex 111.151260376 25.5369625092 74.5632400513
    endloop
  endfacet
  facet normal 0.463421672583 -0.136899381876 -0.875499248505
    outer loop
      vertex 111.107513428 25.4490337372 73.8528442383
      vertex 107.151107788 27.5067596436 73.6194763184
      vertex 111.151260376 25.5369625092 74.5632400513
    endloop
  endfacet
  facet normal 0.462321102619 -0.177351817489 -0.868795454502
    outer loop
      vertex 111.107513428 25.4490337372 73.8528442383
      vertex 107.097579956 27.3765392303 72.8420257568
      vertex 107.151107788 27.5067596436 73.6194763184
    endloop
  endfacet
  facet normal 0.58939230442 -0.172761872411 -0.789157807827
    outer loop
      vertex 107.097579956 27.3765392303 72.8420257568
      vertex 103.495910645 29.9710083008 72.4058761597
      vertex 107.151107788 27.5067596436 73.6194763184
    endloop
  endfacet
  facet normal 0.588093459606 -0.209599494934 -0.781162083149
    outer loop
      vertex 107.097579956 27.3765392303 72.8420257568
      vertex 103.43359375 29.7834835052 71.5321350098
      vertex 103.495910645 29.9710083008 72.4058761597
    endloop
  endfacet
  facet normal 0.701948583126 -0.196963459253 -0.684451282024
    outer loop
      vertex 103.43359375 29.7834835052 71.5321350098
      vertex 100.264312744 32.8367233276 70.8473434448
      vertex 103.495910645 29.9710083008 72.4058761597
    endloop
  endfacet
  facet normal 0.700527787209 -0.229809865355 -0.675609588623
    outer loop
      vertex 103.43359375 29.7834835052 71.5321350098
      vertex 100.192871094 32.572555542 69.8529510498
      vertex 100.264312744 32.8367233276 70.8473434448
    endloop
  endfacet
  facet normal 0.797961115837 -0.207641154528 -0.565812051296
    outer loop
      vertex 100.192871094 32.572555542 69.8529510498
      vertex 97.592376709 36.3047943115 70.0294799805
      vertex 100.264312744 32.8367233276 70.8473434448
    endloop
  endfacet
  facet normal 0.798863053322 -0.203005641699 -0.566221237183
    outer loop
      vertex 100.192871094 32.572555542 69.8529510498
      vertex 97.5224304199 35.9936752319 68.8864593506
      vertex 97.592376709 36.3047943115 70.0294799805
    endloop
  endfacet
  facet normal 0.79690015316 -0.241015017033 -0.553951144218
    outer loop
      vertex 100.10899353 32.2635345459 68.8653564453
      vertex 97.5224304199 35.9936752319 68.8864593506
      vertex 100.192871094 32.572555542 69.8529510498
    endloop
  endfacet
  facet normal 0.699639797211 -0.266815900803 -0.662807226181
    outer loop
      vertex 103.358444214 29.5572872162 70.6633148193
      vertex 100.10899353 32.2635345459 68.8653564453
      vertex 100.192871094 32.572555542 69.8529510498
    endloop
  endfacet
  facet normal 0.701228618622 -0.235819756985 -0.672805666924
    outer loop
      vertex 103.358444214 29.5572872162 70.6633148193
      vertex 100.192871094 32.572555542 69.8529510498
      vertex 103.43359375 29.7834835052 71.5321350098
    endloop
  endfacet
  facet normal 0.587413907051 -0.251108378172 -0.769343554974
    outer loop
      vertex 107.030410767 27.2123699188 72.0687561035
      vertex 103.358444214 29.5572872162 70.6633148193
      vertex 103.43359375 29.7834835052 71.5321350098
    endloop
  endfacet
  facet normal 0.588911533356 -0.216471090913 -0.778667747974
    outer loop
      vertex 107.030410767 27.2123699188 72.0687561035
      vertex 103.43359375 29.7834835052 71.5321350098
      vertex 107.097579956 27.3765392303 72.8420257568
    endloop
  endfacet
  facet normal 0.461863875389 -0.222407758236 -0.85861313343
    outer loop
      vertex 111.048843384 25.3300628662 73.1469345093
      vertex 107.030410767 27.2123699188 72.0687561035
      vertex 107.097579956 27.3765392303 72.8420257568
    endloop
  endfacet
  facet normal 0.463195890188 -0.184589892626 -0.866819560528
    outer loop
      vertex 111.048843384 25.3300628662 73.1469345093
      vertex 107.097579956 27.3765392303 72.8420257568
      vertex 111.107513428 25.4490337372 73.8528442383
    endloop
  endfacet
  facet normal 0.325706154108 -0.183391615748 -0.927514433861
    outer loop
      vertex 115.326980591 23.9923400879 73.9793548584
      vertex 111.048843384 25.3300628662 73.1469345093
      vertex 111.107513428 25.4490337372 73.8528442383
    endloop
  endfacet
  facet normal 0.326814204454 -0.142629221082 -0.934264063835
    outer loop
      vertex 115.326980591 23.9923400879 73.9793548584
      vertex 111.107513428 25.4490337372 73.8528442383
      vertex 115.375335693 24.0778484344 74.6502532959
    endloop
  endfacet
  facet normal 0.181974455714 -0.137214049697 -0.973682522774
    outer loop
      vertex 119.769332886 23.2580604553 74.6603317261
      vertex 115.326980591 23.9923400879 73.9793548584
      vertex 115.375335693 24.0778484344 74.6502532959
    endloop
  endfacet
  facet normal 0.182748183608 -0.0974478200078 -0.978318452835
    outer loop
      vertex 119.769332886 23.2580604553 74.6603317261
      vertex 115.375335693 24.0778484344 74.6502532959
      vertex 119.800231934 23.3091697693 75.2313842773
    endloop
  endfacet
  facet normal 0.0347922891378 -0.090957634151 -0.995246827602
    outer loop
      vertex 119.800231934 23.3091697693 75.2313842773
      vertex 124.235702515 23.0957927704 74.5932540894
      vertex 119.769332886 23.2580604553 74.6603317261
    endloop
  endfacet
  facet normal 0.0337643325329 -0.144219115376 -0.988969564438
    outer loop
      vertex 119.769332886 23.2580604553 74.6603317261
      vertex 124.235702515 23.0957927704 74.5932540894
      vertex 124.177352905 22.9971256256 73.9029922485
    endloop
  endfacet
  facet normal 0.0353002958 -0.135676965117 -0.990124046803
    outer loop
      vertex 119.769332886 23.2580604553 74.6603317261
      vertex 124.177352905 22.9971256256 73.9029922485
      vertex 119.716003418 23.1689548492 73.9961929321
    endloop
  endfacet
  facet normal 0.182969763875 -0.145149827003 -0.972344398499
    outer loop
      vertex 119.716003418 23.1689548492 73.9961929321
      vertex 115.326980591 23.9923400879 73.9793548584
      vertex 119.769332886 23.2580604553 74.6603317261
    endloop
  endfacet
  facet normal 0.181877046824 -0.185332790017 -0.965697944164
    outer loop
      vertex 119.716003418 23.1689548492 73.9961929321
      vertex 115.26234436 23.8767948151 73.3138580322
      vertex 115.326980591 23.9923400879 73.9793548584
    endloop
  endfacet
  facet normal 0.326769798994 -0.192394211888 -0.92531400919
    outer loop
      vertex 115.26234436 23.8767948151 73.3138580322
      vertex 111.048843384 25.3300628662 73.1469345093
      vertex 115.326980591 23.9923400879 73.9793548584
    endloop
  endfacet
  facet normal 0.325441539288 -0.230142980814 -0.917127072811
    outer loop
      vertex 115.26234436 23.8767948151 73.3138580322
      vertex 110.975463867 25.1800537109 72.4453811646
      vertex 111.048843384 25.3300628662 73.1469345093
    endloop
  endfacet
  facet normal 0.462897658348 -0.231381431222 -0.855680048466
    outer loop
      vertex 110.975463867 25.1800537109 72.4453811646
      vertex 107.030410767 27.2123699188 72.0687561035
      vertex 111.048843384 25.3300628662 73.1469345093
    endloop
  endfacet
  facet normal 0.461374789476 -0.266635805368 -0.846190690994
    outer loop
      vertex 110.975463867 25.1800537109 72.4453811646
      vertex 106.949615479 27.0141048431 71.2997436523
      vertex 107.030410767 27.2123699188 72.0687561035
    endloop
  endfacet
  facet normal 0.588349103928 -0.25927811861 -0.765911340714
    outer loop
      vertex 106.949615479 27.0141048431 71.2997436523
      vertex 103.358444214 29.5572872162 70.6633148193
      vertex 107.030410767 27.2123699188 72.0687561035
    endloop
  endfacet
  facet normal 0.586685061455 -0.291748762131 -0.755435824394
    outer loop
      vertex 106.949615479 27.0141048431 71.2997436523
      vertex 103.270324707 29.2921981812 69.7997131348
      vertex 103.358444214 29.5572872162 70.6633148193
    endloop
  endfacet
  facet normal 0.700428009033 -0.273789733648 -0.659120440483
    outer loop
      vertex 103.270324707 29.2921981812 69.7997131348
      vertex 100.10899353 32.2635345459 68.8653564453
      vertex 103.358444214 29.5572872162 70.6633148193
    endloop
  endfacet
  facet normal 0.6986951828 -0.302967250347 -0.648101747036
    outer loop
      vertex 103.270324707 29.2921981812 69.7997131348
      vertex 100.012451172 31.9093856812 67.8851242065
      vertex 100.10899353 32.2635345459 68.8653564453
    endloop
  endfacet
  facet normal 0.795751869678 -0.27358135581 -0.540307462215
    outer loop
      vertex 100.012451172 31.9093856812 67.8851242065
      vertex 97.4403381348 35.6304168701 67.7525787354
      vertex 100.10899353 32.2635345459 68.8653564453
    endloop
  endfacet
  facet normal 0.798029124737 -0.235487595201 -0.554702699184
    outer loop
      vertex 100.10899353 32.2635345459 68.8653564453
      vertex 97.4403381348 35.6304168701 67.7525787354
      vertex 97.5224304199 35.9936752319 68.8864593506
    endloop
  endfacet
  facet normal 0.797132313251 -0.267147511244 -0.541490852833
    outer loop
      vertex 100.012451172 31.9093856812 67.8851242065
      vertex 97.3458862305 35.2149124146 66.6285552979
      vertex 97.4403381348 35.6304168701 67.7525787354
    endloop
  endfacet
  facet normal 0.794874608517 -0.301268517971 -0.526698768139
    outer loop
      vertex 99.9317169189 31.6145095825 67.1566009521
      vertex 97.3458862305 35.2149124146 66.6285552979
      vertex 100.012451172 31.9093856812 67.8851242065
    endloop
  endfacet
  facet normal 0.698051512241 -0.333768159151 -0.633500516415
    outer loop
      vertex 103.169067383 28.9878520966 68.9418106079
      vertex 99.9317169189 31.6145095825 67.1566009521
      vertex 100.012451172 31.9093856812 67.8851242065
    endloop
  endfacet
  facet normal 0.699560940266 -0.310829013586 -0.643428206444
    outer loop
      vertex 103.169067383 28.9878520966 68.9418106079
      vertex 100.012451172 31.9093856812 67.8851242065
      vertex 103.270324707 29.2921981812 69.7997131348
    endloop
  endfacet
  facet normal 0.585920810699 -0.331486970186 -0.739468157291
    outer loop
      vertex 106.855163574 26.7814464569 70.5352172852
      vertex 103.169067383 28.9878520966 68.9418106079
      vertex 103.270324707 29.2921981812 69.7997131348
    endloop
  endfacet
  facet normal 0.587722957134 -0.301132440567 -0.750933408737
    outer loop
      vertex 106.855163574 26.7814464569 70.5352172852
      vertex 103.270324707 29.2921981812 69.7997131348
      vertex 106.949615479 27.0141048431 71.2997436523
    endloop
  endfacet
  facet normal 0.460866987705 -0.309997797012 -0.831566572189
    outer loop
      vertex 110.887512207 24.9988632202 71.748260498
      vertex 106.855163574 26.7814464569 70.5352172852
      vertex 106.949615479 27.0141048431 71.2997436523
    endloop
  endfacet
  facet normal 0.462544322014 -0.277237713337 -0.842135369778
    outer loop
      vertex 110.887512207 24.9988632202 71.748260498
      vertex 106.949615479 27.0141048431 71.2997436523
      vertex 110.975463867 25.1800537109 72.4453811646
    endloop
  endfacet
  facet normal 0.325182467699 -0.276103019714 -0.904446482658
    outer loop
      vertex 115.181808472 23.7313137054 72.653717041
      vertex 110.887512207 24.9988632202 71.748260498
      vertex 110.975463867 25.1800537109 72.4453811646
    endloop
  endfacet
  facet normal 0.326686412096 -0.241240799427 -0.913826465607
    outer loop
      vertex 115.181808472 23.7313137054 72.653717041
      vertex 110.975463867 25.1800537109 72.4453811646
      vertex 115.26234436 23.8767948151 73.3138580322
    endloop
  endfacet
  facet normal 0.18182438612 -0.232728913426 -0.955393731594
    outer loop
      vertex 119.644973755 23.0488739014 73.3391189575
      vertex 115.181808472 23.7313137054 72.653717041
      vertex 115.26234436 23.8767948151 73.3138580322
    endloop
  endfacet
  facet normal 0.183121189475 -0.195854395628 -0.963383436203
    outer loop
      vertex 119.644973755 23.0488739014 73.3391189575
      vertex 115.26234436 23.8767948151 73.3138580322
      vertex 119.716003418 23.1689548492 73.9961929321
    endloop
  endfacet
  facet normal 0.0337943732738 -0.18320517242 -0.982493638992
    outer loop
      vertex 119.716003418 23.1689548492 73.9961929321
      vertex 124.167938232 22.9811038971 73.8099975586
      vertex 119.644973755 23.0488739014 73.3391189575
    endloop
  endfacet
  facet normal 0.0353141278028 -0.198231086135 -0.979518949986
    outer loop
      vertex 119.644973755 23.0488739014 73.3391189575
      vertex 124.167938232 22.9811038971 73.8099975586
      vertex 124.099838257 22.8645935059 73.22215271
    endloop
  endfacet
  facet normal 0.0336748659611 -0.24428100884 -0.969119608402
    outer loop
      vertex 119.644973755 23.0488739014 73.3391189575
      vertex 124.099838257 22.8645935059 73.22215271
      vertex 124.003845215 22.6987419128 72.5509490967
    endloop
  endfacet
  facet normal 0.0364234112203 -0.230530336499 -0.972383201122
    outer loop
      vertex 119.644973755 23.0488739014 73.3391189575
      vertex 124.003845215 22.6987419128 72.5509490967
      vertex 119.556747437 22.8980884552 72.689163208
    endloop
  endfacet
  facet normal 0.183276697993 -0.245703354478 -0.951861083508
    outer loop
      vertex 119.556747437 22.8980884552 72.689163208
      vertex 115.181808472 23.7313137054 72.653717041
      vertex 119.644973755 23.0488739014 73.3391189575
    endloop
  endfacet
  facet normal 0.181824505329 -0.27939710021 -0.942802786827
    outer loop
      vertex 119.556747437 22.8980884552 72.689163208
      vertex 115.085632324 23.5558433533 71.9990158081
      vertex 115.181808472 23.7313137054 72.653717041
    endloop
  endfacet
  facet normal 0.326578229666 -0.289150714874 -0.899854719639
    outer loop
      vertex 115.085632324 23.5558433533 71.9990158081
      vertex 110.887512207 24.9988632202 71.748260498
      vertex 115.181808472 23.7313137054 72.653717041
    endloop
  endfacet
  facet normal 0.324938982725 -0.321216881275 -0.889513552189
    outer loop
      vertex 115.085632324 23.5558433533 71.9990158081
      vertex 110.785049438 24.7862224579 71.0557632446
      vertex 110.887512207 24.9988632202 71.748260498
    endloop
  endfacet
  facet normal 0.46215057373 -0.322090059519 -0.826241374016
    outer loop
      vertex 110.785049438 24.7862224579 71.0557632446
      vertex 106.855163574 26.7814464569 70.5352172852
      vertex 110.887512207 24.9988632202 71.748260498
    endloop
  endfacet
  facet normal 0.460349231958 -0.352461099625 -0.814769744873
    outer loop
      vertex 110.785049438 24.7862224579 71.0557632446
      vertex 106.746902466 26.5139980316 69.7755661011
      vertex 106.855163574 26.7814464569 70.5352172852
    endloop
  endfacet
  facet normal 0.587050080299 -0.341998338699 -0.733763813972
    outer loop
      vertex 106.746902466 26.5139980316 69.7755661011
      vertex 103.169067383 28.9878520966 68.9418106079
      vertex 106.855163574 26.7814464569 70.5352172852
    endloop
  endfacet
  facet normal 0.585504353046 -0.365444749594 -0.72362613678
    outer loop
      vertex 106.746902466 26.5139980316 69.7755661011
      vertex 103.084472656 28.7340373993 68.3036880493
      vertex 103.169067383 28.9878520966 68.9418106079
    endloop
  endfacet
  facet normal 0.698587298393 -0.342492759228 -0.628231227398
    outer loop
      vertex 103.084472656 28.7340373993 68.3036880493
      vertex 99.9317169189 31.6145095825 67.1566009521
      vertex 103.169067383 28.9878520966 68.9418106079
    endloop
  endfacet
  facet normal 0.696934103966 -0.364168018103 -0.617789983749
    outer loop
      vertex 103.084472656 28.7340373993 68.3036880493
      vertex 99.8113098145 31.1767425537 66.1835174561
      vertex 99.9317169189 31.6145095825 67.1566009521
    endloop
  endfacet
  facet normal 0.793567538261 -0.328591942787 -0.5121306777
    outer loop
      vertex 99.8113098145 31.1767425537 66.1835174561
      vertex 97.2669219971 34.8695144653 65.794090271
      vertex 99.9317169189 31.6145095825 67.1566009521
    endloop
  endfacet
  facet normal 0.796204090118 -0.294181585312 -0.528692960739
    outer loop
      vertex 99.9317169189 31.6145095825 67.1566009521
      vertex 97.2669219971 34.8695144653 65.794090271
      vertex 97.3458862305 35.2149124146 66.6285552979
    endloop
  endfacet
  facet normal 0.795449793339 -0.320602357388 -0.51427012682
    outer loop
      vertex 99.8113098145 31.1767425537 66.1835174561
      vertex 97.1491699219 34.3575973511 64.6807785034
      vertex 97.2669219971 34.8695144653 65.794090271
    endloop
  endfacet
  facet normal 0.792255342007 -0.358806312084 -0.493547856808
    outer loop
      vertex 99.678817749 30.6979961395 65.2324447632
      vertex 97.1491699219 34.3575973511 64.6807785034
      vertex 99.8113098145 31.1767425537 66.1835174561
    endloop
  endfacet
  facet normal 0.695905268192 -0.397879958153 -0.597835600376
    outer loop
      vertex 102.958450317 28.3566513062 67.4506378174
      vertex 99.678817749 30.6979961395 65.2324447632
      vertex 99.8113098145 31.1767425537 66.1835174561
    endloop
  endfacet
  facet normal 0.697937548161 -0.373444825411 -0.611082732677
    outer loop
      vertex 102.958450317 28.3566513062 67.4506378174
      vertex 99.8113098145 31.1767425537 66.1835174561
      vertex 103.084472656 28.7340373993 68.3036880493
    endloop
  endfacet
  facet normal 0.584519386292 -0.398920089006 -0.706540763378
    outer loop
      vertex 106.656677246 26.2907028198 69.2104110718
      vertex 102.958450317 28.3566513062 67.4506378174
      vertex 103.084472656 28.7340373993 68.3036880493
    endloop
  endfacet
  facet normal 0.586193144321 -0.376927852631 -0.717149198055
    outer loop
      vertex 106.656677246 26.2907028198 69.2104110718
      vertex 103.084472656 28.7340373993 68.3036880493
      vertex 106.746902466 26.5139980316 69.7755661011
    endloop
  endfacet
  facet normal 0.460220366716 -0.388815492392 -0.7981351614
    outer loop
      vertex 110.667999268 24.5417308807 70.3682250977
      vertex 106.656677246 26.2907028198 69.2104110718
      vertex 106.746902466 26.5139980316 69.7755661011
    endloop
  endfacet
  facet normal 0.461732983589 -0.365940481424 -0.808016240597
    outer loop
      vertex 110.667999268 24.5417308807 70.3682250977
      vertex 106.746902466 26.5139980316 69.7755661011
      vertex 110.785049438 24.7862224579 71.0557632446
    endloop
  endfacet
  facet normal 0.324720442295 -0.36548808217 -0.872338891029
    outer loop
      vertex 114.973983765 23.350189209 71.3499603271
      vertex 110.667999268 24.5417308807 70.3682250977
      vertex 110.785049438 24.7862224579 71.0557632446
    endloop
  endfacet
  facet normal 0.326462119818 -0.336077570915 -0.883444607258
    outer loop
      vertex 114.973983765 23.350189209 71.3499603271
      vertex 110.785049438 24.7862224579 71.0557632446
      vertex 115.085632324 23.5558433533 71.9990158081
    endloop
  endfacet
  facet normal 0.181878209114 -0.325308948755 -0.927951753139
    outer loop
      vertex 119.451766968 22.7167263031 72.0464935303
      vertex 114.973983765 23.350189209 71.3499603271
      vertex 115.085632324 23.5558433533 71.9990158081
    endloop
  endfacet
  facet normal 0.183444961905 -0.294625073671 -0.937840104103
    outer loop
      vertex 119.451766968 22.7167263031 72.0464935303
      vertex 115.085632324 23.5558433533 71.9990158081
      vertex 119.556747437 22.8980884552 72.689163208
    endloop
  endfacet
  facet normal 0.0371055044234 -0.27701613307 -0.960148572922
    outer loop
      vertex 119.556747437 22.8980884552 72.689163208
      vertex 123.889968872 22.499961853 71.8896636963
      vertex 119.451766968 22.7167263031 72.0464935303
    endloop
  endfacet
  facet normal 0.0343182459474 -0.331808298826 -0.942722380161
    outer loop
      vertex 119.451766968 22.7167263031 72.0464935303
      vertex 123.889968872 22.499961853 71.8896636963
      vertex 123.811401367 22.3617362976 71.4888153076
    endloop
  endfacet
  facet normal 0.0357653386891 -0.322511732578 -0.945889532566
    outer loop
      vertex 119.451766968 22.7167263031 72.0464935303
      vertex 123.811401367 22.3617362976 71.4888153076
      vertex 119.330291748 22.5047664642 71.4113693237
    endloop
  endfacet
  facet normal 0.183635950089 -0.34260648489 -0.921356976032
    outer loop
      vertex 119.330291748 22.5047664642 71.4113693237
      vertex 114.973983765 23.350189209 71.3499603271
      vertex 119.451766968 22.7167263031 72.0464935303
    endloop
  endfacet
  facet normal 0.181989476085 -0.370446622372 -0.910850763321
    outer loop
      vertex 119.330291748 22.5047664642 71.4113693237
      vertex 114.846878052 23.1140384674 70.7068710327
      vertex 114.973983765 23.350189209 71.3499603271
    endloop
  endfacet
  facet normal 0.32635012269 -0.382003843784 -0.864620506763
    outer loop
      vertex 114.846878052 23.1140384674 70.7068710327
      vertex 110.667999268 24.5417308807 70.3682250977
      vertex 114.973983765 23.350189209 71.3499603271
    endloop
  endfacet
  facet normal 0.324923217297 -0.403493523598 -0.855346620083
    outer loop
      vertex 114.846878052 23.1140384674 70.7068710327
      vertex 110.570724487 24.3375606537 69.8570785522
      vertex 110.667999268 24.5417308807 70.3682250977
    endloop
  endfacet
  facet normal 0.461051315069 -0.403441637754 -0.790358483791
    outer loop
      vertex 110.570724487 24.3375606537 69.8570785522
      vertex 106.656677246 26.2907028198 69.2104110718
      vertex 110.667999268 24.5417308807 70.3682250977
    endloop
  endfacet
  facet normal 0.459441363811 -0.424692094326 -0.780096292496
    outer loop
      vertex 110.570724487 24.3375606537 69.8570785522
      vertex 106.522521973 25.9583129883 68.4547271729
      vertex 106.656677246 26.2907028198 69.2104110718
    endloop
  endfacet
  facet normal 0.585806429386 -0.41118863225 -0.698394417763
    outer loop
      vertex 106.522521973 25.9583129883 68.4547271729
      vertex 102.958450317 28.3566513062 67.4506378174
      vertex 106.656677246 26.2907028198 69.2104110718
    endloop
  endfacet
  facet normal 0.583730876446 -0.436145246029 -0.684861719608
    outer loop
      vertex 106.522521973 25.9583129883 68.4547271729
      vertex 102.819946289 27.9432201385 66.6160736084
      vertex 102.958450317 28.3566513062 67.4506378174
    endloop
  endfacet
  facet normal 0.696948647499 -0.407862246037 -0.589839816093
    outer loop
      vertex 102.819946289 27.9432201385 66.6160736084
      vertex 99.678817749 30.6979961395 65.2324447632
      vertex 102.958450317 28.3566513062 67.4506378174
    endloop
  endfacet
  facet normal 0.694874823093 -0.430222719908 -0.576244235039
    outer loop
      vertex 102.819946289 27.9432201385 66.6160736084
      vertex 99.534286499 30.1790904999 64.3039779663
      vertex 99.678817749 30.6979961395 65.2324447632
    endloop
  endfacet
  facet normal 0.790918409824 -0.387708574533 -0.473423808813
    outer loop
      vertex 99.534286499 30.1790904999 64.3039779663
      vertex 97.0196685791 33.7987670898 63.5941238403
      vertex 99.678817749 30.6979961395 65.2324447632
    endloop
  endfacet
  facet normal 0.794437110424 -0.349951148033 -0.496390849352
    outer loop
      vertex 99.678817749 30.6979961395 65.2324447632
      vertex 97.0196685791 33.7987670898 63.5941238403
      vertex 97.1491699219 34.3575973511 64.6807785034
    endloop
  endfacet
  facet normal 0.793408870697 -0.378059983253 -0.477046132088
    outer loop
      vertex 99.534286499 30.1790904999 64.3039779663
      vertex 96.8784332275 33.1940994263 62.5347328186
      vertex 97.0196685791 33.7987670898 63.5941238403
    endloop
  endfacet
  facet normal 0.789553105831 -0.415338426828 -0.451774179935
    outer loop
      vertex 99.3776550293 29.6207256317 63.3988761902
      vertex 96.8784332275 33.1940994263 62.5347328186
      vertex 99.534286499 30.1790904999 64.3039779663
    endloop
  endfacet
  facet normal 0.69384354353 -0.461239367723 -0.553027451038
    outer loop
      vertex 102.669006348 27.4943466187 65.80052948
      vertex 99.3776550293 29.6207256317 63.3988761902
      vertex 99.534286499 30.1790904999 64.3039779663
    endloop
  endfacet
  facet normal 0.695947349072 -0.440810739994 -0.566871404648
    outer loop
      vertex 102.669006348 27.4943466187 65.80052948
      vertex 99.534286499 30.1790904999 64.3039779663
      vertex 102.819946289 27.9432201385 66.6160736084
    endloop
  endfacet
  facet normal 0.582951009274 -0.47192710638 -0.661402285099
    outer loop
      vertex 106.375457764 25.593711853 67.7152175903
      vertex 102.669006348 27.4943466187 65.80052948
      vertex 102.819946289 27.9432201385 66.6160736084
    endloop
  endfacet
  facet normal 0.585054516792 -0.449244111776 -0.675197005272
    outer loop
      vertex 106.375457764 25.593711853 67.7152175903
      vertex 102.819946289 27.9432201385 66.6160736084
      vertex 106.522521973 25.9583129883 68.4547271729
    endloop
  endfacet
  facet normal 0.45896628499 -0.464635103941 -0.757274210453
    outer loop
      vertex 110.426498413 24.0335769653 69.1740875244
      vertex 106.375457764 25.593711853 67.7152175903
      vertex 106.522521973 25.9583129883 68.4547271729
    endloop
  endfacet
  facet normal 0.460990637541 -0.44027146697 -0.7704859972
    outer loop
      vertex 110.426498413 24.0335769653 69.1740875244
      vertex 106.522521973 25.9583129883 68.4547271729
      vertex 110.570724487 24.3375606537 69.8570785522
    endloop
  endfacet
  facet normal 0.324400424957 -0.440964311361 -0.836848139763
    outer loop
      vertex 114.741592407 22.9170608521 70.2296447754
      vertex 110.426498413 24.0335769653 69.1740875244
      vertex 110.570724487 24.3375606537 69.8570785522
    endloop
  endfacet
  facet normal 0.325884073973 -0.421243041754 -0.846376895905
    outer loop
      vertex 114.741592407 22.9170608521 70.2296447754
      vertex 110.570724487 24.3375606537 69.8570785522
      vertex 114.846878052 23.1140384674 70.7068710327
    endloop
  endfacet
  facet normal 0.182545721531 -0.409263908863 -0.893968760967
    outer loop
      vertex 119.192474365 22.2620487213 70.7841262817
      vertex 114.741592407 22.9170608521 70.2296447754
      vertex 114.846878052 23.1140384674 70.7068710327
    endloop
  endfacet
  facet normal 0.183857634664 -0.389607191086 -0.902442574501
    outer loop
      vertex 119.192474365 22.2620487213 70.7841262817
      vertex 114.846878052 23.1140384674 70.7068710327
      vertex 119.330291748 22.5047664642 71.4113693237
    endloop
  endfacet
  facet normal 0.0387205481529 -0.368000984192 -0.929018855095
    outer loop
      vertex 119.330291748 22.5047664642 71.4113693237
      vertex 123.610076904 22.0043201447 70.5983047485
      vertex 119.192474365 22.2620487213 70.7841262817
    endloop
  endfacet
  facet normal 0.0346718281507 -0.428194642067 -0.903021156788
    outer loop
      vertex 119.192474365 22.2620487213 70.7841262817
      vertex 123.610076904 22.0043201447 70.5983047485
      vertex 123.487670898 21.7851676941 70.1262207031
    endloop
  endfacet
  facet normal 0.0390231646597 -0.406792581081 -0.912686705589
    outer loop
      vertex 119.192474365 22.2620487213 70.7841262817
      vertex 123.487670898 21.7851676941 70.1262207031
      vertex 119.078643799 22.0600566864 70.3200149536
    endloop
  endfacet
  facet normal 0.183644577861 -0.429800063372 -0.884051203728
    outer loop
      vertex 119.078643799 22.0600566864 70.3200149536
      vertex 114.741592407 22.9170608521 70.2296447754
      vertex 119.192474365 22.2620487213 70.7841262817
    endloop
  endfacet
  facet normal 0.182317987084 -0.447575926781 -0.875463247299
    outer loop
      vertex 119.078643799 22.0600566864 70.3200149536
      vertex 114.585906982 22.624080658 69.5931549072
      vertex 114.741592407 22.9170608521 70.2296447754
    endloop
  endfacet
  facet normal 0.32619959116 -0.459938406944 -0.825863480568
    outer loop
      vertex 114.585906982 22.624080658 69.5931549072
      vertex 110.426498413 24.0335769653 69.1740875244
      vertex 114.741592407 22.9170608521 70.2296447754
    endloop
  endfacet
  facet normal 0.324300795794 -0.482822954655 -0.813456177711
    outer loop
      vertex 114.585906982 22.624080658 69.5931549072
      vertex 110.268814087 23.7000389099 68.5062332153
      vertex 110.426498413 24.0335769653 69.1740875244
    endloop
  endfacet
  facet normal 0.460548460484 -0.481233268976 -0.745861709118
    outer loop
      vertex 110.268814087 23.7000389099 68.5062332153
      vertex 106.375457764 25.593711853 67.7152175903
      vertex 110.426498413 24.0335769653 69.1740875244
    endloop
  endfacet
  facet normal 0.458521276712 -0.503112256527 -0.732554614544
    outer loop
      vertex 110.268814087 23.7000389099 68.5062332153
      vertex 106.215484619 25.1973705292 66.9923324585
      vertex 106.375457764 25.593711853 67.7152175903
    endloop
  endfacet
  facet normal 0.584299623966 -0.48574501276 -0.650112092495
    outer loop
      vertex 106.215484619 25.1973705292 66.9923324585
      vertex 102.669006348 27.4943466187 65.80052948
      vertex 106.375457764 25.593711853 67.7152175903
    endloop
  endfacet
  facet normal 0.582186996937 -0.506263077259 -0.636204361916
    outer loop
      vertex 106.215484619 25.1973705292 66.9923324585
      vertex 102.505599976 27.0105895996 65.0046920776
      vertex 102.669006348 27.4943466187 65.80052948
    endloop
  endfacet
  facet normal 0.694931030273 -0.472289592028 -0.542230010033
    outer loop
      vertex 102.505599976 27.0105895996 65.0046920776
      vertex 99.3776550293 29.6207256317 63.3988761902
      vertex 102.669006348 27.4943466187 65.80052948
    endloop
  endfacet
  facet normal 0.692805051804 -0.490925639868 -0.528216958046
    outer loop
      vertex 102.505599976 27.0105895996 65.0046920776
      vertex 99.2088623047 29.0235042572 62.518081665
      vertex 99.3776550293 29.6207256317 63.3988761902
    endloop
  endfacet
  facet normal 0.788161933422 -0.441675156355 -0.428630173206
    outer loop
      vertex 99.2088623047 29.0235042572 62.518081665
      vertex 96.7254333496 32.5445098877 61.5034599304
      vertex 99.3776550293 29.6207256317 63.3988761902
    endloop
  endfacet
  facet normal 0.792368769646 -0.404946476221 -0.456256568432
    outer loop
      vertex 99.3776550293 29.6207256317 63.3988761902
      vertex 96.7254333496 32.5445098877 61.5034599304
      vertex 96.8784332275 33.1940994263 62.5347328186
    endloop
  endfacet
  facet normal 0.814895570278 -0.390620201826 -0.428206771612
    outer loop
      vertex 95.2665252686 33.8271865845 59.8660430908
      vertex 96.8784332275 33.1940994263 62.5347328186
      vertex 96.7254333496 32.5445098877 61.5034599304
    endloop
  endfacet
  facet normal 0.817114293575 -0.412891954184 -0.402298986912
    outer loop
      vertex 95.2665252686 33.8271865845 59.8660430908
      vertex 96.7254333496 32.5445098877 61.5034599304
      vertex 96.5606079102 31.8507766724 60.501335144
    endloop
  endfacet
  facet normal 0.809114098549 -0.44145706296 -0.387878865004
    outer loop
      vertex 95.2665252686 33.8271865845 59.8660430908
      vertex 96.5606079102 31.8507766724 60.501335144
      vertex 96.3839874268 31.1131439209 59.529510498
    endloop
  endfacet
  facet normal 0.80433678627 -0.450798213482 -0.387070149183
    outer loop
      vertex 95.2665252686 33.8271865845 59.8660430908
      vertex 96.3839874268 31.1131439209 59.529510498
      vertex 94.6793136597 33.6871681213 58.6980819702
    endloop
  endfacet
  facet normal 0.790222346783 -0.455111801624 -0.410392403603
    outer loop
      vertex 99.0279693604 28.387594223 61.6625862122
      vertex 96.3839874268 31.1131439209 59.529510498
      vertex 96.5606079102 31.8507766724 60.501335144
    endloop
  endfacet
  facet normal 0.786742866039 -0.466682434082 -0.404033660889
    outer loop
      vertex 99.0279693604 28.387594223 61.6625862122
      vertex 96.5606079102 31.8507766724 60.501335144
      vertex 99.2088623047 29.0235042572 62.518081665
    endloop
  endfacet
  facet normal 0.691756606102 -0.519281864166 -0.501815855503
    outer loop
      vertex 102.329605103 26.4924068451 64.229385376
      vertex 99.0279693604 28.387594223 61.6625862122
      vertex 99.2088623047 29.0235042572 62.518081665
    endloop
  endfacet
  facet normal 0.693897485733 -0.502332270145 -0.51591527462
    outer loop
      vertex 102.329605103 26.4924068451 64.229385376
      vertex 99.2088623047 29.0235042572 62.518081665
      vertex 102.505599976 27.0105895996 65.0046920776
    endloop
  endfacet
  facet normal 0.581432938576 -0.539194345474 -0.609266102314
    outer loop
      vertex 106.042602539 24.7697200775 66.2866897583
      vertex 102.329605103 26.4924068451 64.229385376
      vertex 102.505599976 27.0105895996 65.0046920776
    endloop
  endfacet
  facet normal 0.583547174931 -0.520657598972 -0.623208105564
    outer loop
      vertex 106.042602539 24.7697200775 66.2866897583
      vertex 102.505599976 27.0105895996 65.0046920776
      vertex 106.215484619 25.1973705292 66.9923324585
    endloop
  endfacet
  facet normal 0.458105653524 -0.540098965168 -0.705997407436
    outer loop
      vertex 110.097763062 23.3373470306 67.8538818359
      vertex 106.042602539 24.7697200775 66.2866897583
      vertex 106.215484619 25.1973705292 66.9923324585
    endloop
  endfacet
  facet normal 0.460117816925 -0.520538389683 -0.71925753355
    outer loop
      vertex 110.097763062 23.3373470306 67.8538818359
      vertex 106.215484619 25.1973705292 66.9923324585
      vertex 110.268814087 23.7000389099 68.5062332153
    endloop
  endfacet
  facet normal 0.324246108532 -0.523196101189 -0.788118243217
    outer loop
      vertex 114.416244507 22.3029632568 68.972076416
      vertex 110.097763062 23.3373470306 67.8538818359
      vertex 110.268814087 23.7000389099 68.5062332153
    endloop
  endfacet
  facet normal 0.32612028718 -0.502937436104 -0.800437092781
    outer loop
      vertex 114.416244507 22.3029632568 68.972076416
      vertex 110.268814087 23.7000389099 68.5062332153
      vertex 114.585906982 22.624080658 69.5931549072
    endloop
  endfacet
  facet normal 0.182627081871 -0.490458279848 -0.852113842964
    outer loop
      vertex 118.910812378 21.7602996826 69.7028579712
      vertex 114.416244507 22.3029632568 68.972076416
      vertex 114.585906982 22.624080658 69.5931549072
    endloop
  endfacet
  facet normal 0.184361577034 -0.469523906708 -0.863457083702
    outer loop
      vertex 118.910812378 21.7602996826 69.7028579712
      vertex 114.585906982 22.624080658 69.5931549072
      vertex 119.078643799 22.0600566864 70.3200149536
    endloop
  endfacet
  facet normal 0.0404343567789 -0.445417225361 -0.89440959692
    outer loop
      vertex 119.078643799 22.0600566864 70.3200149536
      vertex 123.307693481 21.4609165192 69.500831604
      vertex 118.910812378 21.7602996826 69.7028579712
    endloop
  endfacet
  facet normal 0.0361422039568 -0.497653514147 -0.866622567177
    outer loop
      vertex 118.910812378 21.7602996826 69.7028579712
      vertex 123.307693481 21.4609165192 69.500831604
      vertex 123.246414185 21.3500747681 69.3033599854
    endloop
  endfacet
  facet normal 0.0375800058246 -0.48775011301 -0.872174024582
    outer loop
      vertex 118.910812378 21.7602996826 69.7028579712
      vertex 123.246414185 21.3500747681 69.3033599854
      vertex 118.72845459 21.4325523376 69.1027450562
    endloop
  endfacet
  facet normal 0.18468517065 -0.51370626688 -0.837852776051
    outer loop
      vertex 118.72845459 21.4325523376 69.1027450562
      vertex 114.416244507 22.3029632568 68.972076416
      vertex 118.910812378 21.7602996826 69.7028579712
    endloop
  endfacet
  facet normal 0.183002218604 -0.531926095486 -0.826779782772
    outer loop
      vertex 118.72845459 21.4325523376 69.1027450562
      vertex 114.232696533 21.9541130066 68.3667068481
      vertex 114.416244507 22.3029632568 68.972076416
    endloop
  endfacet
  facet normal 0.326070010662 -0.544279456139 -0.772941291332
    outer loop
      vertex 114.232696533 21.9541130066 68.3667068481
      vertex 110.097763062 23.3373470306 67.8538818359
      vertex 114.416244507 22.3029632568 68.972076416
    endloop
  endfacet
  facet normal 0.324240833521 -0.562088727951 -0.760870635509
    outer loop
      vertex 114.232696533 21.9541130066 68.3667068481
      vertex 109.913314819 22.9458637238 67.2175521851
      vertex 110.097763062 23.3373470306 67.8538818359
    endloop
  endfacet
  facet normal 0.459702372551 -0.558194935322 -0.690718531609
    outer loop
      vertex 109.913314819 22.9458637238 67.2175521851
      vertex 106.042602539 24.7697200775 66.2866897583
      vertex 110.097763062 23.3373470306 67.8538818359
    endloop
  endfacet
  facet normal 0.457717657089 -0.575612843037 -0.677616715431
    outer loop
      vertex 109.913314819 22.9458637238 67.2175521851
      vertex 105.856689453 24.3111190796 65.5989837646
      vertex 106.042602539 24.7697200775 66.2866897583
    endloop
  endfacet
  facet normal 0.582789719105 -0.554002404213 -0.594506084919
    outer loop
      vertex 105.856689453 24.3111190796 65.5989837646
      vertex 102.329605103 26.4924068451 64.229385376
      vertex 106.042602539 24.7697200775 66.2866897583
    endloop
  endfacet
  facet normal 0.580682396889 -0.570690989494 -0.58062016964
    outer loop
      vertex 105.856689453 24.3111190796 65.5989837646
      vertex 102.141098022 25.9399013519 63.4754600525
      vertex 102.329605103 26.4924068451 64.229385376
    endloop
  endfacet
  facet normal 0.692838907242 -0.530866444111 -0.488011360168
    outer loop
      vertex 102.141098022 25.9399013519 63.4754600525
      vertex 99.0279693604 28.387594223 61.6625862122
      vertex 102.329605103 26.4924068451 64.229385376
    endloop
  endfacet
  facet normal 0.691242933273 -0.542498588562 -0.47736620903
    outer loop
      vertex 102.141098022 25.9399013519 63.4754600525
      vertex 98.8888092041 27.9007091522 61.056842804
      vertex 99.0279693604 28.387594223 61.6625862122
    endloop
  endfacet
  facet normal 0.785841047764 -0.486952781677 -0.381222814322
    outer loop
      vertex 98.8888092041 27.9007091522 61.056842804
      vertex 96.3839874268 31.1131439209 59.529510498
      vertex 99.0279693604 28.387594223 61.6625862122
    endloop
  endfacet
  facet normal 0.78898525238 -0.475479274988 -0.389129430056
    outer loop
      vertex 98.8888092041 27.9007091522 61.056842804
      vertex 96.2481536865 30.5490036011 58.8424224854
      vertex 96.3839874268 31.1131439209 59.529510498
    endloop
  endfacet
  facet normal 0.814164996147 -0.456040620804 -0.359391570091
    outer loop
      vertex 96.3839874268 31.1131439209 59.529510498
      vertex 96.2481536865 30.5490036011 58.8424224854
      vertex 95.1357879639 31.0646953583 57.262928009
    endloop
  endfacet
  facet normal 0.804308056831 -0.451195478439 -0.386666715145
    outer loop
      vertex 96.3839874268 31.1131439209 59.529510498
      vertex 95.1357879639 31.0646953583 57.262928009
      vertex 94.6793136597 32.014213562 57.262928009
    endloop
  endfacet
  facet normal 0.780269265175 -0.500472068787 -0.375110179186
    outer loop
      vertex 95.1357879639 31.0646953583 57.262928009
      vertex 94.6793136597 30.9718532562 56.4816665649
      vertex 94.6793136597 32.014213562 57.262928009
    endloop
  endfacet
  facet normal 0.804227113724 -0.50678730011 -0.31046000123
    outer loop
      vertex 95.1357879639 31.0646953583 57.262928009
      vertex 95.8408203125 28.8770751953 57.0416107178
      vertex 94.6793136597 30.9718532562 56.4816665649
    endloop
  endfacet
  facet normal 0.804227411747 -0.506786525249 -0.310460358858
    outer loop
      vertex 94.6793136597 29.8718566895 55.807800293
      vertex 94.6793136597 30.9718532562 56.4816665649
      vertex 95.8408203125 28.8770751953 57.0416107178
    endloop
  endfacet
  facet normal 0.803411006927 -0.513993382454 -0.30056861043
    outer loop
      vertex 95.8408203125 28.8770751953 57.0416107178
      vertex 94.6793136597 28.2974720001 54.8871459961
      vertex 94.6793136597 29.8718566895 55.807800293
    endloop
  endfacet
  facet normal 0.806676328182 -0.546748101711 -0.224365234375
    outer loop
      vertex 95.393951416 27.0822982788 55.425743103
      vertex 94.6793136597 27.8891391754 54.702457428
      vertex 94.6793136597 28.107875824 54.7922172546
    endloop
  endfacet
  facet normal 0.81614869833 -0.523047804832 -0.245606020093
    outer loop
      vertex 95.6223602295 27.9941329956 56.2103118896
      vertex 95.393951416 27.0822982788 55.425743103
      vertex 94.6793136597 28.107875824 54.7922172546
    endloop
  endfacet
  facet normal 0.816148936749 -0.523048102856 -0.24560444057
    outer loop
      vertex 95.6223602295 27.9941329956 56.2103118896
      vertex 94.6793136597 28.107875824 54.7922172546
      vertex 94.6793136597 28.2245998383 54.847026825
    endloop
  endfacet
  facet normal 0.810605168343 -0.512989401817 -0.282420098782
    outer loop
      vertex 95.8408203125 28.8770751953 57.0416107178
      vertex 95.6223602295 27.9941329956 56.2103118896
      vertex 94.6793136597 28.2245998383 54.847026825
    endloop
  endfacet
  facet normal 0.810604095459 -0.512989640236 -0.282422691584
    outer loop
      vertex 95.8408203125 28.8770751953 57.0416107178
      vertex 94.6793136597 28.2245998383 54.847026825
      vertex 94.6793136597 28.2974720001 54.8871459961
    endloop
  endfacet
  facet normal 0.785583853722 -0.535571753979 -0.309872478247
    outer loop
      vertex 98.2474060059 25.6905021667 58.7279243469
      vertex 95.6223602295 27.9941329956 56.2103118896
      vertex 95.8408203125 28.8770751953 57.0416107178
    endloop
  endfacet
  facet normal 0.780873894691 -0.548113942146 -0.299678206444
    outer loop
      vertex 98.2474060059 25.6905021667 58.7279243469
      vertex 95.8408203125 28.8770751953 57.0416107178
      vertex 98.4713897705 26.4552135468 59.4651260376
    endloop
  endfacet
  facet normal 0.687471866608 -0.612916588783 -0.389506995678
    outer loop
      vertex 101.561203003 24.2570171356 61.5338363647
      vertex 98.2474060059 25.6905021667 58.7279243469
      vertex 98.4713897705 26.4552135468 59.4651260376
    endloop
  endfacet
  facet normal 0.689665138721 -0.601232528687 -0.403585642576
    outer loop
      vertex 101.561203003 24.2570171356 61.5338363647
      vertex 98.4713897705 26.4552135468 59.4651260376
      vertex 101.783950806 24.8997497559 62.220790863
    endloop
  endfacet
  facet normal 0.578523337841 -0.649384856224 -0.493568658829
    outer loop
      vertex 105.281082153 22.8989524841 63.8155975342
      vertex 101.561203003 24.2570171356 61.5338363647
      vertex 101.783950806 24.8997497559 62.220790863
    endloop
  endfacet
  facet normal 0.580631196499 -0.636834561825 -0.507256507874
    outer loop
      vertex 105.281082153 22.8989524841 63.8155975342
      vertex 101.783950806 24.8997497559 62.220790863
      vertex 105.50479126 23.4461650848 64.4554290771
    endloop
  endfacet
  facet normal 0.456703364849 -0.665033698082 -0.590891003609
    outer loop
      vertex 109.341247559 21.733417511 65.5682678223
      vertex 105.281082153 22.8989524841 63.8155975342
      vertex 105.50479126 23.4461650848 64.4554290771
    endloop
  endfacet
  facet normal 0.457955807447 -0.656863391399 -0.599004983902
    outer loop
      vertex 109.341247559 21.733417511 65.5682678223
      vertex 105.50479126 23.4461650848 64.4554290771
      vertex 109.50378418 22.0774726868 65.9953384399
    endloop
  endfacet
  facet normal 0.325120866299 -0.665225505829 -0.672139406204
    outer loop
      vertex 113.59815979 20.7441482544 66.649230957
      vertex 109.341247559 21.733417511 65.5682678223
      vertex 109.50378418 22.0774726868 65.9953384399
    endloop
  endfacet
  facet normal 0.326096177101 -0.658143758774 -0.678607463837
    outer loop
      vertex 113.59815979 20.7441482544 66.649230957
      vertex 109.50378418 22.0774726868 65.9953384399
      vertex 113.823822021 21.1745204926 67.2047958374
    endloop
  endfacet
  facet normal 0.184500366449 -0.647629857063 -0.739280223846
    outer loop
      vertex 118.095031738 20.2856788635 67.4069747925
      vertex 113.59815979 20.7441482544 66.649230957
      vertex 113.823822021 21.1745204926 67.2047958374
    endloop
  endfacet
  facet normal 0.185929253697 -0.636263072491 -0.748732030392
    outer loop
      vertex 118.095031738 20.2856788635 67.4069747925
      vertex 113.823822021 21.1745204926 67.2047958374
      vertex 118.320648193 20.6948986053 67.954460144
    endloop
  endfacet
  facet normal 0.0433136597276 -0.609522163868 -0.791584908962
    outer loop
      vertex 118.320648193 20.6948986053 67.954460144
      vertex 122.491699219 19.9753894806 67.3164367676
      vertex 118.095031738 20.2856788635 67.4069747925
    endloop
  endfacet
  facet normal 0.040060557425 -0.651371359825 -0.757700800896
    outer loop
      vertex 118.095031738 20.2856788635 67.4069747925
      vertex 122.491699219 19.9753894806 67.3164367676
      vertex 122.438430786 19.8781909943 67.2000961304
    endloop
  endfacet
  facet normal 0.0371847450733 -0.67347830534 -0.73827111721
    outer loop
      vertex 118.095031738 20.2856788635 67.4069747925
      vertex 122.438430786 19.8781909943 67.2000961304
      vertex 122.183319092 19.4132003784 66.67628479
    endloop
  endfacet
  facet normal 0.046549372375 -0.647646069527 -0.760518074036
    outer loop
      vertex 118.095031738 20.2856788635 67.4069747925
      vertex 122.183319092 19.4132003784 66.67628479
      vertex 117.85458374 19.8497714996 66.8778152466
    endloop
  endfacet
  facet normal 0.186432212591 -0.673754096031 -0.715051352978
    outer loop
      vertex 117.85458374 19.8497714996 66.8778152466
      vertex 113.59815979 20.7441482544 66.649230957
      vertex 118.095031738 20.2856788635 67.4069747925
    endloop
  endfacet
  facet normal 0.185767561197 -0.678569197655 -0.710657596588
    outer loop
      vertex 117.85458374 19.8497714996 66.8778152466
      vertex 113.424926758 20.4141197205 66.2561721802
      vertex 113.59815979 20.7441482544 66.649230957
    endloop
  endfacet
  facet normal 0.325444638729 -0.688032209873 -0.648611962795
    outer loop
      vertex 113.424926758 20.4141197205 66.2561721802
      vertex 109.341247559 21.733417511 65.5682678223
      vertex 113.59815979 20.7441482544 66.649230957
    endloop
  endfacet
  facet normal 0.324532806873 -0.694010674953 -0.642672300339
    outer loop
      vertex 113.424926758 20.4141197205 66.2561721802
      vertex 109.103607178 21.2318401337 64.9926681519
      vertex 109.341247559 21.733417511 65.5682678223
    endloop
  endfacet
  facet normal 0.458202421665 -0.68390160799 -0.567740380764
    outer loop
      vertex 109.103607178 21.2318401337 64.9926681519
      vertex 105.281082153 22.8989524841 63.8155975342
      vertex 109.341247559 21.733417511 65.5682678223
    endloop
  endfacet
  facet normal 0.456350564957 -0.6949390769 -0.555701196194
    outer loop
      vertex 109.103607178 21.2318401337 64.9926681519
      vertex 105.046234131 22.3280410767 63.2048530579
      vertex 105.281082153 22.8989524841 63.8155975342
    endloop
  endfacet
  facet normal 0.579723238945 -0.664162397385 -0.472026735544
    outer loop
      vertex 105.046234131 22.3280410767 63.2048530579
      vertex 101.561203003 24.2570171356 61.5338363647
      vertex 105.281082153 22.8989524841 63.8155975342
    endloop
  endfacet
  facet normal 0.577677845955 -0.675062179565 -0.458889245987
    outer loop
      vertex 105.046234131 22.3280410767 63.2048530579
      vertex 101.327804565 23.589548111 60.8803825378
      vertex 101.561203003 24.2570171356 61.5338363647
    endloop
  endfacet
  facet normal 0.688346743584 -0.623875260353 -0.370078921318
    outer loop
      vertex 101.327804565 23.589548111 60.8803825378
      vertex 98.2474060059 25.6905021667 58.7279243469
      vertex 101.561203003 24.2570171356 61.5338363647
    endloop
  endfacet
  facet normal 0.686165452003 -0.634228944778 -0.356273174286
    outer loop
      vertex 101.327804565 23.589548111 60.8803825378
      vertex 98.0131530762 24.8998699188 58.0303611755
      vertex 98.2474060059 25.6905021667 58.7279243469
    endloop
  endfacet
  facet normal 0.779089510441 -0.566340923309 -0.268844753504
    outer loop
      vertex 98.0131530762 24.8998699188 58.0303611755
      vertex 95.6223602295 27.9941329956 56.2103118896
      vertex 98.2474060059 25.6905021667 58.7279243469
    endloop
  endfacet
  facet normal 0.784116268158 -0.553810536861 -0.280099093914
    outer loop
      vertex 98.0131530762 24.8998699188 58.0303611755
      vertex 95.393951416 27.0822982788 55.425743103
      vertex 95.6223602295 27.9941329956 56.2103118896
    endloop
  endfacet
  facet normal 0.777160167694 -0.583007395267 -0.236905872822
    outer loop
      vertex 97.7684783936 24.0847320557 57.3729705811
      vertex 95.393951416 27.0822982788 55.425743103
      vertex 98.0131530762 24.8998699188 58.0303611755
    endloop
  endfacet
  facet normal 0.684743344784 -0.653885483742 -0.321807861328
    outer loop
      vertex 101.083572388 22.8986225128 60.2607688904
      vertex 97.7684783936 24.0847320557 57.3729705811
      vertex 98.0131530762 24.8998699188 58.0303611755
    endloop
  endfacet
  facet normal 0.686922967434 -0.644723594189 -0.335362970829
    outer loop
      vertex 101.083572388 22.8986225128 60.2607688904
      vertex 98.0131530762 24.8998699188 58.0303611755
      vertex 101.327804565 23.589548111 60.8803825378
    endloop
  endfacet
  facet normal 0.576764404774 -0.698922276497 -0.422907143831
    outer loop
      vertex 104.800109863 21.7345333099 62.6233558655
      vertex 101.083572388 22.8986225128 60.2607688904
      vertex 101.327804565 23.589548111 60.8803825378
    endloop
  endfacet
  facet normal 0.578754961491 -0.68947160244 -0.435513079166
    outer loop
      vertex 104.800109863 21.7345333099 62.6233558655
      vertex 101.327804565 23.589548111 60.8803825378
      vertex 105.046234131 22.3280410767 63.2048530579
    endloop
  endfacet
  facet normal 0.45597332716 -0.722881376743 -0.519163548946
    outer loop
      vertex 108.854217529 20.7082824707 64.4435348511
      vertex 104.800109863 21.7345333099 62.6233558655
      vertex 105.046234131 22.3280410767 63.2048530579
    endloop
  endfacet
  facet normal 0.45772010088 -0.713562965393 -0.530396282673
    outer loop
      vertex 108.854217529 20.7082824707 64.4435348511
      vertex 105.046234131 22.3280410767 63.2048530579
      vertex 109.103607178 21.2318401337 64.9926681519
    endloop
  endfacet
  facet normal 0.324696183205 -0.725737631321 -0.606528878212
    outer loop
      vertex 113.171798706 19.9331874847 65.7274475098
      vertex 108.854217529 20.7082824707 64.4435348511
      vertex 109.103607178 21.2318401337 64.9926681519
    endloop
  endfacet
  facet normal 0.326198369265 -0.716768801212 -0.616309285164
    outer loop
      vertex 113.171798706 19.9331874847 65.7274475098
      vertex 109.103607178 21.2318401337 64.9926681519
      vertex 113.424926758 20.4141197205 66.2561721802
    endloop
  endfacet
  facet normal 0.185559600592 -0.708330512047 -0.681054711342
    outer loop
      vertex 117.670135498 19.5159626007 66.5047073364
      vertex 113.171798706 19.9331874847 65.7274475098
      vertex 113.424926758 20.4141197205 66.2561721802
    endloop
  endfacet
  facet normal 0.186121568084 -0.704623639584 -0.684736669064
    outer loop
      vertex 117.670135498 19.5159626007 66.5047073364
      vertex 113.424926758 20.4141197205 66.2561721802
      vertex 117.85458374 19.8497714996 66.8778152466
    endloop
  endfacet
  facet normal 0.0469388440251 -0.678820729256 -0.732802271843
    outer loop
      vertex 117.85458374 19.8497714996 66.8778152466
      vertex 121.987762451 19.0577983856 66.3086624146
      vertex 117.670135498 19.5159626007 66.5047073364
    endloop
  endfacet
  facet normal 0.0384340956807 -0.735186696053 -0.676774203777
    outer loop
      vertex 117.670135498 19.5159626007 66.5047073364
      vertex 121.987762451 19.0577983856 66.3086624146
      vertex 121.702255249 18.5413913727 65.818359375
    endloop
  endfacet
  facet normal 0.0491528399289 -0.709475517273 -0.703013837337
    outer loop
      vertex 117.670135498 19.5159626007 66.5047073364
      vertex 121.702255249 18.5413913727 65.818359375
      vertex 117.400756836 19.0300941467 66.0046005249
    endloop
  endfacet
  facet normal 0.187409833074 -0.73454618454 -0.652165174484
    outer loop
      vertex 117.400756836 19.0300941467 66.0046005249
      vertex 113.171798706 19.9331874847 65.7274475098
      vertex 117.670135498 19.5159626007 66.5047073364
    endloop
  endfacet
  facet normal 0.186276391149 -0.741325616837 -0.64477699995
    outer loop
      vertex 117.400756836 19.0300941467 66.0046005249
      vertex 112.906204224 19.4313201904 65.2242050171
      vertex 113.171798706 19.9331874847 65.7274475098
    endloop
  endfacet
  facet normal 0.326211035252 -0.748254537582 -0.577669024467
    outer loop
      vertex 112.906204224 19.4313201904 65.2242050171
      vertex 108.854217529 20.7082824707 64.4435348511
      vertex 113.171798706 19.9331874847 65.7274475098
    endloop
  endfacet
  facet normal 0.324861556292 -0.755465865135 -0.568978250027
    outer loop
      vertex 112.906204224 19.4313201904 65.2242050171
      vertex 108.592803955 20.1636695862 63.9209480286
      vertex 108.854217529 20.7082824707 64.4435348511
    endloop
  endfacet
  facet normal 0.457194507122 -0.741100490093 -0.491673886776
    outer loop
      vertex 108.592803955 20.1636695862 63.9209480286
      vertex 104.800109863 21.7345333099 62.6233558655
      vertex 108.854217529 20.7082824707 64.4435348511
    endloop
  endfacet
  facet normal 0.455555766821 -0.74888920784 -0.481283575296
    outer loop
      vertex 108.592803955 20.1636695862 63.9209480286
      vertex 104.542434692 21.1194953918 62.071346283
      vertex 104.800109863 21.7345333099 62.6233558655
    endloop
  endfacet
  facet normal 0.577697515488 -0.712800264359 -0.397720217705
    outer loop
      vertex 104.542434692 21.1194953918 62.071346283
      vertex 101.083572388 22.8986225128 60.2607688904
      vertex 104.800109863 21.7345333099 62.6233558655
    endloop
  endfacet
  facet normal 0.575760960579 -0.720943331718 -0.385668247938
    outer loop
      vertex 104.542434692 21.1194953918 62.071346283
      vertex 100.828338623 22.1854133606 59.675403595
      vertex 101.083572388 22.8986225128 60.2607688904
    endloop
  endfacet
  facet normal 0.68536311388 -0.663755834103 -0.299508959055
    outer loop
      vertex 100.828338623 22.1854133606 59.675403595
      vertex 97.7684783936 24.0847320557 57.3729705811
      vertex 101.083572388 22.8986225128 60.2607688904
    endloop
  endfacet
  facet normal 0.683158695698 -0.671900033951 -0.286084860563
    outer loop
      vertex 100.828338623 22.1854133606 59.675403595
      vertex 97.5135498047 23.2450275421 56.75623703
      vertex 97.7684783936 24.0847320557 57.3729705811
    endloop
  endfacet
  facet normal 0.775070607662 -0.598056554794 -0.203945830464
    outer loop
      vertex 97.5135498047 23.2450275421 56.75623703
      vertex 95.1554870605 26.1432723999 54.6885719299
      vertex 97.7684783936 24.0847320557 57.3729705811
    endloop
  endfacet
  facet normal 0.782511711121 -0.570585250854 -0.249214574695
    outer loop
      vertex 97.7684783936 24.0847320557 57.3729705811
      vertex 95.1554870605 26.1432723999 54.6885719299
      vertex 95.393951416 27.0822982788 55.425743103
    endloop
  endfacet
  facet normal 0.806676328182 -0.546748220921 -0.224365100265
    outer loop
      vertex 95.393951416 27.0822982788 55.425743103
      vertex 95.1554870605 26.1432723999 54.6885719299
      vertex 94.6793136597 27.8891391754 54.702457428
    endloop
  endfacet
  facet normal 0.786109507084 -0.577987134457 -0.219004049897
    outer loop
      vertex 95.1554870605 26.1432723999 54.6885719299
      vertex 94.6793136597 26.3211975098 54.1083488464
      vertex 94.6793136597 27.8891391754 54.702457428
    endloop
  endfacet
  facet normal 0.786361038685 -0.580821096897 -0.210435494781
    outer loop
      vertex 95.1554870605 26.1432723999 54.6885719299
      vertex 94.6793136597 26.0078372955 53.9948196411
      vertex 94.6793136597 26.3211975098 54.1083488464
    endloop
  endfacet
  facet normal 0.785886228085 -0.580833435059 -0.212168186903
    outer loop
      vertex 95.1554870605 26.1432723999 54.6885719299
      vertex 94.6793136597 25.1771259308 53.6913719177
      vertex 94.6793136597 26.0078372955 53.9948196411
    endloop
  endfacet
  facet normal 0.792694866657 -0.592428505421 -0.143747314811
    outer loop
      vertex 94.7124633789 24.4233703613 53.5093307495
      vertex 94.6793136597 24.2958374023 53.4340286255
      vertex 94.6793136597 24.4318466187 53.4670295715
    endloop
  endfacet
  facet normal 0.791610956192 -0.585090100765 -0.17612965405
    outer loop
      vertex 94.9071044922 25.1770610809 53.9995613098
      vertex 94.7124633789 24.4233703613 53.5093307495
      vertex 94.6793136597 24.4318466187 53.4670295715
    endloop
  endfacet
  facet normal 0.791620135307 -0.585080564022 -0.176120012999
    outer loop
      vertex 94.9071044922 25.1770610809 53.9995613098
      vertex 94.6793136597 24.4318466187 53.4670295715
      vertex 94.6793136597 25.1771259308 53.6913719177
    endloop
  endfacet
  facet normal 0.78588539362 -0.580834209919 -0.212169349194
    outer loop
      vertex 95.1554870605 26.1432723999 54.6885719299
      vertex 94.9071044922 25.1770610809 53.9995613098
      vertex 94.6793136597 25.1771259308 53.6913719177
    endloop
  endfacet
  facet normal 0.780701041222 -0.585959613323 -0.217157050967
    outer loop
      vertex 97.5135498047 23.2450275421 56.75623703
      vertex 94.9071044922 25.1770610809 53.9995613098
      vertex 95.1554870605 26.1432723999 54.6885719299
    endloop
  endfacet
  facet normal 0.773499906063 -0.60947561264 -0.173888996243
    outer loop
      vertex 97.3137359619 22.5892963409 56.3155593872
      vertex 94.9071044922 25.1770610809 53.9995613098
      vertex 97.5135498047 23.2450275421 56.75623703
    endloop
  endfacet
  facet normal 0.682070314884 -0.686049818993 -0.253210812807
    outer loop
      vertex 100.562133789 21.4498233795 59.1245536804
      vertex 97.3137359619 22.5892963409 56.3155593872
      vertex 97.5135498047 23.2450275421 56.75623703
    endloop
  endfacet
  facet normal 0.683625340462 -0.680973052979 -0.262549072504
    outer loop
      vertex 100.562133789 21.4498233795 59.1245536804
      vertex 97.5135498047 23.2450275421 56.75623703
      vertex 100.828338623 22.1854133606 59.675403595
    endloop
  endfacet
  facet normal 0.574620783329 -0.741178035736 -0.347082167864
    outer loop
      vertex 104.27293396 20.4838752747 61.5491256714
      vertex 100.562133789 21.4498233795 59.1245536804
      vertex 100.828338623 22.1854133606 59.675403595
    endloop
  endfacet
  facet normal 0.576528608799 -0.734127283096 -0.358708590269
    outer loop
      vertex 104.27293396 20.4838752747 61.5491256714
      vertex 100.828338623 22.1854133606 59.675403595
      vertex 104.542434692 21.1194953918 62.071346283
    endloop
  endfacet
  facet normal 0.455077111721 -0.772950351238 -0.442100167274
    outer loop
      vertex 108.319000244 19.5988712311 63.4250679016
      vertex 104.27293396 20.4838752747 61.5491256714
      vertex 104.542434692 21.1194953918 62.071346283
    endloop
  endfacet
  facet normal 0.456605821848 -0.766515016556 -0.45162576437
    outer loop
      vertex 108.319000244 19.5988712311 63.4250679016
      vertex 104.542434692 21.1194953918 62.071346283
      vertex 108.592803955 20.1636695862 63.9209480286
    endloop
  endfacet
  facet normal 0.325013071299 -0.78319644928 -0.530065834522
    outer loop
      vertex 112.6277771 18.9093017578 64.7464370728
      vertex 108.319000244 19.5988712311 63.4250679016
      vertex 108.592803955 20.1636695862 63.9209480286
    endloop
  endfacet
  facet normal 0.326204061508 -0.777525603771 -0.537628889084
    outer loop
      vertex 112.6277771 18.9093017578 64.7464370728
      vertex 108.592803955 20.1636695862 63.9209480286
      vertex 112.906204224 19.4313201904 65.2242050171
    endloop
  endfacet
  facet normal 0.187023133039 -0.772310554981 -0.60709041357
    outer loop
      vertex 117.118179321 18.5236301422 65.530670166
      vertex 112.6277771 18.9093017578 64.7464370728
      vertex 112.906204224 19.4313201904 65.2242050171
    endloop
  endfacet
  facet normal 0.18796031177 -0.76729285717 -0.613133370876
    outer loop
      vertex 117.118179321 18.5236301422 65.530670166
      vertex 112.906204224 19.4313201904 65.2242050171
      vertex 117.400756836 19.0300941467 66.0046005249
    endloop
  endfacet
  facet normal 0.0463261418045 -0.74215066433 -0.668630182743
    outer loop
      vertex 117.400756836 19.0300941467 66.0046005249
      vertex 121.554901123 18.2762966156 65.5847854614
      vertex 117.118179321 18.5236301422 65.530670166
    endloop
  endfacet
  facet normal 0.0444418229163 -0.777711570263 -0.627048373222
    outer loop
      vertex 117.118179321 18.5236301422 65.530670166
      vertex 121.554901123 18.2762966156 65.5847854614
      vertex 121.40284729 18.0040302277 65.3565750122
    endloop
  endfacet
  facet normal 0.0401392839849 -0.799771785736 -0.598960697651
    outer loop
      vertex 117.118179321 18.5236301422 65.530670166
      vertex 121.40284729 18.0040302277 65.3565750122
      vertex 121.088897705 17.4463500977 64.9231643677
    endloop
  endfacet
  facet normal 0.0523307807744 -0.774923801422 -0.629884541035
    outer loop
      vertex 117.118179321 18.5236301422 65.530670166
      vertex 121.088897705 17.4463500977 64.9231643677
      vertex 116.821929932 17.9972648621 65.0828170776
    endloop
  endfacet
  facet normal 0.188520118594 -0.797796487808 -0.572696208954
    outer loop
      vertex 116.821929932 17.9972648621 65.0828170776
      vertex 112.6277771 18.9093017578 64.7464370728
      vertex 117.118179321 18.5236301422 65.530670166
    endloop
  endfacet
  facet normal 0.187785372138 -0.801301956177 -0.568024516106
    outer loop
      vertex 116.821929932 17.9972648621 65.0828170776
      vertex 112.336013794 18.3678531647 64.2942428589
      vertex 112.6277771 18.9093017578 64.7464370728
    endloop
  endfacet
  facet normal 0.326160997152 -0.804603338242 -0.496218144894
    outer loop
      vertex 112.336013794 18.3678531647 64.2942428589
      vertex 108.319000244 19.5988712311 63.4250679016
      vertex 112.6277771 18.9093017578 64.7464370728
    endloop
  endfacet
  facet normal 0.325136005878 -0.808926343918 -0.489821135998
    outer loop
      vertex 112.336013794 18.3678531647 64.2942428589
      vertex 108.032348633 19.0146656036 62.9561042786
      vertex 108.319000244 19.5988712311 63.4250679016
    endloop
  endfacet
  facet normal 0.455932527781 -0.7898016572 -0.410291194916
    outer loop
      vertex 108.032348633 19.0146656036 62.9561042786
      vertex 104.27293396 20.4838752747 61.5491256714
      vertex 108.319000244 19.5988712311 63.4250679016
    endloop
  endfacet
  facet normal 0.45449835062 -0.795108318329 -0.401539564133
    outer loop
      vertex 108.032348633 19.0146656036 62.9561042786
      vertex 103.991470337 19.8275985718 61.0568084717
      vertex 104.27293396 20.4838752747 61.5491256714
    endloop
  endfacet
  facet normal 0.57520365715 -0.75344902277 -0.318520456553
    outer loop
      vertex 103.991470337 19.8275985718 61.0568084717
      vertex 100.562133789 21.4498233795 59.1245536804
      vertex 104.27293396 20.4838752747 61.5491256714
    endloop
  endfacet
  facet normal 0.574054837227 -0.757199525833 -0.311624675989
    outer loop
      vertex 103.991470337 19.8275985718 61.0568084717
      vertex 100.353240967 20.8748264313 58.7295455933
      vertex 100.562133789 21.4498233795 59.1245536804
    endloop
  endfacet
  facet normal 0.681459248066 -0.694850742817 -0.229773104191
    outer loop
      vertex 100.353240967 20.8748264313 58.7295455933
      vertex 97.3137359619 22.5892963409 56.3155593872
      vertex 100.562133789 21.4498233795 59.1245536804
    endloop
  endfacet
  facet normal 0.679786801338 -0.69959551096 -0.220127403736
    outer loop
      vertex 100.353240967 20.8748264313 58.7295455933
      vertex 97.0399780273 21.695848465 55.7684326172
      vertex 97.3137359619 22.5892963409 56.3155593872
    endloop
  endfacet
  facet normal 0.770857751369 -0.620558857918 -0.143822908401
    outer loop
      vertex 97.0399780273 21.695848465 55.7684326172
      vertex 94.7124633789 24.4233703613 53.5093307495
      vertex 97.3137359619 22.5892963409 56.3155593872
    endloop
  endfacet
  facet normal 0.778572499752 -0.598636031151 -0.188307657838
    outer loop
      vertex 97.3137359619 22.5892963409 56.3155593872
      vertex 94.7124633789 24.4233703613 53.5093307495
      vertex 94.9071044922 25.1770610809 53.9995613098
    endloop
  endfacet
  facet normal 0.776818275452 -0.609580755234 -0.158001989126
    outer loop
      vertex 94.7124633789 24.4233703613 53.5093307495
      vertex 97.0399780273 21.695848465 55.7684326172
      vertex 94.6793136597 24.2958374023 53.4340286255
    endloop
  endfacet
  facet normal 0.776819169521 -0.609579026699 -0.158004328609
    outer loop
      vertex 94.6793136597 23.2445526123 53.1615333557
      vertex 94.6793136597 24.2958374023 53.4340286255
      vertex 97.0399780273 21.695848465 55.7684326172
    endloop
  endfacet
  facet normal 0.768077015877 -0.63110935688 -0.108437344432
    outer loop
      vertex 97.0399780273 21.695848465 55.7684326172
      vertex 94.6793136597 23.1345291138 53.1426277161
      vertex 94.6793136597 23.2445526123 53.1615333557
    endloop
  endfacet
  facet normal 0.770722925663 -0.62500333786 -0.123923294246
    outer loop
      vertex 94.6793136597 23.1345291138 53.1426277161
      vertex 97.0399780273 21.695848465 55.7684326172
      vertex 94.6793136597 22.0513477325 52.92786026
    endloop
  endfacet
  facet normal 0.0410294644535 -0.828840732574 -0.557978153229
    outer loop
      vertex 116.821929932 17.9972648621 65.0828170776
      vertex 121.088897705 17.4463500977 64.9231643677
      vertex 120.759521484 16.8689022064 64.518119812
    endloop
  endfacet
  facet normal -0.0209153983742 -0.760439932346 -0.649071395397
    outer loop
      vertex 127.750305176 17.5931549072 64.8312911987
      vertex 121.40284729 18.0040302277 65.3565750122
      vertex 121.554901123 18.2762966156 65.5847854614
    endloop
  endfacet
  facet normal -0.0254112053663 -0.778035342693 -0.627706408501
    outer loop
      vertex 127.750305176 17.5931549072 64.8312911987
      vertex 121.554901123 18.2762966156 65.5847854614
      vertex 127.712524414 18.526216507 65.5853042603
    endloop
  endfacet
  facet normal 0.178776174784 -0.761701881886 -0.622775495052
    outer loop
      vertex 128.460800171 19.3792629242 66.4583892822
      vertex 127.750305176 17.5931549072 64.8312911987
      vertex 127.712524414 18.526216507 65.5853042603
    endloop
  endfacet
  facet normal 0.0504186339676 -0.71973502636 -0.692415654659
    outer loop
      vertex 127.712524414 18.526216507 65.5853042603
      vertex 127.677459717 19.3920269012 66.4157943726
      vertex 128.460800171 19.3792629242 66.4583892822
    endloop
  endfacet
  facet normal 0.0480498932302 -0.658641338348 -0.750921308994
    outer loop
      vertex 128.460800171 19.3792629242 66.4583892822
      vertex 127.677459717 19.3920269012 66.4157943726
      vertex 127.645385742 20.184343338 67.3167800903
    endloop
  endfacet
  facet normal 0.110814526677 -0.621846139431 -0.775259673595
    outer loop
      vertex 128.460800171 19.3792629242 66.4583892822
      vertex 127.645385742 20.184343338 67.3167800903
      vertex 128.400100708 20.8781452179 68.3162384033
    endloop
  endfacet
  facet normal 0.201850831509 -0.610981106758 -0.765479147434
    outer loop
      vertex 128.400100708 20.8781452179 68.3162384033
      vertex 129.228424072 19.2780056 66.5851287842
      vertex 128.460800171 19.3792629242 66.4583892822
    endloop
  endfacet
  facet normal 0.206469804049 -0.730072975159 -0.651432037354
    outer loop
      vertex 128.460800171 19.3792629242 66.4583892822
      vertex 129.228424072 19.2780056 66.5851287842
      vertex 129.300003052 17.510263443 65.0280456543
    endloop
  endfacet
  facet normal 0.356479465961 -0.693897902966 -0.625642120838
    outer loop
      vertex 129.228424072 19.2780056 66.5851287842
      vertex 130.031509399 17.36120224 65.2694473267
      vertex 129.300003052 17.510263443 65.0280456543
    endloop
  endfacet
  facet normal 0.36158016324 -0.787127137184 -0.499690562487
    outer loop
      vertex 129.300003052 17.510263443 65.0280456543
      vertex 130.031509399 17.36120224 65.2694473267
      vertex 130.110946655 15.3992824554 64.0604553223
    endloop
  endfacet
  facet normal 0.502604544163 -0.726758420467 -0.468199670315
    outer loop
      vertex 130.031509399 17.36120224 65.2694473267
      vertex 130.786834717 15.2419424057 64.4265136719
      vertex 130.110946655 15.3992824554 64.0604553223
    endloop
  endfacet
  facet normal 0.507834970951 -0.791927576065 -0.339049249887
    outer loop
      vertex 130.110946655 15.3992824554 64.0604553223
      vertex 130.786834717 15.2419424057 64.4265136719
      vertex 130.870788574 13.1685581207 63.5926704407
    endloop
  endfacet
  facet normal 0.507820785046 -0.791937828064 -0.339046567678
    outer loop
      vertex 130.110946655 15.3992824554 64.0604553223
      vertex 130.870788574 13.1685581207 63.5926704407
      vertex 130.197494507 13.2614364624 63.2006912231
    endloop
  endfacet
  facet normal 0.513420522213 -0.83432674408 -0.200744137168
    outer loop
      vertex 130.197494507 13.2614364624 63.2006912231
      vertex 130.870788574 13.1685581207 63.5926704407
      vertex 130.959228516 10.9841957092 63.1215209961
    endloop
  endfacet
  facet normal 0.513429224491 -0.834320783615 -0.200746834278
    outer loop
      vertex 130.197494507 13.2614364624 63.2006912231
      vertex 130.959228516 10.9841957092 63.1215209961
      vertex 130.288696289 11.0091590881 62.7148933411
    endloop
  endfacet
  facet normal 0.51923841238 -0.852707922459 -0.0572768859565
    outer loop
      vertex 130.288696289 11.0091590881 62.7148933411
      vertex 130.959228516 10.9841957092 63.1215209961
      vertex 131.049621582 8.75169086456 63.0266075134
    endloop
  endfacet
  facet normal 0.519235551357 -0.852709770203 -0.0572756752372
    outer loop
      vertex 130.288696289 11.0091590881 62.7148933411
      vertex 131.049621582 8.75169086456 63.0266075134
      vertex 130.381896973 8.70724487305 62.6170272827
    endloop
  endfacet
  facet normal 0.525086283684 -0.846566557884 0.0872323364019
    outer loop
      vertex 130.381896973 8.70724487305 62.6170272827
      vertex 131.049621582 8.75169086456 63.0266075134
      vertex 131.139373779 6.53527784348 63.3106613159
    endloop
  endfacet
  facet normal 0.525086581707 -0.84656637907 0.0872321501374
    outer loop
      vertex 130.381896973 8.70724487305 62.6170272827
      vertex 131.139373779 6.53527784348 63.3106613159
      vertex 130.474441528 6.42191362381 62.9099159241
    endloop
  endfacet
  facet normal 0.530812442303 -0.816067457199 0.228630959988
    outer loop
      vertex 130.474441528 6.42191362381 62.9099159241
      vertex 131.139373779 6.53527784348 63.3106613159
      vertex 131.225875854 4.39870071411 63.9655151367
    endloop
  endfacet
  facet normal 0.530817091465 -0.816065192223 0.228628084064
    outer loop
      vertex 130.474441528 6.42191362381 62.9099159241
      vertex 131.225875854 4.39870071411 63.9655151367
      vertex 130.563644409 4.21891593933 63.5851287842
    endloop
  endfacet
  facet normal 0.536250472069 -0.762090623379 0.362840592861
    outer loop
      vertex 130.563644409 4.21891593933 63.5851287842
      vertex 131.225875854 4.39870071411 63.9655151367
      vertex 131.306671143 2.40344929695 64.972328186
    endloop
  endfacet
  facet normal 0.53624612093 -0.762092232704 0.362843602896
    outer loop
      vertex 130.563644409 4.21891593933 63.5851287842
      vertex 131.306671143 2.40344929695 64.972328186
      vertex 130.646942139 2.16162633896 64.6232452393
    endloop
  endfacet
  facet normal 0.541232347488 -0.686194360256 0.486009091139
    outer loop
      vertex 130.646942139 2.16162633896 64.6232452393
      vertex 131.306671143 2.40344929695 64.972328186
      vertex 131.37940979 0.606908559799 66.3021316528
    endloop
  endfacet
  facet normal 0.541230261326 -0.686194896698 0.486010670662
    outer loop
      vertex 130.646942139 2.16162633896 64.6232452393
      vertex 131.37940979 0.606908559799 66.3021316528
      vertex 130.721939087 0.309220165014 65.9944000244
    endloop
  endfacet
  facet normal 0.40343028307 -0.743187427521 0.533775687218
    outer loop
      vertex 129.929031372 1.97500109673 64.3675765991
      vertex 130.646942139 2.16162633896 64.6232452393
      vertex 130.721939087 0.309220165014 65.9944000244
    endloop
  endfacet
  facet normal 0.403429597616 -0.743187487125 0.533776044846
    outer loop
      vertex 129.929031372 1.97500109673 64.3675765991
      vertex 130.721939087 0.309220165014 65.9944000244
      vertex 130.005691528 0.0816904306412 65.7690124512
    endloop
  endfacet
  facet normal 0.255858272314 -0.781934678555 0.568431794643
    outer loop
      vertex 129.170623779 1.84818100929 64.2116088867
      vertex 129.929031372 1.97500109673 64.3675765991
      vertex 130.005691528 0.0816904306412 65.7690124512
    endloop
  endfacet
  facet normal 0.408191055059 -0.63960647583 0.651370584965
    outer loop
      vertex 130.005691528 0.0816904306412 65.7690124512
      vertex 130.721939087 0.309220165014 65.9944000244
      vertex 130.786499023 -1.28499734402 67.6591415405
    endloop
  endfacet
  facet normal 0.545630395412 -0.590556204319 0.594584584236
    outer loop
      vertex 130.721939087 0.309220165014 65.9944000244
      vertex 131.442016602 -0.93924421072 67.9166793823
      vertex 130.786499023 -1.28499734402 67.6591415405
    endloop
  endfacet
  facet normal 0.549309253693 -0.47792494297 0.685453951359
    outer loop
      vertex 130.786499023 -1.28499734402 67.6591415405
      vertex 131.442016602 -0.93924421072 67.9166793823
      vertex 131.492675781 -2.19051551819 69.7695159912
    endloop
  endfacet
  facet normal 0.549310147762 -0.47792494297 0.685453236103
    outer loop
      vertex 130.786499023 -1.28499734402 67.6591415405
      vertex 131.492675781 -2.19051551819 69.7695159912
      vertex 130.838729858 -2.5751786232 69.5695877075
    endloop
  endfacet
  facet normal 0.552166581154 -0.351549118757 0.755992889404
    outer loop
      vertex 130.838729858 -2.5751786232 69.5695877075
      vertex 131.492675781 -2.19051551819 69.7695159912
      vertex 131.529937744 -3.11091637611 71.8073348999
    endloop
  endfacet
  facet normal 0.552161872387 -0.351548552513 0.755996584892
    outer loop
      vertex 130.838729858 -2.5751786232 69.5695877075
      vertex 131.529937744 -3.11091637611 71.8073348999
      vertex 130.877151489 -3.52419161797 71.6707687378
    endloop
  endfacet
  facet normal 0.554113209248 -0.215058356524 0.804181814194
    outer loop
      vertex 130.877151489 -3.52419161797 71.6707687378
      vertex 131.529937744 -3.11091637611 71.8073348999
      vertex 131.552734375 -3.67396903038 73.9715194702
    endloop
  endfacet
  facet normal 0.554115891457 -0.215059012175 0.804179787636
    outer loop
      vertex 130.877151489 -3.52419161797 71.6707687378
      vertex 131.552734375 -3.67396903038 73.9715194702
      vertex 130.900665283 -4.10474777222 73.9022445679
    endloop
  endfacet
  facet normal 0.555106580257 -0.0723802298307 0.828624010086
    outer loop
      vertex 130.900665283 -4.10474777222 73.9022445679
      vertex 131.552734375 -3.67396903038 73.9715194702
      vertex 131.560409546 -3.86346769333 76.1998138428
    endloop
  endfacet
  facet normal 0.678254187107 -0.064585968852 0.731983542442
    outer loop
      vertex 131.560409546 -3.86346769333 76.1998138428
      vertex 131.552734375 -3.67396903038 73.9715194702
      vertex 131.871139526 -3.48627829552 75.1881103516
    endloop
  endfacet
  facet normal 0.678253948689 -0.0645861029625 0.731983721256
    outer loop
      vertex 131.560409546 -3.86346769333 76.1998138428
      vertex 131.871139526 -3.48627829552 75.1881103516
      vertex 131.871139526 -3.57554554939 76.1998138428
    endloop
  endfacet
  facet normal 0.678253829479 0.064590126276 0.731983542442
    outer loop
      vertex 131.560409546 -3.86346769333 76.1998138428
      vertex 131.871139526 -3.57554554939 76.1998138428
      vertex 131.871139526 -3.47216081619 77.3714447021
    endloop
  endfacet
  facet normal 0.678261876106 0.0645856037736 0.73197644949
    outer loop
      vertex 131.552734375 -3.67396903038 78.4281005859
      vertex 131.560409546 -3.86346769333 76.1998138428
      vertex 131.871139526 -3.47216081619 77.3714447021
    endloop
  endfacet
  facet normal 0.678260624409 0.064584992826 0.731977641582
    outer loop
      vertex 131.552734375 -3.67396903038 78.4281005859
      vertex 131.871139526 -3.47216081619 77.3714447021
      vertex 131.871139526 -3.38313007355 78.3804855347
    endloop
  endfacet
  facet normal 0.677377343178 0.191895022988 0.710166335106
    outer loop
      vertex 131.552734375 -3.67396903038 78.4281005859
      vertex 131.871139526 -3.38313007355 78.3804855347
      vertex 131.871139526 -3.06046724319 79.5745925903
    endloop
  endfacet
  facet normal 0.677375435829 0.191896319389 0.710167825222
    outer loop
      vertex 131.529937744 -3.11091637611 80.5922927856
      vertex 131.552734375 -3.67396903038 78.4281005859
      vertex 131.871139526 -3.06046724319 79.5745925903
    endloop
  endfacet
  facet normal 0.677375018597 0.191896155477 0.710168242455
    outer loop
      vertex 131.529937744 -3.11091637611 80.5922927856
      vertex 131.871139526 -3.06046724319 79.5745925903
      vertex 131.871139526 -2.81261277199 80.4918518066
    endloop
  endfacet
  facet normal 0.675635278225 0.31368881464 0.667170405388
    outer loop
      vertex 131.529937744 -3.11091637611 80.5922927856
      vertex 131.871139526 -2.81261277199 80.4918518066
      vertex 131.871139526 -2.23466181755 81.7210693359
    endloop
  endfacet
  facet normal 0.675633966923 0.313689857721 0.667171239853
    outer loop
      vertex 131.492675781 -2.19051551819 82.6301116943
      vertex 131.529937744 -3.11091637611 80.5922927856
      vertex 131.871139526 -2.23466181755 81.7210693359
    endloop
  endfacet
  facet normal 0.67563354969 0.31368970871 0.66717171669
    outer loop
      vertex 131.492675781 -2.19051551819 82.6301116943
      vertex 131.871139526 -2.23466181755 81.7210693359
      vertex 131.871139526 -1.88373935223 82.4674301147
    endloop
  endfacet
  facet normal 0.673084676266 0.426458150148 0.604227125645
    outer loop
      vertex 131.492675781 -2.19051551819 82.6301116943
      vertex 131.871139526 -1.88373935223 82.4674301147
      vertex 131.871139526 -0.99559289217 83.7257995605
    endloop
  endfacet
  facet normal 0.673091292381 0.426452308893 0.604223906994
    outer loop
      vertex 131.442016602 -0.93924421072 84.4829483032
      vertex 131.492675781 -2.19051551819 82.6301116943
      vertex 131.871139526 -0.99559289217 83.7257995605
    endloop
  endfacet
  facet normal 0.673090934753 0.426452130079 0.604224443436
    outer loop
      vertex 131.442016602 -0.93924421072 84.4829483032
      vertex 131.871139526 -0.99559289217 83.7257995605
      vertex 131.871139526 -0.628346800804 84.2461395264
    endloop
  endfacet
  facet normal 0.669808268547 0.52695196867 0.523142933846
    outer loop
      vertex 131.442016602 -0.93924421072 84.4829483032
      vertex 131.871139526 -0.628346800804 84.2461395264
      vertex 131.871139526 0.634510397911 85.4998703003
    endloop
  endfacet
  facet normal 0.669800519943 0.526959240437 0.523145496845
    outer loop
      vertex 131.37940979 0.606908559799 86.0974884033
      vertex 131.442016602 -0.93924421072 84.4829483032
      vertex 131.871139526 0.634510397911 85.4998703003
    endloop
  endfacet
  facet normal 0.669800758362 0.526959478855 0.523144960403
    outer loop
      vertex 131.37940979 0.606908559799 86.0974884033
      vertex 131.871139526 0.634510397911 85.4998703003
      vertex 131.871139526 0.911235690117 85.7745895386
    endloop
  endfacet
  facet normal 0.665878176689 0.612295925617 0.426262766123
    outer loop
      vertex 131.37940979 0.606908559799 86.0974884033
      vertex 131.871139526 0.911235690117 85.7745895386
      vertex 131.871139526 2.60963869095 86.9569702148
    endloop
  endfacet
  facet normal 0.665878355503 0.612295746803 0.42626273632
    outer loop
      vertex 131.306671143 2.40344929695 87.4272918701
      vertex 131.37940979 0.606908559799 86.0974884033
      vertex 131.871139526 2.60963869095 86.9569702148
    endloop
  endfacet
  facet normal 0.665878593922 0.61229711771 0.426260411739
    outer loop
      vertex 131.306671143 2.40344929695 87.4272918701
      vertex 131.871139526 2.60963869095 86.9569702148
      vertex 131.871139526 2.68416523933 87.0088500977
    endloop
  endfacet
  facet normal 0.661427617073 0.680024564266 0.316354423761
    outer loop
      vertex 131.871139526 2.68416523933 87.0088500977
      vertex 131.871139526 3.20922327042 87.253112793
      vertex 131.306671143 2.40344929695 87.4272918701
    endloop
  endfacet
  facet normal 0.661427259445 0.680025041103 0.316354095936
    outer loop
      vertex 131.814300537 4.61267662048 87.9612960815
      vertex 131.306671143 2.40344929695 87.4272918701
      vertex 131.871139526 3.20922327042 87.253112793
    endloop
  endfacet
  facet normal 0.770471513271 0.581129252911 0.262035191059
    outer loop
      vertex 131.814300537 4.61267662048 87.9612960815
      vertex 131.871139526 3.20922327042 87.253112793
      vertex 131.871139526 4.64027881622 87.8983840942
    endloop
  endfacet
  facet normal 0.766327261925 0.622284889221 0.159699782729
    outer loop
      vertex 131.814300537 4.61267662048 87.9612960815
      vertex 131.871139526 4.64027881622 87.8983840942
      vertex 131.871139526 4.90979576111 87.9675521851
    endloop
  endfacet
  facet normal 0.766332268715 0.622278511524 0.159700602293
    outer loop
      vertex 131.731140137 6.66667795181 88.5908432007
      vertex 131.814300537 4.61267662048 87.9612960815
      vertex 131.871139526 4.90979576111 87.9675521851
    endloop
  endfacet
  facet normal 0.766335964203 0.622274458408 0.159698873758
    outer loop
      vertex 131.731140137 6.66667795181 88.5908432007
      vertex 131.871139526 4.90979576111 87.9675521851
      vertex 131.871139526 6.70728445053 88.428855896
    endloop
  endfacet
  facet normal 0.761971116066 0.645529389381 0.0518830195069
    outer loop
      vertex 131.731140137 6.66667795181 88.5908432007
      vertex 131.871139526 6.70728445053 88.428855896
      vertex 131.871139526 7.38904857635 88.4836502075
    endloop
  endfacet
  facet normal 0.761963009834 0.645539224148 0.0518799908459
    outer loop
      vertex 131.644866943 8.7974395752 88.8639221191
      vertex 131.731140137 6.66667795181 88.5908432007
      vertex 131.871139526 7.38904857635 88.4836502075
    endloop
  endfacet
  facet normal 0.761963248253 0.645538926125 0.0518798716366
    outer loop
      vertex 131.644866943 8.7974395752 88.8639221191
      vertex 131.871139526 7.38904857635 88.4836502075
      vertex 131.871139526 8.81788635254 88.5984802246
    endloop
  endfacet
  facet normal 0.757501542568 0.65022367239 -0.0583148784935
    outer loop
      vertex 131.644866943 8.7974395752 88.8639221191
      vertex 131.871139526 8.81788635254 88.5984802246
      vertex 131.871139526 9.90995407104 88.500541687
    endloop
  endfacet
  facet normal 0.757505893707 0.650218784809 -0.0583124049008
    outer loop
      vertex 131.55796814 10.9436626434 88.7726821899
      vertex 131.644866943 8.7974395752 88.8639221191
      vertex 131.871139526 9.90995407104 88.500541687
    endloop
  endfacet
  facet normal 0.757505238056 0.650219619274 -0.0583119951189
    outer loop
      vertex 131.55796814 10.9436626434 88.7726821899
      vertex 131.871139526 9.90995407104 88.500541687
      vertex 131.871139526 10.9099721909 88.4108581543
    endloop
  endfacet
  facet normal 0.753075003624 0.636197686195 -0.167721703649
    outer loop
      vertex 131.55796814 10.9436626434 88.7726821899
      vertex 131.871139526 10.9099721909 88.4108581543
      vertex 131.871139526 12.3571052551 88.0293502808
    endloop
  endfacet
  facet normal 0.753087282181 0.636185526848 -0.167712599039
    outer loop
      vertex 131.472946167 13.0436096191 88.319732666
      vertex 131.55796814 10.9436626434 88.7726821899
      vertex 131.871139526 12.3571052551 88.0293502808
    endloop
  endfacet
  facet normal 0.753087878227 0.636184632778 -0.167713314295
    outer loop
      vertex 131.472946167 13.0436096191 88.319732666
      vertex 131.871139526 12.3571052551 88.0293502808
      vertex 131.871139526 12.9248561859 87.8796768188
    endloop
  endfacet
  facet normal 0.748818159103 0.603863120079 -0.273167818785
    outer loop
      vertex 131.472946167 13.0436096191 88.319732666
      vertex 131.871139526 12.9248561859 87.8796768188
      vertex 131.871139526 14.6258239746 87.1102142334
    endloop
  endfacet
  facet normal 0.748804807663 0.603874325752 -0.273179739714
    outer loop
      vertex 131.392227173 15.036863327 87.518119812
      vertex 131.472946167 13.0436096191 88.319732666
      vertex 131.871139526 14.6258239746 87.1102142334
    endloop
  endfacet
  facet normal 0.748804569244 0.603875100613 -0.273178637028
    outer loop
      vertex 131.392227173 15.036863327 87.518119812
      vertex 131.871139526 14.6258239746 87.1102142334
      vertex 131.871139526 14.8086824417 87.0274963379
    endloop
  endfacet
  facet normal 0.744817137718 0.554181575775 -0.371658682823
    outer loop
      vertex 131.871139526 14.8086824417 87.0274963379
      vertex 131.871139526 15.8040704727 86.3599395752
      vertex 131.392227173 15.036863327 87.518119812
    endloop
  endfacet
  facet normal 0.744816303253 0.554181993008 -0.371659815311
    outer loop
      vertex 131.841659546 16.5322246552 85.9112319946
      vertex 131.392227173 15.036863327 87.518119812
      vertex 131.871139526 15.8040704727 86.3599395752
    endloop
  endfacet
  facet normal 0.839979946613 0.446102797985 -0.308910936117
    outer loop
      vertex 131.841659546 16.5322246552 85.9112319946
      vertex 131.871139526 15.8040704727 86.3599395752
      vertex 131.871139526 16.5058479309 85.8739852905
    endloop
  endfacet
  facet normal 0.837089598179 0.393262565136 -0.380296647549
    outer loop
      vertex 131.841659546 16.5322246552 85.9112319946
      vertex 131.871139526 16.5058479309 85.8739852905
      vertex 131.871139526 16.6182460785 85.765296936
    endloop
  endfacet
  facet normal 0.837094068527 0.393259555101 -0.380289971828
    outer loop
      vertex 131.779434204 18.0688915253 84.5576934814
      vertex 131.841659546 16.5322246552 85.9112319946
      vertex 131.871139526 16.6182460785 85.765296936
    endloop
  endfacet
  facet normal 0.837097585201 0.393255263567 -0.380286633968
    outer loop
      vertex 131.779434204 18.0688915253 84.5576934814
      vertex 131.871139526 16.6182460785 85.765296936
      vertex 131.871139526 17.9693164825 84.4587783813
    endloop
  endfacet
  facet normal 0.834610283375 0.329109162092 -0.441715806723
    outer loop
      vertex 131.779434204 18.0688915253 84.5576934814
      vertex 131.871139526 17.9693164825 84.4587783813
      vertex 131.871139526 18.2496051788 84.0825881958
    endloop
  endfacet
  facet normal 0.834607362747 0.329110354185 -0.441720455885
    outer loop
      vertex 131.727371216 19.3548908234 82.9637069702
      vertex 131.779434204 18.0688915253 84.5576934814
      vertex 131.871139526 18.2496051788 84.0825881958
    endloop
  endfacet
  facet normal 0.834608256817 0.329109281301 -0.441719502211
    outer loop
      vertex 131.727371216 19.3548908234 82.9637069702
      vertex 131.871139526 18.2496051788 84.0825881958
      vertex 131.871139526 19.1761226654 82.839050293
    endloop
  endfacet
  facet normal 0.832595050335 0.255488723516 -0.491437733173
    outer loop
      vertex 131.727371216 19.3548908234 82.9637069702
      vertex 131.871139526 19.1761226654 82.839050293
      vertex 131.871139526 19.503036499 82.2102203369
    endloop
  endfacet
  facet normal 0.832592904568 0.255488991737 -0.491441190243
    outer loop
      vertex 131.686935425 20.3532295227 81.1751403809
      vertex 131.727371216 19.3548908234 82.9637069702
      vertex 131.871139526 19.503036499 82.2102203369
    endloop
  endfacet
  facet normal 0.832592964172 0.255488961935 -0.491441130638
    outer loop
      vertex 131.686935425 20.3532295227 81.1751403809
      vertex 131.871139526 19.503036499 82.2102203369
      vertex 131.871139526 20.1019153595 81.0582580566
    endloop
  endfacet
  facet normal 0.831111729145 0.17452596128 -0.528009414673
    outer loop
      vertex 131.686935425 20.3532295227 81.1751403809
      vertex 131.871139526 20.1019153595 81.0582580566
      vertex 131.871139526 20.3765506744 80.2273788452
    endloop
  endfacet
  facet normal 0.831117331982 0.174526825547 -0.528000414371
    outer loop
      vertex 131.659332275 21.0351829529 79.2434387207
      vertex 131.686935425 20.3532295227 81.1751403809
      vertex 131.871139526 20.3765506744 80.2273788452
    endloop
  endfacet
  facet normal 0.831116974354 0.174527198076 -0.528000831604
    outer loop
      vertex 131.659332275 21.0351829529 79.2434387207
      vertex 131.871139526 20.3765506744 80.2273788452
      vertex 131.871139526 20.7288665771 79.1615142822
    endloop
  endfacet
  facet normal 0.830211043358 0.088535822928 -0.55037355423
    outer loop
      vertex 131.659332275 21.0351829529 79.2434387207
      vertex 131.871139526 20.7288665771 79.1615142822
      vertex 131.871139526 20.8830718994 78.2029037476
    endloop
  endfacet
  facet normal 0.830208778381 0.0885348245502 -0.550377130508
    outer loop
      vertex 131.645324707 21.3811378479 77.2241744995
      vertex 131.659332275 21.0351829529 79.2434387207
      vertex 131.871139526 20.8830718994 78.2029037476
    endloop
  endfacet
  facet normal 0.830208659172 0.088534899056 -0.550377249718
    outer loop
      vertex 131.645324707 21.3811378479 77.2241744995
      vertex 131.871139526 20.8830718994 78.2029037476
      vertex 131.871139526 21.0452327728 77.1948318481
    endloop
  endfacet
  facet normal 0.829903841019 0 -0.557906448841
    outer loop
      vertex 131.645324707 21.3811378479 77.2241744995
      vertex 131.871139526 21.0452327728 77.1948318481
      vertex 131.871139526 21.0452327728 76.193862915
    endloop
  endfacet
  facet normal 0.829903841019 0 -0.557906448841
    outer loop
      vertex 131.645324707 21.3811378479 75.1754455566
      vertex 131.645324707 21.3811378479 77.2241744995
      vertex 131.871139526 21.0452327728 76.193862915
    endloop
  endfacet
  facet normal 0.82990437746 -3.64486595572e-07 -0.557905673981
    outer loop
      vertex 131.645324707 21.3811378479 75.1754455566
      vertex 131.871139526 21.0452327728 76.193862915
      vertex 131.871139526 21.0452327728 75.2047958374
    endloop
  endfacet
  facet normal 0.830209612846 -0.0885359942913 -0.550375699997
    outer loop
      vertex 131.645324707 21.3811378479 75.1754455566
      vertex 131.871139526 21.0452327728 75.2047958374
      vertex 131.871139526 20.8910560608 74.2463684082
    endloop
  endfacet
  facet normal 0.830211102962 -0.0885345488787 -0.550373613834
    outer loop
      vertex 131.659332275 21.0351829529 73.1561889648
      vertex 131.645324707 21.3811378479 75.1754455566
      vertex 131.871139526 20.8910560608 74.2463684082
    endloop
  endfacet
  facet normal 0.830211043358 -0.0885345265269 -0.550373733044
    outer loop
      vertex 131.659332275 21.0351829529 73.1561889648
      vertex 131.871139526 20.8910560608 74.2463684082
      vertex 131.871139526 20.7288646698 73.2381134033
    endloop
  endfacet
  facet normal 0.831116616726 -0.17452378571 -0.528002440929
    outer loop
      vertex 131.659332275 21.0351829529 73.1561889648
      vertex 131.871139526 20.7288646698 73.2381134033
      vertex 131.871139526 20.4507579803 72.3967285156
    endloop
  endfacet
  facet normal 0.83111166954 -0.174529716372 -0.528008341789
    outer loop
      vertex 131.686935425 20.3532295227 71.2244873047
      vertex 131.659332275 21.0351829529 73.1561889648
      vertex 131.871139526 20.4507579803 72.3967285156
    endloop
  endfacet
  facet normal 0.831112265587 -0.174529731274 -0.52800732851
    outer loop
      vertex 131.686935425 20.3532295227 71.2244873047
      vertex 131.871139526 20.4507579803 72.3967285156
      vertex 131.871139526 20.1019134521 71.3413619995
    endloop
  endfacet
  facet normal 0.832592725754 -0.255490243435 -0.491440832615
    outer loop
      vertex 131.686935425 20.3532295227 71.2244873047
      vertex 131.871139526 20.1019134521 71.3413619995
      vertex 131.871139526 19.7545585632 70.6732177734
    endloop
  endfacet
  facet normal 0.832594573498 -0.255487650633 -0.491439014673
    outer loop
      vertex 131.727371216 19.3548908234 69.4359207153
      vertex 131.686935425 20.3532295227 71.2244873047
      vertex 131.871139526 19.7545585632 70.6732177734
    endloop
  endfacet
  facet normal 0.832594573498 -0.255487650633 -0.491439074278
    outer loop
      vertex 131.727371216 19.3548908234 69.4359207153
      vertex 131.871139526 19.7545585632 70.6732177734
      vertex 131.871139526 19.1761207581 69.5605773926
    endloop
  endfacet
  facet normal 0.834607481956 -0.329113662243 -0.441717773676
    outer loop
      vertex 131.727371216 19.3548908234 69.4359207153
      vertex 131.871139526 19.1761207581 69.5605773926
      vertex 131.871139526 18.8314571381 69.097984314
    endloop
  endfacet
  facet normal 0.834613144398 -0.329104751348 -0.441713601351
    outer loop
      vertex 131.779434204 18.0688915253 67.8419342041
      vertex 131.727371216 19.3548908234 69.4359207153
      vertex 131.871139526 18.8314571381 69.097984314
    endloop
  endfacet
  facet normal 0.834613442421 -0.329104572535 -0.441713273525
    outer loop
      vertex 131.779434204 18.0688915253 67.8419342041
      vertex 131.871139526 18.8314571381 69.097984314
      vertex 131.871139526 17.9693145752 67.9408493042
    endloop
  endfacet
  facet normal 0.837100863457 -0.393249899149 -0.380284965038
    outer loop
      vertex 131.779434204 18.0688915253 67.8419342041
      vertex 131.871139526 17.9693145752 67.9408493042
      vertex 131.871139526 17.7084941864 67.6886291504
    endloop
  endfacet
  facet normal 0.837099611759 -0.393252015114 -0.380285531282
    outer loop
      vertex 131.841659546 16.5322246552 66.4883880615
      vertex 131.779434204 18.0688915253 67.8419342041
      vertex 131.871139526 17.7084941864 67.6886291504
    endloop
  endfacet
  facet normal 0.837104976177 -0.39324632287 -0.38027960062
    outer loop
      vertex 131.841659546 16.5322246552 66.4883880615
      vertex 131.871139526 17.7084941864 67.6886291504
      vertex 131.871139526 16.5058479309 66.5256347656
    endloop
  endfacet
  facet normal 0.839995443821 -0.44608232379 -0.308898329735
    outer loop
      vertex 131.841659546 16.5322246552 66.4883880615
      vertex 131.871139526 16.5058479309 66.5256347656
      vertex 131.871139526 16.4108276367 66.4598388672
    endloop
  endfacet
  facet normal 0.742785096169 -0.588736653328 -0.318840742111
    outer loop
      vertex 131.841659546 16.5322246552 66.4883880615
      vertex 131.871139526 16.4108276367 66.4598388672
      vertex 131.318161011 16.8660831451 66.0087203979
    endloop
  endfacet
  facet normal 0.741223096848 -0.488549590111 -0.460334181786
    outer loop
      vertex 131.252883911 18.4786491394 67.4291152954
      vertex 131.841659546 16.5322246552 66.4883880615
      vertex 131.318161011 16.8660831451 66.0087203979
    endloop
  endfacet
  facet normal 0.627201735973 -0.571689724922 -0.528950691223
    outer loop
      vertex 130.641876221 18.8220863342 67.0765380859
      vertex 131.252883911 18.4786491394 67.4291152954
      vertex 131.318161011 16.8660831451 66.0087203979
    endloop
  endfacet
  facet normal 0.62721067667 -0.571681320667 -0.528949141502
    outer loop
      vertex 130.641876221 18.8220863342 67.0765380859
      vertex 131.318161011 16.8660831451 66.0087203979
      vertex 130.709793091 17.1446933746 65.5990447998
    endloop
  endfacet
  facet normal 0.497884184122 -0.640685915947 -0.58449369669
    outer loop
      vertex 129.961471558 19.0907440186 66.7928848267
      vertex 130.641876221 18.8220863342 67.0765380859
      vertex 130.709793091 17.1446933746 65.5990447998
    endloop
  endfacet
  facet normal 0.4978954494 -0.640677809715 -0.584492981434
    outer loop
      vertex 129.961471558 19.0907440186 66.7928848267
      vertex 130.709793091 17.1446933746 65.5990447998
      vertex 130.031509399 17.36120224 65.2694473267
    endloop
  endfacet
  facet normal 0.356483757496 -0.69389551878 -0.625642299652
    outer loop
      vertex 129.228424072 19.2780056 66.5851287842
      vertex 129.961471558 19.0907440186 66.7928848267
      vertex 130.031509399 17.36120224 65.2694473267
    endloop
  endfacet
  facet normal 0.352094531059 -0.580707967281 -0.73403519392
    outer loop
      vertex 129.168533325 20.7573833466 68.418800354
      vertex 129.961471558 19.0907440186 66.7928848267
      vertex 129.228424072 19.2780056 66.5851287842
    endloop
  endfacet
  facet normal 0.201844707131 -0.610983669758 -0.765478730202
    outer loop
      vertex 128.400100708 20.8781452179 68.3162384033
      vertex 129.168533325 20.7573833466 68.418800354
      vertex 129.228424072 19.2780056 66.5851287842
    endloop
  endfacet
  facet normal 0.19810834527 -0.474313378334 -0.857776105404
    outer loop
      vertex 128.352996826 22.0417442322 70.4008865356
      vertex 129.168533325 20.7573833466 68.418800354
      vertex 128.400100708 20.8781452179 68.3162384033
    endloop
  endfacet
  facet normal 0.107010111213 -0.482746899128 -0.869197487831
    outer loop
      vertex 128.400100708 20.8781452179 68.3162384033
      vertex 127.591049194 21.5262413025 69.3038101196
      vertex 128.352996826 22.0417442322 70.4008865356
    endloop
  endfacet
  facet normal 0.0423089601099 -0.448816895485 -0.892621636391
    outer loop
      vertex 127.591049194 21.5262413025 69.3038101196
      vertex 127.56918335 22.0661449432 70.3755264282
      vertex 128.352996826 22.0417442322 70.4008865356
    endloop
  endfacet
  facet normal 0.0408983677626 -0.371708631516 -0.927448093891
    outer loop
      vertex 128.352996826 22.0417442322 70.4008865356
      vertex 127.56918335 22.0661449432 70.3755264282
      vertex 127.551086426 22.5132961273 71.4892196655
    endloop
  endfacet
  facet normal 0.104209020734 -0.329759955406 -0.938295722008
    outer loop
      vertex 128.352996826 22.0417442322 70.4008865356
      vertex 127.551086426 22.5132961273 71.4892196655
      vertex 128.320800781 22.8365879059 72.6523513794
    endloop
  endfacet
  facet normal 0.195365324616 -0.323997795582 -0.925666153431
    outer loop
      vertex 128.320800781 22.8365879059 72.6523513794
      vertex 129.122024536 21.9058437347 70.4763259888
      vertex 128.352996826 22.0417442322 70.4008865356
    endloop
  endfacet
  facet normal 0.198113366961 -0.474311321974 -0.857776105404
    outer loop
      vertex 128.352996826 22.0417442322 70.4008865356
      vertex 129.122024536 21.9058437347 70.4763259888
      vertex 129.168533325 20.7573833466 68.418800354
    endloop
  endfacet
  facet normal 0.348551809788 -0.450806081295 -0.821757555008
    outer loop
      vertex 129.122024536 21.9058437347 70.4763259888
      vertex 129.902862549 20.5381526947 68.5869369507
      vertex 129.168533325 20.7573833466 68.418800354
    endloop
  endfacet
  facet normal 0.352104485035 -0.580702602863 -0.734034717083
    outer loop
      vertex 129.168533325 20.7573833466 68.418800354
      vertex 129.902862549 20.5381526947 68.5869369507
      vertex 129.961471558 19.0907440186 66.7928848267
    endloop
  endfacet
  facet normal 0.49383237958 -0.536172568798 -0.684579074383
    outer loop
      vertex 129.902862549 20.5381526947 68.5869369507
      vertex 130.641876221 18.8220863342 67.0765380859
      vertex 129.961471558 19.0907440186 66.7928848267
    endloop
  endfacet
  facet normal 0.493831068277 -0.536173522472 -0.684579312801
    outer loop
      vertex 129.902862549 20.5381526947 68.5869369507
      vertex 130.585037231 20.225851059 68.8164978027
      vertex 130.641876221 18.8220863342 67.0765380859
    endloop
  endfacet
  facet normal 0.623586118221 -0.478429764509 -0.618259906769
    outer loop
      vertex 130.585037231 20.225851059 68.8164978027
      vertex 131.252883911 18.4786491394 67.4291152954
      vertex 130.641876221 18.8220863342 67.0765380859
    endloop
  endfacet
  facet normal 0.623596072197 -0.478420943022 -0.618256688118
    outer loop
      vertex 130.585037231 20.225851059 68.8164978027
      vertex 131.198226929 19.8281669617 69.1018371582
      vertex 131.252883911 18.4786491394 67.4291152954
    endloop
  endfacet
  facet normal 0.738146066666 -0.408838242292 -0.536648511887
    outer loop
      vertex 131.198226929 19.8281669617 69.1018371582
      vertex 131.779434204 18.0688915253 67.8419342041
      vertex 131.252883911 18.4786491394 67.4291152954
    endloop
  endfacet
  facet normal 0.741236746311 -0.488532751799 -0.460330158472
    outer loop
      vertex 131.252883911 18.4786491394 67.4291152954
      vertex 131.779434204 18.0688915253 67.8419342041
      vertex 131.841659546 16.5322246552 66.4883880615
    endloop
  endfacet
  facet normal 0.738133251667 -0.408853083849 -0.536654889584
    outer loop
      vertex 131.198226929 19.8281669617 69.1018371582
      vertex 131.727371216 19.3548908234 69.4359207153
      vertex 131.779434204 18.0688915253 67.8419342041
    endloop
  endfacet
  facet normal 0.735633134842 -0.317402154207 -0.598414421082
    outer loop
      vertex 131.155822754 20.8758163452 70.9787445068
      vertex 131.727371216 19.3548908234 69.4359207153
      vertex 131.198226929 19.8281669617 69.1018371582
    endloop
  endfacet
  facet normal 0.620658755302 -0.371416866779 -0.690530359745
    outer loop
      vertex 130.540908813 21.3156166077 70.7688598633
      vertex 131.155822754 20.8758163452 70.9787445068
      vertex 131.198226929 19.8281669617 69.1018371582
    endloop
  endfacet
  facet normal 0.620669186115 -0.371408432722 -0.690525531769
    outer loop
      vertex 130.540908813 21.3156166077 70.7688598633
      vertex 131.198226929 19.8281669617 69.1018371582
      vertex 130.585037231 20.225851059 68.8164978027
    endloop
  endfacet
  facet normal 0.490554004908 -0.416238993406 -0.76557290554
    outer loop
      vertex 129.857376099 21.6617984772 70.6000061035
      vertex 130.540908813 21.3156166077 70.7688598633
      vertex 130.585037231 20.225851059 68.8164978027
    endloop
  endfacet
  facet normal 0.490551501513 -0.416240602732 -0.765573620796
    outer loop
      vertex 129.857376099 21.6617984772 70.6000061035
      vertex 130.585037231 20.225851059 68.8164978027
      vertex 129.902862549 20.5381526947 68.5869369507
    endloop
  endfacet
  facet normal 0.348543375731 -0.450810432434 -0.821758747101
    outer loop
      vertex 129.122024536 21.9058437347 70.4763259888
      vertex 129.857376099 21.6617984772 70.6000061035
      vertex 129.902862549 20.5381526947 68.5869369507
    endloop
  endfacet
  facet normal 0.345929652452 -0.307945489883 -0.886285662651
    outer loop
      vertex 129.090270996 22.6903476715 72.6985092163
      vertex 129.857376099 21.6617984772 70.6000061035
      vertex 129.122024536 21.9058437347 70.4763259888
    endloop
  endfacet
  facet normal 0.195361062884 -0.323999494314 -0.925666451454
    outer loop
      vertex 128.320800781 22.8365879059 72.6523513794
      vertex 129.090270996 22.6903476715 72.6985092163
      vertex 129.122024536 21.9058437347 70.4763259888
    endloop
  endfacet
  facet normal 0.193678408861 -0.164362996817 -0.96719878912
    outer loop
      vertex 128.304473877 23.2398090363 75.0058746338
      vertex 129.090270996 22.6903476715 72.6985092163
      vertex 128.320800781 22.8365879059 72.6523513794
    endloop
  endfacet
  facet normal 0.102501772344 -0.167285710573 -0.980565607548
    outer loop
      vertex 128.320800781 22.8365879059 72.6523513794
      vertex 127.526626587 23.1171245575 73.8101348877
      vertex 128.304473877 23.2398090363 75.0058746338
    endloop
  endfacet
  facet normal 0.0383191742003 -0.126626193523 -0.991210103035
    outer loop
      vertex 128.304473877 23.2398090363 75.0058746338
      vertex 127.526626587 23.1171245575 73.8101348877
      vertex 127.520462036 23.2694511414 75.0006561279
    endloop
  endfacet
  facet normal 0.037781663239 0 -0.99928599596
    outer loop
      vertex 128.304473877 23.2398090363 75.0058746338
      vertex 127.520462036 23.2694511414 75.0006561279
      vertex 128.304473877 23.2398090363 77.3937454224
    endloop
  endfacet
  facet normal 0.193112850189 0 -0.981176555157
    outer loop
      vertex 128.304473877 23.2398090363 77.3937454224
      vertex 129.074142456 23.0883235931 75.0214080811
      vertex 128.304473877 23.2398090363 75.0058746338
    endloop
  endfacet
  facet normal 0.193678915501 -0.164362803102 -0.967198729515
    outer loop
      vertex 128.304473877 23.2398090363 75.0058746338
      vertex 129.074142456 23.0883235931 75.0214080811
      vertex 129.090270996 22.6903476715 72.6985092163
    endloop
  endfacet
  facet normal 0.344337046146 -0.156216859818 -0.925758242607
    outer loop
      vertex 129.074142456 23.0883235931 75.0214080811
      vertex 129.826293945 22.4293498993 72.7741622925
      vertex 129.090270996 22.6903476715 72.6985092163
    endloop
  endfacet
  facet normal 0.345934838057 -0.307943016291 -0.886284470558
    outer loop
      vertex 129.090270996 22.6903476715 72.6985092163
      vertex 129.826293945 22.4293498993 72.7741622925
      vertex 129.857376099 21.6617984772 70.6000061035
    endloop
  endfacet
  facet normal 0.488141983747 -0.284327894449 -0.825151562691
    outer loop
      vertex 129.826293945 22.4293498993 72.7741622925
      vertex 130.540908813 21.3156166077 70.7688598633
      vertex 129.857376099 21.6617984772 70.6000061035
    endloop
  endfacet
  facet normal 0.488142371178 -0.284327656031 -0.825151383877
    outer loop
      vertex 129.826293945 22.4293498993 72.7741622925
      vertex 130.510772705 22.0600204468 72.8774642944
      vertex 130.540908813 21.3156166077 70.7688598633
    endloop
  endfacet
  facet normal 0.61850643158 -0.253707736731 -0.743694961071
    outer loop
      vertex 130.510772705 22.0600204468 72.8774642944
      vertex 131.155822754 20.8758163452 70.9787445068
      vertex 130.540908813 21.3156166077 70.7688598633
    endloop
  endfacet
  facet normal 0.618515610695 -0.253701210022 -0.743689537048
    outer loop
      vertex 130.510772705 22.0600204468 72.8774642944
      vertex 131.126831055 21.5914535522 73.005859375
      vertex 131.155822754 20.8758163452 70.9787445068
    endloop
  endfacet
  facet normal 0.733810842037 -0.216799438 -0.643832027912
    outer loop
      vertex 131.126831055 21.5914535522 73.005859375
      vertex 131.686935425 20.3532295227 71.2244873047
      vertex 131.155822754 20.8758163452 70.9787445068
    endloop
  endfacet
  facet normal 0.735650599003 -0.317384004593 -0.598402559757
    outer loop
      vertex 131.155822754 20.8758163452 70.9787445068
      vertex 131.686935425 20.3532295227 71.2244873047
      vertex 131.727371216 19.3548908234 69.4359207153
    endloop
  endfacet
  facet normal 0.733793735504 -0.216814756393 -0.643846333027
    outer loop
      vertex 131.126831055 21.5914535522 73.005859375
      vertex 131.659332275 21.0351829529 73.1561889648
      vertex 131.686935425 20.3532295227 71.2244873047
    endloop
  endfacet
  facet normal 0.732668817043 -0.109987683594 -0.671639084816
    outer loop
      vertex 131.112136841 21.954492569 75.1248550415
      vertex 131.659332275 21.0351829529 73.1561889648
      vertex 131.126831055 21.5914535522 73.005859375
    endloop
  endfacet
  facet normal 0.617197334766 -0.128704324365 -0.776210427284
    outer loop
      vertex 130.495483398 22.4376544952 75.0816421509
      vertex 131.112136841 21.954492569 75.1248550415
      vertex 131.126831055 21.5914535522 73.005859375
    endloop
  endfacet
  facet normal 0.617198705673 -0.128703519702 -0.77620947361
    outer loop
      vertex 130.495483398 22.4376544952 75.0816421509
      vertex 131.126831055 21.5914535522 73.005859375
      vertex 130.510772705 22.0600204468 72.8774642944
    endloop
  endfacet
  facet normal 0.486671507359 -0.144237861037 -0.861595213413
    outer loop
      vertex 129.810531616 22.8187274933 75.0468673706
      vertex 130.495483398 22.4376544952 75.0816421509
      vertex 130.510772705 22.0600204468 72.8774642944
    endloop
  endfacet
  facet normal 0.486666023731 -0.144240543246 -0.861597836018
    outer loop
      vertex 129.810531616 22.8187274933 75.0468673706
      vertex 130.510772705 22.0600204468 72.8774642944
      vertex 129.826293945 22.4293498993 72.7741622925
    endloop
  endfacet
  facet normal 0.344328254461 -0.156220570207 -0.925760865211
    outer loop
      vertex 129.074142456 23.0883235931 75.0214080811
      vertex 129.810531616 22.8187274933 75.0468673706
      vertex 129.826293945 22.4293498993 72.7741622925
    endloop
  endfacet
  facet normal 0.343791037798 0 -0.939046144485
    outer loop
      vertex 129.074142456 23.0883235931 77.3782119751
      vertex 129.810531616 22.8187274933 75.0468673706
      vertex 129.074142456 23.0883235931 75.0214080811
    endloop
  endfacet
  facet normal 0.193112850189 -7.35800398641e-18 -0.981176555157
    outer loop
      vertex 128.304473877 23.2398090363 77.3937454224
      vertex 129.074142456 23.0883235931 77.3782119751
      vertex 129.074142456 23.0883235931 75.0214080811
    endloop
  endfacet
  facet normal 0.193678915501 0.164362967014 -0.96719866991
    outer loop
      vertex 128.320800781 22.8365879059 79.7472686768
      vertex 129.074142456 23.0883235931 77.3782119751
      vertex 128.304473877 23.2398090363 77.3937454224
    endloop
  endfacet
  facet normal 0.0383630022407 0.168483227491 -0.984957695007
    outer loop
      vertex 128.304473877 23.2398090363 77.3937454224
      vertex 127.520462036 23.2694511414 77.3989715576
      vertex 128.320800781 22.8365879059 79.7472686768
    endloop
  endfacet
  facet normal 0.164373740554 0.124351382256 -0.978528499603
    outer loop
      vertex 127.520462036 23.2694511414 77.3989715576
      vertex 127.526626587 23.1171245575 78.5894851685
      vertex 128.320800781 22.8365879059 79.7472686768
    endloop
  endfacet
  facet normal -0.0424150973558 0.127017438412 -0.990993201733
    outer loop
      vertex 127.520462036 23.2694511414 77.3989715576
      vertex 124.2681427 23.150094986 77.244140625
      vertex 127.526626587 23.1171245575 78.5894851685
    endloop
  endfacet
  facet normal -0.0389910824597 0.0496899709105 -0.998003304005
    outer loop
      vertex 127.520462036 23.2694511414 77.3989715576
      vertex 124.289215088 23.1850357056 76.5589141846
      vertex 124.2681427 23.150094986 77.244140625
    endloop
  endfacet
  facet normal 0.0345143675804 0.051953304559 -0.998052895069
    outer loop
      vertex 119.798904419 23.3069648743 77.1996536255
      vertex 124.2681427 23.150094986 77.244140625
      vertex 124.289215088 23.1850357056 76.5589141846
    endloop
  endfacet
  facet normal 0.0340605713427 0.0487392954528 -0.99823063612
    outer loop
      vertex 119.798904419 23.3069648743 77.1996536255
      vertex 124.289215088 23.1850357056 76.5589141846
      vertex 119.818054199 23.3383579254 76.543296814
    endloop
  endfacet
  facet normal 0.182236477733 0.0522802509367 -0.981863856316
    outer loop
      vertex 119.818054199 23.3383579254 76.543296814
      vertex 115.4193573 24.1546783447 76.5449676514
      vertex 119.798904419 23.3069648743 77.1996536255
    endloop
  endfacet
  facet normal 0.182467103004 0.00115818576887 -0.983211278915
    outer loop
      vertex 119.818054199 23.3383579254 76.543296814
      vertex 115.419769287 24.1553783417 75.8862838745
      vertex 115.4193573 24.1546783447 76.5449676514
    endloop
  endfacet
  facet normal 0.326601594687 0.00120829162188 -0.945161342621
    outer loop
      vertex 115.419769287 24.1553783417 75.8862838745
      vertex 111.191299438 25.6165523529 75.8690948486
      vertex 115.4193573 24.1546783447 76.5449676514
    endloop
  endfacet
  facet normal 0.326419919729 -0.0466585718095 -0.944072544575
    outer loop
      vertex 115.419769287 24.1553783417 75.8862838745
      vertex 111.176467896 25.5872192383 75.1718139648
      vertex 111.191299438 25.6165523529 75.8690948486
    endloop
  endfacet
  facet normal 0.463575184345 -0.0470825508237 -0.884805798531
    outer loop
      vertex 111.176467896 25.5872192383 75.1718139648
      vertex 107.213729858 27.6580181122 75.0704345703
      vertex 111.191299438 25.6165523529 75.8690948486
    endloop
  endfacet
  facet normal 0.463107228279 -0.088306479156 -0.881892085075
    outer loop
      vertex 111.176467896 25.5872192383 75.1718139648
      vertex 107.190887451 27.6030044556 74.4012298584
      vertex 107.213729858 27.6580181122 75.0704345703
    endloop
  endfacet
  facet normal 0.589994251728 -0.0861357972026 -0.802799701691
    outer loop
      vertex 107.190887451 27.6030044556 74.4012298584
      vertex 103.582122803 30.2301177979 74.1678161621
      vertex 107.213729858 27.6580181122 75.0704345703
    endloop
  endfacet
  facet normal 0.589231967926 -0.124053925276 -0.798383593559
    outer loop
      vertex 107.190887451 27.6030044556 74.4012298584
      vertex 103.545440674 30.1199264526 73.2844161987
      vertex 103.582122803 30.2301177979 74.1678161621
    endloop
  endfacet
  facet normal 0.703056156635 -0.116694755852 -0.701494395733
    outer loop
      vertex 103.545440674 30.1199264526 73.2844161987
      vertex 100.370376587 33.2306365967 72.8550796509
      vertex 103.582122803 30.2301177979 74.1678161621
    endloop
  endfacet
  facet normal 0.702060222626 -0.153245434165 -0.695433199406
    outer loop
      vertex 103.545440674 30.1199264526 73.2844161987
      vertex 100.323455811 33.0561141968 71.8481292725
      vertex 100.370376587 33.2306365967 72.8550796509
    endloop
  endfacet
  facet normal 0.799755811691 -0.138506934047 -0.584128797054
    outer loop
      vertex 100.323455811 33.0561141968 71.8481292725
      vertex 97.6962890625 36.769947052 72.3409957886
      vertex 100.370376587 33.2306365967 72.8550796509
    endloop
  endfacet
  facet normal 0.80026870966 -0.135607033968 -0.584106743336
    outer loop
      vertex 100.323455811 33.0561141968 71.8481292725
      vertex 97.6503143311 36.563659668 71.1811141968
      vertex 97.6962890625 36.769947052 72.3409957886
    endloop
  endfacet
  facet normal 0.0342219248414 0.0132966395468 -0.999325811863
    outer loop
      vertex 119.818054199 23.3383579254 76.543296814
      vertex 124.289215088 23.1850357056 76.5589141846
      vertex 124.292053223 23.1897163391 76.1998138428
    endloop
  endfacet
  facet normal -0.0404528789222 0.0127035472542 -0.99910068512
    outer loop
      vertex 127.5184021 23.3203487396 76.1998138428
      vertex 124.292053223 23.1897163391 76.1998138428
      vertex 124.289215088 23.1850357056 76.5589141846
    endloop
  endfacet
  facet normal -0.0371170043945 0.042440623045 -0.99840927124
    outer loop
      vertex 127.5184021 23.3203487396 76.1998138428
      vertex 124.289215088 23.1850357056 76.5589141846
      vertex 127.520462036 23.2694511414 77.3989715576
    endloop
  endfacet
  facet normal 0.0380294583738 0.0423104688525 -0.998380482197
    outer loop
      vertex 128.304473877 23.2398090363 77.3937454224
      vertex 127.5184021 23.3203487396 76.1998138428
      vertex 127.520462036 23.2694511414 77.3989715576
    endloop
  endfacet
  facet normal 0.164090096951 -0.0415504425764 -0.985569894314
    outer loop
      vertex 127.520462036 23.2694511414 75.0006561279
      vertex 127.5184021 23.3203487396 76.1998138428
      vertex 128.304473877 23.2398090363 77.3937454224
    endloop
  endfacet
  facet normal -0.038351520896 -0.0424407571554 -0.998362660408
    outer loop
      vertex 124.269607544 23.152545929 75.1882400513
      vertex 127.5184021 23.3203487396 76.1998138428
      vertex 127.520462036 23.2694511414 75.0006561279
    endloop
  endfacet
  facet normal -0.0411170944571 -0.0925522446632 -0.994858503342
    outer loop
      vertex 124.269607544 23.152545929 75.1882400513
      vertex 127.520462036 23.2694511414 75.0006561279
      vertex 124.235702515 23.0957927704 74.5932540894
    endloop
  endfacet
  facet normal 0.0339243374765 -0.0968157276511 -0.994724035263
    outer loop
      vertex 119.800231934 23.3091697693 75.2313842773
      vertex 124.269607544 23.152545929 75.1882400513
      vertex 124.235702515 23.0957927704 74.5932540894
    endloop
  endfacet
  facet normal -0.0366504043341 -0.127016231418 -0.991223275661
    outer loop
      vertex 124.235702515 23.0957927704 74.5932540894
      vertex 127.520462036 23.2694511414 75.0006561279
      vertex 127.526626587 23.1171245575 73.8101348877
    endloop
  endfacet
  facet normal -0.0392868109047 -0.138138577342 -0.989633381367
    outer loop
      vertex 124.235702515 23.0957927704 74.5932540894
      vertex 127.526626587 23.1171245575 73.8101348877
      vertex 124.177352905 22.9971256256 73.9029922485
    endloop
  endfacet
  facet normal -0.0398987308145 -0.165727078915 -0.985364198685
    outer loop
      vertex 127.526626587 23.1171245575 73.8101348877
      vertex 124.167938232 22.9811038971 73.8099975586
      vertex 124.177352905 22.9971256256 73.9029922485
    endloop
  endfacet
  facet normal 0.034295655787 -0.173056602478 -0.984314620495
    outer loop
      vertex 119.716003418 23.1689548492 73.9961929321
      vertex 124.177352905 22.9971256256 73.9029922485
      vertex 124.167938232 22.9811038971 73.8099975586
    endloop
  endfacet
  facet normal -0.0397215038538 -0.189834266901 -0.981012284756
    outer loop
      vertex 127.526626587 23.1171245575 73.8101348877
      vertex 124.099838257 22.8645935059 73.22215271
      vertex 124.167938232 22.9811038971 73.8099975586
    endloop
  endfacet
  facet normal -0.0358418226242 -0.210678249598 -0.976898193359
    outer loop
      vertex 127.536865234 22.8644676208 72.6368408203
      vertex 124.099838257 22.8645935059 73.22215271
      vertex 127.526626587 23.1171245575 73.8101348877
    endloop
  endfacet
  facet normal 0.0388986133039 -0.210030764341 -0.97692066431
    outer loop
      vertex 128.320800781 22.8365879059 72.6523513794
      vertex 127.536865234 22.8644676208 72.6368408203
      vertex 127.526626587 23.1171245575 73.8101348877
    endloop
  endfacet
  facet normal 0.0397612117231 -0.291924715042 -0.955614447594
    outer loop
      vertex 127.551086426 22.5132961273 71.4892196655
      vertex 127.536865234 22.8644676208 72.6368408203
      vertex 128.320800781 22.8365879059 72.6523513794
    endloop
  endfacet
  facet normal -0.0376976318657 -0.29282578826 -0.955422401428
    outer loop
      vertex 127.551086426 22.5132961273 71.4892196655
      vertex 124.003845215 22.6987419128 72.5509490967
      vertex 127.536865234 22.8644676208 72.6368408203
    endloop
  endfacet
  facet normal -0.0398669540882 -0.234313160181 -0.971343398094
    outer loop
      vertex 127.536865234 22.8644676208 72.6368408203
      vertex 124.003845215 22.6987419128 72.5509490967
      vertex 124.099838257 22.8645935059 73.22215271
    endloop
  endfacet
  facet normal -0.0343657918274 -0.282269954681 -0.95871925354
    outer loop
      vertex 127.551086426 22.5132961273 71.4892196655
      vertex 123.889968872 22.499961853 71.8896636963
      vertex 124.003845215 22.6987419128 72.5509490967
    endloop
  endfacet
  facet normal 0.033724501729 -0.293030142784 -0.955508232117
    outer loop
      vertex 119.556747437 22.8980884552 72.689163208
      vertex 124.003845215 22.6987419128 72.5509490967
      vertex 123.889968872 22.499961853 71.8896636963
    endloop
  endfacet
  facet normal -0.0383437424898 -0.319030225277 -0.94696855545
    outer loop
      vertex 123.811401367 22.3617362976 71.4888153076
      vertex 123.889968872 22.499961853 71.8896636963
      vertex 127.551086426 22.5132961273 71.4892196655
    endloop
  endfacet
  facet normal -0.038014922291 -0.342038929462 -0.938916504383
    outer loop
      vertex 123.811401367 22.3617362976 71.4888153076
      vertex 127.551086426 22.5132961273 71.4892196655
      vertex 123.758621216 22.2684650421 71.2386474609
    endloop
  endfacet
  facet normal 0.0359568446875 -0.355768203735 -0.933882296085
    outer loop
      vertex 119.330291748 22.5047664642 71.4113693237
      vertex 123.811401367 22.3617362976 71.4888153076
      vertex 123.758621216 22.2684650421 71.2386474609
    endloop
  endfacet
  facet normal 0.0340231880546 -0.387849390507 -0.921094596386
    outer loop
      vertex 119.330291748 22.5047664642 71.4113693237
      vertex 123.758621216 22.2684650421 71.2386474609
      vertex 123.610076904 22.0043201447 70.5983047485
    endloop
  endfacet
  facet normal -0.0355189964175 -0.374042123556 -0.926731288433
    outer loop
      vertex 123.758621216 22.2684650421 71.2386474609
      vertex 127.56918335 22.0661449432 70.3755264282
      vertex 123.610076904 22.0043201447 70.5983047485
    endloop
  endfacet
  facet normal -0.0392630323768 -0.450200289488 -0.892063975334
    outer loop
      vertex 123.610076904 22.0043201447 70.5983047485
      vertex 127.56918335 22.0661449432 70.3755264282
      vertex 127.591049194 21.5262413025 69.3038101196
    endloop
  endfacet
  facet normal -0.0258792676032 -0.415396392345 -0.909272313118
    outer loop
      vertex 123.610076904 22.0043201447 70.5983047485
      vertex 127.591049194 21.5262413025 69.3038101196
      vertex 123.487670898 21.7851676941 70.1262207031
    endloop
  endfacet
  facet normal -0.0343922711909 -0.452198714018 -0.891253888607
    outer loop
      vertex 127.591049194 21.5262413025 69.3038101196
      vertex 123.307693481 21.4609165192 69.500831604
      vertex 123.487670898 21.7851676941 70.1262207031
    endloop
  endfacet
  facet normal 0.0344990827143 -0.467822283506 -0.88314896822
    outer loop
      vertex 119.078643799 22.0600566864 70.3200149536
      vertex 123.487670898 21.7851676941 70.1262207031
      vertex 123.307693481 21.4609165192 69.500831604
    endloop
  endfacet
  facet normal -0.0354756638408 -0.480766624212 -0.876130640507
    outer loop
      vertex 127.591049194 21.5262413025 69.3038101196
      vertex 123.246414185 21.3500747681 69.3033599854
      vertex 123.307693481 21.4609165192 69.500831604
    endloop
  endfacet
  facet normal -0.0344453379512 -0.52430742979 -0.850832045078
    outer loop
      vertex 127.616516113 20.8974609375 68.2817687988
      vertex 123.246414185 21.3500747681 69.3033599854
      vertex 127.591049194 21.5262413025 69.3038101196
    endloop
  endfacet
  facet normal 0.0439807735384 -0.522693514824 -0.851385474205
    outer loop
      vertex 128.400100708 20.8781452179 68.3162384033
      vertex 127.616516113 20.8974609375 68.2817687988
      vertex 127.591049194 21.5262413025 69.3038101196
    endloop
  endfacet
  facet normal 0.0458977781236 -0.592803537846 -0.804038167
    outer loop
      vertex 127.645385742 20.184343338 67.3167800903
      vertex 127.616516113 20.8974609375 68.2817687988
      vertex 128.400100708 20.8781452179 68.3162384033
    endloop
  endfacet
  facet normal -0.0435651876032 -0.594596803188 -0.802842915058
    outer loop
      vertex 127.645385742 20.184343338 67.3167800903
      vertex 123.112670898 21.1075363159 68.8954086304
      vertex 127.616516113 20.8974609375 68.2817687988
    endloop
  endfacet
  facet normal -0.0283936075866 -0.503932952881 -0.863275945187
    outer loop
      vertex 127.616516113 20.8974609375 68.2817687988
      vertex 123.112670898 21.1075363159 68.8954086304
      vertex 123.246414185 21.3500747681 69.3033599854
    endloop
  endfacet
  facet normal 0.0386668592691 -0.519986927509 -0.853298544884
    outer loop
      vertex 118.72845459 21.4325523376 69.1027450562
      vertex 123.246414185 21.3500747681 69.3033599854
      vertex 123.112670898 21.1075363159 68.8954086304
    endloop
  endfacet
  facet normal 0.0353759750724 -0.554888904095 -0.831171929836
    outer loop
      vertex 118.72845459 21.4325523376 69.1027450562
      vertex 123.112670898 21.1075363159 68.8954086304
      vertex 122.902816772 20.72564888 68.3099975586
    endloop
  endfacet
  facet normal 0.042647369206 -0.530415058136 -0.84666466713
    outer loop
      vertex 118.72845459 21.4325523376 69.1027450562
      vertex 122.902816772 20.72564888 68.3099975586
      vertex 118.531738281 21.077287674 68.5198440552
    endloop
  endfacet
  facet normal 0.185053214431 -0.556227505207 -0.81016433239
    outer loop
      vertex 118.531738281 21.077287674 68.5198440552
      vertex 114.232696533 21.9541130066 68.3667068481
      vertex 118.72845459 21.4325523376 69.1027450562
    endloop
  endfacet
  facet normal 0.183441072702 -0.571949601173 -0.799514234066
    outer loop
      vertex 118.531738281 21.077287674 68.5198440552
      vertex 114.035263062 21.5778751373 67.7774505615
      vertex 114.232696533 21.9541130066 68.3667068481
    endloop
  endfacet
  facet normal 0.326051741838 -0.583932995796 -0.743446409702
    outer loop
      vertex 114.035263062 21.5778751373 67.7774505615
      vertex 109.913314819 22.9458637238 67.2175521851
      vertex 114.232696533 21.9541130066 68.3667068481
    endloop
  endfacet
  facet normal 0.324281811714 -0.59949105978 -0.73174571991
    outer loop
      vertex 114.035263062 21.5778751373 67.7774505615
      vertex 109.715362549 22.5258808136 66.5978393555
      vertex 109.913314819 22.9458637238 67.2175521851
    endloop
  endfacet
  facet normal 0.459298700094 -0.594191670418 -0.660288512707
    outer loop
      vertex 109.715362549 22.5258808136 66.5978393555
      vertex 105.856689453 24.3111190796 65.5989837646
      vertex 109.913314819 22.9458637238 67.2175521851
    endloop
  endfacet
  facet normal 0.457348972559 -0.609648704529 -0.647425949574
    outer loop
      vertex 109.715362549 22.5258808136 66.5978393555
      vertex 105.657745361 23.821641922 64.9299316406
      vertex 105.856689453 24.3111190796 65.5989837646
    endloop
  endfacet
  facet normal 0.582021415234 -0.585732698441 -0.564064025879
    outer loop
      vertex 105.657745361 23.821641922 64.9299316406
      vertex 102.141098022 25.9399013519 63.4754600525
      vertex 105.856689453 24.3111190796 65.5989837646
    endloop
  endfacet
  facet normal 0.580528795719 -0.596602737904 -0.554122269154
    outer loop
      vertex 105.657745361 23.821641922 64.9299316406
      vertex 101.99609375 25.5164089203 62.941028595
      vertex 102.141098022 25.9399013519 63.4754600525
    endloop
  endfacet
  facet normal 0.691499471664 -0.554497539997 -0.462991267443
    outer loop
      vertex 101.99609375 25.5164089203 62.941028595
      vertex 98.8888092041 27.9007091522 61.056842804
      vertex 102.141098022 25.9399013519 63.4754600525
    endloop
  endfacet
  facet normal 0.689846515656 -0.56523245573 -0.452353835106
    outer loop
      vertex 101.99609375 25.5164089203 62.941028595
      vertex 98.6851806641 27.1924800873 60.2415237427
      vertex 98.8888092041 27.9007091522 61.056842804
    endloop
  endfacet
  facet normal 0.784143269062 -0.506869673729 -0.358053714037
    outer loop
      vertex 98.6851806641 27.1924800873 60.2415237427
      vertex 96.2481536865 30.5490036011 58.8424224854
      vertex 98.8888092041 27.9007091522 61.056842804
    endloop
  endfacet
  facet normal 0.788213789463 -0.494663476944 -0.366097062826
    outer loop
      vertex 98.6851806641 27.1924800873 60.2415237427
      vertex 96.049407959 29.7293148041 57.9190864563
      vertex 96.2481536865 30.5490036011 58.8424224854
    endloop
  endfacet
  facet normal 0.819163024426 -0.469189852476 -0.329898238182
    outer loop
      vertex 95.1357879639 31.0646953583 57.262928009
      vertex 96.2481536865 30.5490036011 58.8424224854
      vertex 96.049407959 29.7293148041 57.9190864563
    endloop
  endfacet
  facet normal 0.810972034931 -0.495288282633 -0.311470448971
    outer loop
      vertex 95.1357879639 31.0646953583 57.262928009
      vertex 96.049407959 29.7293148041 57.9190864563
      vertex 95.8408203125 28.8770751953 57.0416107178
    endloop
  endfacet
  facet normal 0.786940336227 -0.515865087509 -0.338538259268
    outer loop
      vertex 98.4713897705 26.4552135468 59.4651260376
      vertex 95.8408203125 28.8770751953 57.0416107178
      vertex 96.049407959 29.7293148041 57.9190864563
    endloop
  endfacet
  facet normal 0.782549262047 -0.528299212456 -0.329418599606
    outer loop
      vertex 98.4713897705 26.4552135468 59.4651260376
      vertex 96.049407959 29.7293148041 57.9190864563
      vertex 98.6851806641 27.1924800873 60.2415237427
    endloop
  endfacet
  facet normal 0.688689470291 -0.589927852154 -0.421535283327
    outer loop
      vertex 101.783950806 24.8997497559 62.220790863
      vertex 98.4713897705 26.4552135468 59.4651260376
      vertex 98.6851806641 27.1924800873 60.2415237427
    endloop
  endfacet
  facet normal 0.690905690193 -0.576735198498 -0.435919582844
    outer loop
      vertex 101.783950806 24.8997497559 62.220790863
      vertex 98.6851806641 27.1924800873 60.2415237427
      vertex 101.99609375 25.5164089203 62.941028595
    endloop
  endfacet
  facet normal 0.579325795174 -0.621832609177 -0.526978075504
    outer loop
      vertex 105.50479126 23.4461650848 64.4554290771
      vertex 101.783950806 24.8997497559 62.220790863
      vertex 101.99609375 25.5164089203 62.941028595
    endloop
  endfacet
  facet normal 0.580841779709 -0.611975073814 -0.536758184433
    outer loop
      vertex 105.50479126 23.4461650848 64.4554290771
      vertex 101.99609375 25.5164089203 62.941028595
      vertex 105.657745361 23.821641922 64.9299316406
    endloop
  endfacet
  facet normal 0.457630008459 -0.637764394283 -0.619541227818
    outer loop
      vertex 109.50378418 22.0774726868 65.9953384399
      vertex 105.50479126 23.4461650848 64.4554290771
      vertex 105.657745361 23.821641922 64.9299316406
    endloop
  endfacet
  facet normal 0.458900332451 -0.628525316715 -0.627986013889
    outer loop
      vertex 109.50378418 22.0774726868 65.9953384399
      vertex 105.657745361 23.821641922 64.9299316406
      vertex 109.715362549 22.5258808136 66.5978393555
    endloop
  endfacet
  facet normal 0.324359893799 -0.635422289371 -0.700734734535
    outer loop
      vertex 113.823822021 21.1745204926 67.2047958374
      vertex 109.50378418 22.0774726868 65.9953384399
      vertex 109.715362549 22.5258808136 66.5978393555
    endloop
  endfacet
  facet normal 0.326063781977 -0.621892154217 -0.711991965771
    outer loop
      vertex 113.823822021 21.1745204926 67.2047958374
      vertex 109.715362549 22.5258808136 66.5978393555
      vertex 114.035263062 21.5778751373 67.7774505615
    endloop
  endfacet
  facet normal 0.183942630887 -0.610518395901 -0.770345628262
    outer loop
      vertex 118.320648193 20.6948986053 67.954460144
      vertex 113.823822021 21.1745204926 67.2047958374
      vertex 114.035263062 21.5778751373 67.7774505615
    endloop
  endfacet
  facet normal 0.185468018055 -0.597086787224 -0.780441522598
    outer loop
      vertex 118.320648193 20.6948986053 67.954460144
      vertex 114.035263062 21.5778751373 67.7774505615
      vertex 118.531738281 21.077287674 68.5198440552
    endloop
  endfacet
  facet normal 0.0438698381186 -0.570880234241 -0.819860458374
    outer loop
      vertex 118.531738281 21.077287674 68.5198440552
      vertex 122.678131104 20.3157482147 67.7448043823
      vertex 118.320648193 20.6948986053 67.954460144
    endloop
  endfacet
  facet normal 0.0370071977377 -0.631486833096 -0.77450299263
    outer loop
      vertex 118.320648193 20.6948986053 67.954460144
      vertex 122.678131104 20.3157482147 67.7448043823
      vertex 122.491699219 19.9753894806 67.3164367676
    endloop
  endfacet
  facet normal -0.0319599993527 -0.613207936287 -0.78927475214
    outer loop
      vertex 127.645385742 20.184343338 67.3167800903
      vertex 122.491699219 19.9753894806 67.3164367676
      vertex 122.678131104 20.3157482147 67.7448043823
    endloop
  endfacet
  facet normal -0.0283823329955 -0.579439461231 -0.814520955086
    outer loop
      vertex 127.645385742 20.184343338 67.3167800903
      vertex 122.678131104 20.3157482147 67.7448043823
      vertex 122.902816772 20.72564888 68.3099975586
    endloop
  endfacet
  facet normal -0.0175704099238 -0.541855931282 -0.840287685394
    outer loop
      vertex 127.645385742 20.184343338 67.3167800903
      vertex 122.902816772 20.72564888 68.3099975586
      vertex 123.112670898 21.1075363159 68.8954086304
    endloop
  endfacet
  facet normal 0.0359166041017 -0.596033275127 -0.802156031132
    outer loop
      vertex 118.531738281 21.077287674 68.5198440552
      vertex 122.902816772 20.72564888 68.3099975586
      vertex 122.678131104 20.3157482147 67.7448043823
    endloop
  endfacet
  facet normal -0.0303668361157 -0.66067391634 -0.750058591366
    outer loop
      vertex 127.677459717 19.3920269012 66.4157943726
      vertex 122.491699219 19.9753894806 67.3164367676
      vertex 127.645385742 20.184343338 67.3167800903
    endloop
  endfacet
  facet normal -0.0233310125768 -0.634659409523 -0.772439718246
    outer loop
      vertex 127.677459717 19.3920269012 66.4157943726
      vertex 122.438430786 19.8781909943 67.2000961304
      vertex 122.491699219 19.9753894806 67.3164367676
    endloop
  endfacet
  facet normal -0.0439771078527 -0.721864640713 -0.690635502338
    outer loop
      vertex 127.712524414 18.526216507 65.5853042603
      vertex 122.438430786 19.8781909943 67.2000961304
      vertex 127.677459717 19.3920269012 66.4157943726
    endloop
  endfacet
  facet normal -0.0100874481723 -0.661084055901 -0.750244021416
    outer loop
      vertex 127.712524414 18.526216507 65.5853042603
      vertex 122.183319092 19.4132003784 66.67628479
      vertex 122.438430786 19.8781909943 67.2000961304
    endloop
  endfacet
  facet normal -0.0198785029352 -0.68943220377 -0.724077403545
    outer loop
      vertex 121.987762451 19.0577983856 66.3086624146
      vertex 122.183319092 19.4132003784 66.67628479
      vertex 127.712524414 18.526216507 65.5853042603
    endloop
  endfacet
  facet normal -0.0260732471943 -0.717714190483 -0.695849537849
    outer loop
      vertex 127.712524414 18.526216507 65.5853042603
      vertex 121.702255249 18.5413913727 65.818359375
      vertex 121.987762451 19.0577983856 66.3086624146
    endloop
  endfacet
  facet normal -0.0271018091589 -0.742510139942 -0.669286310673
    outer loop
      vertex 127.712524414 18.526216507 65.5853042603
      vertex 121.554901123 18.2762966156 65.5847854614
      vertex 121.702255249 18.5413913727 65.818359375
    endloop
  endfacet
  facet normal 0.0406502336264 -0.760785639286 -0.647728919983
    outer loop
      vertex 117.400756836 19.0300941467 66.0046005249
      vertex 121.702255249 18.5413913727 65.818359375
      vertex 121.554901123 18.2762966156 65.5847854614
    endloop
  endfacet
  facet normal 0.0385876893997 -0.705072343349 -0.708084762096
    outer loop
      vertex 117.85458374 19.8497714996 66.8778152466
      vertex 122.183319092 19.4132003784 66.67628479
      vertex 121.987762451 19.0577983856 66.3086624146
    endloop
  endfacet
  facet normal -0.0352239049971 -0.372854173183 -0.927221119404
    outer loop
      vertex 123.758621216 22.2684650421 71.2386474609
      vertex 127.551086426 22.5132961273 71.4892196655
      vertex 127.56918335 22.0661449432 70.3755264282
    endloop
  endfacet
  facet normal -0.0367891527712 -0.0474309846759 -0.998196780682
    outer loop
      vertex 124.289718628 23.1858520508 75.8735809326
      vertex 127.5184021 23.3203487396 76.1998138428
      vertex 124.269607544 23.152545929 75.1882400513
    endloop
  endfacet
  facet normal -0.0404534451663 -0.0115443905815 -0.999114751816
    outer loop
      vertex 124.289718628 23.1858520508 75.8735809326
      vertex 124.292053223 23.1897163391 76.1998138428
      vertex 127.5184021 23.3203487396 76.1998138428
    endloop
  endfacet
  facet normal 0.193676874042 0.164362370968 -0.967199206352
    outer loop
      vertex 128.320800781 22.8365879059 79.7472686768
      vertex 129.090270996 22.6903476715 79.7011184692
      vertex 129.074142456 23.0883235931 77.3782119751
    endloop
  endfacet
  facet normal 0.344328343868 0.156216964126 -0.925761461258
    outer loop
      vertex 129.090270996 22.6903476715 79.7011184692
      vertex 129.810531616 22.8187274933 77.3527526855
      vertex 129.074142456 23.0883235931 77.3782119751
    endloop
  endfacet
  facet normal 0.343791037798 1.4811297525e-17 -0.939046144485
    outer loop
      vertex 129.074142456 23.0883235931 77.3782119751
      vertex 129.810531616 22.8187274933 77.3527526855
      vertex 129.810531616 22.8187274933 75.0468673706
    endloop
  endfacet
  facet normal 0.486173391342 0 -0.87386238575
    outer loop
      vertex 129.810531616 22.8187274933 77.3527526855
      vertex 130.495483398 22.4376544952 75.0816421509
      vertex 129.810531616 22.8187274933 75.0468673706
    endloop
  endfacet
  facet normal 0.486173391342 0 -0.87386238575
    outer loop
      vertex 129.810531616 22.8187274933 77.3527526855
      vertex 130.495483398 22.4376544952 77.3179855347
      vertex 130.495483398 22.4376544952 75.0816421509
    endloop
  endfacet
  facet normal 0.616754174232 0 -0.787155866623
    outer loop
      vertex 130.495483398 22.4376544952 77.3179855347
      vertex 131.112136841 21.954492569 75.1248550415
      vertex 130.495483398 22.4376544952 75.0816421509
    endloop
  endfacet
  facet normal 0.616754174232 0 -0.787155866623
    outer loop
      vertex 130.495483398 22.4376544952 77.3179855347
      vertex 131.112136841 21.954492569 77.274772644
      vertex 131.112136841 21.954492569 75.1248550415
    endloop
  endfacet
  facet normal 0.732291102409 0 -0.680991768837
    outer loop
      vertex 131.112136841 21.954492569 77.274772644
      vertex 131.645324707 21.3811378479 75.1754455566
      vertex 131.112136841 21.954492569 75.1248550415
    endloop
  endfacet
  facet normal 0.73266929388 -0.109987333417 -0.671638607979
    outer loop
      vertex 131.112136841 21.954492569 75.1248550415
      vertex 131.645324707 21.3811378479 75.1754455566
      vertex 131.659332275 21.0351829529 73.1561889648
    endloop
  endfacet
  facet normal 0.732291102409 6.08360834112e-17 -0.680991768837
    outer loop
      vertex 131.112136841 21.954492569 77.274772644
      vertex 131.645324707 21.3811378479 77.2241744995
      vertex 131.645324707 21.3811378479 75.1754455566
    endloop
  endfacet
  facet normal 0.732670009136 0.109987460077 -0.671637833118
    outer loop
      vertex 131.126831055 21.5914535522 79.3937683105
      vertex 131.645324707 21.3811378479 77.2241744995
      vertex 131.112136841 21.954492569 77.274772644
    endloop
  endfacet
  facet normal 0.617198705673 0.128704145551 -0.776209354401
    outer loop
      vertex 130.510772705 22.0600204468 79.5221633911
      vertex 131.126831055 21.5914535522 79.3937683105
      vertex 131.112136841 21.954492569 77.274772644
    endloop
  endfacet
  facet normal 0.617197334766 0.128703713417 -0.776210546494
    outer loop
      vertex 130.510772705 22.0600204468 79.5221633911
      vertex 131.112136841 21.954492569 77.274772644
      vertex 130.495483398 22.4376544952 77.3179855347
    endloop
  endfacet
  facet normal 0.486665934324 0.144238427281 -0.86159825325
    outer loop
      vertex 129.826293945 22.4293498993 79.6254653931
      vertex 130.510772705 22.0600204468 79.5221633911
      vertex 130.495483398 22.4376544952 77.3179855347
    endloop
  endfacet
  facet normal 0.486670196056 0.144239664078 -0.861595630646
    outer loop
      vertex 129.826293945 22.4293498993 79.6254653931
      vertex 130.495483398 22.4376544952 77.3179855347
      vertex 129.810531616 22.8187274933 77.3527526855
    endloop
  endfacet
  facet normal 0.344337135553 0.15621945262 -0.92575776577
    outer loop
      vertex 129.090270996 22.6903476715 79.7011184692
      vertex 129.826293945 22.4293498993 79.6254653931
      vertex 129.810531616 22.8187274933 77.3527526855
    endloop
  endfacet
  facet normal 0.345934778452 0.3079456985 -0.886283576488
    outer loop
      vertex 129.122024536 21.9058437347 81.9232940674
      vertex 129.826293945 22.4293498993 79.6254653931
      vertex 129.090270996 22.6903476715 79.7011184692
    endloop
  endfacet
  facet normal 0.345926940441 0.307944118977 -0.886287152767
    outer loop
      vertex 129.122024536 21.9058437347 81.9232940674
      vertex 129.857376099 21.6617984772 81.799621582
      vertex 129.826293945 22.4293498993 79.6254653931
    endloop
  endfacet
  facet normal 0.488142371178 0.284327834845 -0.825151324272
    outer loop
      vertex 129.857376099 21.6617984772 81.799621582
      vertex 130.510772705 22.0600204468 79.5221633911
      vertex 129.826293945 22.4293498993 79.6254653931
    endloop
  endfacet
  facet normal 0.488141775131 0.284327745438 -0.825151741505
    outer loop
      vertex 129.857376099 21.6617984772 81.799621582
      vertex 130.540908813 21.3156166077 81.6307678223
      vertex 130.510772705 22.0600204468 79.5221633911
    endloop
  endfacet
  facet normal 0.618515491486 0.253705203533 -0.743688285351
    outer loop
      vertex 130.540908813 21.3156166077 81.6307678223
      vertex 131.126831055 21.5914535522 79.3937683105
      vertex 130.510772705 22.0600204468 79.5221633911
    endloop
  endfacet
  facet normal 0.618508279324 0.253704100847 -0.743694663048
    outer loop
      vertex 130.540908813 21.3156166077 81.6307678223
      vertex 131.155822754 20.8758163452 81.4208755493
      vertex 131.126831055 21.5914535522 79.3937683105
    endloop
  endfacet
  facet normal 0.733793914318 0.216806456447 -0.643848896027
    outer loop
      vertex 131.155822754 20.8758163452 81.4208755493
      vertex 131.659332275 21.0351829529 79.2434387207
      vertex 131.126831055 21.5914535522 79.3937683105
    endloop
  endfacet
  facet normal 0.732668757439 0.109987020493 -0.67163926363
    outer loop
      vertex 131.126831055 21.5914535522 79.3937683105
      vertex 131.659332275 21.0351829529 79.2434387207
      vertex 131.645324707 21.3811378479 77.2241744995
    endloop
  endfacet
  facet normal 0.733809828758 0.216808766127 -0.643830001354
    outer loop
      vertex 131.155822754 20.8758163452 81.4208755493
      vertex 131.686935425 20.3532295227 81.1751403809
      vertex 131.659332275 21.0351829529 79.2434387207
    endloop
  endfacet
  facet normal 0.735648155212 0.317392855883 -0.598400831223
    outer loop
      vertex 131.198226929 19.8281669617 83.2977905273
      vertex 131.686935425 20.3532295227 81.1751403809
      vertex 131.155822754 20.8758163452 81.4208755493
    endloop
  endfacet
  facet normal 0.620669186115 0.371411442757 -0.690523922443
    outer loop
      vertex 130.585037231 20.225851059 83.5831298828
      vertex 131.198226929 19.8281669617 83.2977905273
      vertex 131.155822754 20.8758163452 81.4208755493
    endloop
  endfacet
  facet normal 0.620661854744 0.371411472559 -0.690530478954
    outer loop
      vertex 130.585037231 20.225851059 83.5831298828
      vertex 131.155822754 20.8758163452 81.4208755493
      vertex 130.540908813 21.3156166077 81.6307678223
    endloop
  endfacet
  facet normal 0.490551769733 0.416239738464 -0.765573918819
    outer loop
      vertex 129.902862549 20.5381526947 83.8126907349
      vertex 130.585037231 20.225851059 83.5831298828
      vertex 130.540908813 21.3156166077 81.6307678223
    endloop
  endfacet
  facet normal 0.490553706884 0.416239857674 -0.765572607517
    outer loop
      vertex 129.902862549 20.5381526947 83.8126907349
      vertex 130.540908813 21.3156166077 81.6307678223
      vertex 129.857376099 21.6617984772 81.799621582
    endloop
  endfacet
  facet normal 0.348547428846 0.450809538364 -0.821757555008
    outer loop
      vertex 129.168533325 20.7573833466 83.9808197021
      vertex 129.902862549 20.5381526947 83.8126907349
      vertex 129.857376099 21.6617984772 81.799621582
    endloop
  endfacet
  facet normal 0.348539590836 0.450808644295 -0.821761369705
    outer loop
      vertex 129.168533325 20.7573833466 83.9808197021
      vertex 129.857376099 21.6617984772 81.799621582
      vertex 129.122024536 21.9058437347 81.9232940674
    endloop
  endfacet
  facet normal 0.198108673096 0.474311977625 -0.85777682066
    outer loop
      vertex 128.400100708 20.8781452179 84.0833816528
      vertex 129.168533325 20.7573833466 83.9808197021
      vertex 129.122024536 21.9058437347 81.9232940674
    endloop
  endfacet
  facet normal 0.352098673582 0.580705285072 -0.734035372734
    outer loop
      vertex 129.228424072 19.2780056 85.8144989014
      vertex 129.902862549 20.5381526947 83.8126907349
      vertex 129.168533325 20.7573833466 83.9808197021
    endloop
  endfacet
  facet normal 0.35209479928 0.580705225468 -0.734037280083
    outer loop
      vertex 129.228424072 19.2780056 85.8144989014
      vertex 129.961471558 19.0907440186 85.6067428589
      vertex 129.902862549 20.5381526947 83.8126907349
    endloop
  endfacet
  facet normal 0.493831455708 0.536173045635 -0.684579372406
    outer loop
      vertex 129.961471558 19.0907440186 85.6067428589
      vertex 130.585037231 20.225851059 83.5831298828
      vertex 129.902862549 20.5381526947 83.8126907349
    endloop
  endfacet
  facet normal 0.493836760521 0.536172688007 -0.684575855732
    outer loop
      vertex 129.961471558 19.0907440186 85.6067428589
      vertex 130.641876221 18.8220863342 85.3230819702
      vertex 130.585037231 20.225851059 83.5831298828
    endloop
  endfacet
  facet normal 0.623595654964 0.478425979614 -0.618253171444
    outer loop
      vertex 130.641876221 18.8220863342 85.3230819702
      vertex 131.198226929 19.8281669617 83.2977905273
      vertex 130.585037231 20.225851059 83.5831298828
    endloop
  endfacet
  facet normal 0.623586237431 0.478427529335 -0.618261516094
    outer loop
      vertex 130.641876221 18.8220863342 85.3230819702
      vertex 131.252883911 18.4786491394 84.9705047607
      vertex 131.198226929 19.8281669617 83.2977905273
    endloop
  endfacet
  facet normal 0.73813354969 0.408848375082 -0.53665804863
    outer loop
      vertex 131.252883911 18.4786491394 84.9705047607
      vertex 131.727371216 19.3548908234 82.9637069702
      vertex 131.198226929 19.8281669617 83.2977905273
    endloop
  endfacet
  facet normal 0.735632658005 0.317393869162 -0.598419308662
    outer loop
      vertex 131.198226929 19.8281669617 83.2977905273
      vertex 131.727371216 19.3548908234 82.9637069702
      vertex 131.686935425 20.3532295227 81.1751403809
    endloop
  endfacet
  facet normal 0.738143622875 0.408845633268 -0.536646306515
    outer loop
      vertex 131.252883911 18.4786491394 84.9705047607
      vertex 131.779434204 18.0688915253 84.5576934814
      vertex 131.727371216 19.3548908234 82.9637069702
    endloop
  endfacet
  facet normal 0.741233170033 0.488539755344 -0.460328489542
    outer loop
      vertex 131.318161011 16.8660831451 86.3909072876
      vertex 131.779434204 18.0688915253 84.5576934814
      vertex 131.252883911 18.4786491394 84.9705047607
    endloop
  endfacet
  facet normal 0.627210855484 0.57168251276 -0.528947651386
    outer loop
      vertex 130.709793091 17.1446933746 86.8005828857
      vertex 131.318161011 16.8660831451 86.3909072876
      vertex 131.252883911 18.4786491394 84.9705047607
    endloop
  endfacet
  facet normal 0.627202212811 0.571685254574 -0.528954923153
    outer loop
      vertex 130.709793091 17.1446933746 86.8005828857
      vertex 131.252883911 18.4786491394 84.9705047607
      vertex 130.641876221 18.8220863342 85.3230819702
    endloop
  endfacet
  facet normal 0.497894704342 0.640679717064 -0.584491550922
    outer loop
      vertex 130.031509399 17.36120224 87.1301803589
      vertex 130.709793091 17.1446933746 86.8005828857
      vertex 130.641876221 18.8220863342 85.3230819702
    endloop
  endfacet
  facet normal 0.497889250517 0.640680730343 -0.584495067596
    outer loop
      vertex 130.031509399 17.36120224 87.1301803589
      vertex 130.641876221 18.8220863342 85.3230819702
      vertex 129.961471558 19.0907440186 85.6067428589
    endloop
  endfacet
  facet normal 0.356479376554 0.693897008896 -0.625643193722
    outer loop
      vertex 129.300003052 17.510263443 87.3715820312
      vertex 130.031509399 17.36120224 87.1301803589
      vertex 129.961471558 19.0907440186 85.6067428589
    endloop
  endfacet
  facet normal 0.356484293938 0.693896651268 -0.625640749931
    outer loop
      vertex 129.300003052 17.510263443 87.3715820312
      vertex 129.961471558 19.0907440186 85.6067428589
      vertex 129.228424072 19.2780056 85.8144989014
    endloop
  endfacet
  facet normal 0.206463143229 0.73007440567 -0.651432514191
    outer loop
      vertex 128.533309937 17.588224411 87.5188369751
      vertex 129.300003052 17.510263443 87.3715820312
      vertex 129.228424072 19.2780056 85.8144989014
    endloop
  endfacet
  facet normal 0.36158016324 0.787127077579 -0.499690681696
    outer loop
      vertex 129.381195068 15.505022049 88.6072692871
      vertex 130.031509399 17.36120224 87.1301803589
      vertex 129.300003052 17.510263443 87.3715820312
    endloop
  endfacet
  facet normal 0.361586660147 0.787126064301 -0.499687582254
    outer loop
      vertex 129.381195068 15.505022049 88.6072692871
      vertex 130.110946655 15.3992824554 88.3391647339
      vertex 130.031509399 17.36120224 87.1301803589
    endloop
  endfacet
  facet normal 0.502602815628 0.726760387421 -0.468198418617
    outer loop
      vertex 130.110946655 15.3992824554 88.3391647339
      vertex 130.709793091 17.1446933746 86.8005828857
      vertex 130.031509399 17.36120224 87.1301803589
    endloop
  endfacet
  facet normal 0.50259834528 0.726761698723 -0.468201160431
    outer loop
      vertex 130.110946655 15.3992824554 88.3391647339
      vertex 130.786834717 15.2419424057 87.9731140137
      vertex 130.709793091 17.1446933746 86.8005828857
    endloop
  endfacet
  facet normal 0.631412088871 0.648489296436 -0.425182849169
    outer loop
      vertex 130.786834717 15.2419424057 87.9731140137
      vertex 131.318161011 16.8660831451 86.3909072876
      vertex 130.709793091 17.1446933746 86.8005828857
    endloop
  endfacet
  facet normal 0.631412863731 0.648488879204 -0.42518222332
    outer loop
      vertex 130.786834717 15.2419424057 87.9731140137
      vertex 131.392227173 15.036863327 87.518119812
      vertex 131.318161011 16.8660831451 86.3909072876
    endloop
  endfacet
  facet normal 0.744816541672 0.554181814194 -0.371659547091
    outer loop
      vertex 131.392227173 15.036863327 87.518119812
      vertex 131.841659546 16.5322246552 85.9112319946
      vertex 131.318161011 16.8660831451 86.3909072876
    endloop
  endfacet
  facet normal 0.74122595787 0.488543182611 -0.460336476564
    outer loop
      vertex 131.318161011 16.8660831451 86.3909072876
      vertex 131.841659546 16.5322246552 85.9112319946
      vertex 131.779434204 18.0688915253 84.5576934814
    endloop
  endfacet
  facet normal 0.636078953743 0.706640005112 -0.309941083193
    outer loop
      vertex 130.870788574 13.1685581207 88.8069534302
      vertex 131.392227173 15.036863327 87.518119812
      vertex 130.786834717 15.2419424057 87.9731140137
    endloop
  endfacet
  facet normal 0.507817089558 0.791938126087 -0.339051306248
    outer loop
      vertex 130.197494507 13.2614364624 89.198928833
      vertex 130.870788574 13.1685581207 88.8069534302
      vertex 130.786834717 15.2419424057 87.9731140137
    endloop
  endfacet
  facet normal 0.507828235626 0.791933596134 -0.339045166969
    outer loop
      vertex 130.197494507 13.2614364624 89.198928833
      vertex 130.786834717 15.2419424057 87.9731140137
      vertex 130.110946655 15.3992824554 88.3391647339
    endloop
  endfacet
  facet normal 0.367251366377 0.857709407806 -0.359806895256
    outer loop
      vertex 129.469665527 13.3199615479 89.4860153198
      vertex 130.197494507 13.2614364624 89.198928833
      vertex 130.110946655 15.3992824554 88.3391647339
    endloop
  endfacet
  facet normal 0.367250204086 0.85770970583 -0.359807401896
    outer loop
      vertex 129.469665527 13.3199615479 89.4860153198
      vertex 130.110946655 15.3992824554 88.3391647339
      vertex 129.381195068 15.505022049 88.6072692871
    endloop
  endfacet
  facet normal 0.217790931463 0.902428209782 -0.371739804745
    outer loop
      vertex 128.705215454 13.3426837921 89.6611480713
      vertex 129.469665527 13.3199615479 89.4860153198
      vertex 129.381195068 15.505022049 88.6072692871
    endloop
  endfacet
  facet normal 0.373315602541 0.903618216515 -0.210022717714
    outer loop
      vertex 129.56288147 11.0179386139 89.9825515747
      vertex 130.197494507 13.2614364624 89.198928833
      vertex 129.469665527 13.3199615479 89.4860153198
    endloop
  endfacet
  facet normal 0.373318761587 0.903617203236 -0.210021466017
    outer loop
      vertex 129.56288147 11.0179386139 89.9825515747
      vertex 130.288696289 11.0091590881 89.6847305298
      vertex 130.197494507 13.2614364624 89.198928833
    endloop
  endfacet
  facet normal 0.513417005539 0.834327697754 -0.200749263167
    outer loop
      vertex 130.288696289 11.0091590881 89.6847305298
      vertex 130.870788574 13.1685581207 88.8069534302
      vertex 130.197494507 13.2614364624 89.198928833
    endloop
  endfacet
  facet normal 0.513425827026 0.83432328701 -0.200745075941
    outer loop
      vertex 130.288696289 11.0091590881 89.6847305298
      vertex 130.959228516 10.9841957092 89.2781066895
      vertex 130.870788574 13.1685581207 88.8069534302
    endloop
  endfacet
  facet normal 0.641071796417 0.744468152523 -0.186531856656
    outer loop
      vertex 130.959228516 10.9841957092 89.2781066895
      vertex 131.472946167 13.0436096191 88.319732666
      vertex 130.870788574 13.1685581207 88.8069534302
    endloop
  endfacet
  facet normal 0.636074483395 0.706642687321 -0.309944152832
    outer loop
      vertex 130.870788574 13.1685581207 88.8069534302
      vertex 131.472946167 13.0436096191 88.319732666
      vertex 131.392227173 15.036863327 87.518119812
    endloop
  endfacet
  facet normal 0.641068339348 0.744470596313 -0.186533883214
    outer loop
      vertex 130.959228516 10.9841957092 89.2781066895
      vertex 131.55796814 10.9436626434 88.7726821899
      vertex 131.472946167 13.0436096191 88.319732666
    endloop
  endfacet
  facet normal 0.646251678467 0.760877668858 -0.0585143752396
    outer loop
      vertex 131.049621582 8.75169086456 89.3730163574
      vertex 131.55796814 10.9436626434 88.7726821899
      vertex 130.959228516 10.9841957092 89.2781066895
    endloop
  endfacet
  facet normal 0.519231975079 0.852711975574 -0.057275313884
    outer loop
      vertex 130.381896973 8.70724487305 89.7825927734
      vertex 131.049621582 8.75169086456 89.3730163574
      vertex 130.959228516 10.9841957092 89.2781066895
    endloop
  endfacet
  facet normal 0.519234836102 0.852710306644 -0.0572742335498
    outer loop
      vertex 130.381896973 8.70724487305 89.7825927734
      vertex 130.959228516 10.9841957092 89.2781066895
      vertex 130.288696289 11.0091590881 89.6847305298
    endloop
  endfacet
  facet normal 0.379609256983 0.923532426357 -0.0546320565045
    outer loop
      vertex 129.65814209 8.66518688202 90.082572937
      vertex 130.381896973 8.70724487305 89.7825927734
      vertex 130.288696289 11.0091590881 89.6847305298
    endloop
  endfacet
  facet normal 0.379610687494 0.923531889915 -0.0546315796673
    outer loop
      vertex 129.65814209 8.66518688202 90.082572937
      vertex 130.288696289 11.0091590881 89.6847305298
      vertex 129.56288147 11.0179386139 89.9825515747
    endloop
  endfacet
  facet normal 0.230794027448 0.971683263779 -0.0506531298161
    outer loop
      vertex 128.89616394 8.62655067444 90.2655715942
      vertex 129.65814209 8.66518688202 90.082572937
      vertex 129.56288147 11.0179386139 89.9825515747
    endloop
  endfacet
  facet normal 0.385946303606 0.916878640652 0.10187716037
    outer loop
      vertex 129.752731323 6.32938194275 89.7832183838
      vertex 130.381896973 8.70724487305 89.7825927734
      vertex 129.65814209 8.66518688202 90.082572937
    endloop
  endfacet
  facet normal 0.385944455862 0.916879475117 0.101876668632
    outer loop
      vertex 129.752731323 6.32938194275 89.7832183838
      vertex 130.474441528 6.42191362381 89.4897079468
      vertex 130.381896973 8.70724487305 89.7825927734
    endloop
  endfacet
  facet normal 0.525082707405 0.846568882465 0.0872311964631
    outer loop
      vertex 130.474441528 6.42191362381 89.4897079468
      vertex 131.049621582 8.75169086456 89.3730163574
      vertex 130.381896973 8.70724487305 89.7825927734
    endloop
  endfacet
  facet normal 0.525090277195 0.84656393528 0.0872333198786
    outer loop
      vertex 130.474441528 6.42191362381 89.4897079468
      vertex 131.139373779 6.53527784348 89.0889587402
      vertex 131.049621582 8.75169086456 89.3730163574
    endloop
  endfacet
  facet normal 0.651477634907 0.755391538143 0.0704307332635
    outer loop
      vertex 131.139373779 6.53527784348 89.0889587402
      vertex 131.644866943 8.7974395752 88.8639221191
      vertex 131.049621582 8.75169086456 89.3730163574
    endloop
  endfacet
  facet normal 0.646256327629 0.760873913765 -0.0585122779012
    outer loop
      vertex 131.049621582 8.75169086456 89.3730163574
      vertex 131.644866943 8.7974395752 88.8639221191
      vertex 131.55796814 10.9436626434 88.7726821899
    endloop
  endfacet
  facet normal 0.651481211185 0.755388379097 0.0704318434
    outer loop
      vertex 131.139373779 6.53527784348 89.0889587402
      vertex 131.731140137 6.66667795181 88.5908432007
      vertex 131.644866943 8.7974395752 88.8639221191
    endloop
  endfacet
  facet normal 0.656589627266 0.728174865246 0.196599781513
    outer loop
      vertex 131.225875854 4.39870071411 88.4341049194
      vertex 131.731140137 6.66667795181 88.5908432007
      vertex 131.139373779 6.53527784348 89.0889587402
    endloop
  endfacet
  facet normal 0.530817210674 0.816064596176 0.228629902005
    outer loop
      vertex 130.563644409 4.21891593933 88.814491272
      vertex 131.225875854 4.39870071411 88.4341049194
      vertex 131.139373779 6.53527784348 89.0889587402
    endloop
  endfacet
  facet normal 0.530815839767 0.81606554985 0.228629663587
    outer loop
      vertex 130.563644409 4.21891593933 88.814491272
      vertex 131.139373779 6.53527784348 89.0889587402
      vertex 130.474441528 6.42191362381 89.4897079468
    endloop
  endfacet
  facet normal 0.39214232564 0.883849024773 0.255020320415
    outer loop
      vertex 129.843887329 4.07773017883 89.0930938721
      vertex 130.563644409 4.21891593933 88.814491272
      vertex 130.474441528 6.42191362381 89.4897079468
    endloop
  endfacet
  facet normal 0.392145603895 0.883847355843 0.255020916462
    outer loop
      vertex 129.843887329 4.07773017883 89.0930938721
      vertex 130.474441528 6.42191362381 89.4897079468
      vertex 129.752731323 6.32938194275 89.7832183838
    endloop
  endfacet
  facet normal 0.243983998895 0.929929077625 0.275143057108
    outer loop
      vertex 129.084365845 3.97862744331 89.2630462646
      vertex 129.843887329 4.07773017883 89.0930938721
      vertex 129.752731323 6.32938194275 89.7832183838
    endloop
  endfacet
  facet normal 0.398027777672 0.825391769409 0.400377720594
    outer loop
      vertex 129.929031372 1.97500109673 88.0320510864
      vertex 130.563644409 4.21891593933 88.814491272
      vertex 129.843887329 4.07773017883 89.0930938721
    endloop
  endfacet
  facet normal 0.398035526276 0.825387656689 0.400378465652
    outer loop
      vertex 129.929031372 1.97500109673 88.0320510864
      vertex 130.646942139 2.16162633896 87.7763748169
      vertex 130.563644409 4.21891593933 88.814491272
    endloop
  endfacet
  facet normal 0.536250472069 0.762089848518 0.362842202187
    outer loop
      vertex 130.646942139 2.16162633896 87.7763748169
      vertex 131.225875854 4.39870071411 88.4341049194
      vertex 130.563644409 4.21891593933 88.814491272
    endloop
  endfacet
  facet normal 0.53624600172 0.762093126774 0.362842023373
    outer loop
      vertex 130.646942139 2.16162633896 87.7763748169
      vertex 131.306671143 2.40344929695 87.4272918701
      vertex 131.225875854 4.39870071411 88.4341049194
    endloop
  endfacet
  facet normal 0.661440849304 0.680011868477 0.316354036331
    outer loop
      vertex 131.306671143 2.40344929695 87.4272918701
      vertex 131.814300537 4.61267662048 87.9612960815
      vertex 131.225875854 4.39870071411 88.4341049194
    endloop
  endfacet
  facet normal 0.65659147501 0.728173077106 0.196600064635
    outer loop
      vertex 131.225875854 4.39870071411 88.4341049194
      vertex 131.814300537 4.61267662048 87.9612960815
      vertex 131.731140137 6.66667795181 88.5908432007
    endloop
  endfacet
  facet normal 0.541232347488 0.686195194721 0.486007928848
    outer loop
      vertex 130.721939087 0.309220165014 86.4052276611
      vertex 131.306671143 2.40344929695 87.4272918701
      vertex 130.646942139 2.16162633896 87.7763748169
    endloop
  endfacet
  facet normal 0.403429448605 0.743189156055 0.533773899078
    outer loop
      vertex 130.005691528 0.0816904306412 86.6306152344
      vertex 130.721939087 0.309220165014 86.4052276611
      vertex 130.646942139 2.16162633896 87.7763748169
    endloop
  endfacet
  facet normal 0.403436988592 0.743185043335 0.533773958683
    outer loop
      vertex 130.005691528 0.0816904306412 86.6306152344
      vertex 130.646942139 2.16162633896 87.7763748169
      vertex 129.929031372 1.97500109673 88.0320510864
    endloop
  endfacet
  facet normal 0.255849301815 0.781936407089 0.568433403969
    outer loop
      vertex 129.248291016 -0.0700822100043 86.7681045532
      vertex 130.005691528 0.0816904306412 86.6306152344
      vertex 129.929031372 1.97500109673 88.0320510864
    endloop
  endfacet
  facet normal 0.541236341 0.686192274094 0.486007601023
    outer loop
      vertex 130.721939087 0.309220165014 86.4052276611
      vertex 131.37940979 0.606908559799 86.0974884033
      vertex 131.306671143 2.40344929695 87.4272918701
    endloop
  endfacet
  facet normal 0.502603888512 -0.726758897305 -0.468199640512
    outer loop
      vertex 130.031509399 17.36120224 65.2694473267
      vertex 130.709793091 17.1446933746 65.5990447998
      vertex 130.786834717 15.2419424057 64.4265136719
    endloop
  endfacet
  facet normal 0.631407856941 -0.648492276669 -0.425184518099
    outer loop
      vertex 130.709793091 17.1446933746 65.5990447998
      vertex 131.392227173 15.036863327 64.8815002441
      vertex 130.786834717 15.2419424057 64.4265136719
    endloop
  endfacet
  facet normal 0.636073589325 -0.706643342972 -0.309944421053
    outer loop
      vertex 130.786834717 15.2419424057 64.4265136719
      vertex 131.392227173 15.036863327 64.8815002441
      vertex 131.472946167 13.0436096191 64.0798873901
    endloop
  endfacet
  facet normal 0.63607186079 -0.706645011902 -0.30994412303
    outer loop
      vertex 130.786834717 15.2419424057 64.4265136719
      vertex 131.472946167 13.0436096191 64.0798873901
      vertex 130.870788574 13.1685581207 63.5926704407
    endloop
  endfacet
  facet normal 0.641068994999 -0.744470715523 -0.186531186104
    outer loop
      vertex 130.870788574 13.1685581207 63.5926704407
      vertex 131.472946167 13.0436096191 64.0798873901
      vertex 131.55796814 10.9436626434 63.6269454956
    endloop
  endfacet
  facet normal 0.641068577766 -0.744471132755 -0.186531051993
    outer loop
      vertex 130.870788574 13.1685581207 63.5926704407
      vertex 131.55796814 10.9436626434 63.6269454956
      vertex 130.959228516 10.9841957092 63.1215209961
    endloop
  endfacet
  facet normal 0.646251678467 -0.760877609253 -0.0585150010884
    outer loop
      vertex 130.959228516 10.9841957092 63.1215209961
      vertex 131.55796814 10.9436626434 63.6269454956
      vertex 131.644866943 8.7974395752 63.535697937
    endloop
  endfacet
  facet normal 0.646253168583 -0.760876297951 -0.058515701443
    outer loop
      vertex 130.959228516 10.9841957092 63.1215209961
      vertex 131.644866943 8.7974395752 63.535697937
      vertex 131.049621582 8.75169086456 63.0266075134
    endloop
  endfacet
  facet normal 0.651474833488 -0.75539380312 0.0704327970743
    outer loop
      vertex 131.049621582 8.75169086456 63.0266075134
      vertex 131.644866943 8.7974395752 63.535697937
      vertex 131.731140137 6.66667795181 63.8087768555
    endloop
  endfacet
  facet normal 0.651480972767 -0.755388855934 0.070428930223
    outer loop
      vertex 131.049621582 8.75169086456 63.0266075134
      vertex 131.731140137 6.66667795181 63.8087768555
      vertex 131.139373779 6.53527784348 63.3106613159
    endloop
  endfacet
  facet normal 0.656589627266 -0.728174626827 0.196600615978
    outer loop
      vertex 131.139373779 6.53527784348 63.3106613159
      vertex 131.731140137 6.66667795181 63.8087768555
      vertex 131.814300537 4.61267662048 64.4383239746
    endloop
  endfacet
  facet normal 0.656591415405 -0.72817337513 0.196599259973
    outer loop
      vertex 131.139373779 6.53527784348 63.3106613159
      vertex 131.814300537 4.61267662048 64.4383239746
      vertex 131.225875854 4.39870071411 63.9655151367
    endloop
  endfacet
  facet normal 0.659958958626 -0.653942167759 0.36988350749
    outer loop
      vertex 131.814300537 4.61267662048 64.4383239746
      vertex 131.871139526 4.45577287674 64.5844345093
      vertex 131.225875854 4.39870071411 63.9655151367
    endloop
  endfacet
  facet normal 0.673343777657 -0.6739808321 0.303904622793
    outer loop
      vertex 131.871139526 3.20918178558 65.1465301514
      vertex 131.225875854 4.39870071411 63.9655151367
      vertex 131.871139526 4.45577287674 64.5844345093
    endloop
  endfacet
  facet normal 0.661441326141 -0.680013120174 0.316350340843
    outer loop
      vertex 131.225875854 4.39870071411 63.9655151367
      vertex 131.871139526 3.20918178558 65.1465301514
      vertex 131.871139526 2.74785399437 65.3611450195
    endloop
  endfacet
  facet normal 0.661433458328 -0.680017590523 0.31635722518
    outer loop
      vertex 131.306671143 2.40344929695 64.972328186
      vertex 131.225875854 4.39870071411 63.9655151367
      vertex 131.871139526 2.74785399437 65.3611450195
    endloop
  endfacet
  facet normal 0.661433517933 -0.680017352104 0.316357582808
    outer loop
      vertex 131.306671143 2.40344929695 64.972328186
      vertex 131.871139526 2.74785399437 65.3611450195
      vertex 131.871139526 2.68416595459 65.3907775879
    endloop
  endfacet
  facet normal 0.665883541107 -0.612293422222 0.426257967949
    outer loop
      vertex 131.306671143 2.40344929695 64.972328186
      vertex 131.871139526 2.68416595459 65.3907775879
      vertex 131.871139526 1.16635429859 66.4474258423
    endloop
  endfacet
  facet normal 0.665879249573 -0.612295210361 0.426262080669
    outer loop
      vertex 131.37940979 0.606908559799 66.3021316528
      vertex 131.306671143 2.40344929695 64.972328186
      vertex 131.871139526 1.16635429859 66.4474258423
    endloop
  endfacet
  facet normal 0.665879786015 -0.612294077873 0.42626285553
    outer loop
      vertex 131.37940979 0.606908559799 66.3021316528
      vertex 131.871139526 1.16635429859 66.4474258423
      vertex 131.871139526 0.911237001419 66.6250305176
    endloop
  endfacet
  facet normal 0.669802248478 -0.526955664158 0.523146867752
    outer loop
      vertex 131.37940979 0.606908559799 66.3021316528
      vertex 131.871139526 0.911237001419 66.6250305176
      vertex 131.871139526 -0.254529118538 67.782371521
    endloop
  endfacet
  facet normal 0.669805467129 -0.526954829693 0.523143589497
    outer loop
      vertex 131.442016602 -0.93924421072 67.9166793823
      vertex 131.37940979 0.606908559799 66.3021316528
      vertex 131.871139526 -0.254529118538 67.782371521
    endloop
  endfacet
  facet normal 0.669805526733 -0.526954770088 0.523143589497
    outer loop
      vertex 131.442016602 -0.93924421072 67.9166793823
      vertex 131.871139526 -0.254529118538 67.782371521
      vertex 131.871139526 -0.628345489502 68.1534805298
    endloop
  endfacet
  facet normal 0.673089146614 -0.426454901695 0.60422450304
    outer loop
      vertex 131.442016602 -0.93924421072 67.9166793823
      vertex 131.871139526 -0.628345489502 68.1534805298
      vertex 131.871139526 -1.47337818146 69.350769043
    endloop
  endfacet
  facet normal 0.67308562994 -0.426455199718 0.604228138924
    outer loop
      vertex 131.492675781 -2.19051551819 69.7695159912
      vertex 131.442016602 -0.93924421072 67.9166793823
      vertex 131.871139526 -1.47337818146 69.350769043
    endloop
  endfacet
  facet normal 0.673086464405 -0.426454156637 0.60422796011
    outer loop
      vertex 131.492675781 -2.19051551819 69.7695159912
      vertex 131.871139526 -1.47337818146 69.350769043
      vertex 131.871139526 -1.88373804092 69.9321975708
    endloop
  endfacet
  facet normal 0.675635099411 -0.313689947128 0.667169988155
    outer loop
      vertex 131.492675781 -2.19051551819 69.7695159912
      vertex 131.871139526 -1.88373804092 69.9321975708
      vertex 131.871139526 -2.44708418846 71.1303482056
    endloop
  endfacet
  facet normal 0.675633847713 -0.313689857721 0.667171359062
    outer loop
      vertex 131.529937744 -3.11091637611 71.8073348999
      vertex 131.492675781 -2.19051551819 69.7695159912
      vertex 131.871139526 -2.44708418846 71.1303482056
    endloop
  endfacet
  facet normal 0.675634503365 -0.313689142466 0.667171001434
    outer loop
      vertex 131.529937744 -3.11091637611 71.8073348999
      vertex 131.871139526 -2.44708418846 71.1303482056
      vertex 131.871139526 -2.81261134148 71.9077682495
    endloop
  endfacet
  facet normal 0.677375197411 -0.191894650459 0.710168540478
    outer loop
      vertex 131.529937744 -3.11091637611 71.8073348999
      vertex 131.871139526 -2.81261134148 71.9077682495
      vertex 131.871139526 -3.13206291199 73.0900039673
    endloop
  endfacet
  facet normal 0.677380144596 -0.191895887256 0.710163474083
    outer loop
      vertex 131.552734375 -3.67396903038 73.9715194702
      vertex 131.529937744 -3.11091637611 71.8073348999
      vertex 131.871139526 -3.13206291199 73.0900039673
    endloop
  endfacet
  facet normal 0.677378535271 -0.191897198558 0.710164606571
    outer loop
      vertex 131.552734375 -3.67396903038 73.9715194702
      vertex 131.871139526 -3.13206291199 73.0900039673
      vertex 131.871139526 -3.38313007355 74.0191421509
    endloop
  endfacet
  facet normal 0.678261220455 -0.0645888522267 0.731976747513
    outer loop
      vertex 131.552734375 -3.67396903038 73.9715194702
      vertex 131.871139526 -3.38313007355 74.0191421509
      vertex 131.871139526 -3.48627829552 75.1881103516
    endloop
  endfacet
  facet normal 0.54562741518 -0.590556561947 0.594586968422
    outer loop
      vertex 130.721939087 0.309220165014 65.9944000244
      vertex 131.37940979 0.606908559799 66.3021316528
      vertex 131.442016602 -0.93924421072 67.9166793823
    endloop
  endfacet
  facet normal 0.770483493805 -0.581115365028 0.26203083992
    outer loop
      vertex 131.814300537 4.61267662048 64.4383239746
      vertex 131.871139526 4.64027929306 64.5012359619
      vertex 131.871139526 4.45577287674 64.5844345093
    endloop
  endfacet
  facet normal 0.766339838505 -0.622269928455 0.159697830677
    outer loop
      vertex 131.814300537 4.61267662048 64.4383239746
      vertex 131.871139526 6.23198890686 64.0927429199
      vertex 131.871139526 4.64027929306 64.5012359619
    endloop
  endfacet
  facet normal 0.766338944435 -0.622270941734 0.159698009491
    outer loop
      vertex 131.814300537 4.61267662048 64.4383239746
      vertex 131.731140137 6.66667795181 63.8087768555
      vertex 131.871139526 6.23198890686 64.0927429199
    endloop
  endfacet
  facet normal 0.766345739365 -0.622264266014 0.159691467881
    outer loop
      vertex 131.731140137 6.66667795181 63.8087768555
      vertex 131.871139526 6.70728540421 63.9707679749
      vertex 131.871139526 6.23198890686 64.0927429199
    endloop
  endfacet
  facet normal 0.761980831623 -0.645518362522 0.0518773347139
    outer loop
      vertex 131.731140137 6.66667795181 63.8087768555
      vertex 131.871139526 8.03673553467 63.8639259338
      vertex 131.871139526 6.70728540421 63.9707679749
    endloop
  endfacet
  facet normal 0.761978685856 -0.645520925522 0.051877014339
    outer loop
      vertex 131.731140137 6.66667795181 63.8087768555
      vertex 131.644866943 8.7974395752 63.535697937
      vertex 131.871139526 8.03673553467 63.8639259338
    endloop
  endfacet
  facet normal 0.761964797974 -0.645536422729 0.0518878214061
    outer loop
      vertex 131.644866943 8.7974395752 63.535697937
      vertex 131.871139526 8.81788635254 63.8011398315
      vertex 131.871139526 8.03673553467 63.8639259338
    endloop
  endfacet
  facet normal 0.757503032684 -0.650221884251 -0.0583150461316
    outer loop
      vertex 131.644866943 8.7974395752 63.535697937
      vertex 131.871139526 9.83821678162 63.8926467896
      vertex 131.871139526 8.81788635254 63.8011398315
    endloop
  endfacet
  facet normal 0.757503509521 -0.650221347809 -0.0583147667348
    outer loop
      vertex 131.644866943 8.7974395752 63.535697937
      vertex 131.55796814 10.9436626434 63.6269454956
      vertex 131.871139526 9.83821678162 63.8926467896
    endloop
  endfacet
  facet normal 0.75750297308 -0.65022200346 -0.0583144538105
    outer loop
      vertex 131.55796814 10.9436626434 63.6269454956
      vertex 131.871139526 10.9099721909 63.9887657166
      vertex 131.871139526 9.83821678162 63.8926467896
    endloop
  endfacet
  facet normal 0.753073573112 -0.636201620102 -0.167713195086
    outer loop
      vertex 131.55796814 10.9436626434 63.6269454956
      vertex 131.871139526 11.6067638397 64.172454834
      vertex 131.871139526 10.9099721909 63.9887657166
    endloop
  endfacet
  facet normal 0.753073573112 -0.636201560497 -0.167713150382
    outer loop
      vertex 131.55796814 10.9436626434 63.6269454956
      vertex 131.472946167 13.0436096191 64.0798873901
      vertex 131.871139526 11.6067638397 64.172454834
    endloop
  endfacet
  facet normal 0.753088891506 -0.636182010174 -0.167718648911
    outer loop
      vertex 131.472946167 13.0436096191 64.0798873901
      vertex 131.871139526 12.9248552322 64.5199432373
      vertex 131.871139526 11.6067638397 64.172454834
    endloop
  endfacet
  facet normal 0.748818516731 -0.603859245777 -0.273175507784
    outer loop
      vertex 131.472946167 13.0436096191 64.0798873901
      vertex 131.871139526 13.3141183853 64.6960372925
      vertex 131.871139526 12.9248552322 64.5199432373
    endloop
  endfacet
  facet normal 0.748819112778 -0.603859066963 -0.273174166679
    outer loop
      vertex 131.472946167 13.0436096191 64.0798873901
      vertex 131.392227173 15.036863327 64.8815002441
      vertex 131.871139526 13.3141183853 64.6960372925
    endloop
  endfacet
  facet normal 0.748809695244 -0.60387134552 -0.27317288518
    outer loop
      vertex 131.392227173 15.036863327 64.8815002441
      vertex 131.871139526 14.808681488 65.3721313477
      vertex 131.871139526 13.3141183853 64.6960372925
    endloop
  endfacet
  facet normal 0.744821846485 -0.554175674915 -0.371658176184
    outer loop
      vertex 131.392227173 15.036863327 64.8815002441
      vertex 131.871139526 14.9327640533 65.4553527832
      vertex 131.871139526 14.808681488 65.3721313477
    endloop
  endfacet
  facet normal 0.74482178688 -0.554175615311 -0.371658295393
    outer loop
      vertex 131.392227173 15.036863327 64.8815002441
      vertex 131.318161011 16.8660831451 66.0087203979
      vertex 131.871139526 14.9327640533 65.4553527832
    endloop
  endfacet
  facet normal 0.744813144207 -0.554186761379 -0.371659010649
    outer loop
      vertex 131.318161011 16.8660831451 66.0087203979
      vertex 131.871139526 15.8040323257 66.0396575928
      vertex 131.871139526 14.9327640533 65.4553527832
    endloop
  endfacet
  facet normal 0.751582324505 -0.542311429977 -0.375529438257
    outer loop
      vertex 131.871139526 15.8040323257 66.0396575928
      vertex 131.318161011 16.8660831451 66.0087203979
      vertex 131.871139526 16.4108276367 66.4598388672
    endloop
  endfacet
  facet normal 0.631412088871 -0.648488163948 -0.425184488297
    outer loop
      vertex 130.709793091 17.1446933746 65.5990447998
      vertex 131.318161011 16.8660831451 66.0087203979
      vertex 131.392227173 15.036863327 64.8815002441
    endloop
  endfacet
  facet normal 0.791313290596 -0.430620372295 -0.434038460255
    outer loop
      vertex 99.2088623047 29.0235042572 62.518081665
      vertex 96.5606079102 31.8507766724 60.501335144
      vertex 96.7254333496 32.5445098877 61.5034599304
    endloop
  endfacet
  facet normal 0.04398085922 0.522696375847 -0.851383686066
    outer loop
      vertex 128.400100708 20.8781452179 84.0833816528
      vertex 127.591049194 21.5262413025 83.0958175659
      vertex 127.616516113 20.8974609375 84.1178512573
    endloop
  endfacet
  facet normal -0.0344254598022 0.524310350418 -0.850831091404
    outer loop
      vertex 123.245819092 21.3489952087 83.0981445312
      vertex 127.616516113 20.8974609375 84.1178512573
      vertex 127.591049194 21.5262413025 83.0958175659
    endloop
  endfacet
  facet normal -0.0358057804406 0.466287702322 -0.883908212185
    outer loop
      vertex 123.245819092 21.3489952087 83.0981445312
      vertex 127.591049194 21.5262413025 83.0958175659
      vertex 123.429336548 21.6803035736 82.4841995239
    endloop
  endfacet
  facet normal 0.0387779548764 0.483497053385 -0.874486625195
    outer loop
      vertex 118.852996826 21.6566104889 82.8940887451
      vertex 123.245819092 21.3489952087 83.0981445312
      vertex 123.429336548 21.6803035736 82.4841995239
    endloop
  endfacet
  facet normal 0.0365072675049 0.458910882473 -0.887731969357
    outer loop
      vertex 118.852996826 21.6566104889 82.8940887451
      vertex 123.429336548 21.6803035736 82.4841995239
      vertex 119.024291992 21.9632282257 82.2873306274
    endloop
  endfacet
  facet normal 0.180611848831 0.483745485544 -0.856370031834
    outer loop
      vertex 119.024291992 21.9632282257 82.2873306274
      vertex 114.691223145 22.8225040436 82.3839645386
      vertex 118.852996826 21.6566104889 82.8940887451
    endloop
  endfacet
  facet normal 0.1861974895 0.462329506874 -0.866938233376
    outer loop
      vertex 118.852996826 21.6566104889 82.8940887451
      vertex 114.691223145 22.8225040436 82.3839645386
      vertex 114.532165527 22.5225696564 83.0104446411
    endloop
  endfacet
  facet normal 0.180603206158 0.527236819267 -0.830303430557
    outer loop
      vertex 118.852996826 21.6566104889 82.8940887451
      vertex 114.532165527 22.5225696564 83.0104446411
      vertex 118.665252686 21.3185596466 83.4907684326
    endloop
  endfacet
  facet normal 0.0372374840081 0.501440048218 -0.864390671253
    outer loop
      vertex 118.665252686 21.3185596466 83.4907684326
      vertex 123.245819092 21.3489952087 83.0981445312
      vertex 118.852996826 21.6566104889 82.8940887451
    endloop
  endfacet
  facet normal 0.0395604632795 0.527328073978 -0.848740279675
    outer loop
      vertex 118.665252686 21.3185596466 83.4907684326
      vertex 123.045181274 20.9848823547 83.6992416382
      vertex 123.245819092 21.3489952087 83.0981445312
    endloop
  endfacet
  facet normal -0.0303087309003 0.510448098183 -0.859374284744
    outer loop
      vertex 123.045181274 20.9848823547 83.6992416382
      vertex 127.616516113 20.8974609375 84.1178512573
      vertex 123.245819092 21.3489952087 83.0981445312
    endloop
  endfacet
  facet normal -0.0390936471522 0.594620287418 -0.803055644035
    outer loop
      vertex 123.045181274 20.9848823547 83.6992416382
      vertex 127.645385742 20.184343338 85.0828399658
      vertex 127.616516113 20.8974609375 84.1178512573
    endloop
  endfacet
  facet normal -0.0214995760471 0.553284049034 -0.832715153694
    outer loop
      vertex 122.841888428 20.614572525 84.2486724854
      vertex 127.645385742 20.184343338 85.0828399658
      vertex 123.045181274 20.9848823547 83.6992416382
    endloop
  endfacet
  facet normal 0.0402230620384 0.568634748459 -0.821606099606
    outer loop
      vertex 118.474533081 20.9737663269 84.0386123657
      vertex 122.841888428 20.614572525 84.2486724854
      vertex 123.045181274 20.9848823547 83.6992416382
    endloop
  endfacet
  facet normal 0.0381830334663 0.54175132513 -0.839671075344
    outer loop
      vertex 118.474533081 20.9737663269 84.0386123657
      vertex 123.045181274 20.9848823547 83.6992416382
      vertex 118.665252686 21.3185596466 83.4907684326
    endloop
  endfacet
  facet normal 0.180790916085 0.568188428879 -0.802792966366
    outer loop
      vertex 118.665252686 21.3185596466 83.4907684326
      vertex 114.357315063 22.191110611 83.6286773682
      vertex 118.474533081 20.9737663269 84.0386123657
    endloop
  endfacet
  facet normal 0.186865821481 0.504717290401 -0.842817664146
    outer loop
      vertex 118.665252686 21.3185596466 83.4907684326
      vertex 114.532165527 22.5225696564 83.0104446411
      vertex 114.357315063 22.191110611 83.6286773682
    endloop
  endfacet
  facet normal 0.322314441204 0.516486644745 -0.793318986893
    outer loop
      vertex 114.532165527 22.5225696564 83.0104446411
      vertex 110.376617432 23.9281787872 83.4447174072
      vertex 114.357315063 22.191110611 83.6286773682
    endloop
  endfacet
  facet normal 0.3276283741 0.455019712448 -0.828019738197
    outer loop
      vertex 114.532165527 22.5225696564 83.0104446411
      vertex 110.524124146 24.2394924164 82.7719955444
      vertex 110.376617432 23.9281787872 83.4447174072
    endloop
  endfacet
  facet normal 0.45784342289 0.454092204571 -0.764316499233
    outer loop
      vertex 110.524124146 24.2394924164 82.7719955444
      vertex 106.613388062 26.1834545135 83.4430160522
      vertex 110.376617432 23.9281787872 83.4447174072
    endloop
  endfacet
  facet normal 0.462231427431 0.397485673428 -0.792683541775
    outer loop
      vertex 106.613388062 26.1834545135 83.4430160522
      vertex 110.524124146 24.2394924164 82.7719955444
      vertex 106.736541748 26.4883956909 82.6916732788
    endloop
  endfacet
  facet normal 0.458584070206 0.412561565638 -0.787079155445
    outer loop
      vertex 106.736541748 26.4883956909 82.6916732788
      vertex 110.524124146 24.2394924164 82.7719955444
      vertex 110.656814575 24.5183181763 82.0925674438
    endloop
  endfacet
  facet normal 0.462467521429 0.356145620346 -0.811963140965
    outer loop
      vertex 106.736541748 26.4883956909 82.6916732788
      vertex 110.656814575 24.5183181763 82.0925674438
      vertex 106.845825195 26.7584133148 81.9341583252
    endloop
  endfacet
  facet normal 0.459312796593 0.369944989681 -0.807571947575
    outer loop
      vertex 106.845825195 26.7584133148 81.9341583252
      vertex 110.656814575 24.5183181763 82.0925674438
      vertex 110.77494812 24.7651729584 81.4070205688
    endloop
  endfacet
  facet normal 0.462704986334 0.313881278038 -0.829085409641
    outer loop
      vertex 106.845825195 26.7584133148 81.9341583252
      vertex 110.77494812 24.7651729584 81.4070205688
      vertex 106.941436768 26.9939556122 81.1710510254
    endloop
  endfacet
  facet normal 0.585977435112 0.305127292871 -0.750684857368
    outer loop
      vertex 103.350814819 29.5343227386 81.8167114258
      vertex 106.845825195 26.7584133148 81.9341583252
      vertex 106.941436768 26.9939556122 81.1710510254
    endloop
  endfacet
  facet normal 0.588617682457 0.254785597324 -0.76721149683
    outer loop
      vertex 103.350814819 29.5343227386 81.8167114258
      vertex 106.941436768 26.9939556122 81.1710510254
      vertex 103.427139282 29.7640361786 80.948677063
    endloop
  endfacet
  facet normal 0.700076401234 0.239569172263 -0.672680914402
    outer loop
      vertex 100.258163452 32.8139953613 81.6452331543
      vertex 103.350814819 29.5343227386 81.8167114258
      vertex 103.427139282 29.7640361786 80.948677063
    endloop
  endfacet
  facet normal 0.586863517761 0.263322174549 -0.765671372414
    outer loop
      vertex 103.427139282 29.7640361786 80.948677063
      vertex 106.941436768 26.9939556122 81.1710510254
      vertex 107.023452759 27.1953334808 80.4027175903
    endloop
  endfacet
  facet normal 0.462947815657 0.270640194416 -0.844057559967
    outer loop
      vertex 106.941436768 26.9939556122 81.1710510254
      vertex 110.878616333 24.9804534912 80.7158508301
      vertex 107.023452759 27.1953334808 80.4027175903
    endloop
  endfacet
  facet normal 0.460727185011 0.281478285789 -0.841724693775
    outer loop
      vertex 107.023452759 27.1953334808 80.4027175903
      vertex 110.878616333 24.9804534912 80.7158508301
      vertex 110.967880249 25.1644897461 80.0194015503
    endloop
  endfacet
  facet normal 0.463109642267 0.228344798088 -0.856380820274
    outer loop
      vertex 107.023452759 27.1953334808 80.4027175903
      vertex 110.967880249 25.1644897461 80.0194015503
      vertex 107.086853027 27.3503627777 79.6927108765
    endloop
  endfacet
  facet normal 0.461429059505 0.237573057413 -0.854776144028
    outer loop
      vertex 107.086853027 27.3503627777 79.6927108765
      vertex 110.967880249 25.1644897461 80.0194015503
      vertex 111.037094116 25.3061447144 79.3753051758
    endloop
  endfacet
  facet normal 0.463346064091 0.185141354799 -0.866621673107
    outer loop
      vertex 107.086853027 27.3503627777 79.6927108765
      vertex 111.037094116 25.3061447144 79.3753051758
      vertex 107.143005371 27.4870529175 78.912361145
    endloop
  endfacet
  facet normal 0.327014297247 0.236370056868 -0.914981365204
    outer loop
      vertex 110.967880249 25.1644897461 80.0194015503
      vertex 115.17350769 23.7162284851 79.8071594238
      vertex 111.037094116 25.3061447144 79.3753051758
    endloop
  endfacet
  facet normal 0.324972242117 0.247631698847 -0.912727534771
    outer loop
      vertex 111.037094116 25.3061447144 79.3753051758
      vertex 115.17350769 23.7162284851 79.8071594238
      vertex 115.249435425 23.8535861969 79.2012405396
    endloop
  endfacet
  facet normal 0.183728724718 0.239161461592 -0.953438818455
    outer loop
      vertex 115.17350769 23.7162284851 79.8071594238
      vertex 119.547668457 22.8824768066 79.7706680298
      vertex 115.249435425 23.8535861969 79.2012405396
    endloop
  endfacet
  facet normal 0.181083962321 0.298888921738 -0.936949312687
    outer loop
      vertex 115.17350769 23.7162284851 79.8071594238
      vertex 119.441177368 22.6983394623 80.4124145508
      vertex 119.547668457 22.8824768066 79.7706680298
    endloop
  endfacet
  facet normal 0.0344812609255 0.280921161175 -0.959111213684
    outer loop
      vertex 119.441177368 22.6983394623 80.4124145508
      vertex 123.993988037 22.6816005707 79.910736084
      vertex 119.547668457 22.8824768066 79.7706680298
    endloop
  endfacet
  facet normal 0.0357894413173 0.251127004623 -0.967292249203
    outer loop
      vertex 119.547668457 22.8824768066 79.7706680298
      vertex 123.993988037 22.6816005707 79.910736084
      vertex 124.084411621 22.8380622864 79.2951889038
    endloop
  endfacet
  facet normal -0.0224619209766 0.243186935782 -0.969719350338
    outer loop
      vertex 127.551086426 22.5132961273 80.91040802
      vertex 124.084411621 22.8380622864 79.2951889038
      vertex 123.993988037 22.6816005707 79.910736084
    endloop
  endfacet
  facet normal -0.0352083556354 0.286474883556 -0.9574406147
    outer loop
      vertex 123.993988037 22.6816005707 79.910736084
      vertex 123.878509521 22.479845047 80.5708389282
      vertex 127.551086426 22.5132961273 80.91040802
    endloop
  endfacet
  facet normal -0.0383149683475 0.321177184582 -0.946243703365
    outer loop
      vertex 127.551086426 22.5132961273 80.91040802
      vertex 123.878509521 22.479845047 80.5708389282
      vertex 123.811401367 22.3617248535 80.9108352661
    endloop
  endfacet
  facet normal -0.0375343486667 0.372857391834 -0.927129209042
    outer loop
      vertex 127.551086426 22.5132961273 80.91040802
      vertex 123.811401367 22.3617248535 80.9108352661
      vertex 127.56918335 22.0661449432 82.0240936279
    endloop
  endfacet
  facet normal -0.028726099059 0.345960944891 -0.937809050083
    outer loop
      vertex 127.56918335 22.0661449432 82.0240936279
      vertex 123.811401367 22.3617248535 80.9108352661
      vertex 123.745742798 22.2456417084 81.2200546265
    endloop
  endfacet
  facet normal -0.0528124347329 0.450137138367 -0.891396343708
    outer loop
      vertex 127.56918335 22.0661449432 82.0240936279
      vertex 123.745742798 22.2456417084 81.2200546265
      vertex 127.591049194 21.5262413025 83.0958175659
    endloop
  endfacet
  facet normal -0.0138450702652 0.382674008608 -0.923779666424
    outer loop
      vertex 127.591049194 21.5262413025 83.0958175659
      vertex 123.745742798 22.2456417084 81.2200546265
      vertex 123.595962524 21.9791316986 81.8579940796
    endloop
  endfacet
  facet normal -0.0288420021534 0.424238920212 -0.905090868473
    outer loop
      vertex 127.591049194 21.5262413025 83.0958175659
      vertex 123.595962524 21.9791316986 81.8579940796
      vertex 123.429336548 21.6803035736 82.4841995239
    endloop
  endfacet
  facet normal 0.038066521287 0.438599824905 -0.897875905037
    outer loop
      vertex 119.024291992 21.9632282257 82.2873306274
      vertex 123.429336548 21.6803035736 82.4841995239
      vertex 123.595962524 21.9791316986 81.8579940796
    endloop
  endfacet
  facet normal 0.0358647815883 0.415562033653 -0.90885746479
    outer loop
      vertex 119.024291992 21.9632282257 82.2873306274
      vertex 123.595962524 21.9791316986 81.8579940796
      vertex 119.179367065 22.2388591766 81.6711273193
    endloop
  endfacet
  facet normal 0.18066726625 0.439127534628 -0.880071759224
    outer loop
      vertex 114.834762573 23.0914478302 81.7498931885
      vertex 119.024291992 21.9632282257 82.2873306274
      vertex 119.179367065 22.2388591766 81.6711273193
    endloop
  endfacet
  facet normal 0.185068309307 0.374815255404 -0.908439993858
    outer loop
      vertex 114.834762573 23.0914478302 81.7498931885
      vertex 119.179367065 22.2388591766 81.6711273193
      vertex 114.962982178 23.3298397064 81.108795166
    endloop
  endfacet
  facet normal 0.323565751314 0.385956048965 -0.863911509514
    outer loop
      vertex 110.77494812 24.7651729584 81.4070205688
      vertex 114.834762573 23.0914478302 81.7498931885
      vertex 114.962982178 23.3298397064 81.108795166
    endloop
  endfacet
  facet normal 0.32721927762 0.325401633978 -0.887153506279
    outer loop
      vertex 110.77494812 24.7651729584 81.4070205688
      vertex 114.962982178 23.3298397064 81.108795166
      vertex 110.878616333 24.9804534912 80.7158508301
    endloop
  endfacet
  facet normal 0.460037350655 0.326213628054 -0.82580280304
    outer loop
      vertex 106.941436768 26.9939556122 81.1710510254
      vertex 110.77494812 24.7651729584 81.4070205688
      vertex 110.878616333 24.9804534912 80.7158508301
    endloop
  endfacet
  facet normal 0.324012607336 0.340242683887 -0.882751822472
    outer loop
      vertex 110.878616333 24.9804534912 80.7158508301
      vertex 114.962982178 23.3298397064 81.108795166
      vertex 115.075927734 23.5380249023 80.4611053467
    endloop
  endfacet
  facet normal 0.327138841152 0.280394524336 -0.902418494225
    outer loop
      vertex 110.878616333 24.9804534912 80.7158508301
      vertex 115.075927734 23.5380249023 80.4611053467
      vertex 110.967880249 25.1644897461 80.0194015503
    endloop
  endfacet
  facet normal 0.324468672276 0.293460100889 -0.899222552776
    outer loop
      vertex 110.967880249 25.1644897461 80.0194015503
      vertex 115.075927734 23.5380249023 80.4611053467
      vertex 115.17350769 23.7162284851 79.8071594238
    endloop
  endfacet
  facet normal 0.18417391181 0.283909022808 -0.940997123718
    outer loop
      vertex 115.075927734 23.5380249023 80.4611053467
      vertex 119.441177368 22.6983394623 80.4124145508
      vertex 115.17350769 23.7162284851 79.8071594238
    endloop
  endfacet
  facet normal 0.180907294154 0.34667173028 -0.920375585556
    outer loop
      vertex 115.075927734 23.5380249023 80.4611053467
      vertex 119.318344116 22.4838275909 81.0460205078
      vertex 119.441177368 22.6983394623 80.4124145508
    endloop
  endfacet
  facet normal 0.0354948826134 0.326642394066 -0.944481253624
    outer loop
      vertex 119.318344116 22.4838275909 81.0460205078
      vertex 123.811401367 22.3617248535 80.9108352661
      vertex 119.441177368 22.6983394623 80.4124145508
    endloop
  endfacet
  facet normal 0.0344544202089 0.334041267633 -0.941928505898
    outer loop
      vertex 123.811401367 22.3617248535 80.9108352661
      vertex 123.878509521 22.479845047 80.5708389282
      vertex 119.441177368 22.6983394623 80.4124145508
    endloop
  endfacet
  facet normal 0.0363340303302 0.297909140587 -0.953902482986
    outer loop
      vertex 119.441177368 22.6983394623 80.4124145508
      vertex 123.878509521 22.479845047 80.5708389282
      vertex 123.993988037 22.6816005707 79.910736084
    endloop
  endfacet
  facet normal 0.0361258387566 0.357943207026 -0.93304425478
    outer loop
      vertex 119.318344116 22.4838275909 81.0460205078
      vertex 123.745742798 22.2456417084 81.2200546265
      vertex 123.811401367 22.3617248535 80.9108352661
    endloop
  endfacet
  facet normal 0.0353127010167 0.371434599161 -0.927787363529
    outer loop
      vertex 119.179367065 22.2388591766 81.6711273193
      vertex 123.745742798 22.2456417084 81.2200546265
      vertex 119.318344116 22.4838275909 81.0460205078
    endloop
  endfacet
  facet normal 0.180765390396 0.393433392048 -0.901406705379
    outer loop
      vertex 114.962982178 23.3298397064 81.108795166
      vertex 119.179367065 22.2388591766 81.6711273193
      vertex 119.318344116 22.4838275909 81.0460205078
    endloop
  endfacet
  facet normal 0.184593111277 0.329778701067 -0.925835490227
    outer loop
      vertex 114.962982178 23.3298397064 81.108795166
      vertex 119.318344116 22.4838275909 81.0460205078
      vertex 115.075927734 23.5380249023 80.4611053467
    endloop
  endfacet
  facet normal 0.0374243855476 0.392678499222 -0.918914020061
    outer loop
      vertex 119.179367065 22.2388591766 81.6711273193
      vertex 123.595962524 21.9791316986 81.8579940796
      vertex 123.745742798 22.2456417084 81.2200546265
    endloop
  endfacet
  facet normal 0.327317476273 0.369553089142 -0.869651556015
    outer loop
      vertex 110.656814575 24.5183181763 82.0925674438
      vertex 114.834762573 23.0914478302 81.7498931885
      vertex 110.77494812 24.7651729584 81.4070205688
    endloop
  endfacet
  facet normal 0.323126494884 0.430593937635 -0.842720687389
    outer loop
      vertex 110.656814575 24.5183181763 82.0925674438
      vertex 114.691223145 22.8225040436 82.3839645386
      vertex 114.834762573 23.0914478302 81.7498931885
    endloop
  endfacet
  facet normal 0.185601174831 0.419009536505 -0.888809978962
    outer loop
      vertex 114.691223145 22.8225040436 82.3839645386
      vertex 119.024291992 21.9632282257 82.2873306274
      vertex 114.834762573 23.0914478302 81.7498931885
    endloop
  endfacet
  facet normal 0.327452719212 0.412752479315 -0.849947094917
    outer loop
      vertex 110.524124146 24.2394924164 82.7719955444
      vertex 114.691223145 22.8225040436 82.3839645386
      vertex 110.656814575 24.5183181763 82.0925674438
    endloop
  endfacet
  facet normal 0.322707355022 0.474125683308 -0.819185435772
    outer loop
      vertex 114.691223145 22.8225040436 82.3839645386
      vertex 110.524124146 24.2394924164 82.7719955444
      vertex 114.532165527 22.5225696564 83.0104446411
    endloop
  endfacet
  facet normal -0.0301700383425 0.589903175831 -0.806910157204
    outer loop
      vertex 122.841888428 20.614572525 84.2486724854
      vertex 122.613098145 20.1970310211 84.8081130981
      vertex 127.645385742 20.184343338 85.0828399658
    endloop
  endfacet
  facet normal 0.0557388737798 0.825960576534 -0.560965538025
    outer loop
      vertex 128.533309937 17.588224411 87.5188369751
      vertex 127.750305176 17.5931549072 87.5683288574
      vertex 127.790527344 16.5995578766 88.2404327393
    endloop
  endfacet
  facet normal -0.0269931443036 0.828501820564 -0.55933535099
    outer loop
      vertex 121.23664856 17.7079944611 87.2785797119
      vertex 127.790527344 16.5995578766 88.2404327393
      vertex 127.750305176 17.5931549072 87.5683288574
    endloop
  endfacet
  facet normal -0.022928642109 0.768756628036 -0.639130234718
    outer loop
      vertex 121.23664856 17.7079944611 87.2785797119
      vertex 127.750305176 17.5931549072 87.5683288574
      vertex 121.54524231 18.2589797974 86.8297042847
    endloop
  endfacet
  facet normal 0.0464890748262 0.787040948868 -0.615146577358
    outer loop
      vertex 116.961349487 18.2443027496 87.1119384766
      vertex 121.23664856 17.7079944611 87.2785797119
      vertex 121.54524231 18.2589797974 86.8297042847
    endloop
  endfacet
  facet normal 0.044212475419 0.720775961876 -0.691756665707
    outer loop
      vertex 117.527206421 19.2578620911 86.1665267944
      vertex 121.836273193 18.7833538055 86.3576126099
      vertex 122.11076355 19.2812042236 85.8629684448
    endloop
  endfacet
  facet normal 0.792679667473 0.360047340393 -0.491960227489
    outer loop
      vertex 99.7694854736 31.0252895355 86.5282821655
      vertex 97.108291626 34.1806945801 88.0756835938
      vertex 96.9744567871 33.6046295166 89.1574554443
    endloop
  endfacet
  facet normal 0.548490822315 0.82600992918 0.129867061973
    outer loop
      vertex 100.146026611 11.9243202209 94.4987792969
      vertex 97.3847198486 13.6708164215 96.6069412231
      vertex 96.9807434082 12.6816997528 96.7196807861
    endloop
  endfacet
  facet normal 0.198673546314 0.93664008379 0.288503438234
    outer loop
      vertex 107.770172119 5.10137319565 90.2228240967
      vertex 104.786422729 6.54062891006 91.2990341187
      vertex 104.265045166 5.68714523315 91.146736145
    endloop
  endfacet
  facet normal 0.295883744955 0.892651677132 0.34003791213
    outer loop
      vertex 104.786422729 6.54062891006 91.2990341187
      vertex 101.359588623 7.07518196106 92.6385421753
      vertex 104.265045166 5.68714523315 91.146736145
    endloop
  endfacet
  facet normal 0.312651634216 0.897723257542 0.310389846563
    outer loop
      vertex 104.265045166 5.68714523315 91.146736145
      vertex 101.359588623 7.07518196106 92.6385421753
      vertex 100.871139526 6.12186288834 92.4790420532
    endloop
  endfacet
  facet normal 0.408832222223 0.842637956142 0.350453227758
    outer loop
      vertex 101.359588623 7.07518196106 92.6385421753
      vertex 98.0996398926 7.46644639969 94.3829345703
      vertex 100.871139526 6.12186288834 92.4790420532
    endloop
  endfacet
  facet normal 0.424635976553 0.858232855797 0.288306444883
    outer loop
      vertex 101.359588623 7.07518196106 92.6385421753
      vertex 98.5657043457 8.52202129364 94.5069351196
      vertex 98.0996398926 7.46644639969 94.3829345703
    endloop
  endfacet
  facet normal 0.518392086029 0.792224109173 0.32194814086
    outer loop
      vertex 98.5657043457 8.52202129364 94.5069351196
      vertex 95.4986877441 8.88824462891 96.6626663208
      vertex 98.0996398926 7.46644639969 94.3829345703
    endloop
  endfacet
  facet normal 0.528694152832 0.79261213541 0.303724318743
    outer loop
      vertex 98.0996398926 7.46644639969 94.3829345703
      vertex 95.4986877441 8.88824462891 96.6626663208
      vertex 95.056640625 7.70840406418 96.5054168701
    endloop
  endfacet
  facet normal 0.617644608021 0.715364158154 0.326755553484
    outer loop
      vertex 95.056640625 7.70840406418 96.5054168701
      vertex 95.4986877441 8.88824462891 96.6626663208
      vertex 94.6793136597 7.93369626999 96.9341049194
    endloop
  endfacet
  facet normal 0.624782562256 0.714907824993 0.313932299614
    outer loop
      vertex 95.056640625 7.70840406418 96.5054168701
      vertex 94.6793136597 7.93369626999 96.9341049194
      vertex 94.6793136597 7.72047805786 96.8404769897
    endloop
  endfacet
  facet normal 0.617644309998 0.715364634991 0.326755166054
    outer loop
      vertex 94.6793136597 8.95415115356 97.4002151489
      vertex 94.6793136597 7.93369626999 96.9341049194
      vertex 95.4986877441 8.88824462891 96.6626663208
    endloop
  endfacet
  facet normal 0.629159390926 0.724187493324 0.282331258059
    outer loop
      vertex 95.4986877441 8.88824462891 96.6626663208
      vertex 94.6793136597 9.41355133057 97.5793151855
      vertex 94.6793136597 8.95415115356 97.4002151489
    endloop
  endfacet
  facet normal 0.621852636337 0.725226938725 0.295542150736
    outer loop
      vertex 95.4986877441 8.88824462891 96.6626663208
      vertex 95.9413604736 10.0476722717 96.7555770874
      vertex 94.6793136597 9.41355133057 97.5793151855
    endloop
  endfacet
  facet normal 0.621852517128 0.725227415562 0.295541346073
    outer loop
      vertex 94.6793136597 10.2088937759 97.9034347534
      vertex 94.6793136597 9.41355133057 97.5793151855
      vertex 95.9413604736 10.0476722717 96.7555770874
    endloop
  endfacet
  facet normal 0.630299329758 0.730085074902 0.264004766941
    outer loop
      vertex 95.9413604736 10.0476722717 96.7555770874
      vertex 96.3779449463 11.1692619324 96.7842407227
      vertex 94.6793136597 10.2088937759 97.9034347534
    endloop
  endfacet
  facet normal 0.627411901951 0.737297773361 0.250492095947
    outer loop
      vertex 94.6793136597 10.8973798752 98.1373443604
      vertex 94.6793136597 10.2088937759 97.9034347534
      vertex 96.3779449463 11.1692619324 96.7842407227
    endloop
  endfacet
  facet normal 0.536742389202 0.811884105206 0.229677692056
    outer loop
      vertex 99.0345611572 9.56004238129 94.5726928711
      vertex 96.3779449463 11.1692619324 96.7842407227
      vertex 95.9413604736 10.0476722717 96.7555770874
    endloop
  endfacet
  facet normal 0.521827638149 0.803465247154 0.286599904299
    outer loop
      vertex 99.0345611572 9.56004238129 94.5726928711
      vertex 95.9413604736 10.0476722717 96.7555770874
      vertex 98.5657043457 8.52202129364 94.5069351196
    endloop
  endfacet
  facet normal 0.4275354743 0.869264662266 0.248178109527
    outer loop
      vertex 101.856811523 8.02012729645 92.7449569702
      vertex 99.0345611572 9.56004238129 94.5726928711
      vertex 98.5657043457 8.52202129364 94.5069351196
    endloop
  endfacet
  facet normal 0.410836905241 0.856432616711 0.312627971172
    outer loop
      vertex 101.856811523 8.02012729645 92.7449569702
      vertex 98.5657043457 8.52202129364 94.5069351196
      vertex 101.359588623 7.07518196106 92.6385421753
    endloop
  endfacet
  facet normal 0.314216375351 0.910766005516 0.267905473709
    outer loop
      vertex 104.786422729 6.54062891006 91.2990341187
      vertex 101.856811523 8.02012729645 92.7449569702
      vertex 101.359588623 7.07518196106 92.6385421753
    endloop
  endfacet
  facet normal 0.53246563673 0.803022325039 0.267648071051
    outer loop
      vertex 98.5657043457 8.52202129364 94.5069351196
      vertex 95.9413604736 10.0476722717 96.7555770874
      vertex 95.4986877441 8.88824462891 96.6626663208
    endloop
  endfacet
  facet normal 0.103666774929 -0.775642156601 0.622601389885
    outer loop
      vertex 129.248291016 -0.0700822100043 65.6315155029
      vertex 128.468414307 -0.142365470529 65.5853042603
      vertex 128.430633545 0.790700256824 64.8312911987
    endloop
  endfacet
  facet normal 0.0257490444928 -0.778036594391 0.627691030502
    outer loop
      vertex 108.03112793 -0.188052356243 64.9457931519
      vertex 128.430633545 0.790700256824 64.8312911987
      vertex 128.468414307 -0.142365470529 65.5853042603
    endloop
  endfacet
  facet normal 0.0896849557757 0.560330986977 0.823398947716
    outer loop
      vertex 103.198669434 -3.3538351059 84.7330245972
      vertex 106.585830688 -3.40319752693 84.118347168
      vertex 106.653274536 -3.18954229355 84.4215164185
    endloop
  endfacet
  facet normal 0.0332197248936 0.570793271065 0.820421516895
    outer loop
      vertex 106.585830688 -3.40319752693 84.118347168
      vertex 128.564422607 -2.51360607147 84.1178512573
      vertex 106.653274536 -3.18954229355 84.4215164185
    endloop
  endfacet
  facet normal 0.0366606749594 -0.450205892324 0.892171859741
    outer loop
      vertex 106.362075806 -4.25509881973 69.6988372803
      vertex 128.589889526 -3.14238739014 69.3038101196
      vertex 128.611740112 -3.68229675293 70.3755264282
    endloop
  endfacet
  facet normal 0.0507427565753 -0.998571515083 -0.0167364161462
    outer loop
      vertex 112.120819092 10.7957906723 61.9219360352
      vertex 116.037002563 9.83158683777 62.1047782898
      vertex 115.582229614 9.2851228714 62.0725097656
    endloop
  endfacet
  facet normal -0.0125289773569 -0.942877411842 -0.332904160023
    outer loop
      vertex 118.943893433 13.8614501953 62.9869041443
      vertex 127.877166748 14.4597988129 63.079460144
      vertex 127.922958374 13.3290519714 62.6796150208
    endloop
  endfacet
  facet normal 0.044399112463 -0.918769001961 -0.392291009426
    outer loop
      vertex 115.57258606 15.8490896225 63.6338996887
      vertex 119.761383057 15.1766271591 63.5491981506
      vertex 119.360656738 14.5237808228 63.251083374
    endloop
  endfacet
  facet normal 0.036806859076 0.415093451738 0.909033954144
    outer loop
      vertex 106.303192139 -4.54450082779 82.1140365601
      vertex 106.295532227 -4.58585071564 82.0241622925
      vertex 128.611740112 -3.68229675293 82.0240936279
    endloop
  endfacet
  facet normal 0.0951585546136 0.409365266562 0.907394587994
    outer loop
      vertex 102.802307129 -4.82841300964 82.2985153198
      vertex 106.295532227 -4.58585071564 82.0241622925
      vertex 106.303192139 -4.54450082779 82.1140365601
    endloop
  endfacet
  facet normal 0.117752894759 0.210033923388 0.970577120781
    outer loop
      vertex 129.433380127 -4.64100790024 78.5790786743
      vertex 128.644073486 -4.48061275482 79.7627868652
      vertex 128.654296875 -4.73327589035 78.5894851685
    endloop
  endfacet
  facet normal 0.0395489968359 0.210682585835 0.976754188538
    outer loop
      vertex 128.644073486 -4.48061275482 79.7627868652
      vertex 106.185562134 -5.38995599747 79.7628173828
      vertex 128.654296875 -4.73327589035 78.5894851685
    endloop
  endfacet
  facet normal 0.0409862995148 0.24236792326 0.969318270683
    outer loop
      vertex 128.654296875 -4.73327589035 78.5894851685
      vertex 106.185562134 -5.38995599747 79.7628173828
      vertex 106.179946899 -5.4577627182 79.4925842285
    endloop
  endfacet
  facet normal 0.038995012641 0.266411423683 0.963070273399
    outer loop
      vertex 128.644073486 -4.48061275482 79.7627868652
      vertex 106.196273804 -5.27690219879 80.1699371338
      vertex 106.185562134 -5.38995599747 79.7628173828
    endloop
  endfacet
endsolid "colo-peri"
