solid "colo-base"
  facet normal 0.999181091785 -1.01364239526e-05 -0.0404622480273
    outer loop
      vertex 133.28074646 4.59377193451 72.3205566406
      vertex 133.374069214 2.28878235817 70.4578781128
      vertex 133.251419067 5.31788635254 71.564414978
    endloop
  endfacet
  facet normal 0.993777453899 0.0544847846031 -0.0971485376358
    outer loop
      vertex 133.251419067 5.31788635254 71.564414978
      vertex 133.229064941 4.95711612701 72.6153793335
      vertex 133.28074646 4.59377193451 72.3205566406
    endloop
  endfacet
  facet normal 0.993438005447 0.0440970435739 -0.105529010296
    outer loop
      vertex 133.28074646 4.59377193451 72.3205566406
      vertex 133.229064941 4.95711612701 72.6153793335
      vertex 133.250991821 4.41564035416 73.417175293
    endloop
  endfacet
  facet normal 0.99343919754 0.0440954007208 -0.105518698692
    outer loop
      vertex 133.28074646 4.59377193451 72.3205566406
      vertex 133.250991821 4.41564035416 73.417175293
      vertex 133.304473877 4.0077624321 73.188293457
    endloop
  endfacet
  facet normal 0.999181330204 -1.04067140683e-07 -0.0404564999044
    outer loop
      vertex 133.304473877 4.0077624321 73.188293457
      vertex 133.409194946 1.42139279842 71.7422790527
      vertex 133.28074646 4.59377193451 72.3205566406
    endloop
  endfacet
  facet normal 0.999181270599 -3.85986095353e-06 -0.0404571853578
    outer loop
      vertex 133.28074646 4.59377193451 72.3205566406
      vertex 133.409194946 1.42139279842 71.7422790527
      vertex 133.374069214 2.28878235817 70.4578781128
    endloop
  endfacet
  facet normal 0.998718380928 -0.0440928451717 0.0248470436782
    outer loop
      vertex 133.337188721 1.67823803425 69.966506958
      vertex 133.374069214 2.28878235817 70.4578781128
      vertex 133.409194946 1.42139279842 71.7422790527
    endloop
  endfacet
  facet normal 0.998717904091 -0.0440952479839 0.024863794446
    outer loop
      vertex 133.337188721 1.67823803425 69.966506958
      vertex 133.409194946 1.42139279842 71.7422790527
      vertex 133.375305176 0.736611843109 71.3608169556
    endloop
  endfacet
  facet normal 0.979233980179 -0.131166815758 0.154583483934
    outer loop
      vertex 133.178192139 1.07773971558 69.4872283936
      vertex 133.337188721 1.67823803425 69.966506958
      vertex 133.375305176 0.736611843109 71.3608169556
    endloop
  endfacet
  facet normal 0.979236006737 -0.131164997816 0.154572322965
    outer loop
      vertex 133.178192139 1.07773971558 69.4872283936
      vertex 133.375305176 0.736611843109 71.3608169556
      vertex 133.21925354 0.0637165382504 70.9887542725
    endloop
  endfacet
  facet normal 0.93549901247 -0.214957132936 0.28041946888
    outer loop
      vertex 132.901000977 0.502078950405 69.0318527222
      vertex 133.178192139 1.07773971558 69.4872283936
      vertex 133.21925354 0.0637165382504 70.9887542725
    endloop
  endfacet
  facet normal 0.935495913029 -0.214958667755 0.28042858839
    outer loop
      vertex 132.901000977 0.502078950405 69.0318527222
      vertex 133.21925354 0.0637165382504 70.9887542725
      vertex 132.944839478 -0.580733060837 70.6352310181
    endloop
  endfacet
  facet normal 0.868664085865 -0.293348819017 0.399210721254
    outer loop
      vertex 132.512451172 -0.0345686487854 68.6115875244
      vertex 132.901000977 0.502078950405 69.0318527222
      vertex 132.944839478 -0.580733060837 70.6352310181
    endloop
  endfacet
  facet normal 0.868658959866 -0.293350428343 0.399220734835
    outer loop
      vertex 132.512451172 -0.0345686487854 68.6115875244
      vertex 132.944839478 -0.580733060837 70.6352310181
      vertex 132.558853149 -1.18086564541 70.3089828491
    endloop
  endfacet
  facet normal 0.780436515808 -0.364430457354 0.508044600487
    outer loop
      vertex 132.022094727 -0.518979787827 68.2367858887
      vertex 132.512451172 -0.0345686487854 68.6115875244
      vertex 132.558853149 -1.18086564541 70.3089828491
    endloop
  endfacet
  facet normal 0.780445158482 -0.364428848028 0.508032500744
    outer loop
      vertex 132.022094727 -0.518979787827 68.2367858887
      vertex 132.558853149 -1.18086564541 70.3089828491
      vertex 132.070800781 -1.72189676762 70.0180206299
    endloop
  endfacet
  facet normal 0.67308819294 -0.426455050707 0.604225456715
    outer loop
      vertex 132.022094727 -0.518979787827 68.2367858887
      vertex 132.070800781 -1.72189676762 70.0180206299
      vertex 131.871139526 -1.47337818146 69.350769043
    endloop
  endfacet
  facet normal 0.673086047173 -0.426456540823 0.604226827621
    outer loop
      vertex 132.022094727 -0.518979787827 68.2367858887
      vertex 131.871139526 -1.47337818146 69.350769043
      vertex 131.871139526 -0.628345489502 68.1534805298
    endloop
  endfacet
  facet normal 0.669802486897 -0.526956677437 0.52314555645
    outer loop
      vertex 132.022094727 -0.518979787827 68.2367858887
      vertex 131.871139526 -0.628345489502 68.1534805298
      vertex 131.871139526 -0.254529118538 67.782371521
    endloop
  endfacet
  facet normal 0.669799029827 -0.526957571507 0.523149073124
    outer loop
      vertex 131.961914062 0.967415094376 66.6846389771
      vertex 132.022094727 -0.518979787827 68.2367858887
      vertex 131.871139526 -0.254529118538 67.782371521
    endloop
  endfacet
  facet normal 0.669796943665 -0.526959061623 0.523150265217
    outer loop
      vertex 131.961914062 0.967415094376 66.6846389771
      vertex 131.871139526 -0.254529118538 67.782371521
      vertex 131.871139526 0.911237001419 66.6250305176
    endloop
  endfacet
  facet normal 0.665875017643 -0.612297594547 0.42626529932
    outer loop
      vertex 131.961914062 0.967415094376 66.6846389771
      vertex 131.871139526 0.911237001419 66.6250305176
      vertex 131.871139526 1.16635429859 66.4474258423
    endloop
  endfacet
  facet normal 0.665881335735 -0.612294912338 0.426259219646
    outer loop
      vertex 131.891983032 2.69453120232 65.4062271118
      vertex 131.961914062 0.967415094376 66.6846389771
      vertex 131.871139526 1.16635429859 66.4474258423
    endloop
  endfacet
  facet normal 0.665873408318 -0.612300872803 0.426263153553
    outer loop
      vertex 131.891983032 2.69453120232 65.4062271118
      vertex 131.871139526 1.16635429859 66.4474258423
      vertex 131.871139526 2.68416595459 65.3907775879
    endloop
  endfacet
  facet normal 0.661422848701 -0.680025875568 0.316361546516
    outer loop
      vertex 131.891983032 2.69453120232 65.4062271118
      vertex 131.871139526 2.68416595459 65.3907775879
      vertex 131.871139526 2.74785399437 65.3611450195
    endloop
  endfacet
  facet normal 0.765111267567 -0.607202470303 0.214266017079
    outer loop
      vertex 131.891983032 2.69453120232 65.4062271118
      vertex 131.871139526 2.74785399437 65.3611450195
      vertex 132.388458252 3.02769184113 65.9142532349
    endloop
  endfacet
  facet normal 0.774280846119 -0.523242294788 0.355958789587
    outer loop
      vertex 131.891983032 2.69453120232 65.4062271118
      vertex 132.388458252 3.02769184113 65.9142532349
      vertex 132.455093384 1.38186788559 67.1324996948
    endloop
  endfacet
  facet normal 0.774288117886 -0.523237764835 0.355949670076
    outer loop
      vertex 131.891983032 2.69453120232 65.4062271118
      vertex 132.455093384 1.38186788559 67.1324996948
      vertex 131.961914062 0.967415094376 66.6846389771
    endloop
  endfacet
  facet normal 0.777640104294 -0.450313597918 0.438740819693
    outer loop
      vertex 131.961914062 0.967415094376 66.6846389771
      vertex 132.455093384 1.38186788559 67.1324996948
      vertex 132.512451172 -0.0345686487854 68.6115875244
    endloop
  endfacet
  facet normal 0.777631521225 -0.450317144394 0.438752382994
    outer loop
      vertex 131.961914062 0.967415094376 66.6846389771
      vertex 132.512451172 -0.0345686487854 68.6115875244
      vertex 132.022094727 -0.518979787827 68.2367858887
    endloop
  endfacet
  facet normal 0.866405546665 -0.36248499155 0.343432813883
    outer loop
      vertex 132.455093384 1.38186788559 67.1324996948
      vertex 132.901000977 0.502078950405 69.0318527222
      vertex 132.512451172 -0.0345686487854 68.6115875244
    endloop
  endfacet
  facet normal 0.866407513618 -0.362483769655 0.343429118395
    outer loop
      vertex 132.455093384 1.38186788559 67.1324996948
      vertex 132.846817017 1.84007024765 67.6346817017
      vertex 132.901000977 0.502078950405 69.0318527222
    endloop
  endfacet
  facet normal 0.933843791485 -0.265617609024 0.239547580481
    outer loop
      vertex 132.846817017 1.84007024765 67.6346817017
      vertex 133.178192139 1.07773971558 69.4872283936
      vertex 132.901000977 0.502078950405 69.0318527222
    endloop
  endfacet
  facet normal 0.933841049671 -0.265620321035 0.239555373788
    outer loop
      vertex 132.846817017 1.84007024765 67.6346817017
      vertex 133.127456665 2.33072662354 68.178817749
      vertex 133.178192139 1.07773971558 69.4872283936
    endloop
  endfacet
  facet normal 0.978224098682 -0.162082850933 0.12964092195
    outer loop
      vertex 133.127456665 2.33072662354 68.178817749
      vertex 133.337188721 1.67823803425 69.966506958
      vertex 133.178192139 1.07773971558 69.4872283936
    endloop
  endfacet
  facet normal 0.978224754333 -0.162081614137 0.129637300968
    outer loop
      vertex 133.127456665 2.33072662354 68.178817749
      vertex 133.29006958 2.84175992012 68.7515106201
      vertex 133.337188721 1.67823803425 69.966506958
    endloop
  endfacet
  facet normal 0.998378872871 -0.0544841624796 0.0164635200053
    outer loop
      vertex 133.29006958 2.84175992012 68.7515106201
      vertex 133.374069214 2.28878235817 70.4578781128
      vertex 133.337188721 1.67823803425 69.966506958
    endloop
  endfacet
  facet normal 0.998378574848 -0.0544873252511 0.0164733268321
    outer loop
      vertex 133.29006958 2.84175992012 68.7515106201
      vertex 133.330673218 3.36058878899 69.3386688232
      vertex 133.374069214 2.28878235817 70.4578781128
    endloop
  endfacet
  facet normal 0.999181270599 1.60356796641e-06 -0.0404579639435
    outer loop
      vertex 133.251419067 5.31788635254 71.564414978
      vertex 133.374069214 2.28878235817 70.4578781128
      vertex 133.330673218 3.36058878899 69.3386688232
    endloop
  endfacet
  facet normal 0.999181568623 8.86953603185e-06 -0.0404497161508
    outer loop
      vertex 133.251419067 5.31788635254 71.564414978
      vertex 133.330673218 3.36058878899 69.3386688232
      vertex 133.21736145 6.159263134 70.941619873
    endloop
  endfacet
  facet normal 0.994187831879 0.0632917732 -0.0870902091265
    outer loop
      vertex 133.21736145 6.159263134 70.941619873
      vertex 133.201980591 5.62619256973 71.9167022705
      vertex 133.251419067 5.31788635254 71.564414978
    endloop
  endfacet
  facet normal 0.99378246069 0.0544700697064 -0.0971053615212
    outer loop
      vertex 133.251419067 5.31788635254 71.564414978
      vertex 133.201980591 5.62619256973 71.9167022705
      vertex 133.229064941 4.95711612701 72.6153793335
    endloop
  endfacet
  facet normal 0.964545249939 0.16207562387 -0.208288028836
    outer loop
      vertex 133.201980591 5.62619256973 71.9167022705
      vertex 133.104858398 5.30851984024 72.9029464722
      vertex 133.229064941 4.95711612701 72.6153793335
    endloop
  endfacet
  facet normal 0.963535964489 0.13116876781 -0.233223602176
    outer loop
      vertex 133.229064941 4.95711612701 72.6153793335
      vertex 133.104858398 5.30851984024 72.9029464722
      vertex 133.125015259 4.81048774719 73.640411377
    endloop
  endfacet
  facet normal 0.963527679443 0.131172508001 -0.233255654573
    outer loop
      vertex 133.229064941 4.95711612701 72.6153793335
      vertex 133.125015259 4.81048774719 73.640411377
      vertex 133.250991821 4.41564035416 73.417175293
    endloop
  endfacet
  facet normal 0.962743878365 0.0964902639389 -0.252613991499
    outer loop
      vertex 133.250991821 4.41564035416 73.417175293
      vertex 133.125015259 4.81048774719 73.640411377
      vertex 133.139846802 4.44415044785 74.4515151978
    endloop
  endfacet
  facet normal 0.962742626667 0.096489995718 -0.252618938684
    outer loop
      vertex 133.250991821 4.41564035416 73.417175293
      vertex 133.139846802 4.44415044785 74.4515151978
      vertex 133.267120361 4.01734638214 74.2990188599
    endloop
  endfacet
  facet normal 0.993175625801 0.0324339903891 -0.112027972937
    outer loop
      vertex 133.304473877 4.0077624321 73.188293457
      vertex 133.250991821 4.41564035416 73.417175293
      vertex 133.267120361 4.01734638214 74.2990188599
    endloop
  endfacet
  facet normal 0.993176281452 0.0324340686202 -0.112021639943
    outer loop
      vertex 133.304473877 4.0077624321 73.188293457
      vertex 133.267120361 4.01734638214 74.2990188599
      vertex 133.321929932 3.57670974731 74.1426773071
    endloop
  endfacet
  facet normal 0.999181330204 1.12681425435e-06 -0.0404557622969
    outer loop
      vertex 133.321929932 3.57670974731 74.1426773071
      vertex 133.435028076 0.783364892006 73.154914856
      vertex 133.304473877 4.0077624321 73.188293457
    endloop
  endfacet
  facet normal 0.999181330204 1.21908453821e-06 -0.0404557622969
    outer loop
      vertex 133.304473877 4.0077624321 73.188293457
      vertex 133.435028076 0.783364892006 73.154914856
      vertex 133.409194946 1.42139279842 71.7422790527
    endloop
  endfacet
  facet normal 0.998981356621 -0.0324364453554 0.0313714556396
    outer loop
      vertex 133.375305176 0.736611843109 71.3608169556
      vertex 133.409194946 1.42139279842 71.7422790527
      vertex 133.435028076 0.783364892006 73.154914856
    endloop
  endfacet
  facet normal 0.998981416225 -0.0324365161359 0.031368855387
    outer loop
      vertex 133.375305176 0.736611843109 71.3608169556
      vertex 133.435028076 0.783364892006 73.154914856
      vertex 133.40335083 0.0439850613475 72.8943405151
    endloop
  endfacet
  facet normal 0.980019927025 -0.096479691565 0.173932611942
    outer loop
      vertex 133.21925354 0.0637165382504 70.9887542725
      vertex 133.375305176 0.736611843109 71.3608169556
      vertex 133.40335083 0.0439850613475 72.8943405151
    endloop
  endfacet
  facet normal 0.980019986629 -0.096479691565 0.173932433128
    outer loop
      vertex 133.21925354 0.0637165382504 70.9887542725
      vertex 133.40335083 0.0439850613475 72.8943405151
      vertex 133.249450684 -0.682166397572 72.6401824951
    endloop
  endfacet
  facet normal 0.93678021431 -0.158118873835 0.312155842781
    outer loop
      vertex 132.944839478 -0.580733060837 70.6352310181
      vertex 133.21925354 0.0637165382504 70.9887542725
      vertex 133.249450684 -0.682166397572 72.6401824951
    endloop
  endfacet
  facet normal 0.936783134937 -0.158118873835 0.312147080898
    outer loop
      vertex 132.944839478 -0.580733060837 70.6352310181
      vertex 133.249450684 -0.682166397572 72.6401824951
      vertex 132.977096558 -1.37721884251 72.3987045288
    endloop
  endfacet
  facet normal 0.870412170887 -0.215786203742 0.442514389753
    outer loop
      vertex 132.558853149 -1.18086564541 70.3089828491
      vertex 132.944839478 -0.580733060837 70.6352310181
      vertex 132.977096558 -1.37721884251 72.3987045288
    endloop
  endfacet
  facet normal 0.870412528515 -0.215786203742 0.442513644695
    outer loop
      vertex 132.558853149 -1.18086564541 70.3089828491
      vertex 132.977096558 -1.37721884251 72.3987045288
      vertex 132.593002319 -2.02404642105 72.1758422852
    endloop
  endfacet
  facet normal 0.782622933388 -0.26806601882 0.561820209026
    outer loop
      vertex 132.070800781 -1.72189676762 70.0180206299
      vertex 132.558853149 -1.18086564541 70.3089828491
      vertex 132.593002319 -2.02404642105 72.1758422852
    endloop
  endfacet
  facet normal 0.782620131969 -0.268065899611 0.561824202538
    outer loop
      vertex 132.070800781 -1.72189676762 70.0180206299
      vertex 132.593002319 -2.02404642105 72.1758422852
      vertex 132.106628418 -2.60672712326 71.9770889282
    endloop
  endfacet
  facet normal 0.675633788109 -0.313690185547 0.667171239853
    outer loop
      vertex 132.070800781 -1.72189676762 70.0180206299
      vertex 132.106628418 -2.60672712326 71.9770889282
      vertex 131.871139526 -2.44708418846 71.1303482056
    endloop
  endfacet
  facet normal 0.675632596016 -0.313690930605 0.667172074318
    outer loop
      vertex 132.070800781 -1.72189676762 70.0180206299
      vertex 131.871139526 -2.44708418846 71.1303482056
      vertex 131.871139526 -1.88373804092 69.9321975708
    endloop
  endfacet
  facet normal 0.673084020615 -0.426455438137 0.604229807854
    outer loop
      vertex 132.070800781 -1.72189676762 70.0180206299
      vertex 131.871139526 -1.88373804092 69.9321975708
      vertex 131.871139526 -1.47337818146 69.350769043
    endloop
  endfacet
  facet normal 0.675632178783 -0.313690066338 0.667172908783
    outer loop
      vertex 132.106628418 -2.60672712326 71.9770889282
      vertex 131.871139526 -2.81261134148 71.9077682495
      vertex 131.871139526 -2.44708418846 71.1303482056
    endloop
  endfacet
  facet normal 0.677372813225 -0.191895231605 0.71017062664
    outer loop
      vertex 132.106628418 -2.60672712326 71.9770889282
      vertex 131.871139526 -3.13206291199 73.0900039673
      vertex 131.871139526 -2.81261134148 71.9077682495
    endloop
  endfacet
  facet normal 0.677372872829 -0.191895172 0.710170567036
    outer loop
      vertex 132.106628418 -2.60672712326 71.9770889282
      vertex 132.128540039 -3.14801692963 74.0576400757
      vertex 131.871139526 -3.13206291199 73.0900039673
    endloop
  endfacet
  facet normal 0.677379786968 -0.191896900535 0.710163474083
    outer loop
      vertex 132.128540039 -3.14801692963 74.0576400757
      vertex 131.871139526 -3.38313007355 74.0191421509
      vertex 131.871139526 -3.13206291199 73.0900039673
    endloop
  endfacet
  facet normal 0.678262531757 -0.0645887479186 0.73197555542
    outer loop
      vertex 132.128540039 -3.14801692963 74.0576400757
      vertex 131.871139526 -3.48627829552 75.1881103516
      vertex 131.871139526 -3.38313007355 74.0191421509
    endloop
  endfacet
  facet normal 0.678261995316 -0.0645890161395 0.731976091862
    outer loop
      vertex 132.128540039 -3.14801692963 74.0576400757
      vertex 132.135925293 -3.33019566536 76.1998138428
      vertex 131.871139526 -3.48627829552 75.1881103516
    endloop
  endfacet
  facet normal 0.678254723549 -0.0645860433578 0.731983065605
    outer loop
      vertex 132.135925293 -3.33019566536 76.1998138428
      vertex 131.871139526 -3.57554554939 76.1998138428
      vertex 131.871139526 -3.48627829552 75.1881103516
    endloop
  endfacet
  facet normal 0.678254544735 0.0645900666714 0.731982886791
    outer loop
      vertex 132.135925293 -3.33019566536 76.1998138428
      vertex 131.871139526 -3.47216081619 77.3714447021
      vertex 131.871139526 -3.57554554939 76.1998138428
    endloop
  endfacet
  facet normal 0.678253352642 0.06458966434 0.731984019279
    outer loop
      vertex 132.135925293 -3.33019566536 76.1998138428
      vertex 132.128540039 -3.14801692963 78.3419876099
      vertex 131.871139526 -3.47216081619 77.3714447021
    endloop
  endfacet
  facet normal 0.678261935711 0.0645848885179 0.73197644949
    outer loop
      vertex 132.128540039 -3.14801692963 78.3419876099
      vertex 131.871139526 -3.38313007355 78.3804855347
      vertex 131.871139526 -3.47216081619 77.3714447021
    endloop
  endfacet
  facet normal 0.677378535271 0.191894724965 0.710165262222
    outer loop
      vertex 132.128540039 -3.14801692963 78.3419876099
      vertex 131.871139526 -3.06046724319 79.5745925903
      vertex 131.871139526 -3.38313007355 78.3804855347
    endloop
  endfacet
  facet normal 0.677378118038 0.191894650459 0.710165739059
    outer loop
      vertex 132.128540039 -3.14801692963 78.3419876099
      vertex 132.106628418 -2.60672712326 80.4225311279
      vertex 131.871139526 -3.06046724319 79.5745925903
    endloop
  endfacet
  facet normal 0.677376389503 0.191895842552 0.710167050362
    outer loop
      vertex 132.106628418 -2.60672712326 80.4225311279
      vertex 131.871139526 -2.81261277199 80.4918518066
      vertex 131.871139526 -3.06046724319 79.5745925903
    endloop
  endfacet
  facet normal 0.675636529922 0.313688337803 0.667169332504
    outer loop
      vertex 132.106628418 -2.60672712326 80.4225311279
      vertex 131.871139526 -2.23466181755 81.7210693359
      vertex 131.871139526 -2.81261277199 80.4918518066
    endloop
  endfacet
  facet normal 0.675636231899 0.313688367605 0.667169630527
    outer loop
      vertex 132.106628418 -2.60672712326 80.4225311279
      vertex 132.070800781 -1.72189676762 82.3816070557
      vertex 131.871139526 -2.23466181755 81.7210693359
    endloop
  endfacet
  facet normal 0.675635457039 0.313688963652 0.667170107365
    outer loop
      vertex 132.070800781 -1.72189676762 82.3816070557
      vertex 131.871139526 -1.88373935223 82.4674301147
      vertex 131.871139526 -2.23466181755 81.7210693359
    endloop
  endfacet
  facet normal 0.673086643219 0.426457136869 0.604225695133
    outer loop
      vertex 132.070800781 -1.72189676762 82.3816070557
      vertex 131.871139526 -0.99559289217 83.7257995605
      vertex 131.871139526 -1.88373935223 82.4674301147
    endloop
  endfacet
  facet normal 0.67308562994 0.426457464695 0.604226589203
    outer loop
      vertex 132.070800781 -1.72189676762 82.3816070557
      vertex 132.022094727 -0.518979787827 84.1628341675
      vertex 131.871139526 -0.99559289217 83.7257995605
    endloop
  endfacet
  facet normal 0.673092782497 0.426451146603 0.604223072529
    outer loop
      vertex 132.022094727 -0.518979787827 84.1628341675
      vertex 131.871139526 -0.628346800804 84.2461395264
      vertex 131.871139526 -0.99559289217 83.7257995605
    endloop
  endfacet
  facet normal 0.669810056686 0.526950836182 0.523141801357
    outer loop
      vertex 132.022094727 -0.518979787827 84.1628341675
      vertex 131.871139526 0.634510397911 85.4998703003
      vertex 131.871139526 -0.628346800804 84.2461395264
    endloop
  endfacet
  facet normal 0.669811666012 0.526949942112 0.523140609264
    outer loop
      vertex 132.022094727 -0.518979787827 84.1628341675
      vertex 131.961914062 0.967415094376 85.7149810791
      vertex 131.871139526 0.634510397911 85.4998703003
    endloop
  endfacet
  facet normal 0.669803202152 0.526957929134 0.523143410683
    outer loop
      vertex 131.961914062 0.967415094376 85.7149810791
      vertex 131.871139526 0.911235690117 85.7745895386
      vertex 131.871139526 0.634510397911 85.4998703003
    endloop
  endfacet
  facet normal 0.665880739689 0.612294018269 0.426261484623
    outer loop
      vertex 131.961914062 0.967415094376 85.7149810791
      vertex 131.871139526 2.60963869095 86.9569702148
      vertex 131.871139526 0.911235690117 85.7745895386
    endloop
  endfacet
  facet normal 0.665894925594 0.612284302711 0.426253318787
    outer loop
      vertex 131.961914062 0.967415094376 85.7149810791
      vertex 131.891983032 2.69453120232 86.9934005737
      vertex 131.871139526 2.60963869095 86.9569702148
    endloop
  endfacet
  facet normal 0.665891349316 0.612287759781 0.426253914833
    outer loop
      vertex 131.891983032 2.69453120232 86.9934005737
      vertex 131.871139526 2.68416523933 87.0088500977
      vertex 131.871139526 2.60963869095 86.9569702148
    endloop
  endfacet
  facet normal 0.661439716816 0.680014848709 0.316349923611
    outer loop
      vertex 131.891983032 2.69453120232 86.9934005737
      vertex 131.871139526 3.20922327042 87.253112793
      vertex 131.871139526 2.68416523933 87.0088500977
    endloop
  endfacet
  facet normal 0.770477712154 0.581122040749 0.26203301549
    outer loop
      vertex 131.891983032 2.69453120232 86.9934005737
      vertex 132.314437866 4.8555598259 87.4077148438
      vertex 131.871139526 3.20922327042 87.253112793
    endloop
  endfacet
  facet normal 0.770476281643 0.581124007702 0.262032806873
    outer loop
      vertex 131.871139526 4.64027881622 87.8983840942
      vertex 131.871139526 3.20922327042 87.253112793
      vertex 132.314437866 4.8555598259 87.4077148438
    endloop
  endfacet
  facet normal 0.766332268715 0.622279107571 0.159698292613
    outer loop
      vertex 132.314437866 4.8555598259 87.4077148438
      vertex 131.871139526 4.90979576111 87.9675521851
      vertex 131.871139526 4.64027881622 87.8983840942
    endloop
  endfacet
  facet normal 0.766332566738 0.622279167175 0.159696578979
    outer loop
      vertex 132.314437866 4.8555598259 87.4077148438
      vertex 132.235183716 6.81287813187 88.0076293945
      vertex 131.871139526 4.90979576111 87.9675521851
    endloop
  endfacet
  facet normal 0.766339719296 0.622270107269 0.159697756171
    outer loop
      vertex 132.235183716 6.81287813187 88.0076293945
      vertex 131.871139526 6.70728445053 88.428855896
      vertex 131.871139526 4.90979576111 87.9675521851
    endloop
  endfacet
  facet normal 0.761974871159 0.645524978638 0.0518826656044
    outer loop
      vertex 132.235183716 6.81287813187 88.0076293945
      vertex 131.871139526 7.38904857635 88.4836502075
      vertex 131.871139526 6.70728445053 88.428855896
    endloop
  endfacet
  facet normal 0.761974394321 0.645525455475 0.0518833734095
    outer loop
      vertex 132.235183716 6.81287813187 88.0076293945
      vertex 132.152984619 8.84335422516 88.2678527832
      vertex 131.871139526 7.38904857635 88.4836502075
    endloop
  endfacet
  facet normal 0.761964678764 0.645537257195 0.0518797375262
    outer loop
      vertex 132.152984619 8.84335422516 88.2678527832
      vertex 131.871139526 8.81788635254 88.5984802246
      vertex 131.871139526 7.38904857635 88.4836502075
    endloop
  endfacet
  facet normal 0.757502913475 0.650222063065 -0.0583147332072
    outer loop
      vertex 132.152984619 8.84335422516 88.2678527832
      vertex 131.871139526 9.90995407104 88.500541687
      vertex 131.871139526 8.81788635254 88.5984802246
    endloop
  endfacet
  facet normal 0.757503151894 0.650221765041 -0.0583148598671
    outer loop
      vertex 132.152984619 8.84335422516 88.2678527832
      vertex 132.070175171 10.8885602951 88.1809005737
      vertex 131.871139526 9.90995407104 88.500541687
    endloop
  endfacet
  facet normal 0.75750887394 0.650215387344 -0.0583116151392
    outer loop
      vertex 132.070175171 10.8885602951 88.1809005737
      vertex 131.871139526 10.9099721909 88.4108581543
      vertex 131.871139526 9.90995407104 88.500541687
    endloop
  endfacet
  facet normal 0.753078699112 0.636193573475 -0.167720615864
    outer loop
      vertex 132.070175171 10.8885602951 88.1809005737
      vertex 131.871139526 12.3571052551 88.0293502808
      vertex 131.871139526 10.9099721909 88.4108581543
    endloop
  endfacet
  facet normal 0.753079414368 0.63619273901 -0.167720630765
    outer loop
      vertex 132.070175171 10.8885602951 88.1809005737
      vertex 131.989135742 12.8896656036 87.7492752075
      vertex 131.871139526 12.3571052551 88.0293502808
    endloop
  endfacet
  facet normal 0.753090143204 0.636182129383 -0.167712658644
    outer loop
      vertex 131.989135742 12.8896656036 87.7492752075
      vertex 131.871139526 12.9248561859 87.8796768188
      vertex 131.871139526 12.3571052551 88.0293502808
    endloop
  endfacet
  facet normal 0.748820543289 0.603860735893 -0.273166716099
    outer loop
      vertex 131.989135742 12.8896656036 87.7492752075
      vertex 131.871139526 14.6258239746 87.1102142334
      vertex 131.871139526 12.9248561859 87.8796768188
    endloop
  endfacet
  facet normal 0.748821973801 0.603859126568 -0.273166239262
    outer loop
      vertex 131.989135742 12.8896656036 87.7492752075
      vertex 131.912231445 14.789103508 86.9853973389
      vertex 131.871139526 14.6258239746 87.1102142334
    endloop
  endfacet
  facet normal 0.748811841011 0.603867590427 -0.273175239563
    outer loop
      vertex 131.912231445 14.789103508 86.9853973389
      vertex 131.871139526 14.8086824417 87.0274963379
      vertex 131.871139526 14.6258239746 87.1102142334
    endloop
  endfacet
  facet normal 0.744824409485 0.55417484045 -0.37165415287
    outer loop
      vertex 131.912231445 14.789103508 86.9853973389
      vertex 131.871139526 15.8040704727 86.3599395752
      vertex 131.871139526 14.8086824417 87.0274963379
    endloop
  endfacet
  facet normal 0.839986979961 0.446094185114 -0.308904200792
    outer loop
      vertex 131.912231445 14.789103508 86.9853973389
      vertex 132.267364502 16.151342392 85.3733825684
      vertex 131.871139526 15.8040704727 86.3599395752
    endloop
  endfacet
  facet normal 0.839986622334 0.446094334126 -0.308905094862
    outer loop
      vertex 131.871139526 16.5058479309 85.8739852905
      vertex 131.871139526 15.8040704727 86.3599395752
      vertex 132.267364502 16.151342392 85.3733825684
    endloop
  endfacet
  facet normal 0.837096333504 0.393255203962 -0.380289524794
    outer loop
      vertex 132.267364502 16.151342392 85.3733825684
      vertex 131.871139526 16.6182460785 85.765296936
      vertex 131.871139526 16.5058479309 85.8739852905
    endloop
  endfacet
  facet normal 0.837096333504 0.393255203962 -0.380289494991
    outer loop
      vertex 132.267364502 16.151342392 85.3733825684
      vertex 132.208587646 17.6029033661 84.0948028564
      vertex 131.871139526 16.6182460785 85.765296936
    endloop
  endfacet
  facet normal 0.837099790573 0.393252849579 -0.380284279585
    outer loop
      vertex 132.208587646 17.6029033661 84.0948028564
      vertex 131.871139526 17.9693164825 84.4587783813
      vertex 131.871139526 16.6182460785 85.765296936
    endloop
  endfacet
  facet normal 0.834612548351 0.329107105732 -0.441713064909
    outer loop
      vertex 132.208587646 17.6029033661 84.0948028564
      vertex 131.871139526 18.2496051788 84.0825881958
      vertex 131.871139526 17.9693164825 84.4587783813
    endloop
  endfacet
  facet normal 0.834612488747 0.329107254744 -0.441713035107
    outer loop
      vertex 132.208587646 17.6029033661 84.0948028564
      vertex 132.159408569 18.8176784515 82.5890960693
      vertex 131.871139526 18.2496051788 84.0825881958
    endloop
  endfacet
  facet normal 0.834608912468 0.329108715057 -0.44171872735
    outer loop
      vertex 132.159408569 18.8176784515 82.5890960693
      vertex 131.871139526 19.1761226654 82.839050293
      vertex 131.871139526 18.2496051788 84.0825881958
    endloop
  endfacet
  facet normal 0.832595646381 0.255488276482 -0.491436868906
    outer loop
      vertex 132.159408569 18.8176784515 82.5890960693
      vertex 131.871139526 19.503036499 82.2102203369
      vertex 131.871139526 19.1761226654 82.839050293
    endloop
  endfacet
  facet normal 0.832595765591 0.255488067865 -0.491436809301
    outer loop
      vertex 132.159408569 18.8176784515 82.5890960693
      vertex 132.12121582 19.7607269287 80.8995819092
      vertex 131.871139526 19.503036499 82.2102203369
    endloop
  endfacet
  facet normal 0.832593858242 0.255488306284 -0.491439908743
    outer loop
      vertex 132.12121582 19.7607269287 80.8995819092
      vertex 131.871139526 20.1019153595 81.0582580566
      vertex 131.871139526 19.503036499 82.2102203369
    endloop
  endfacet
  facet normal 0.831112682819 0.174525529146 -0.528008103371
    outer loop
      vertex 132.12121582 19.7607269287 80.8995819092
      vertex 131.871139526 20.3765506744 80.2273788452
      vertex 131.871139526 20.1019153595 81.0582580566
    endloop
  endfacet
  facet normal 0.831112444401 0.174525901675 -0.528008401394
    outer loop
      vertex 132.12121582 19.7607269287 80.8995819092
      vertex 132.09513855 20.4049110413 79.0748672485
      vertex 131.871139526 20.3765506744 80.2273788452
    endloop
  endfacet
  facet normal 0.831117928028 0.174526751041 -0.527999460697
    outer loop
      vertex 132.09513855 20.4049110413 79.0748672485
      vertex 131.871139526 20.7288665771 79.1615142822
      vertex 131.871139526 20.3765506744 80.2273788452
    endloop
  endfacet
  facet normal 0.830211997032 0.0885355994105 -0.550372123718
    outer loop
      vertex 132.09513855 20.4049110413 79.0748672485
      vertex 131.871139526 20.8830718994 78.2029037476
      vertex 131.871139526 20.7288665771 79.1615142822
    endloop
  endfacet
  facet normal 0.830211639404 0.0885359272361 -0.550372600555
    outer loop
      vertex 132.09513855 20.4049110413 79.0748672485
      vertex 132.08190918 20.7317047119 77.1674423218
      vertex 131.871139526 20.8830718994 78.2029037476
    endloop
  endfacet
  facet normal 0.830209076405 0.0885348021984 -0.550376653671
    outer loop
      vertex 132.08190918 20.7317047119 77.1674423218
      vertex 131.871139526 21.0452327728 77.1948318481
      vertex 131.871139526 20.8830718994 78.2029037476
    endloop
  endfacet
  facet normal 0.829904258251 0 -0.557905852795
    outer loop
      vertex 132.08190918 20.7317047119 77.1674423218
      vertex 131.871139526 21.0452327728 76.193862915
      vertex 131.871139526 21.0452327728 77.1948318481
    endloop
  endfacet
  facet normal 0.829904258251 0 -0.557905852795
    outer loop
      vertex 132.08190918 20.7317047119 77.1674423218
      vertex 132.08190918 20.7317047119 75.2321853638
      vertex 131.871139526 21.0452327728 76.193862915
    endloop
  endfacet
  facet normal 0.829903721809 -3.64487192428e-07 -0.557906627655
    outer loop
      vertex 132.08190918 20.7317047119 75.2321853638
      vertex 131.871139526 21.0452327728 75.2047958374
      vertex 131.871139526 21.0452327728 76.193862915
    endloop
  endfacet
  facet normal 0.830208957195 -0.0885361433029 -0.550376594067
    outer loop
      vertex 132.08190918 20.7317047119 75.2321853638
      vertex 131.871139526 20.8910560608 74.2463684082
      vertex 131.871139526 21.0452327728 75.2047958374
    endloop
  endfacet
  facet normal 0.830209195614 -0.0885362327099 -0.550376296043
    outer loop
      vertex 132.08190918 20.7317047119 75.2321853638
      vertex 132.09513855 20.4049110413 73.3247528076
      vertex 131.871139526 20.8910560608 74.2463684082
    endloop
  endfacet
  facet normal 0.830210924149 -0.0885345488787 -0.550373911858
    outer loop
      vertex 132.09513855 20.4049110413 73.3247528076
      vertex 131.871139526 20.7288646698 73.2381134033
      vertex 131.871139526 20.8910560608 74.2463684082
    endloop
  endfacet
  facet normal 0.831116497517 -0.174523830414 -0.528002619743
    outer loop
      vertex 132.09513855 20.4049110413 73.3247528076
      vertex 131.871139526 20.4507579803 72.3967285156
      vertex 131.871139526 20.7288646698 73.2381134033
    endloop
  endfacet
  facet normal 0.831116437912 -0.174523815513 -0.528002738953
    outer loop
      vertex 132.09513855 20.4049110413 73.3247528076
      vertex 132.12121582 19.7607269287 71.500038147
      vertex 131.871139526 20.4507579803 72.3967285156
    endloop
  endfacet
  facet normal 0.831110954285 -0.174530357122 -0.528009235859
    outer loop
      vertex 132.12121582 19.7607269287 71.500038147
      vertex 131.871139526 20.1019134521 71.3413619995
      vertex 131.871139526 20.4507579803 72.3967285156
    endloop
  endfacet
  facet normal 0.832591414452 -0.255491137505 -0.49144256115
    outer loop
      vertex 132.12121582 19.7607269287 71.500038147
      vertex 131.871139526 19.7545585632 70.6732177734
      vertex 131.871139526 20.1019134521 71.3413619995
    endloop
  endfacet
  facet normal 0.83259165287 -0.255491197109 -0.491442173719
    outer loop
      vertex 132.12121582 19.7607269287 71.500038147
      vertex 132.159408569 18.8176784515 69.8105239868
      vertex 131.871139526 19.7545585632 70.6732177734
    endloop
  endfacet
  facet normal 0.832593858242 -0.255488157272 -0.491440027952
    outer loop
      vertex 132.159408569 18.8176784515 69.8105239868
      vertex 131.871139526 19.1761207581 69.5605773926
      vertex 131.871139526 19.7545585632 70.6732177734
    endloop
  endfacet
  facet normal 0.834606766701 -0.329114317894 -0.441718637943
    outer loop
      vertex 132.159408569 18.8176784515 69.8105239868
      vertex 131.871139526 18.8314571381 69.097984314
      vertex 131.871139526 19.1761207581 69.5605773926
    endloop
  endfacet
  facet normal 0.834606409073 -0.32911413908 -0.441719412804
    outer loop
      vertex 132.159408569 18.8176784515 69.8105239868
      vertex 132.208587646 17.6029033661 68.3048248291
      vertex 131.871139526 18.8314571381 69.097984314
    endloop
  endfacet
  facet normal 0.834611296654 -0.329106479883 -0.441715836525
    outer loop
      vertex 132.208587646 17.6029033661 68.3048248291
      vertex 131.871139526 17.9693145752 67.9408493042
      vertex 131.871139526 18.8314571381 69.097984314
    endloop
  endfacet
  facet normal 0.83709871769 -0.393252283335 -0.380287259817
    outer loop
      vertex 132.208587646 17.6029033661 68.3048248291
      vertex 131.871139526 17.7084941864 67.6886291504
      vertex 131.871139526 17.9693145752 67.9408493042
    endloop
  endfacet
  facet normal 0.837098777294 -0.393252342939 -0.380287081003
    outer loop
      vertex 132.208587646 17.6029033661 68.3048248291
      vertex 132.267364502 16.151342392 67.0262451172
      vertex 131.871139526 17.7084941864 67.6886291504
    endloop
  endfacet
  facet normal 0.837097346783 -0.393254727125 -0.380287736654
    outer loop
      vertex 132.267364502 16.151342392 67.0262451172
      vertex 131.871139526 16.5058479309 66.5256347656
      vertex 131.871139526 17.7084941864 67.6886291504
    endloop
  endfacet
  facet normal 0.839987814426 -0.446092069149 -0.30890506506
    outer loop
      vertex 132.267364502 16.151342392 67.0262451172
      vertex 131.871139526 16.4108276367 66.4598388672
      vertex 131.871139526 16.5058479309 66.5256347656
    endloop
  endfacet
  facet normal 0.83998799324 -0.446092963219 -0.308903366327
    outer loop
      vertex 132.267364502 16.151342392 67.0262451172
      vertex 132.334030151 14.5047597885 66.0115737915
      vertex 131.871139526 16.4108276367 66.4598388672
    endloop
  endfacet
  facet normal 0.839986622334 -0.446095377207 -0.308903574944
    outer loop
      vertex 132.334030151 14.5047597885 66.0115737915
      vertex 131.871139526 15.8040323257 66.0396575928
      vertex 131.871139526 16.4108276367 66.4598388672
    endloop
  endfacet
  facet normal 0.83424693346 -0.457943886518 -0.307114809752
    outer loop
      vertex 131.871139526 15.8040323257 66.0396575928
      vertex 132.334030151 14.5047597885 66.0115737915
      vertex 131.871139526 14.9327640533 65.4553527832
    endloop
  endfacet
  facet normal 0.834436833858 -0.418574929237 -0.3584831357
    outer loop
      vertex 131.912231445 14.789103508 65.4142303467
      vertex 131.871139526 14.9327640533 65.4553527832
      vertex 132.334030151 14.5047597885 66.0115737915
    endloop
  endfacet
  facet normal 0.843196570873 -0.486096203327 -0.229630216956
    outer loop
      vertex 131.912231445 14.789103508 65.4142303467
      vertex 132.334030151 14.5047597885 66.0115737915
      vertex 132.406677246 12.710521698 65.2899932861
    endloop
  endfacet
  facet normal 0.843195974827 -0.486097216606 -0.22963014245
    outer loop
      vertex 131.912231445 14.789103508 65.4142303467
      vertex 132.406677246 12.710521698 65.2899932861
      vertex 131.989135742 12.8896656036 64.6503448486
    endloop
  endfacet
  facet normal 0.748804986477 -0.603876292706 -0.273174911737
    outer loop
      vertex 131.912231445 14.789103508 65.4142303467
      vertex 131.989135742 12.8896656036 64.6503448486
      vertex 131.871139526 13.3141183853 64.6960372925
    endloop
  endfacet
  facet normal 0.748801589012 -0.60387969017 -0.273176670074
    outer loop
      vertex 131.912231445 14.789103508 65.4142303467
      vertex 131.871139526 13.3141183853 64.6960372925
      vertex 131.871139526 14.808681488 65.3721313477
    endloop
  endfacet
  facet normal 0.744813799858 -0.554183065891 -0.371663153172
    outer loop
      vertex 131.912231445 14.789103508 65.4142303467
      vertex 131.871139526 14.808681488 65.3721313477
      vertex 131.871139526 14.9327640533 65.4553527832
    endloop
  endfacet
  facet normal 0.748816370964 -0.603861451149 -0.273176491261
    outer loop
      vertex 131.989135742 12.8896656036 64.6503448486
      vertex 131.871139526 12.9248552322 64.5199432373
      vertex 131.871139526 13.3141183853 64.6960372925
    endloop
  endfacet
  facet normal 0.753086864948 -0.63618427515 -0.167719244957
    outer loop
      vertex 131.989135742 12.8896656036 64.6503448486
      vertex 131.871139526 11.6067638397 64.172454834
      vertex 131.871139526 12.9248552322 64.5199432373
    endloop
  endfacet
  facet normal 0.753087341785 -0.636183798313 -0.16771902144
    outer loop
      vertex 131.989135742 12.8896656036 64.6503448486
      vertex 132.070175171 10.8885602951 64.2187194824
      vertex 131.871139526 11.6067638397 64.172454834
    endloop
  endfacet
  facet normal 0.753072202206 -0.636203110218 -0.167713582516
    outer loop
      vertex 132.070175171 10.8885602951 64.2187194824
      vertex 131.871139526 10.9099721909 63.9887657166
      vertex 131.871139526 11.6067638397 64.172454834
    endloop
  endfacet
  facet normal 0.757501661777 -0.650223553181 -0.0583145916462
    outer loop
      vertex 132.070175171 10.8885602951 64.2187194824
      vertex 131.871139526 9.83821678162 63.8926467896
      vertex 131.871139526 10.9099721909 63.9887657166
    endloop
  endfacet
  facet normal 0.757501125336 -0.650224149227 -0.0583148784935
    outer loop
      vertex 132.070175171 10.8885602951 64.2187194824
      vertex 132.152984619 8.84335422516 64.1317672729
      vertex 131.871139526 9.83821678162 63.8926467896
    endloop
  endfacet
  facet normal 0.757501661777 -0.650223493576 -0.0583151914179
    outer loop
      vertex 132.152984619 8.84335422516 64.1317672729
      vertex 131.871139526 8.81788635254 63.8011398315
      vertex 131.871139526 9.83821678162 63.8926467896
    endloop
  endfacet
  facet normal 0.761963367462 -0.64553809166 0.0518879555166
    outer loop
      vertex 132.152984619 8.84335422516 64.1317672729
      vertex 131.871139526 8.03673553467 63.8639259338
      vertex 131.871139526 8.81788635254 63.8011398315
    endloop
  endfacet
  facet normal 0.761963307858 -0.645538151264 0.0518879145384
    outer loop
      vertex 132.152984619 8.84335422516 64.1317672729
      vertex 132.235183716 6.81287813187 64.391998291
      vertex 131.871139526 8.03673553467 63.8639259338
    endloop
  endfacet
  facet normal 0.761976361275 -0.645523607731 0.0518777556717
    outer loop
      vertex 132.235183716 6.81287813187 64.391998291
      vertex 131.871139526 6.70728540421 63.9707679749
      vertex 131.871139526 8.03673553467 63.8639259338
    endloop
  endfacet
  facet normal 0.76634144783 -0.622269272804 0.159692749381
    outer loop
      vertex 132.235183716 6.81287813187 64.391998291
      vertex 131.871139526 6.23198890686 64.0927429199
      vertex 131.871139526 6.70728540421 63.9707679749
    endloop
  endfacet
  facet normal 0.766341626644 -0.622268915176 0.159693077207
    outer loop
      vertex 132.235183716 6.81287813187 64.391998291
      vertex 132.314437866 4.8555598259 64.9919128418
      vertex 131.871139526 6.23198890686 64.0927429199
    endloop
  endfacet
  facet normal 0.766335308552 -0.622275114059 0.159699171782
    outer loop
      vertex 132.314437866 4.8555598259 64.9919128418
      vertex 131.871139526 4.64027929306 64.5012359619
      vertex 131.871139526 6.23198890686 64.0927429199
    endloop
  endfacet
  facet normal 0.770478904247 -0.581120431423 0.262033134699
    outer loop
      vertex 132.314437866 4.8555598259 64.9919128418
      vertex 131.871139526 4.45577287674 64.5844345093
      vertex 131.871139526 4.64027929306 64.5012359619
    endloop
  endfacet
  facet normal 0.770478725433 -0.581120967865 0.262032359838
    outer loop
      vertex 132.314437866 4.8555598259 64.9919128418
      vertex 132.388458252 3.02769184113 65.9142532349
      vertex 131.871139526 4.45577287674 64.5844345093
    endloop
  endfacet
  facet normal 0.770477592945 -0.581121921539 0.262033611536
    outer loop
      vertex 132.388458252 3.02769184113 65.9142532349
      vertex 131.871139526 3.20918178558 65.1465301514
      vertex 131.871139526 4.45577287674 64.5844345093
    endloop
  endfacet
  facet normal 0.767584741116 -0.581139326096 0.27035304904
    outer loop
      vertex 131.871139526 3.20918178558 65.1465301514
      vertex 132.388458252 3.02769184113 65.9142532349
      vertex 131.871139526 2.74785399437 65.3611450195
    endloop
  endfacet
  facet normal 0.860647678375 -0.467771589756 0.201184913516
    outer loop
      vertex 132.314437866 4.8555598259 64.9919128418
      vertex 132.783874512 3.39473772049 66.4839096069
      vertex 132.388458252 3.02769184113 65.9142532349
    endloop
  endfacet
  facet normal 0.863708853722 -0.421180725098 0.276791930199
    outer loop
      vertex 132.388458252 3.02769184113 65.9142532349
      vertex 132.783874512 3.39473772049 66.4839096069
      vertex 132.846817017 1.84007024765 67.6346817017
    endloop
  endfacet
  facet normal 0.86370909214 -0.421180516481 0.276791542768
    outer loop
      vertex 132.388458252 3.02769184113 65.9142532349
      vertex 132.846817017 1.84007024765 67.6346817017
      vertex 132.455093384 1.38186788559 67.1324996948
    endloop
  endfacet
  facet normal 0.931863844395 -0.308632671833 0.190723985434
    outer loop
      vertex 132.783874512 3.39473772049 66.4839096069
      vertex 133.127456665 2.33072662354 68.178817749
      vertex 132.846817017 1.84007024765 67.6346817017
    endloop
  endfacet
  facet normal 0.93186455965 -0.308631658554 0.190722182393
    outer loop
      vertex 132.783874512 3.39473772049 66.4839096069
      vertex 133.068511963 3.7866268158 67.1011505127
      vertex 133.127456665 2.33072662354 68.178817749
    endloop
  endfacet
  facet normal 0.977018356323 -0.188325792551 0.0998427197337
    outer loop
      vertex 133.068511963 3.7866268158 67.1011505127
      vertex 133.29006958 2.84175992012 68.7515106201
      vertex 133.127456665 2.33072662354 68.178817749
    endloop
  endfacet
  facet normal 0.977017700672 -0.188327521086 0.0998459011316
    outer loop
      vertex 133.068511963 3.7866268158 67.1011505127
      vertex 133.235336304 4.19371461868 67.750793457
      vertex 133.29006958 2.84175992012 68.7515106201
    endloop
  endfacet
  facet normal 0.99797308445 -0.0633086115122 0.00645853811875
    outer loop
      vertex 133.235336304 4.19371461868 67.750793457
      vertex 133.330673218 3.36058878899 69.3386688232
      vertex 133.29006958 2.84175992012 68.7515106201
    endloop
  endfacet
  facet normal 0.997973799706 -0.0632992163301 0.00644054682925
    outer loop
      vertex 133.235336304 4.19371461868 67.750793457
      vertex 133.28024292 4.60596656799 68.4168395996
      vertex 133.330673218 3.36058878899 69.3386688232
    endloop
  endfacet
  facet normal 0.999181210995 -5.85856878388e-06 -0.0404581390321
    outer loop
      vertex 133.21736145 6.159263134 70.941619873
      vertex 133.330673218 3.36058878899 69.3386688232
      vertex 133.28024292 4.60596656799 68.4168395996
    endloop
  endfacet
  facet normal 0.999181210995 -5.90110539633e-06 -0.0404582060874
    outer loop
      vertex 133.21736145 6.159263134 70.941619873
      vertex 133.28024292 4.60596656799 68.4168395996
      vertex 133.179519653 7.093708992 70.4701004028
    endloop
  endfacet
  facet normal 0.994644463062 0.0703098475933 -0.0757556930184
    outer loop
      vertex 133.179519653 7.093708992 70.4701004028
      vertex 133.170501709 6.40362930298 71.3412399292
      vertex 133.21736145 6.159263134 70.941619873
    endloop
  endfacet
  facet normal 0.994184315205 0.0633073672652 -0.0871188268065
    outer loop
      vertex 133.21736145 6.159263134 70.941619873
      vertex 133.170501709 6.40362930298 71.3412399292
      vertex 133.201980591 5.62619256973 71.9167022705
    endloop
  endfacet
  facet normal 0.965745568275 0.188332602382 -0.17851151526
    outer loop
      vertex 133.170501709 6.40362930298 71.3412399292
      vertex 133.079940796 5.92392253876 72.2603225708
      vertex 133.201980591 5.62619256973 71.9167022705
    endloop
  endfacet
  facet normal 0.964538753033 0.162082880735 -0.208312556148
    outer loop
      vertex 133.201980591 5.62619256973 71.9167022705
      vertex 133.079940796 5.92392253876 72.2603225708
      vertex 133.104858398 5.30851984024 72.9029464722
    endloop
  endfacet
  facet normal 0.911418616772 0.265612661839 -0.31427064538
    outer loop
      vertex 133.079940796 5.92392253876 72.2603225708
      vertex 132.91116333 5.63933849335 73.1761703491
      vertex 133.104858398 5.30851984024 72.9029464722
    endloop
  endfacet
  facet normal 0.909763991833 0.214958950877 -0.355136811733
    outer loop
      vertex 133.104858398 5.30851984024 72.9029464722
      vertex 132.91116333 5.63933849335 73.1761703491
      vertex 132.929656982 5.18258333206 73.8525238037
    endloop
  endfacet
  facet normal 0.909771084785 0.214957922697 -0.355119258165
    outer loop
      vertex 133.104858398 5.30851984024 72.9029464722
      vertex 132.929656982 5.18258333206 73.8525238037
      vertex 133.125015259 4.81048774719 73.640411377
    endloop
  endfacet
  facet normal 0.908487021923 0.1581197083 -0.386845588684
    outer loop
      vertex 133.125015259 4.81048774719 73.640411377
      vertex 132.929656982 5.18258333206 73.8525238037
      vertex 132.943252563 4.84660053253 74.5964050293
    endloop
  endfacet
  facet normal 0.908479034901 0.158117458224 -0.386865198612
    outer loop
      vertex 133.125015259 4.81048774719 73.640411377
      vertex 132.943252563 4.84660053253 74.5964050293
      vertex 133.139846802 4.44415044785 74.4515151978
    endloop
  endfacet
  facet normal 0.907600998878 0.0967165753245 -0.408541738987
    outer loop
      vertex 133.139846802 4.44415044785 74.4515151978
      vertex 132.943252563 4.84660053253 74.5964050293
      vertex 132.951583862 4.64106655121 75.3864059448
    endloop
  endfacet
  facet normal 0.90760821104 0.0967216566205 -0.408524513245
    outer loop
      vertex 133.139846802 4.44415044785 74.4515151978
      vertex 132.951583862 4.64106655121 75.3864059448
      vertex 133.148925781 4.2200422287 75.3129043579
    endloop
  endfacet
  facet normal 0.962206959724 0.0590253286064 -0.265845298767
    outer loop
      vertex 133.267120361 4.01734638214 74.2990188599
      vertex 133.139846802 4.44415044785 74.4515151978
      vertex 133.148925781 4.2200422287 75.3129043579
    endloop
  endfacet
  facet normal 0.962212622166 0.0590303018689 -0.265823721886
    outer loop
      vertex 133.267120361 4.01734638214 74.2990188599
      vertex 133.148925781 4.2200422287 75.3129043579
      vertex 133.276977539 3.77369356155 75.2355422974
    endloop
  endfacet
  facet normal 0.992996454239 0.0198479611427 -0.116464920342
    outer loop
      vertex 133.321929932 3.57670974731 74.1426773071
      vertex 133.267120361 4.01734638214 74.2990188599
      vertex 133.276977539 3.77369356155 75.2355422974
    endloop
  endfacet
  facet normal 0.992996275425 0.0198476947844 -0.116466358304
    outer loop
      vertex 133.321929932 3.57670974731 74.1426773071
      vertex 133.276977539 3.77369356155 75.2355422974
      vertex 133.332595825 3.31301450729 75.1562347412
    endloop
  endfacet
  facet normal 0.999181389809 6.54655241306e-06 -0.0404538027942
    outer loop
      vertex 133.332595825 3.31301450729 75.1562347412
      vertex 133.450820923 0.393056958914 74.6551437378
      vertex 133.321929932 3.57670974731 74.1426773071
    endloop
  endfacet
  facet normal 0.999181389809 6.63588934913e-06 -0.0404538176954
    outer loop
      vertex 133.321929932 3.57670974731 74.1426773071
      vertex 133.450820923 0.393056958914 74.6551437378
      vertex 133.435028076 0.783364892006 73.154914856
    endloop
  endfacet
  facet normal 0.999161481857 -0.0198362469673 0.0358171910048
    outer loop
      vertex 133.40335083 0.0439850613475 72.8943405151
      vertex 133.435028076 0.783364892006 73.154914856
      vertex 133.450820923 0.393056958914 74.6551437378
    endloop
  endfacet
  facet normal 0.999162495136 -0.0198424924165 0.0357858240604
    outer loop
      vertex 133.40335083 0.0439850613475 72.8943405151
      vertex 133.450820923 0.393056958914 74.6551437378
      vertex 133.420516968 -0.379722177982 74.5229568481
    endloop
  endfacet
  facet normal 0.980555415154 -0.0590270496905 0.187154605985
    outer loop
      vertex 133.249450684 -0.682166397572 72.6401824951
      vertex 133.40335083 0.0439850613475 72.8943405151
      vertex 133.420516968 -0.379722177982 74.5229568481
    endloop
  endfacet
  facet normal 0.980552852154 -0.0590244866908 0.187169075012
    outer loop
      vertex 133.249450684 -0.682166397572 72.6401824951
      vertex 133.420516968 -0.379722177982 74.5229568481
      vertex 133.267929077 -1.13845610619 74.3940200806
    endloop
  endfacet
  facet normal 0.937660932541 -0.0967263802886 0.333820283413
    outer loop
      vertex 132.977096558 -1.37721884251 72.3987045288
      vertex 133.249450684 -0.682166397572 72.6401824951
      vertex 133.267929077 -1.13845610619 74.3940200806
    endloop
  endfacet
  facet normal 0.93766194582 -0.0967268943787 0.333817213774
    outer loop
      vertex 132.977096558 -1.37721884251 72.3987045288
      vertex 133.267929077 -1.13845610619 74.3940200806
      vertex 132.996826172 -1.86446285248 74.271522522
    endloop
  endfacet
  facet normal 0.871610224247 -0.132005229592 0.472091287374
    outer loop
      vertex 132.593002319 -2.02404642105 72.1758422852
      vertex 132.977096558 -1.37721884251 72.3987045288
      vertex 132.996826172 -1.86446285248 74.271522522
    endloop
  endfacet
  facet normal 0.871610581875 -0.132005348802 0.472090661526
    outer loop
      vertex 132.593002319 -2.02404642105 72.1758422852
      vertex 132.996826172 -1.86446285248 74.271522522
      vertex 132.613891602 -2.53985619545 74.1584625244
    endloop
  endfacet
  facet normal 0.784107923508 -0.163988247514 0.598567128181
    outer loop
      vertex 132.106628418 -2.60672712326 71.9770889282
      vertex 132.593002319 -2.02404642105 72.1758422852
      vertex 132.613891602 -2.53985619545 74.1584625244
    endloop
  endfacet
  facet normal 0.784100472927 -0.163986206055 0.598577439785
    outer loop
      vertex 132.106628418 -2.60672712326 71.9770889282
      vertex 132.613891602 -2.53985619545 74.1584625244
      vertex 132.128540039 -3.14801692963 74.0576400757
    endloop
  endfacet
  facet normal 0.784855365753 -0.0551890544593 0.617216527462
    outer loop
      vertex 132.128540039 -3.14801692963 74.0576400757
      vertex 132.613891602 -2.53985619545 74.1584625244
      vertex 132.620910645 -2.71345901489 76.1998138428
    endloop
  endfacet
  facet normal 0.784868478775 -0.0551955699921 0.617199242115
    outer loop
      vertex 132.128540039 -3.14801692963 74.0576400757
      vertex 132.620910645 -2.71345901489 76.1998138428
      vertex 132.135925293 -3.33019566536 76.1998138428
    endloop
  endfacet
  facet normal 0.784868836403 0.0551876574755 0.617199540138
    outer loop
      vertex 132.135925293 -3.33019566536 76.1998138428
      vertex 132.620910645 -2.71345901489 76.1998138428
      vertex 132.613891602 -2.53985619545 78.2411651611
    endloop
  endfacet
  facet normal 0.784855663776 0.055196903646 0.617215454578
    outer loop
      vertex 132.135925293 -3.33019566536 76.1998138428
      vertex 132.613891602 -2.53985619545 78.2411651611
      vertex 132.128540039 -3.14801692963 78.3419876099
    endloop
  endfacet
  facet normal 0.784100294113 0.163990586996 0.598576545715
    outer loop
      vertex 132.128540039 -3.14801692963 78.3419876099
      vertex 132.613891602 -2.53985619545 78.2411651611
      vertex 132.593002319 -2.02404642105 80.2237854004
    endloop
  endfacet
  facet normal 0.784106791019 0.163984805346 0.598569571972
    outer loop
      vertex 132.128540039 -3.14801692963 78.3419876099
      vertex 132.593002319 -2.02404642105 80.2237854004
      vertex 132.106628418 -2.60672712326 80.4225311279
    endloop
  endfacet
  facet normal 0.78261834383 0.268069267273 0.561825096607
    outer loop
      vertex 132.106628418 -2.60672712326 80.4225311279
      vertex 132.593002319 -2.02404642105 80.2237854004
      vertex 132.558853149 -1.18086564541 82.090637207
    endloop
  endfacet
  facet normal 0.782624363899 0.268062949181 0.561819672585
    outer loop
      vertex 132.106628418 -2.60672712326 80.4225311279
      vertex 132.558853149 -1.18086564541 82.090637207
      vertex 132.070800781 -1.72189676762 82.3816070557
    endloop
  endfacet
  facet normal 0.780447542667 0.364422976971 0.508033037186
    outer loop
      vertex 132.070800781 -1.72189676762 82.3816070557
      vertex 132.558853149 -1.18086564541 82.090637207
      vertex 132.512451172 -0.0345686487854 83.7880325317
    endloop
  endfacet
  facet normal 0.780436635017 0.364435613155 0.508040726185
    outer loop
      vertex 132.070800781 -1.72189676762 82.3816070557
      vertex 132.512451172 -0.0345686487854 83.7880325317
      vertex 132.022094727 -0.518979787827 84.1628341675
    endloop
  endfacet
  facet normal 0.777631282806 0.450319796801 0.438750118017
    outer loop
      vertex 132.022094727 -0.518979787827 84.1628341675
      vertex 132.512451172 -0.0345686487854 83.7880325317
      vertex 132.455093384 1.38186788559 85.2671279907
    endloop
  endfacet
  facet normal 0.777637243271 0.450312376022 0.438747167587
    outer loop
      vertex 132.022094727 -0.518979787827 84.1628341675
      vertex 132.455093384 1.38186788559 85.2671279907
      vertex 131.961914062 0.967415094376 85.7149810791
    endloop
  endfacet
  facet normal 0.774285018444 0.523239374161 0.355953991413
    outer loop
      vertex 131.961914062 0.967415094376 85.7149810791
      vertex 132.455093384 1.38186788559 85.2671279907
      vertex 132.388458252 3.02769184113 86.4853668213
    endloop
  endfacet
  facet normal 0.774283885956 0.523240864277 0.355954319239
    outer loop
      vertex 131.961914062 0.967415094376 85.7149810791
      vertex 132.388458252 3.02769184113 86.4853668213
      vertex 131.891983032 2.69453120232 86.9934005737
    endloop
  endfacet
  facet normal 0.770481407642 0.581117212772 0.262032806873
    outer loop
      vertex 131.891983032 2.69453120232 86.9934005737
      vertex 132.388458252 3.02769184113 86.4853668213
      vertex 132.314437866 4.8555598259 87.4077148438
    endloop
  endfacet
  facet normal 0.860644042492 0.467776268721 0.201189413667
    outer loop
      vertex 132.388458252 3.02769184113 86.4853668213
      vertex 132.71395874 5.12137317657 86.7869796753
      vertex 132.314437866 4.8555598259 87.4077148438
    endloop
  endfacet
  facet normal 0.85730868578 0.500903844833 0.118815734982
    outer loop
      vertex 132.314437866 4.8555598259 87.4077148438
      vertex 132.71395874 5.12137317657 86.7869796753
      vertex 132.639099121 6.97029066086 87.3536682129
    endloop
  endfacet
  facet normal 0.857303142548 0.50091356039 0.118814639747
    outer loop
      vertex 132.314437866 4.8555598259 87.4077148438
      vertex 132.639099121 6.97029066086 87.3536682129
      vertex 132.235183716 6.81287813187 88.0076293945
    endloop
  endfacet
  facet normal 0.853789031506 0.519632995129 0.0320285484195
    outer loop
      vertex 132.235183716 6.81287813187 88.0076293945
      vertex 132.639099121 6.97029066086 87.3536682129
      vertex 132.561447144 8.88830661774 87.5994796753
    endloop
  endfacet
  facet normal 0.8537940979 0.519624531269 0.0320310033858
    outer loop
      vertex 132.235183716 6.81287813187 88.0076293945
      vertex 132.561447144 8.88830661774 87.5994796753
      vertex 132.152984619 8.84335422516 88.2678527832
    endloop
  endfacet
  facet normal 0.850202441216 0.523395895958 -0.0566794015467
    outer loop
      vertex 132.152984619 8.84335422516 88.2678527832
      vertex 132.561447144 8.88830661774 87.5994796753
      vertex 132.483215332 10.8202438354 87.5173492432
    endloop
  endfacet
  facet normal 0.850206971169 0.523388922215 -0.0566759929061
    outer loop
      vertex 132.152984619 8.84335422516 88.2678527832
      vertex 132.483215332 10.8202438354 87.5173492432
      vertex 132.070175171 10.8885602951 88.1809005737
    endloop
  endfacet
  facet normal 0.846641302109 0.512102901936 -0.144738346338
    outer loop
      vertex 132.070175171 10.8885602951 88.1809005737
      vertex 132.483215332 10.8202438354 87.5173492432
      vertex 132.406677246 12.710521698 87.10962677
    endloop
  endfacet
  facet normal 0.846633195877 0.5121139884 -0.144746363163
    outer loop
      vertex 132.070175171 10.8885602951 88.1809005737
      vertex 132.406677246 12.710521698 87.10962677
      vertex 131.989135742 12.8896656036 87.7492752075
    endloop
  endfacet
  facet normal 0.843196094036 0.486097633839 -0.22962886095
    outer loop
      vertex 131.989135742 12.8896656036 87.7492752075
      vertex 132.406677246 12.710521698 87.10962677
      vertex 132.334030151 14.5047597885 86.388053894
    endloop
  endfacet
  facet normal 0.843196749687 0.486096858978 -0.229628056288
    outer loop
      vertex 131.989135742 12.8896656036 87.7492752075
      vertex 132.334030151 14.5047597885 86.388053894
      vertex 131.912231445 14.789103508 86.9853973389
    endloop
  endfacet
  facet normal 0.839987158775 0.446094036102 -0.308903992176
    outer loop
      vertex 131.912231445 14.789103508 86.9853973389
      vertex 132.334030151 14.5047597885 86.388053894
      vertex 132.267364502 16.151342392 85.3733825684
    endloop
  endfacet
  facet normal 0.914492547512 0.326870411634 -0.23845140636
    outer loop
      vertex 132.334030151 14.5047597885 86.388053894
      vertex 132.58480835 15.7328128815 84.7905883789
      vertex 132.267364502 16.151342392 85.3733825684
    endloop
  endfacet
  facet normal 0.912374794483 0.288154572248 -0.290756165981
    outer loop
      vertex 132.267364502 16.151342392 85.3733825684
      vertex 132.58480835 15.7328128815 84.7905883789
      vertex 132.529769897 17.0921554565 83.5932388306
    endloop
  endfacet
  facet normal 0.912370383739 0.28815895319 -0.290765702724
    outer loop
      vertex 132.267364502 16.151342392 85.3733825684
      vertex 132.529769897 17.0921554565 83.5932388306
      vertex 132.208587646 17.6029033661 84.0948028564
    endloop
  endfacet
  facet normal 0.910547673702 0.24115408957 -0.335779130459
    outer loop
      vertex 132.208587646 17.6029033661 84.0948028564
      vertex 132.529769897 17.0921554565 83.5932388306
      vertex 132.483703613 18.229757309 82.1831893921
    endloop
  endfacet
  facet normal 0.910553753376 0.241150423884 -0.335765302181
    outer loop
      vertex 132.208587646 17.6029033661 84.0948028564
      vertex 132.483703613 18.229757309 82.1831893921
      vertex 132.159408569 18.8176784515 82.5890960693
    endloop
  endfacet
  facet normal 0.909078598022 0.187201946974 -0.37219825387
    outer loop
      vertex 132.159408569 18.8176784515 82.5890960693
      vertex 132.483703613 18.229757309 82.1831893921
      vertex 132.447937012 19.1128921509 80.6010131836
    endloop
  endfacet
  facet normal 0.909079492092 0.187201783061 -0.37219619751
    outer loop
      vertex 132.159408569 18.8176784515 82.5890960693
      vertex 132.447937012 19.1128921509 80.6010131836
      vertex 132.12121582 19.7607269287 80.8995819092
    endloop
  endfacet
  facet normal 0.907994925976 0.127882510424 -0.398987829685
    outer loop
      vertex 132.12121582 19.7607269287 80.8995819092
      vertex 132.447937012 19.1128921509 80.6010131836
      vertex 132.423522949 19.7161521912 78.8922195435
    endloop
  endfacet
  facet normal 0.907991111279 0.127881735563 -0.39899674058
    outer loop
      vertex 132.12121582 19.7607269287 80.8995819092
      vertex 132.423522949 19.7161521912 78.8922195435
      vertex 132.09513855 20.4049110413 79.0748672485
    endloop
  endfacet
  facet normal 0.907327532768 0.0648736506701 -0.415389090776
    outer loop
      vertex 132.09513855 20.4049110413 79.0748672485
      vertex 132.423522949 19.7161521912 78.8922195435
      vertex 132.411132812 20.0221862793 77.10597229
    endloop
  endfacet
  facet normal 0.907328724861 0.0648743510246 -0.415386468172
    outer loop
      vertex 132.09513855 20.4049110413 79.0748672485
      vertex 132.411132812 20.0221862793 77.10597229
      vertex 132.08190918 20.7317047119 77.1674423218
    endloop
  endfacet
  facet normal 0.907105505466 0 -0.420903354883
    outer loop
      vertex 132.08190918 20.7317047119 77.1674423218
      vertex 132.411132812 20.0221862793 77.10597229
      vertex 132.411132812 20.0221862793 75.2936477661
    endloop
  endfacet
  facet normal 0.907105505466 0 -0.420903354883
    outer loop
      vertex 132.08190918 20.7317047119 77.1674423218
      vertex 132.411132812 20.0221862793 75.2936477661
      vertex 132.08190918 20.7317047119 75.2321853638
    endloop
  endfacet
  facet normal 0.907328486443 -0.0648735836148 -0.415387123823
    outer loop
      vertex 132.08190918 20.7317047119 75.2321853638
      vertex 132.411132812 20.0221862793 75.2936477661
      vertex 132.423522949 19.7161521912 73.5074081421
    endloop
  endfacet
  facet normal 0.907327890396 -0.0648744180799 -0.415388315916
    outer loop
      vertex 132.08190918 20.7317047119 75.2321853638
      vertex 132.423522949 19.7161521912 73.5074081421
      vertex 132.09513855 20.4049110413 73.3247528076
    endloop
  endfacet
  facet normal 0.907991588116 -0.127884954214 -0.398994684219
    outer loop
      vertex 132.09513855 20.4049110413 73.3247528076
      vertex 132.423522949 19.7161521912 73.5074081421
      vertex 132.447937012 19.1128921509 71.798614502
    endloop
  endfacet
  facet normal 0.907995283604 -0.127878665924 -0.398988246918
    outer loop
      vertex 132.09513855 20.4049110413 73.3247528076
      vertex 132.447937012 19.1128921509 71.798614502
      vertex 132.12121582 19.7607269287 71.500038147
    endloop
  endfacet
  facet normal 0.909080266953 -0.187200129032 -0.372195124626
    outer loop
      vertex 132.12121582 19.7607269287 71.500038147
      vertex 132.447937012 19.1128921509 71.798614502
      vertex 132.483703613 18.229757309 70.2164382935
    endloop
  endfacet
  facet normal 0.909079372883 -0.187201932073 -0.372196406126
    outer loop
      vertex 132.12121582 19.7607269287 71.500038147
      vertex 132.483703613 18.229757309 70.2164382935
      vertex 132.159408569 18.8176784515 69.8105239868
    endloop
  endfacet
  facet normal 0.91055470705 -0.241143450141 -0.335767745972
    outer loop
      vertex 132.159408569 18.8176784515 69.8105239868
      vertex 132.483703613 18.229757309 70.2164382935
      vertex 132.529769897 17.0921554565 68.8063812256
    endloop
  endfacet
  facet normal 0.910547196865 -0.241160392761 -0.335775971413
    outer loop
      vertex 132.159408569 18.8176784515 69.8105239868
      vertex 132.529769897 17.0921554565 68.8063812256
      vertex 132.208587646 17.6029033661 68.3048248291
    endloop
  endfacet
  facet normal 0.912369310856 -0.288163900375 -0.290764153004
    outer loop
      vertex 132.208587646 17.6029033661 68.3048248291
      vertex 132.529769897 17.0921554565 68.8063812256
      vertex 132.58480835 15.7328128815 67.6090316772
    endloop
  endfacet
  facet normal 0.912373483181 -0.288153737783 -0.290761232376
    outer loop
      vertex 132.208587646 17.6029033661 68.3048248291
      vertex 132.58480835 15.7328128815 67.6090316772
      vertex 132.267364502 16.151342392 67.0262451172
    endloop
  endfacet
  facet normal 0.914491355419 -0.326873749495 -0.238451391459
    outer loop
      vertex 132.267364502 16.151342392 67.0262451172
      vertex 132.58480835 15.7328128815 67.6090316772
      vertex 132.647232056 14.1908369064 66.658821106
    endloop
  endfacet
  facet normal 0.914493024349 -0.326869577169 -0.238450914621
    outer loop
      vertex 132.267364502 16.151342392 67.0262451172
      vertex 132.647232056 14.1908369064 66.658821106
      vertex 132.334030151 14.5047597885 66.0115737915
    endloop
  endfacet
  facet normal 0.916844725609 -0.356179118156 -0.180366739631
    outer loop
      vertex 132.334030151 14.5047597885 66.0115737915
      vertex 132.647232056 14.1908369064 66.658821106
      vertex 132.715270996 12.5105857849 65.9830932617
    endloop
  endfacet
  facet normal 0.916842401028 -0.356185287237 -0.180366382003
    outer loop
      vertex 132.334030151 14.5047597885 66.0115737915
      vertex 132.715270996 12.5105857849 65.9830932617
      vertex 132.406677246 12.710521698 65.2899932861
    endloop
  endfacet
  facet normal 0.919361054897 -0.375250905752 -0.118160888553
    outer loop
      vertex 132.406677246 12.710521698 65.2899932861
      vertex 132.715270996 12.5105857849 65.9830932617
      vertex 132.786941528 10.7403926849 65.601272583
    endloop
  endfacet
  facet normal 0.919363200665 -0.375245302916 -0.118162177503
    outer loop
      vertex 132.406677246 12.710521698 65.2899932861
      vertex 132.786941528 10.7403926849 65.601272583
      vertex 132.483215332 10.8202438354 64.8822784424
    endloop
  endfacet
  facet normal 0.846633195877 -0.512116014957 -0.144739091396
    outer loop
      vertex 131.989135742 12.8896656036 64.6503448486
      vertex 132.406677246 12.710521698 65.2899932861
      vertex 132.483215332 10.8202438354 64.8822784424
    endloop
  endfacet
  facet normal 0.846643090248 -0.512098491192 -0.144743412733
    outer loop
      vertex 131.989135742 12.8896656036 64.6503448486
      vertex 132.483215332 10.8202438354 64.8822784424
      vertex 132.070175171 10.8885602951 64.2187194824
    endloop
  endfacet
  facet normal 0.850209236145 -0.523384690285 -0.0566809512675
    outer loop
      vertex 132.070175171 10.8885602951 64.2187194824
      vertex 132.483215332 10.8202438354 64.8822784424
      vertex 132.561447144 8.88830661774 64.8001403809
    endloop
  endfacet
  facet normal 0.850202679634 -0.523395836353 -0.0566761121154
    outer loop
      vertex 132.070175171 10.8885602951 64.2187194824
      vertex 132.561447144 8.88830661774 64.8001403809
      vertex 132.152984619 8.84335422516 64.1317672729
    endloop
  endfacet
  facet normal 0.8537940979 -0.519624769688 0.0320272892714
    outer loop
      vertex 132.152984619 8.84335422516 64.1317672729
      vertex 132.561447144 8.88830661774 64.8001403809
      vertex 132.639099121 6.97029066086 65.0459518433
    endloop
  endfacet
  facet normal 0.853786826134 -0.519636273384 0.0320347882807
    outer loop
      vertex 132.152984619 8.84335422516 64.1317672729
      vertex 132.639099121 6.97029066086 65.0459518433
      vertex 132.235183716 6.81287813187 64.391998291
    endloop
  endfacet
  facet normal 0.857300579548 -0.500916659832 0.118819974363
    outer loop
      vertex 132.235183716 6.81287813187 64.391998291
      vertex 132.639099121 6.97029066086 65.0459518433
      vertex 132.71395874 5.12137317657 65.6126403809
    endloop
  endfacet
  facet normal 0.857305824757 -0.500909328461 0.118813246489
    outer loop
      vertex 132.235183716 6.81287813187 64.391998291
      vertex 132.71395874 5.12137317657 65.6126403809
      vertex 132.314437866 4.8555598259 64.9919128418
    endloop
  endfacet
  facet normal 0.860641717911 -0.467778623104 0.201194018126
    outer loop
      vertex 132.314437866 4.8555598259 64.9919128418
      vertex 132.71395874 5.12137317657 65.6126403809
      vertex 132.783874512 3.39473772049 66.4839096069
    endloop
  endfacet
  facet normal 0.929621338844 -0.342771351337 0.135321557522
    outer loop
      vertex 132.71395874 5.12137317657 65.6126403809
      vertex 133.068511963 3.7866268158 67.1011505127
      vertex 132.783874512 3.39473772049 66.4839096069
    endloop
  endfacet
  facet normal 0.929623067379 -0.342768311501 0.135317698121
    outer loop
      vertex 132.71395874 5.12137317657 65.6126403809
      vertex 133.003036499 5.4035692215 66.2852401733
      vertex 133.068511963 3.7866268158 67.1011505127
    endloop
  endfacet
  facet normal 0.975648701191 -0.209162205458 0.0660362392664
    outer loop
      vertex 133.003036499 5.4035692215 66.2852401733
      vertex 133.235336304 4.19371461868 67.750793457
      vertex 133.068511963 3.7866268158 67.1011505127
    endloop
  endfacet
  facet normal 0.975646495819 -0.209169641137 0.066045679152
    outer loop
      vertex 133.003036499 5.4035692215 66.2852401733
      vertex 133.174545288 5.69519948959 66.9931411743
      vertex 133.235336304 4.19371461868 67.750793457
    endloop
  endfacet
  facet normal 0.997514009476 -0.0702968761325 -0.00491516618058
    outer loop
      vertex 133.174545288 5.69519948959 66.9931411743
      vertex 133.28024292 4.60596656799 68.4168395996
      vertex 133.235336304 4.19371461868 67.750793457
    endloop
  endfacet
  facet normal 0.997514009476 -0.0702968761325 -0.00491516757756
    outer loop
      vertex 133.174545288 5.69519948959 66.9931411743
      vertex 133.224243164 5.98909282684 67.7189102173
      vertex 133.28024292 4.60596656799 68.4168395996
    endloop
  endfacet
  facet normal 0.999181389809 -9.96226958705e-07 -0.0404541641474
    outer loop
      vertex 133.179519653 7.093708992 70.4701004028
      vertex 133.28024292 4.60596656799 68.4168395996
      vertex 133.224243164 5.98909282684 67.7189102173
    endloop
  endfacet
  facet normal 0.999181389809 -7.94845732344e-07 -0.0404536649585
    outer loop
      vertex 133.179519653 7.093708992 70.4701004028
      vertex 133.224243164 5.98909282684 67.7189102173
      vertex 133.139007568 8.09433364868 70.1634063721
    endloop
  endfacet
  facet normal 0.995144724846 0.0753058046103 -0.0633719041944
    outer loop
      vertex 133.139007568 8.09433364868 70.1634063721
      vertex 133.135528564 7.26704835892 70.9055633545
      vertex 133.179519653 7.093708992 70.4701004028
    endloop
  endfacet
  facet normal 0.994642734528 0.0703203454614 -0.0757689699531
    outer loop
      vertex 133.179519653 7.093708992 70.4701004028
      vertex 133.135528564 7.26704835892 70.9055633545
      vertex 133.170501709 6.40362930298 71.3412399292
    endloop
  endfacet
  facet normal 0.967112421989 0.20916749537 -0.144715443254
    outer loop
      vertex 133.135528564 7.26704835892 70.9055633545
      vertex 133.050979614 6.63898563385 71.7310256958
      vertex 133.170501709 6.40362930298 71.3412399292
    endloop
  endfacet
  facet normal 0.965743303299 0.188336536288 -0.178519442677
    outer loop
      vertex 133.170501709 6.40362930298 71.3412399292
      vertex 133.050979614 6.63898563385 71.7310256958
      vertex 133.079940796 5.92392253876 72.2603225708
    endloop
  endfacet
  facet normal 0.913394927979 0.308627843857 -0.265440255404
    outer loop
      vertex 133.050979614 6.63898563385 71.7310256958
      vertex 132.888305664 6.20374059677 72.586807251
      vertex 133.079940796 5.92392253876 72.2603225708
    endloop
  endfacet
  facet normal 0.911417245865 0.265613466501 -0.314273953438
    outer loop
      vertex 133.079940796 5.92392253876 72.2603225708
      vertex 132.888305664 6.20374059677 72.586807251
      vertex 132.91116333 5.63933849335 73.1761703491
    endloop
  endfacet
  facet normal 0.835797131062 0.362485766411 -0.412367850542
    outer loop
      vertex 132.888305664 6.20374059677 72.586807251
      vertex 132.652755737 5.94142580032 73.4283294678
      vertex 132.91116333 5.63933849335 73.1761703491
    endloop
  endfacet
  facet normal 0.83353883028 0.2933562994 -0.468140035868
    outer loop
      vertex 132.91116333 5.63933849335 73.1761703491
      vertex 132.652755737 5.94142580032 73.4283294678
      vertex 132.669708252 5.52275896072 74.0482788086
    endloop
  endfacet
  facet normal 0.833538770676 0.2933562994 -0.468140155077
    outer loop
      vertex 132.91116333 5.63933849335 73.1761703491
      vertex 132.669708252 5.52275896072 74.0482788086
      vertex 132.929656982 5.18258333206 73.8525238037
    endloop
  endfacet
  facet normal 0.831785440445 0.215785741806 -0.51143860817
    outer loop
      vertex 132.929656982 5.18258333206 73.8525238037
      vertex 132.669708252 5.52275896072 74.0482788086
      vertex 132.682174683 5.21479940414 74.7301177979
    endloop
  endfacet
  facet normal 0.8317938447 0.215788647532 -0.511423766613
    outer loop
      vertex 132.929656982 5.18258333206 73.8525238037
      vertex 132.682174683 5.21479940414 74.7301177979
      vertex 132.943252563 4.84660053253 74.5964050293
    endloop
  endfacet
  facet normal 0.830597281456 0.132005274296 -0.541001617908
    outer loop
      vertex 132.943252563 4.84660053253 74.5964050293
      vertex 132.682174683 5.21479940414 74.7301177979
      vertex 132.689804077 5.02640676498 75.4542388916
    endloop
  endfacet
  facet normal 0.830584168434 0.13199673593 -0.541023850441
    outer loop
      vertex 132.943252563 4.84660053253 74.5964050293
      vertex 132.689804077 5.02640676498 75.4542388916
      vertex 132.951583862 4.64106655121 75.3864059448
    endloop
  endfacet
  facet normal 0.829976797104 0.0444329492748 -0.556025385857
    outer loop
      vertex 132.951583862 4.64106655121 75.3864059448
      vertex 132.689804077 5.02640676498 75.4542388916
      vertex 132.692367554 4.96299886703 76.1998138428
    endloop
  endfacet
  facet normal 0.829978704453 0.0444347597659 -0.55602234602
    outer loop
      vertex 132.951583862 4.64106655121 75.3864059448
      vertex 132.692367554 4.96299886703 76.1998138428
      vertex 132.954376221 4.57189559937 76.1998138428
    endloop
  endfacet
  facet normal 0.907163321972 0.032561711967 -0.419516921043
    outer loop
      vertex 133.148925781 4.2200422287 75.3129043579
      vertex 132.951583862 4.64106655121 75.3864059448
      vertex 132.954376221 4.57189559937 76.1998138428
    endloop
  endfacet
  facet normal 0.907156050205 0.0325536057353 -0.419533312321
    outer loop
      vertex 133.148925781 4.2200422287 75.3129043579
      vertex 132.954376221 4.57189559937 76.1998138428
      vertex 133.151977539 4.14461660385 76.1998138428
    endloop
  endfacet
  facet normal 0.961941003799 0.0198636222631 -0.272534221411
    outer loop
      vertex 133.276977539 3.77369356155 75.2355422974
      vertex 133.148925781 4.2200422287 75.3129043579
      vertex 133.151977539 4.14461660385 76.1998138428
    endloop
  endfacet
  facet normal 0.961939275265 0.0198609884828 -0.272540509701
    outer loop
      vertex 133.276977539 3.77369356155 75.2355422974
      vertex 133.151977539 4.14461660385 76.1998138428
      vertex 133.280303955 3.69169187546 76.1998138428
    endloop
  endfacet
  facet normal 0.992904961109 0.00667362799868 -0.118723295629
    outer loop
      vertex 133.332595825 3.31301450729 75.1562347412
      vertex 133.276977539 3.77369356155 75.2355422974
      vertex 133.280303955 3.69169187546 76.1998138428
    endloop
  endfacet
  facet normal 0.9929048419 0.00667326385155 -0.118724279106
    outer loop
      vertex 133.332595825 3.31301450729 75.1562347412
      vertex 133.280303955 3.69169187546 76.1998138428
      vertex 133.336196899 3.22426748276 76.1998138428
    endloop
  endfacet
  facet normal 0.999181330204 -4.44626630269e-06 -0.0404553636909
    outer loop
      vertex 133.336196899 3.22426748276 76.1998138428
      vertex 133.45614624 0.261698156595 76.1998138428
      vertex 133.332595825 3.31301450729 75.1562347412
    endloop
  endfacet
  facet normal 0.999181330204 -3.81535028282e-06 -0.0404555797577
    outer loop
      vertex 133.332595825 3.31301450729 75.1562347412
      vertex 133.45614624 0.261698156595 76.1998138428
      vertex 133.450820923 0.393056958914 74.6551437378
    endloop
  endfacet
  facet normal 0.999253869057 -0.00667941756546 0.0380410030484
    outer loop
      vertex 133.420516968 -0.379722177982 74.5229568481
      vertex 133.450820923 0.393056958914 74.6551437378
      vertex 133.45614624 0.261698156595 76.1998138428
    endloop
  endfacet
  facet normal 0.99925339222 -0.00667414907366 0.0380547493696
    outer loop
      vertex 133.420516968 -0.379722177982 74.5229568481
      vertex 133.45614624 0.261698156595 76.1998138428
      vertex 133.42628479 -0.522329509258 76.1998138428
    endloop
  endfacet
  facet normal 0.980824410915 -0.0198627077043 0.193878725171
    outer loop
      vertex 133.267929077 -1.13845610619 74.3940200806
      vertex 133.420516968 -0.379722177982 74.5229568481
      vertex 133.42628479 -0.522329509258 76.1998138428
    endloop
  endfacet
  facet normal 0.980824589729 -0.0198630392551 0.193877801299
    outer loop
      vertex 133.267929077 -1.13845610619 74.3940200806
      vertex 133.42628479 -0.522329509258 76.1998138428
      vertex 133.274139404 -1.29202771187 76.1998138428
    endloop
  endfacet
  facet normal 0.938107311726 -0.0325520373881 0.344811588526
    outer loop
      vertex 132.996826172 -1.86446285248 74.271522522
      vertex 133.267929077 -1.13845610619 74.3940200806
      vertex 133.274139404 -1.29202771187 76.1998138428
    endloop
  endfacet
  facet normal 0.938107311726 -0.0325520262122 0.344811618328
    outer loop
      vertex 132.996826172 -1.86446285248 74.271522522
      vertex 133.274139404 -1.29202771187 76.1998138428
      vertex 133.003463745 -2.02844548225 76.1998138428
    endloop
  endfacet
  facet normal 0.8722178936 -0.0444251336157 0.487095803022
    outer loop
      vertex 132.613891602 -2.53985619545 74.1584625244
      vertex 132.996826172 -1.86446285248 74.271522522
      vertex 133.003463745 -2.02844548225 76.1998138428
    endloop
  endfacet
  facet normal 0.872216045856 -0.0444239042699 0.487099289894
    outer loop
      vertex 132.613891602 -2.53985619545 74.1584625244
      vertex 133.003463745 -2.02844548225 76.1998138428
      vertex 132.620910645 -2.71345901489 76.1998138428
    endloop
  endfacet
  facet normal 0.872215986252 0.0444255955517 0.487099260092
    outer loop
      vertex 132.620910645 -2.71345901489 76.1998138428
      vertex 133.003463745 -2.02844548225 76.1998138428
      vertex 132.996826172 -1.86446285248 78.1280975342
    endloop
  endfacet
  facet normal 0.872218072414 0.0444236025214 0.487095654011
    outer loop
      vertex 132.620910645 -2.71345901489 76.1998138428
      vertex 132.996826172 -1.86446285248 78.1280975342
      vertex 132.613891602 -2.53985619545 78.2411651611
    endloop
  endfacet
  facet normal 0.871611237526 0.132004290819 0.472089707851
    outer loop
      vertex 132.613891602 -2.53985619545 78.2411651611
      vertex 132.996826172 -1.86446285248 78.1280975342
      vertex 132.977096558 -1.37721884251 80.0009231567
    endloop
  endfacet
  facet normal 0.871610283852 0.13200545311 0.472091168165
    outer loop
      vertex 132.613891602 -2.53985619545 78.2411651611
      vertex 132.977096558 -1.37721884251 80.0009231567
      vertex 132.593002319 -2.02404642105 80.2237854004
    endloop
  endfacet
  facet normal 0.870412528515 0.215786665678 0.442513376474
    outer loop
      vertex 132.593002319 -2.02404642105 80.2237854004
      vertex 132.977096558 -1.37721884251 80.0009231567
      vertex 132.944839478 -0.580733060837 81.7643890381
    endloop
  endfacet
  facet normal 0.870412170887 0.215787187219 0.442513853312
    outer loop
      vertex 132.593002319 -2.02404642105 80.2237854004
      vertex 132.944839478 -0.580733060837 81.7643890381
      vertex 132.558853149 -1.18086564541 82.090637207
    endloop
  endfacet
  facet normal 0.868658781052 0.293352991343 0.399219214916
    outer loop
      vertex 132.558853149 -1.18086564541 82.090637207
      vertex 132.944839478 -0.580733060837 81.7643890381
      vertex 132.901000977 0.502078950405 83.3677749634
    endloop
  endfacet
  facet normal 0.868662595749 0.293346911669 0.399215370417
    outer loop
      vertex 132.558853149 -1.18086564541 82.090637207
      vertex 132.901000977 0.502078950405 83.3677749634
      vertex 132.512451172 -0.0345686487854 83.7880325317
    endloop
  endfacet
  facet normal 0.866403639317 0.362488329411 0.34343406558
    outer loop
      vertex 132.512451172 -0.0345686487854 83.7880325317
      vertex 132.901000977 0.502078950405 83.3677749634
      vertex 132.846817017 1.84007024765 84.7649459839
    endloop
  endfacet
  facet normal 0.866407454014 0.362481743097 0.343431323767
    outer loop
      vertex 132.512451172 -0.0345686487854 83.7880325317
      vertex 132.846817017 1.84007024765 84.7649459839
      vertex 132.455093384 1.38186788559 85.2671279907
    endloop
  endfacet
  facet normal 0.86370909214 0.421180397272 0.27679169178
    outer loop
      vertex 132.455093384 1.38186788559 85.2671279907
      vertex 132.846817017 1.84007024765 84.7649459839
      vertex 132.783874512 3.39473772049 85.9157180786
    endloop
  endfacet
  facet normal 0.863706767559 0.421184539795 0.276792645454
    outer loop
      vertex 132.455093384 1.38186788559 85.2671279907
      vertex 132.783874512 3.39473772049 85.9157180786
      vertex 132.388458252 3.02769184113 86.4853668213
    endloop
  endfacet
  facet normal 0.860645532608 0.467773646116 0.201189264655
    outer loop
      vertex 132.388458252 3.02769184113 86.4853668213
      vertex 132.783874512 3.39473772049 85.9157180786
      vertex 132.71395874 5.12137317657 86.7869796753
    endloop
  endfacet
  facet normal 0.929621934891 0.342770636082 0.135319620371
    outer loop
      vertex 132.783874512 3.39473772049 85.9157180786
      vertex 133.003036499 5.4035692215 86.1143875122
      vertex 132.71395874 5.12137317657 86.7869796753
    endloop
  endfacet
  facet normal 0.92717808485 0.367044389248 0.0749616771936
    outer loop
      vertex 132.71395874 5.12137317657 86.7869796753
      vertex 133.003036499 5.4035692215 86.1143875122
      vertex 132.932937622 7.13502788544 86.645072937
    endloop
  endfacet
  facet normal 0.927175939083 0.367049843073 0.0749610587955
    outer loop
      vertex 132.71395874 5.12137317657 86.7869796753
      vertex 132.932937622 7.13502788544 86.645072937
      vertex 132.639099121 6.97029066086 87.3536682129
    endloop
  endfacet
  facet normal 0.924600422382 0.380769014359 0.0113559793681
    outer loop
      vertex 132.639099121 6.97029066086 87.3536682129
      vertex 132.932937622 7.13502788544 86.645072937
      vertex 132.860198975 8.9311914444 86.8752670288
    endloop
  endfacet
  facet normal 0.924608886242 0.380748391151 0.0113619575277
    outer loop
      vertex 132.639099121 6.97029066086 87.3536682129
      vertex 132.860198975 8.9311914444 86.8752670288
      vertex 132.561447144 8.88830661774 87.5994796753
    endloop
  endfacet
  facet normal 0.921977102757 0.38351175189 -0.0536375567317
    outer loop
      vertex 132.561447144 8.88830661774 87.5994796753
      vertex 132.860198975 8.9311914444 86.8752670288
      vertex 132.786941528 10.7403926849 86.7983551025
    endloop
  endfacet
  facet normal 0.92197561264 0.383515119553 -0.0536391921341
    outer loop
      vertex 132.561447144 8.88830661774 87.5994796753
      vertex 132.786941528 10.7403926849 86.7983551025
      vertex 132.483215332 10.8202438354 87.5173492432
    endloop
  endfacet
  facet normal 0.919363260269 0.375245928764 -0.118159770966
    outer loop
      vertex 132.483215332 10.8202438354 87.5173492432
      vertex 132.786941528 10.7403926849 86.7983551025
      vertex 132.715270996 12.5105857849 86.4165344238
    endloop
  endfacet
  facet normal 0.919359564781 0.375253230333 -0.118165023625
    outer loop
      vertex 132.483215332 10.8202438354 87.5173492432
      vertex 132.715270996 12.5105857849 86.4165344238
      vertex 132.406677246 12.710521698 87.10962677
    endloop
  endfacet
  facet normal 0.916840732098 0.356187075377 -0.180371418595
    outer loop
      vertex 132.406677246 12.710521698 87.10962677
      vertex 132.715270996 12.5105857849 86.4165344238
      vertex 132.647232056 14.1908369064 85.7407989502
    endloop
  endfacet
  facet normal 0.916846036911 0.356178045273 -0.180362194777
    outer loop
      vertex 132.406677246 12.710521698 87.10962677
      vertex 132.647232056 14.1908369064 85.7407989502
      vertex 132.334030151 14.5047597885 86.388053894
    endloop
  endfacet
  facet normal 0.914494335651 0.326868027449 -0.238447979093
    outer loop
      vertex 132.334030151 14.5047597885 86.388053894
      vertex 132.647232056 14.1908369064 85.7407989502
      vertex 132.58480835 15.7328128815 84.7905883789
    endloop
  endfacet
  facet normal 0.966414988041 0.199462756515 -0.162039071321
    outer loop
      vertex 132.647232056 14.1908369064 85.7407989502
      vertex 132.78616333 15.2869443893 84.1772079468
      vertex 132.58480835 15.7328128815 84.7905883789
    endloop
  endfacet
  facet normal 0.965122759342 0.175837650895 -0.193956539035
    outer loop
      vertex 132.58480835 15.7328128815 84.7905883789
      vertex 132.78616333 15.2869443893 84.1772079468
      vertex 132.735061646 16.5492267609 83.0653533936
    endloop
  endfacet
  facet normal 0.965121269226 0.175840005279 -0.193961799145
    outer loop
      vertex 132.58480835 15.7328128815 84.7905883789
      vertex 132.735061646 16.5492267609 83.0653533936
      vertex 132.529769897 17.0921554565 83.5932388306
    endloop
  endfacet
  facet normal 0.964009284973 0.147158294916 -0.221428349614
    outer loop
      vertex 132.529769897 17.0921554565 83.5932388306
      vertex 132.735061646 16.5492267609 83.0653533936
      vertex 132.69229126 17.6056041718 81.7559814453
    endloop
  endfacet
  facet normal 0.964006006718 0.147161394358 -0.221440494061
    outer loop
      vertex 132.529769897 17.0921554565 83.5932388306
      vertex 132.69229126 17.6056041718 81.7559814453
      vertex 132.483703613 18.229757309 82.1831893921
    endloop
  endfacet
  facet normal 0.963105678558 0.114237867296 -0.24367441237
    outer loop
      vertex 132.483703613 18.229757309 82.1831893921
      vertex 132.69229126 17.6056041718 81.7559814453
      vertex 132.659072876 18.4256858826 80.2867660522
    endloop
  endfacet
  facet normal 0.963107585907 0.114237271249 -0.243666931987
    outer loop
      vertex 132.483703613 18.229757309 82.1831893921
      vertex 132.659072876 18.4256858826 80.2867660522
      vertex 132.447937012 19.1128921509 80.6010131836
    endloop
  endfacet
  facet normal 0.962445557117 0.0780390948057 -0.260016292334
    outer loop
      vertex 132.447937012 19.1128921509 80.6010131836
      vertex 132.659072876 18.4256858826 80.2867660522
      vertex 132.636398315 18.9858722687 78.6999816895
    endloop
  endfacet
  facet normal 0.962447822094 0.0780398994684 -0.260007560253
    outer loop
      vertex 132.447937012 19.1128921509 80.6010131836
      vertex 132.636398315 18.9858722687 78.6999816895
      vertex 132.423522949 19.7161521912 78.8922195435
    endloop
  endfacet
  facet normal 0.962042927742 0.039589330554 -0.2700111866
    outer loop
      vertex 132.423522949 19.7161521912 78.8922195435
      vertex 132.636398315 18.9858722687 78.6999816895
      vertex 132.624893188 19.2700538635 77.0412750244
    endloop
  endfacet
  facet normal 0.962041437626 0.0395878069103 -0.270016819239
    outer loop
      vertex 132.423522949 19.7161521912 78.8922195435
      vertex 132.624893188 19.2700538635 77.0412750244
      vertex 132.411132812 20.0221862793 77.10597229
    endloop
  endfacet
  facet normal 0.961905181408 0 -0.273383378983
    outer loop
      vertex 132.411132812 20.0221862793 77.10597229
      vertex 132.624893188 19.2700538635 77.0412750244
      vertex 132.624893188 19.2700538635 75.3583526611
    endloop
  endfacet
  facet normal 0.961905181408 0 -0.273383378983
    outer loop
      vertex 132.411132812 20.0221862793 77.10597229
      vertex 132.624893188 19.2700538635 75.3583526611
      vertex 132.411132812 20.0221862793 75.2936477661
    endloop
  endfacet
  facet normal 0.962041497231 -0.0395900271833 -0.270016252995
    outer loop
      vertex 132.411132812 20.0221862793 75.2936477661
      vertex 132.624893188 19.2700538635 75.3583526611
      vertex 132.636398315 18.9858722687 73.6996383667
    endloop
  endfacet
  facet normal 0.962042748928 -0.0395871661603 -0.270012140274
    outer loop
      vertex 132.411132812 20.0221862793 75.2936477661
      vertex 132.636398315 18.9858722687 73.6996383667
      vertex 132.423522949 19.7161521912 73.5074081421
    endloop
  endfacet
  facet normal 0.96244764328 -0.078036904335 -0.260009109974
    outer loop
      vertex 132.423522949 19.7161521912 73.5074081421
      vertex 132.636398315 18.9858722687 73.6996383667
      vertex 132.659072876 18.4256858826 72.1128616333
    endloop
  endfacet
  facet normal 0.962445676327 -0.0780424773693 -0.260014772415
    outer loop
      vertex 132.423522949 19.7161521912 73.5074081421
      vertex 132.659072876 18.4256858826 72.1128616333
      vertex 132.447937012 19.1128921509 71.798614502
    endloop
  endfacet
  facet normal 0.963107645512 -0.114234402776 -0.243668243289
    outer loop
      vertex 132.447937012 19.1128921509 71.798614502
      vertex 132.659072876 18.4256858826 72.1128616333
      vertex 132.69229126 17.6056041718 70.6436462402
    endloop
  endfacet
  facet normal 0.963105797768 -0.114240445197 -0.243672579527
    outer loop
      vertex 132.447937012 19.1128921509 71.798614502
      vertex 132.69229126 17.6056041718 70.6436462402
      vertex 132.483703613 18.229757309 70.2164382935
    endloop
  endfacet
  facet normal 0.964006066322 -0.147165700793 -0.22143740952
    outer loop
      vertex 132.483703613 18.229757309 70.2164382935
      vertex 132.69229126 17.6056041718 70.6436462402
      vertex 132.735061646 16.5492267609 69.334274292
    endloop
  endfacet
  facet normal 0.964009404182 -0.147153139114 -0.221431300044
    outer loop
      vertex 132.483703613 18.229757309 70.2164382935
      vertex 132.735061646 16.5492267609 69.334274292
      vertex 132.529769897 17.0921554565 68.8063812256
    endloop
  endfacet
  facet normal 0.965121746063 -0.17583990097 -0.193959563971
    outer loop
      vertex 132.529769897 17.0921554565 68.8063812256
      vertex 132.735061646 16.5492267609 69.334274292
      vertex 132.78616333 15.2869443893 68.2224121094
    endloop
  endfacet
  facet normal 0.965122640133 -0.175836190581 -0.193958491087
    outer loop
      vertex 132.529769897 17.0921554565 68.8063812256
      vertex 132.78616333 15.2869443893 68.2224121094
      vertex 132.58480835 15.7328128815 67.6090316772
    endloop
  endfacet
  facet normal 0.966414868832 -0.199457451701 -0.162046313286
    outer loop
      vertex 132.58480835 15.7328128815 67.6090316772
      vertex 132.78616333 15.2869443893 68.2224121094
      vertex 132.844146729 13.8550634384 67.3400497437
    endloop
  endfacet
  facet normal 0.96641010046 -0.199478685856 -0.162048697472
    outer loop
      vertex 132.58480835 15.7328128815 67.6090316772
      vertex 132.844146729 13.8550634384 67.3400497437
      vertex 132.647232056 14.1908369064 66.658821106
    endloop
  endfacet
  facet normal 0.967845261097 -0.217365682125 -0.12660060823
    outer loop
      vertex 132.647232056 14.1908369064 66.658821106
      vertex 132.844146729 13.8550634384 67.3400497437
      vertex 132.907318115 12.2947807312 66.712562561
    endloop
  endfacet
  facet normal 0.967848300934 -0.217351719737 -0.126601412892
    outer loop
      vertex 132.647232056 14.1908369064 66.658821106
      vertex 132.907318115 12.2947807312 66.712562561
      vertex 132.715270996 12.5105857849 65.9830932617
    endloop
  endfacet
  facet normal 0.969385325909 -0.228986024857 -0.0886426791549
    outer loop
      vertex 132.715270996 12.5105857849 65.9830932617
      vertex 132.907318115 12.2947807312 66.712562561
      vertex 132.973876953 10.6509809494 66.3580093384
    endloop
  endfacet
  facet normal 0.969382822514 -0.228997543454 -0.088640011847
    outer loop
      vertex 132.715270996 12.5105857849 65.9830932617
      vertex 132.973876953 10.6509809494 66.3580093384
      vertex 132.786941528 10.7403926849 65.601272583
    endloop
  endfacet
  facet normal 0.970977067947 -0.234043717384 -0.0492648482323
    outer loop
      vertex 132.786941528 10.7403926849 65.601272583
      vertex 132.973876953 10.6509809494 66.3580093384
      vertex 133.041900635 8.97095489502 66.2865829468
    endloop
  endfacet
  facet normal 0.970978856087 -0.234035685658 -0.0492682121694
    outer loop
      vertex 132.786941528 10.7403926849 65.601272583
      vertex 133.041900635 8.97095489502 66.2865829468
      vertex 132.860198975 8.9311914444 65.5243530273
    endloop
  endfacet
  facet normal 0.92197573185 -0.383514821529 -0.0536391399801
    outer loop
      vertex 132.483215332 10.8202438354 64.8822784424
      vertex 132.786941528 10.7403926849 65.601272583
      vertex 132.860198975 8.9311914444 65.5243530273
    endloop
  endfacet
  facet normal 0.921976864338 -0.383511841297 -0.0536403879523
    outer loop
      vertex 132.483215332 10.8202438354 64.8822784424
      vertex 132.860198975 8.9311914444 65.5243530273
      vertex 132.561447144 8.88830661774 64.8001403809
    endloop
  endfacet
  facet normal 0.924608767033 -0.380748808384 0.0113545581698
    outer loop
      vertex 132.561447144 8.88830661774 64.8001403809
      vertex 132.860198975 8.9311914444 65.5243530273
      vertex 132.932937622 7.13502788544 65.7545547485
    endloop
  endfacet
  facet normal 0.924602389336 -0.380764096975 0.0113642299548
    outer loop
      vertex 132.561447144 8.88830661774 64.8001403809
      vertex 132.932937622 7.13502788544 65.7545547485
      vertex 132.639099121 6.97029066086 65.0459518433
    endloop
  endfacet
  facet normal 0.927177250385 -0.367046386003 0.0749623253942
    outer loop
      vertex 132.639099121 6.97029066086 65.0459518433
      vertex 132.932937622 7.13502788544 65.7545547485
      vertex 133.003036499 5.4035692215 66.2852401733
    endloop
  endfacet
  facet normal 0.927179157734 -0.367042243481 0.074958615005
    outer loop
      vertex 132.639099121 6.97029066086 65.0459518433
      vertex 133.003036499 5.4035692215 66.2852401733
      vertex 132.71395874 5.12137317657 65.6126403809
    endloop
  endfacet
  facet normal 0.974155247211 -0.223982527852 0.0292119365185
    outer loop
      vertex 132.932937622 7.13502788544 65.7545547485
      vertex 133.174545288 5.69519948959 66.9931411743
      vertex 133.003036499 5.4035692215 66.2852401733
    endloop
  endfacet
  facet normal 0.974159419537 -0.223966300488 0.0291972663254
    outer loop
      vertex 132.932937622 7.13502788544 65.7545547485
      vertex 133.109436035 7.30303764343 66.5003433228
      vertex 133.174545288 5.69519948959 66.9931411743
    endloop
  endfacet
  facet normal 0.997012495995 -0.0752779617906 -0.0173007547855
    outer loop
      vertex 133.109436035 7.30303764343 66.5003433228
      vertex 133.224243164 5.98909282684 67.7189102173
      vertex 133.174545288 5.69519948959 66.9931411743
    endloop
  endfacet
  facet normal 0.997011780739 -0.075290247798 -0.0172892976552
    outer loop
      vertex 133.109436035 7.30303764343 66.5003433228
      vertex 133.164276123 7.47017860413 67.2649536133
      vertex 133.224243164 5.98909282684 67.7189102173
    endloop
  endfacet
  facet normal 0.999181389809 -7.33234060135e-07 -0.040453594178
    outer loop
      vertex 133.139007568 8.09433364868 70.1634063721
      vertex 133.224243164 5.98909282684 67.7189102173
      vertex 133.164276123 7.47017860413 67.2649536133
    endloop
  endfacet
  facet normal 0.999180972576 -2.9920236102e-06 -0.040464065969
    outer loop
      vertex 133.139007568 8.09433364868 70.1634063721
      vertex 133.164276123 7.47017860413 67.2649536133
      vertex 133.096969604 9.13235282898 70.030380249
    endloop
  endfacet
  facet normal 0.995673060417 0.0781138315797 -0.0503329597414
    outer loop
      vertex 133.096969604 9.13235282898 70.030380249
      vertex 133.098098755 8.19162559509 70.622177124
      vertex 133.139007568 8.09433364868 70.1634063721
    endloop
  endfacet
  facet normal 0.995145201683 0.0753022506833 -0.0633687153459
    outer loop
      vertex 133.139007568 8.09433364868 70.1634063721
      vertex 133.098098755 8.19162559509 70.622177124
      vertex 133.135528564 7.26704835892 70.9055633545
    endloop
  endfacet
  facet normal 0.968613088131 0.223954468966 -0.107856974006
    outer loop
      vertex 133.098098755 8.19162559509 70.622177124
      vertex 133.018829346 7.43314027786 71.3302993774
      vertex 133.135528564 7.26704835892 70.9055633545
    endloop
  endfacet
  facet normal 0.967122256756 0.209144040942 -0.144683301449
    outer loop
      vertex 133.135528564 7.26704835892 70.9055633545
      vertex 133.018829346 7.43314027786 71.3302993774
      vertex 133.050979614 6.63898563385 71.7310256958
    endloop
  endfacet
  facet normal 0.91564643383 0.342757940292 -0.210020422935
    outer loop
      vertex 133.018829346 7.43314027786 71.3302993774
      vertex 132.861755371 6.85954189301 72.1013793945
      vertex 133.050979614 6.63898563385 71.7310256958
    endloop
  endfacet
  facet normal 0.913403451443 0.308619499207 -0.265420645475
    outer loop
      vertex 133.050979614 6.63898563385 71.7310256958
      vertex 132.861755371 6.85954189301 72.1013793945
      vertex 132.888305664 6.20374059677 72.586807251
    endloop
  endfacet
  facet normal 0.83849465847 0.42119589448 -0.345717638731
    outer loop
      vertex 132.861755371 6.85954189301 72.1013793945
      vertex 132.63180542 6.45875549316 72.8881149292
      vertex 132.888305664 6.20374059677 72.586807251
    endloop
  endfacet
  facet normal 0.835795760155 0.362486153841 -0.412370294333
    outer loop
      vertex 132.888305664 6.20374059677 72.586807251
      vertex 132.63180542 6.45875549316 72.8881149292
      vertex 132.652755737 5.94142580032 73.4283294678
    endloop
  endfacet
  facet normal 0.739615857601 0.450312703848 -0.500186800957
    outer loop
      vertex 132.63180542 6.45875549316 72.8881149292
      vertex 132.336013794 6.20733308792 73.6532058716
      vertex 132.652755737 5.94142580032 73.4283294678
    endloop
  endfacet
  facet normal 0.736810982227 0.364442288876 -0.569465875626
    outer loop
      vertex 132.652755737 5.94142580032 73.4283294678
      vertex 132.336013794 6.20733308792 73.6532058716
      vertex 132.351577759 5.82263994217 74.2228469849
    endloop
  endfacet
  facet normal 0.736799240112 0.36444029212 -0.569482386112
    outer loop
      vertex 132.652755737 5.94142580032 73.4283294678
      vertex 132.351577759 5.82263994217 74.2228469849
      vertex 132.669708252 5.52275896072 74.0482788086
    endloop
  endfacet
  facet normal 0.734622299671 0.268070548773 -0.623272240162
    outer loop
      vertex 132.669708252 5.52275896072 74.0482788086
      vertex 132.351577759 5.82263994217 74.2228469849
      vertex 132.363037109 5.53966808319 74.8493728638
    endloop
  endfacet
  facet normal 0.734624922276 0.268071621656 -0.623268663883
    outer loop
      vertex 132.669708252 5.52275896072 74.0482788086
      vertex 132.363037109 5.53966808319 74.8493728638
      vertex 132.682174683 5.21479940414 74.7301177979
    endloop
  endfacet
  facet normal 0.733135998249 0.163979649544 -0.660016894341
    outer loop
      vertex 132.682174683 5.21479940414 74.7301177979
      vertex 132.363037109 5.53966808319 74.8493728638
      vertex 132.370056152 5.36656141281 75.5147399902
    endloop
  endfacet
  facet normal 0.733152091503 0.163990005851 -0.659996449947
    outer loop
      vertex 132.682174683 5.21479940414 74.7301177979
      vertex 132.370056152 5.36656141281 75.5147399902
      vertex 132.689804077 5.02640676498 75.4542388916
    endloop
  endfacet
  facet normal 0.732396900654 0.055196210742 -0.67863702774
    outer loop
      vertex 132.689804077 5.02640676498 75.4542388916
      vertex 132.370056152 5.36656141281 75.5147399902
      vertex 132.372406006 5.30830335617 76.1998138428
    endloop
  endfacet
  facet normal 0.73239672184 0.0551960542798 -0.678637206554
    outer loop
      vertex 132.689804077 5.02640676498 75.4542388916
      vertex 132.372406006 5.30830335617 76.1998138428
      vertex 132.692367554 4.96299886703 76.1998138428
    endloop
  endfacet
  facet normal 0.732396662235 -0.0551962293684 -0.678637206554
    outer loop
      vertex 132.692367554 4.96299886703 76.1998138428
      vertex 132.372406006 5.30830335617 76.1998138428
      vertex 132.370056152 5.36656141281 76.8848876953
    endloop
  endfacet
  facet normal 0.732396304607 -0.0551966577768 -0.678637623787
    outer loop
      vertex 132.692367554 4.96299886703 76.1998138428
      vertex 132.370056152 5.36656141281 76.8848876953
      vertex 132.689804077 5.02640676498 76.9453811646
    endloop
  endfacet
  facet normal 0.829978764057 -0.0444331467152 -0.556022405624
    outer loop
      vertex 132.954376221 4.57189559937 76.1998138428
      vertex 132.692367554 4.96299886703 76.1998138428
      vertex 132.689804077 5.02640676498 76.9453811646
    endloop
  endfacet
  facet normal 0.829977273941 -0.0444349460304 -0.556024491787
    outer loop
      vertex 132.954376221 4.57189559937 76.1998138428
      vertex 132.689804077 5.02640676498 76.9453811646
      vertex 132.951583862 4.64106655121 77.0132217407
    endloop
  endfacet
  facet normal 0.907155752182 -0.032563123852 -0.419533193111
    outer loop
      vertex 133.151977539 4.14461660385 76.1998138428
      vertex 132.954376221 4.57189559937 76.1998138428
      vertex 132.951583862 4.64106655121 77.0132217407
    endloop
  endfacet
  facet normal 0.907162964344 -0.0325523167849 -0.41951841116
    outer loop
      vertex 133.151977539 4.14461660385 76.1998138428
      vertex 132.951583862 4.64106655121 77.0132217407
      vertex 133.148925781 4.2200422287 77.0867233276
    endloop
  endfacet
  facet normal 0.96193921566 -0.0198641605675 -0.272540479898
    outer loop
      vertex 133.280303955 3.69169187546 76.1998138428
      vertex 133.151977539 4.14461660385 76.1998138428
      vertex 133.148925781 4.2200422287 77.0867233276
    endloop
  endfacet
  facet normal 0.96194088459 -0.0198606736958 -0.272535026073
    outer loop
      vertex 133.280303955 3.69169187546 76.1998138428
      vertex 133.148925781 4.2200422287 77.0867233276
      vertex 133.276977539 3.77369356155 77.1640777588
    endloop
  endfacet
  facet normal 0.9929048419 -0.0066737649031 -0.118724279106
    outer loop
      vertex 133.336196899 3.22426748276 76.1998138428
      vertex 133.280303955 3.69169187546 76.1998138428
      vertex 133.276977539 3.77369356155 77.1640777588
    endloop
  endfacet
  facet normal 0.992904961109 -0.00667317677289 -0.118723265827
    outer loop
      vertex 133.336196899 3.22426748276 76.1998138428
      vertex 133.276977539 3.77369356155 77.1640777588
      vertex 133.332595825 3.31301450729 77.2433929443
    endloop
  endfacet
  facet normal 0.999181330204 4.41910515292e-06 -0.0404556803405
    outer loop
      vertex 133.332595825 3.31301450729 77.2433929443
      vertex 133.450820923 0.393056958914 77.7444839478
      vertex 133.336196899 3.22426748276 76.1998138428
    endloop
  endfacet
  facet normal 0.999181330204 3.83370024792e-06 -0.0404553636909
    outer loop
      vertex 133.336196899 3.22426748276 76.1998138428
      vertex 133.450820923 0.393056958914 77.7444839478
      vertex 133.45614624 0.261698156595 76.1998138428
    endloop
  endfacet
  facet normal 0.999253332615 0.00668058451265 0.0380547456443
    outer loop
      vertex 133.42628479 -0.522329509258 76.1998138428
      vertex 133.45614624 0.261698156595 76.1998138428
      vertex 133.450820923 0.393056958914 77.7444839478
    endloop
  endfacet
  facet normal 0.999253869057 0.00667307432741 0.0380420871079
    outer loop
      vertex 133.42628479 -0.522329509258 76.1998138428
      vertex 133.450820923 0.393056958914 77.7444839478
      vertex 133.420516968 -0.379722177982 77.8766708374
    endloop
  endfacet
  facet normal 0.980824589729 0.0198626313359 0.193877801299
    outer loop
      vertex 133.274139404 -1.29202771187 76.1998138428
      vertex 133.42628479 -0.522329509258 76.1998138428
      vertex 133.420516968 -0.379722177982 77.8766708374
    endloop
  endfacet
  facet normal 0.980824351311 0.0198632106185 0.193878829479
    outer loop
      vertex 133.274139404 -1.29202771187 76.1998138428
      vertex 133.420516968 -0.379722177982 77.8766708374
      vertex 133.267929077 -1.13845610619 78.0055999756
    endloop
  endfacet
  facet normal 0.938107311726 0.0325521752238 0.344811618328
    outer loop
      vertex 133.003463745 -2.02844548225 76.1998138428
      vertex 133.274139404 -1.29202771187 76.1998138428
      vertex 133.267929077 -1.13845610619 78.0055999756
    endloop
  endfacet
  facet normal 0.938107311726 0.0325521528721 0.344811588526
    outer loop
      vertex 133.003463745 -2.02844548225 76.1998138428
      vertex 133.267929077 -1.13845610619 78.0055999756
      vertex 132.996826172 -1.86446285248 78.1280975342
    endloop
  endfacet
  facet normal 0.937662005424 0.0967256650329 0.333817452192
    outer loop
      vertex 132.996826172 -1.86446285248 78.1280975342
      vertex 133.267929077 -1.13845610619 78.0055999756
      vertex 133.249450684 -0.682166397572 79.759437561
    endloop
  endfacet
  facet normal 0.937661290169 0.0967269912362 0.333819121122
    outer loop
      vertex 132.996826172 -1.86446285248 78.1280975342
      vertex 133.249450684 -0.682166397572 79.759437561
      vertex 132.977096558 -1.37721884251 80.0009231567
    endloop
  endfacet
  facet normal 0.936783850193 0.158114284277 0.312147200108
    outer loop
      vertex 132.977096558 -1.37721884251 80.0009231567
      vertex 133.249450684 -0.682166397572 79.759437561
      vertex 133.21925354 0.0637165382504 81.4108734131
    endloop
  endfacet
  facet normal 0.936779737473 0.158123120666 0.312155127525
    outer loop
      vertex 132.977096558 -1.37721884251 80.0009231567
      vertex 133.21925354 0.0637165382504 81.4108734131
      vertex 132.944839478 -0.580733060837 81.7643890381
    endloop
  endfacet
  facet normal 0.935494959354 0.21496295929 0.280428349972
    outer loop
      vertex 132.944839478 -0.580733060837 81.7643890381
      vertex 133.21925354 0.0637165382504 81.4108734131
      vertex 133.178192139 1.07773971558 82.912399292
    endloop
  endfacet
  facet normal 0.935498952866 0.214953482151 0.280422329903
    outer loop
      vertex 132.944839478 -0.580733060837 81.7643890381
      vertex 133.178192139 1.07773971558 82.912399292
      vertex 132.901000977 0.502078950405 83.3677749634
    endloop
  endfacet
  facet normal 0.933843970299 0.265615016222 0.239549711347
    outer loop
      vertex 132.901000977 0.502078950405 83.3677749634
      vertex 133.178192139 1.07773971558 82.912399292
      vertex 133.127456665 2.33072662354 84.2208099365
    endloop
  endfacet
  facet normal 0.933841049671 0.265622586012 0.239552870393
    outer loop
      vertex 132.901000977 0.502078950405 83.3677749634
      vertex 133.127456665 2.33072662354 84.2208099365
      vertex 132.846817017 1.84007024765 84.7649459839
    endloop
  endfacet
  facet normal 0.931863725185 0.308634132147 0.190722256899
    outer loop
      vertex 132.846817017 1.84007024765 84.7649459839
      vertex 133.127456665 2.33072662354 84.2208099365
      vertex 133.068511963 3.7866268158 85.2984695435
    endloop
  endfacet
  facet normal 0.931865751743 0.308628767729 0.190721020103
    outer loop
      vertex 132.846817017 1.84007024765 84.7649459839
      vertex 133.068511963 3.7866268158 85.2984695435
      vertex 132.783874512 3.39473772049 85.9157180786
    endloop
  endfacet
  facet normal 0.929622650146 0.342768609524 0.135319501162
    outer loop
      vertex 132.783874512 3.39473772049 85.9157180786
      vertex 133.068511963 3.7866268158 85.2984695435
      vertex 133.003036499 5.4035692215 86.1143875122
    endloop
  endfacet
  facet normal 0.97564637661 0.209171354771 0.0660419464111
    outer loop
      vertex 133.068511963 3.7866268158 85.2984695435
      vertex 133.174545288 5.69519948959 85.4064865112
      vertex 133.003036499 5.4035692215 86.1143875122
    endloop
  endfacet
  facet normal 0.97415471077 0.223986104131 0.0292034391314
    outer loop
      vertex 133.003036499 5.4035692215 86.1143875122
      vertex 133.174545288 5.69519948959 85.4064865112
      vertex 133.109436035 7.30303764343 85.8992843628
    endloop
  endfacet
  facet normal 0.974159598351 0.223964333534 0.029206180945
    outer loop
      vertex 133.003036499 5.4035692215 86.1143875122
      vertex 133.109436035 7.30303764343 85.8992843628
      vertex 132.932937622 7.13502788544 86.645072937
    endloop
  endfacet
  facet normal 0.972588300705 0.232335358858 -0.00960318744183
    outer loop
      vertex 132.932937622 7.13502788544 86.645072937
      vertex 133.109436035 7.30303764343 85.8992843628
      vertex 133.041900635 8.97095489502 86.1130447388
    endloop
  endfacet
  facet normal 0.972584366798 0.232351824641 -0.00960819423199
    outer loop
      vertex 132.932937622 7.13502788544 86.645072937
      vertex 133.041900635 8.97095489502 86.1130447388
      vertex 132.860198975 8.9311914444 86.8752670288
    endloop
  endfacet
  facet normal 0.970978498459 0.234037801623 -0.0492647439241
    outer loop
      vertex 132.860198975 8.9311914444 86.8752670288
      vertex 133.041900635 8.97095489502 86.1130447388
      vertex 132.973876953 10.6509809494 86.0416183472
    endloop
  endfacet
  facet normal 0.970977008343 0.234043389559 -0.0492675490677
    outer loop
      vertex 132.860198975 8.9311914444 86.8752670288
      vertex 132.973876953 10.6509809494 86.0416183472
      vertex 132.786941528 10.7403926849 86.7983551025
    endloop
  endfacet
  facet normal 0.96938252449 0.228996887803 -0.0886449068785
    outer loop
      vertex 132.786941528 10.7403926849 86.7983551025
      vertex 132.973876953 10.6509809494 86.0416183472
      vertex 132.907318115 12.2947807312 85.6870651245
    endloop
  endfacet
  facet normal 0.969385445118 0.228987291455 -0.0886378213763
    outer loop
      vertex 132.786941528 10.7403926849 86.7983551025
      vertex 132.907318115 12.2947807312 85.6870651245
      vertex 132.715270996 12.5105857849 86.4165344238
    endloop
  endfacet
  facet normal 0.967848658562 0.217353314161 -0.126595675945
    outer loop
      vertex 132.715270996 12.5105857849 86.4165344238
      vertex 132.907318115 12.2947807312 85.6870651245
      vertex 132.844146729 13.8550634384 85.0595779419
    endloop
  endfacet
  facet normal 0.967844605446 0.21736459434 -0.126607447863
    outer loop
      vertex 132.715270996 12.5105857849 86.4165344238
      vertex 132.844146729 13.8550634384 85.0595779419
      vertex 132.647232056 14.1908369064 85.7407989502
    endloop
  endfacet
  facet normal 0.966409027576 0.199475824833 -0.162058487535
    outer loop
      vertex 132.647232056 14.1908369064 85.7407989502
      vertex 132.844146729 13.8550634384 85.0595779419
      vertex 132.78616333 15.2869443893 84.1772079468
    endloop
  endfacet
  facet normal 0.994406998158 0.0670606121421 -0.0815938934684
    outer loop
      vertex 132.844146729 13.8550634384 85.0595779419
      vertex 132.866500854 14.8247098923 83.5483398438
      vertex 132.78616333 15.2869443893 84.1772079468
    endloop
  endfacet
  facet normal 0.993972480297 0.0591177865863 -0.0923245623708
    outer loop
      vertex 132.78616333 15.2869443893 84.1772079468
      vertex 132.866500854 14.8247098923 83.5483398438
      vertex 132.819412231 15.9874868393 82.5241317749
    endloop
  endfacet
  facet normal 0.993974387646 0.059110969305 -0.0923083871603
    outer loop
      vertex 132.78616333 15.2869443893 84.1772079468
      vertex 132.819412231 15.9874868393 82.5241317749
      vertex 132.735061646 16.5492267609 83.0653533936
    endloop
  endfacet
  facet normal 0.993600428104 0.0494667068124 -0.101544223726
    outer loop
      vertex 132.735061646 16.5492267609 83.0653533936
      vertex 132.819412231 15.9874868393 82.5241317749
      vertex 132.780014038 16.9605884552 81.3179855347
    endloop
  endfacet
  facet normal 0.993601381779 0.0494647920132 -0.101535998285
    outer loop
      vertex 132.735061646 16.5492267609 83.0653533936
      vertex 132.780014038 16.9605884552 81.3179855347
      vertex 132.69229126 17.6056041718 81.7559814453
    endloop
  endfacet
  facet normal 0.993298709393 0.0383951850235 -0.109011620283
    outer loop
      vertex 132.69229126 17.6056041718 81.7559814453
      vertex 132.780014038 16.9605884552 81.3179855347
      vertex 132.749420166 17.7160224915 79.96459198
    endloop
  endfacet
  facet normal 0.993297457695 0.0383958257735 -0.109022662044
    outer loop
      vertex 132.69229126 17.6056041718 81.7559814453
      vertex 132.749420166 17.7160224915 79.96459198
      vertex 132.659072876 18.4256858826 80.2867660522
    endloop
  endfacet
  facet normal 0.993075013161 0.0262350179255 -0.114515133202
    outer loop
      vertex 132.659072876 18.4256858826 80.2867660522
      vertex 132.749420166 17.7160224915 79.96459198
      vertex 132.728530884 18.2320461273 78.5028915405
    endloop
  endfacet
  facet normal 0.993074953556 0.0262349452823 -0.114515773952
    outer loop
      vertex 132.659072876 18.4256858826 80.2867660522
      vertex 132.728530884 18.2320461273 78.5028915405
      vertex 132.636398315 18.9858722687 78.6999816895
    endloop
  endfacet
  facet normal 0.992938756943 0.0133059872314 -0.117879442871
    outer loop
      vertex 132.636398315 18.9858722687 78.6999816895
      vertex 132.728530884 18.2320461273 78.5028915405
      vertex 132.717926025 18.4938259125 76.974937439
    endloop
  endfacet
  facet normal 0.992939949036 0.0133089693263 -0.117869183421
    outer loop
      vertex 132.636398315 18.9858722687 78.6999816895
      vertex 132.717926025 18.4938259125 76.974937439
      vertex 132.624893188 19.2700538635 77.0412750244
    endloop
  endfacet
  facet normal 0.992894113064 8.06641469789e-18 -0.119001097977
    outer loop
      vertex 132.624893188 19.2700538635 77.0412750244
      vertex 132.717926025 18.4938259125 76.974937439
      vertex 132.717926025 18.4938259125 75.4246902466
    endloop
  endfacet
  facet normal 0.992894113064 0 -0.119001097977
    outer loop
      vertex 132.624893188 19.2700538635 77.0412750244
      vertex 132.717926025 18.4938259125 75.4246902466
      vertex 132.624893188 19.2700538635 75.3583526611
    endloop
  endfacet
  facet normal 0.992939949036 -0.0133042884991 -0.117869585752
    outer loop
      vertex 132.624893188 19.2700538635 75.3583526611
      vertex 132.717926025 18.4938259125 75.4246902466
      vertex 132.728530884 18.2320461273 73.896736145
    endloop
  endfacet
  facet normal 0.992938876152 -0.0133104519919 -0.11787815392
    outer loop
      vertex 132.624893188 19.2700538635 75.3583526611
      vertex 132.728530884 18.2320461273 73.896736145
      vertex 132.636398315 18.9858722687 73.6996383667
    endloop
  endfacet
  facet normal 0.993075013161 -0.0262351352721 -0.114515468478
    outer loop
      vertex 132.636398315 18.9858722687 73.6996383667
      vertex 132.728530884 18.2320461273 73.896736145
      vertex 132.749420166 17.7160224915 72.4350357056
    endloop
  endfacet
  facet normal 0.993075013161 -0.0262348651886 -0.114515200257
    outer loop
      vertex 132.636398315 18.9858722687 73.6996383667
      vertex 132.749420166 17.7160224915 72.4350357056
      vertex 132.659072876 18.4256858826 72.1128616333
    endloop
  endfacet
  facet normal 0.9932975173 -0.0384002625942 -0.109020650387
    outer loop
      vertex 132.659072876 18.4256858826 72.1128616333
      vertex 132.749420166 17.7160224915 72.4350357056
      vertex 132.780014038 16.9605884552 71.0816421509
    endloop
  endfacet
  facet normal 0.993298530579 -0.0383911579847 -0.109014332294
    outer loop
      vertex 132.659072876 18.4256858826 72.1128616333
      vertex 132.780014038 16.9605884552 71.0816421509
      vertex 132.69229126 17.6056041718 70.6436462402
    endloop
  endfacet
  facet normal 0.993601322174 -0.0494617000222 -0.101538091898
    outer loop
      vertex 132.69229126 17.6056041718 70.6436462402
      vertex 132.780014038 16.9605884552 71.0816421509
      vertex 132.819412231 15.9874868393 69.8754959106
    endloop
  endfacet
  facet normal 0.993600547314 -0.0494694113731 -0.101541690528
    outer loop
      vertex 132.69229126 17.6056041718 70.6436462402
      vertex 132.819412231 15.9874868393 69.8754959106
      vertex 132.735061646 16.5492267609 69.334274292
    endloop
  endfacet
  facet normal 0.993974208832 -0.0591052435338 -0.0923139452934
    outer loop
      vertex 132.735061646 16.5492267609 69.334274292
      vertex 132.819412231 15.9874868393 69.8754959106
      vertex 132.866500854 14.8247098923 68.8512802124
    endloop
  endfacet
  facet normal 0.99397277832 -0.0591222159564 -0.0923185870051
    outer loop
      vertex 132.735061646 16.5492267609 69.334274292
      vertex 132.866500854 14.8247098923 68.8512802124
      vertex 132.78616333 15.2869443893 68.2224121094
    endloop
  endfacet
  facet normal 0.994407176971 -0.0670641511679 -0.0815891101956
    outer loop
      vertex 132.78616333 15.2869443893 68.2224121094
      vertex 132.866500854 14.8247098923 68.8512802124
      vertex 132.919906616 13.5057020187 68.0384674072
    endloop
  endfacet
  facet normal 0.994408130646 -0.0670513436198 -0.0815878659487
    outer loop
      vertex 132.78616333 15.2869443893 68.2224121094
      vertex 132.919906616 13.5057020187 68.0384674072
      vertex 132.844146729 13.8550634384 67.3400497437
    endloop
  endfacet
  facet normal 0.994891107082 -0.0730706304312 -0.0696592852473
    outer loop
      vertex 132.844146729 13.8550634384 67.3400497437
      vertex 132.919906616 13.5057020187 68.0384674072
      vertex 132.978088379 12.0684185028 67.4604492188
    endloop
  endfacet
  facet normal 0.994892001152 -0.0730574801564 -0.0696602389216
    outer loop
      vertex 132.844146729 13.8550634384 67.3400497437
      vertex 132.978088379 12.0684185028 67.4604492188
      vertex 132.907318115 12.2947807312 66.712562561
    endloop
  endfacet
  facet normal 0.995408117771 -0.07696428895 -0.0569137260318
    outer loop
      vertex 132.907318115 12.2947807312 66.712562561
      vertex 132.978088379 12.0684185028 67.4604492188
      vertex 133.039413452 10.5542030334 67.1338424683
    endloop
  endfacet
  facet normal 0.995407164097 -0.0769797414541 -0.0569099150598
    outer loop
      vertex 132.907318115 12.2947807312 66.712562561
      vertex 133.039413452 10.5542030334 67.1338424683
      vertex 132.973876953 10.6509809494 66.3580093384
    endloop
  endfacet
  facet normal 0.995943427086 -0.0786772221327 -0.043664984405
    outer loop
      vertex 132.973876953 10.6509809494 66.3580093384
      vertex 133.039413452 10.5542030334 67.1338424683
      vertex 133.10206604 9.00661849976 67.0680465698
    endloop
  endfacet
  facet normal 0.995944082737 -0.0786659270525 -0.0436699129641
    outer loop
      vertex 132.973876953 10.6509809494 66.3580093384
      vertex 133.10206604 9.00661849976 67.0680465698
      vertex 133.041900635 8.97095489502 66.2865829468
    endloop
  endfacet
  facet normal 0.996483802795 -0.0780991688371 -0.0303404740989
    outer loop
      vertex 133.041900635 8.97095489502 66.2865829468
      vertex 133.10206604 9.00661849976 67.0680465698
      vertex 133.164276123 7.47017860413 67.2649536133
    endloop
  endfacet
  facet normal 0.996483504772 -0.0781045332551 -0.0303369499743
    outer loop
      vertex 133.041900635 8.97095489502 66.2865829468
      vertex 133.164276123 7.47017860413 67.2649536133
      vertex 133.109436035 7.30303764343 66.5003433228
    endloop
  endfacet
  facet normal 0.972585022449 -0.232349261642 -0.00960136111826
    outer loop
      vertex 132.860198975 8.9311914444 65.5243530273
      vertex 133.041900635 8.97095489502 66.2865829468
      vertex 133.109436035 7.30303764343 66.5003433228
    endloop
  endfacet
  facet normal 0.972587943077 -0.23233667016 -0.00960936397314
    outer loop
      vertex 132.860198975 8.9311914444 65.5243530273
      vertex 133.109436035 7.30303764343 66.5003433228
      vertex 132.932937622 7.13502788544 65.7545547485
    endloop
  endfacet
  facet normal 0.999181210995 2.05430140454e-07 -0.040458753705
    outer loop
      vertex 133.096969604 9.13235282898 70.030380249
      vertex 133.164276123 7.47017860413 67.2649536133
      vertex 133.10206604 9.00661849976 67.0680465698
    endloop
  endfacet
  facet normal 0.999181389809 3.80749156648e-07 -0.0404546298087
    outer loop
      vertex 133.096969604 9.13235282898 70.030380249
      vertex 133.10206604 9.00661849976 67.0680465698
      vertex 133.054641724 10.177901268 70.0748291016
    endloop
  endfacet
  facet normal 0.996215045452 0.0786596313119 -0.0369905345142
    outer loop
      vertex 133.054641724 10.177901268 70.0748291016
      vertex 133.059265137 9.15075588226 70.4992599487
      vertex 133.096969604 9.13235282898 70.030380249
    endloop
  endfacet
  facet normal 0.995675325394 0.078093059361 -0.0503198951483
    outer loop
      vertex 133.096969604 9.13235282898 70.030380249
      vertex 133.059265137 9.15075588226 70.4992599487
      vertex 133.098098755 8.19162559509 70.622177124
    endloop
  endfacet
  facet normal 0.970177531242 0.232350468636 -0.0690564066172
    outer loop
      vertex 133.059265137 9.15075588226 70.4992599487
      vertex 132.984390259 8.28354263306 71.0696563721
      vertex 133.098098755 8.19162559509 70.622177124
    endloop
  endfacet
  facet normal 0.968605577946 0.223976582289 -0.107878386974
    outer loop
      vertex 133.098098755 8.19162559509 70.622177124
      vertex 132.984390259 8.28354263306 71.0696563721
      vertex 133.018829346 7.43314027786 71.3302993774
    endloop
  endfacet
  facet normal 0.918078243732 0.367052018642 -0.149683594704
    outer loop
      vertex 132.984390259 8.28354263306 71.0696563721
      vertex 132.832260132 7.58788013458 71.7338562012
      vertex 133.018829346 7.43314027786 71.3302993774
    endloop
  endfacet
  facet normal 0.915633499622 0.342775702477 -0.210047870874
    outer loop
      vertex 133.018829346 7.43314027786 71.3302993774
      vertex 132.832260132 7.58788013458 71.7338562012
      vertex 132.861755371 6.85954189301 72.1013793945
    endloop
  endfacet
  facet normal 0.841553151608 0.467781990767 -0.270126521587
    outer loop
      vertex 132.832260132 7.58788013458 71.7338562012
      vertex 132.607467651 7.0598654747 72.4431686401
      vertex 132.861755371 6.85954189301 72.1013793945
    endloop
  endfacet
  facet normal 0.838491857052 0.421197533607 -0.345722466707
    outer loop
      vertex 132.861755371 6.85954189301 72.1013793945
      vertex 132.607467651 7.0598654747 72.4431686401
      vertex 132.63180542 6.45875549316 72.8881149292
    endloop
  endfacet
  facet normal 0.742968440056 0.523243188858 -0.417390048504
    outer loop
      vertex 132.607467651 7.0598654747 72.4431686401
      vertex 132.316757202 6.68268728256 73.156829834
      vertex 132.63180542 6.45875549316 72.8881149292
    endloop
  endfacet
  facet normal 0.73961520195 0.450312763453 -0.500187754631
    outer loop
      vertex 132.63180542 6.45875549316 72.8881149292
      vertex 132.316757202 6.68268728256 73.156829834
      vertex 132.336013794 6.20733308792 73.6532058716
    endloop
  endfacet
  facet normal 0.625327348709 0.526946425438 -0.575580775738
    outer loop
      vertex 132.316757202 6.68268728256 73.156829834
      vertex 131.968719482 6.43053102493 73.8452758789
      vertex 132.336013794 6.20733308792 73.6532058716
    endloop
  endfacet
  facet normal 0.622045516968 0.42646420002 -0.656648814678
    outer loop
      vertex 132.336013794 6.20733308792 73.6532058716
      vertex 131.968719482 6.43053102493 73.8452758789
      vertex 131.983108521 6.07484722137 74.3719558716
    endloop
  endfacet
  facet normal 0.622036993504 0.426461815834 -0.656658411026
    outer loop
      vertex 132.336013794 6.20733308792 73.6532058716
      vertex 131.983108521 6.07484722137 74.3719558716
      vertex 132.351577759 5.82263994217 74.2228469849
    endloop
  endfacet
  facet normal 0.619486808777 0.313675016165 -0.719613850117
    outer loop
      vertex 132.351577759 5.82263994217 74.2228469849
      vertex 131.983108521 6.07484722137 74.3719558716
      vertex 131.993713379 5.81321620941 74.9512252808
    endloop
  endfacet
  facet normal 0.619500637054 0.31368163228 -0.71959900856
    outer loop
      vertex 132.351577759 5.82263994217 74.2228469849
      vertex 131.993713379 5.81321620941 74.9512252808
      vertex 132.363037109 5.53966808319 74.8493728638
    endloop
  endfacet
  facet normal 0.617759227753 0.191892042756 -0.762594878674
    outer loop
      vertex 132.363037109 5.53966808319 74.8493728638
      vertex 131.993713379 5.81321620941 74.9512252808
      vertex 132.000198364 5.65316677094 75.56640625
    endloop
  endfacet
  facet normal 0.617750942707 0.191886559129 -0.762602984905
    outer loop
      vertex 132.363037109 5.53966808319 74.8493728638
      vertex 132.000198364 5.65316677094 75.56640625
      vertex 132.370056152 5.36656141281 75.5147399902
    endloop
  endfacet
  facet normal 0.616868913174 0.0646030157804 -0.784410119057
    outer loop
      vertex 132.370056152 5.36656141281 75.5147399902
      vertex 132.000198364 5.65316677094 75.56640625
      vertex 132.002365112 5.59929656982 76.1998138428
    endloop
  endfacet
  facet normal 0.616851985455 0.0645890012383 -0.784424602985
    outer loop
      vertex 132.370056152 5.36656141281 75.5147399902
      vertex 132.002365112 5.59929656982 76.1998138428
      vertex 132.372406006 5.30830335617 76.1998138428
    endloop
  endfacet
  facet normal 0.616851329803 -0.0646042376757 -0.784423828125
    outer loop
      vertex 132.372406006 5.30830335617 76.1998138428
      vertex 132.002365112 5.59929656982 76.1998138428
      vertex 132.000198364 5.65316677094 76.8332214355
    endloop
  endfacet
  facet normal 0.616868197918 -0.0645878687501 -0.784411907196
    outer loop
      vertex 132.372406006 5.30830335617 76.1998138428
      vertex 132.000198364 5.65316677094 76.8332214355
      vertex 132.370056152 5.36656141281 76.8848876953
    endloop
  endfacet
  facet normal 0.617750704288 -0.191893830895 -0.76260137558
    outer loop
      vertex 132.370056152 5.36656141281 76.8848876953
      vertex 132.000198364 5.65316677094 76.8332214355
      vertex 131.993713379 5.81321620941 77.4484024048
    endloop
  endfacet
  facet normal 0.617758870125 -0.1918849051 -0.762597024441
    outer loop
      vertex 132.370056152 5.36656141281 76.8848876953
      vertex 131.993713379 5.81321620941 77.4484024048
      vertex 132.363037109 5.53966808319 77.5502548218
    endloop
  endfacet
  facet normal 0.733150780201 -0.16397549212 -0.660001516342
    outer loop
      vertex 132.689804077 5.02640676498 76.9453811646
      vertex 132.370056152 5.36656141281 76.8848876953
      vertex 132.363037109 5.53966808319 77.5502548218
    endloop
  endfacet
  facet normal 0.733136713505 -0.163992702961 -0.660012841225
    outer loop
      vertex 132.689804077 5.02640676498 76.9453811646
      vertex 132.363037109 5.53966808319 77.5502548218
      vertex 132.682174683 5.21479940414 77.6695098877
    endloop
  endfacet
  facet normal 0.830585002899 -0.132008731365 -0.541019678116
    outer loop
      vertex 132.951583862 4.64106655121 77.0132217407
      vertex 132.689804077 5.02640676498 76.9453811646
      vertex 132.682174683 5.21479940414 77.6695098877
    endloop
  endfacet
  facet normal 0.830596625805 -0.131991967559 -0.541005909443
    outer loop
      vertex 132.951583862 4.64106655121 77.0132217407
      vertex 132.682174683 5.21479940414 77.6695098877
      vertex 132.943252563 4.84660053253 77.8032226562
    endloop
  endfacet
  facet normal 0.907608389854 -0.0967124700546 -0.408526241779
    outer loop
      vertex 133.148925781 4.2200422287 77.0867233276
      vertex 132.951583862 4.64106655121 77.0132217407
      vertex 132.943252563 4.84660053253 77.8032226562
    endloop
  endfacet
  facet normal 0.907601416111 -0.0967254340649 -0.408538758755
    outer loop
      vertex 133.148925781 4.2200422287 77.0867233276
      vertex 132.943252563 4.84660053253 77.8032226562
      vertex 133.139846802 4.44415044785 77.9481124878
    endloop
  endfacet
  facet normal 0.962212502956 -0.0590203553438 -0.265826404095
    outer loop
      vertex 133.276977539 3.77369356155 77.1640777588
      vertex 133.148925781 4.2200422287 77.0867233276
      vertex 133.139846802 4.44415044785 77.9481124878
    endloop
  endfacet
  facet normal 0.962207078934 -0.0590353310108 -0.265842795372
    outer loop
      vertex 133.276977539 3.77369356155 77.1640777588
      vertex 133.139846802 4.44415044785 77.9481124878
      vertex 133.267120361 4.01734638214 78.1006011963
    endloop
  endfacet
  facet normal 0.99299633503 -0.0198482312262 -0.116465948522
    outer loop
      vertex 133.332595825 3.31301450729 77.2433929443
      vertex 133.276977539 3.77369356155 77.1640777588
      vertex 133.267120361 4.01734638214 78.1006011963
    endloop
  endfacet
  facet normal 0.992996513844 -0.0198472943157 -0.116464816034
    outer loop
      vertex 133.332595825 3.31301450729 77.2433929443
      vertex 133.267120361 4.01734638214 78.1006011963
      vertex 133.321929932 3.57670974731 78.2569503784
    endloop
  endfacet
  facet normal 0.999181389809 -6.55750545775e-06 -0.0404538437724
    outer loop
      vertex 133.321929932 3.57670974731 78.2569503784
      vertex 133.435028076 0.783364892006 79.2447128296
      vertex 133.332595825 3.31301450729 77.2433929443
    endloop
  endfacet
  facet normal 0.999181389809 -6.62848970023e-06 -0.0404537878931
    outer loop
      vertex 133.332595825 3.31301450729 77.2433929443
      vertex 133.435028076 0.783364892006 79.2447128296
      vertex 133.450820923 0.393056958914 77.7444839478
    endloop
  endfacet
  facet normal 0.99916267395 0.0198287144303 0.0357881896198
    outer loop
      vertex 133.420516968 -0.379722177982 77.8766708374
      vertex 133.450820923 0.393056958914 77.7444839478
      vertex 133.435028076 0.783364892006 79.2447128296
    endloop
  endfacet
  facet normal 0.999161362648 0.0198494307697 0.0358125381172
    outer loop
      vertex 133.420516968 -0.379722177982 77.8766708374
      vertex 133.435028076 0.783364892006 79.2447128296
      vertex 133.40335083 0.0439850613475 79.5052871704
    endloop
  endfacet
  facet normal 0.980552554131 0.0590306520462 0.187168568373
    outer loop
      vertex 133.267929077 -1.13845610619 78.0055999756
      vertex 133.420516968 -0.379722177982 77.8766708374
      vertex 133.40335083 0.0439850613475 79.5052871704
    endloop
  endfacet
  facet normal 0.980555295944 0.0590214170516 0.187157168984
    outer loop
      vertex 133.267929077 -1.13845610619 78.0055999756
      vertex 133.40335083 0.0439850613475 79.5052871704
      vertex 133.249450684 -0.682166397572 79.759437561
    endloop
  endfacet
  facet normal 0.980019807816 0.0964804291725 0.173933163285
    outer loop
      vertex 133.249450684 -0.682166397572 79.759437561
      vertex 133.40335083 0.0439850613475 79.5052871704
      vertex 133.375305176 0.736611843109 81.0388031006
    endloop
  endfacet
  facet normal 0.980020165443 0.0964790135622 0.173931926489
    outer loop
      vertex 133.249450684 -0.682166397572 79.759437561
      vertex 133.375305176 0.736611843109 81.0388031006
      vertex 133.21925354 0.0637165382504 81.4108734131
    endloop
  endfacet
  facet normal 0.979236483574 0.131159633398 0.154573887587
    outer loop
      vertex 133.21925354 0.0637165382504 81.4108734131
      vertex 133.375305176 0.736611843109 81.0388031006
      vertex 133.337188721 1.67823803425 82.4331207275
    endloop
  endfacet
  facet normal 0.979233980179 0.131170466542 0.154580563307
    outer loop
      vertex 133.21925354 0.0637165382504 81.4108734131
      vertex 133.337188721 1.67823803425 82.4331207275
      vertex 133.178192139 1.07773971558 82.912399292
    endloop
  endfacet
  facet normal 0.978223979473 0.162084728479 0.129639402032
    outer loop
      vertex 133.178192139 1.07773971558 82.912399292
      vertex 133.337188721 1.67823803425 82.4331207275
      vertex 133.29006958 2.84175992012 83.648109436
    endloop
  endfacet
  facet normal 0.978225171566 0.162079378963 0.129637256265
    outer loop
      vertex 133.178192139 1.07773971558 82.912399292
      vertex 133.29006958 2.84175992012 83.648109436
      vertex 133.127456665 2.33072662354 84.2208099365
    endloop
  endfacet
  facet normal 0.97701883316 0.188323169947 0.0998427197337
    outer loop
      vertex 133.127456665 2.33072662354 84.2208099365
      vertex 133.29006958 2.84175992012 83.648109436
      vertex 133.235336304 4.19371461868 84.6488265991
    endloop
  endfacet
  facet normal 0.977017581463 0.188328906894 0.0998439639807
    outer loop
      vertex 133.127456665 2.33072662354 84.2208099365
      vertex 133.235336304 4.19371461868 84.6488265991
      vertex 133.068511963 3.7866268158 85.2984695435
    endloop
  endfacet
  facet normal 0.975648999214 0.209159255028 0.0660414099693
    outer loop
      vertex 133.068511963 3.7866268158 85.2984695435
      vertex 133.235336304 4.19371461868 84.6488265991
      vertex 133.174545288 5.69519948959 85.4064865112
    endloop
  endfacet
  facet normal 0.997514009476 0.0702967569232 -0.00491486536339
    outer loop
      vertex 133.235336304 4.19371461868 84.6488265991
      vertex 133.224243164 5.98909282684 84.6807174683
      vertex 133.174545288 5.69519948959 85.4064865112
    endloop
  endfacet
  facet normal 0.997012794018 0.0752753838897 -0.0172943249345
    outer loop
      vertex 133.174545288 5.69519948959 85.4064865112
      vertex 133.224243164 5.98909282684 84.6807174683
      vertex 133.164276123 7.47017860413 85.1346664429
    endloop
  endfacet
  facet normal 0.99701154232 0.0752910971642 -0.0172967240214
    outer loop
      vertex 133.174545288 5.69519948959 85.4064865112
      vertex 133.164276123 7.47017860413 85.1346664429
      vertex 133.109436035 7.30303764343 85.8992843628
    endloop
  endfacet
  facet normal 0.996483445168 0.0781043544412 -0.0303397923708
    outer loop
      vertex 133.109436035 7.30303764343 85.8992843628
      vertex 133.164276123 7.47017860413 85.1346664429
      vertex 133.10206604 9.00661849976 85.3315734863
    endloop
  endfacet
  facet normal 0.996483981609 0.0780982151628 -0.0303377490491
    outer loop
      vertex 133.109436035 7.30303764343 85.8992843628
      vertex 133.10206604 9.00661849976 85.3315734863
      vertex 133.041900635 8.97095489502 86.1130447388
    endloop
  endfacet
  facet normal 0.99594438076 0.0786648616195 -0.0436644665897
    outer loop
      vertex 133.041900635 8.97095489502 86.1130447388
      vertex 133.10206604 9.00661849976 85.3315734863
      vertex 133.039413452 10.5542030334 85.2657775879
    endloop
  endfacet
  facet normal 0.995943307877 0.0786758214235 -0.0436703339219
    outer loop
      vertex 133.041900635 8.97095489502 86.1130447388
      vertex 133.039413452 10.5542030334 85.2657775879
      vertex 132.973876953 10.6509809494 86.0416183472
    endloop
  endfacet
  facet normal 0.995406866074 0.0769782140851 -0.0569163188338
    outer loop
      vertex 132.973876953 10.6509809494 86.0416183472
      vertex 133.039413452 10.5542030334 85.2657775879
      vertex 132.978088379 12.0684185028 84.9391784668
    endloop
  endfacet
  facet normal 0.99540835619 0.076966330409 -0.056907068938
    outer loop
      vertex 132.973876953 10.6509809494 86.0416183472
      vertex 132.978088379 12.0684185028 84.9391784668
      vertex 132.907318115 12.2947807312 85.6870651245
    endloop
  endfacet
  facet normal 0.994892239571 0.0730590671301 -0.0696550682187
    outer loop
      vertex 132.907318115 12.2947807312 85.6870651245
      vertex 132.978088379 12.0684185028 84.9391784668
      vertex 132.919906616 13.5057020187 84.3611526489
    endloop
  endfacet
  facet normal 0.994890987873 0.0730673223734 -0.0696641281247
    outer loop
      vertex 132.907318115 12.2947807312 85.6870651245
      vertex 132.919906616 13.5057020187 84.3611526489
      vertex 132.844146729 13.8550634384 85.0595779419
    endloop
  endfacet
  facet normal 0.994408428669 0.0670532882214 -0.081582441926
    outer loop
      vertex 132.844146729 13.8550634384 85.0595779419
      vertex 132.919906616 13.5057020187 84.3611526489
      vertex 132.866500854 14.8247098923 83.5483398438
    endloop
  endfacet
  facet normal 0.999181389809 -8.01770227099e-07 -0.0404549241066
    outer loop
      vertex 132.973907471 12.1719427109 81.7136306763
      vertex 132.866500854 14.8247098923 83.5483398438
      vertex 132.919906616 13.5057020187 84.3611526489
    endloop
  endfacet
  facet normal 0.999181628227 2.48257765634e-06 -0.0404484160244
    outer loop
      vertex 132.973907471 12.1719427109 81.7136306763
      vertex 132.919906616 13.5057020187 84.3611526489
      vertex 133.013214111 11.2009115219 82.1041412354
    endloop
  endfacet
  facet normal 0.997266054153 -0.073073707521 -0.0109825320542
    outer loop
      vertex 133.013214111 11.2009115219 82.1041412354
      vertex 132.945541382 11.9593372345 81.2945785522
      vertex 132.973907471 12.1719427109 81.7136306763
    endloop
  endfacet
  facet normal 0.997748315334 -0.067062728107 0.000929638161324
    outer loop
      vertex 132.973907471 12.1719427109 81.7136306763
      vertex 132.945541382 11.9593372345 81.2945785522
      vertex 132.912200928 12.7827320099 80.7871780396
    endloop
  endfacet
  facet normal 0.997748553753 -0.0670590475202 0.000924029096495
    outer loop
      vertex 132.973907471 12.1719427109 81.7136306763
      vertex 132.912200928 12.7827320099 80.7871780396
      vertex 132.937820435 13.0630645752 81.1644973755
    endloop
  endfacet
  facet normal 0.999181330204 -2.46669787884e-06 -0.0404560752213
    outer loop
      vertex 132.937820435 13.0630645752 81.1644973755
      vertex 132.866500854 14.8247098923 83.5483398438
      vertex 132.973907471 12.1719427109 81.7136306763
    endloop
  endfacet
  facet normal 0.999181210995 -4.50866855317e-06 -0.0404588356614
    outer loop
      vertex 132.937820435 13.0630645752 81.1644973755
      vertex 132.819412231 15.9874868393 82.5241317749
      vertex 132.866500854 14.8247098923 83.5483398438
    endloop
  endfacet
  facet normal 0.999181091785 -9.05318302102e-06 -0.0404609441757
    outer loop
      vertex 132.906005859 13.8486404419 80.4725341797
      vertex 132.819412231 15.9874868393 82.5241317749
      vertex 132.937820435 13.0630645752 81.1644973755
    endloop
  endfacet
  facet normal 0.99818354845 -0.0591112934053 0.01163881924
    outer loop
      vertex 132.937820435 13.0630645752 81.1644973755
      vertex 132.8828125 13.5086050034 80.1478042603
      vertex 132.906005859 13.8486404419 80.4725341797
    endloop
  endfacet
  facet normal 0.998557686806 -0.0494632460177 0.0208781193942
    outer loop
      vertex 132.906005859 13.8486404419 80.4725341797
      vertex 132.8828125 13.5086050034 80.1478042603
      vertex 132.858215332 14.1160697937 79.394859314
    endloop
  endfacet
  facet normal 0.998557150364 -0.0494671836495 0.0208940841258
    outer loop
      vertex 132.906005859 13.8486404419 80.4725341797
      vertex 132.858215332 14.1160697937 79.394859314
      vertex 132.879394531 14.506067276 79.6576538086
    endloop
  endfacet
  facet normal 0.999181449413 5.27106976733e-06 -0.0404522903264
    outer loop
      vertex 132.879394531 14.506067276 79.6576538086
      vertex 132.780014038 16.9605884552 81.3179855347
      vertex 132.906005859 13.8486404419 80.4725341797
    endloop
  endfacet
  facet normal 0.999181389809 -2.10425605474e-06 -0.040454287082
    outer loop
      vertex 132.906005859 13.8486404419 80.4725341797
      vertex 132.780014038 16.9605884552 81.3179855347
      vertex 132.819412231 15.9874868393 82.5241317749
    endloop
  endfacet
  facet normal 0.999181270599 -2.97077440337e-06 -0.0404578559101
    outer loop
      vertex 132.879394531 14.506067276 79.6576538086
      vertex 132.749420166 17.7160224915 79.96459198
      vertex 132.780014038 16.9605884552 81.3179855347
    endloop
  endfacet
  facet normal 0.999181270599 8.86358157004e-06 -0.0404567234218
    outer loop
      vertex 132.858734131 15.0164394379 78.7433013916
      vertex 132.749420166 17.7160224915 79.96459198
      vertex 132.879394531 14.506067276 79.6576538086
    endloop
  endfacet
  facet normal 0.99885982275 -0.0383985377848 0.0283647030592
    outer loop
      vertex 132.879394531 14.506067276 79.6576538086
      vertex 132.839126587 14.5876531601 78.5499954224
      vertex 132.858734131 15.0164394379 78.7433013916
    endloop
  endfacet
  facet normal 0.99908220768 -0.0262385960668 0.033856831491
    outer loop
      vertex 132.858734131 15.0164394379 78.7433013916
      vertex 132.839126587 14.5876531601 78.5499954224
      vertex 132.826080322 14.9097852707 77.6375274658
    endloop
  endfacet
  facet normal 0.999083042145 -0.0262412913144 0.0338291637599
    outer loop
      vertex 132.858734131 15.0164394379 78.7433013916
      vertex 132.826080322 14.9097852707 77.6375274658
      vertex 132.844604492 15.3650693893 77.7557754517
    endloop
  endfacet
  facet normal 0.999181270599 -1.69976647157e-05 -0.0404574796557
    outer loop
      vertex 132.844604492 15.3650693893 77.7557754517
      vertex 132.728530884 18.2320461273 78.5028915405
      vertex 132.858734131 15.0164394379 78.7433013916
    endloop
  endfacet
  facet normal 0.999181210995 3.75989657186e-06 -0.0404590293765
    outer loop
      vertex 132.858734131 15.0164394379 78.7433013916
      vertex 132.728530884 18.2320461273 78.5028915405
      vertex 132.749420166 17.7160224915 79.96459198
    endloop
  endfacet
  facet normal 0.999181389809 -2.44679745265e-06 -0.0404536947608
    outer loop
      vertex 132.844604492 15.3650693893 77.7557754517
      vertex 132.717926025 18.4938259125 76.974937439
      vertex 132.728530884 18.2320461273 78.5028915405
    endloop
  endfacet
  facet normal 0.999181330204 6.15128283243e-06 -0.0404558368027
    outer loop
      vertex 132.83744812 15.541926384 76.723487854
      vertex 132.717926025 18.4938259125 76.974937439
      vertex 132.844604492 15.3650693893 77.7557754517
    endloop
  endfacet
  facet normal 0.999218523502 -0.0133019955829 0.0372203029692
    outer loop
      vertex 132.844604492 15.3650693893 77.7557754517
      vertex 132.819458008 15.0732040405 76.6836929321
      vertex 132.83744812 15.541926384 76.723487854
    endloop
  endfacet
  facet normal 0.99926429987 3.99868496608e-18 0.0383514091372
    outer loop
      vertex 132.83744812 15.541926384 76.723487854
      vertex 132.819458008 15.0732040405 76.6836929321
      vertex 132.819458008 15.0732040405 75.7159347534
    endloop
  endfacet
  facet normal 0.99926429987 0 0.0383514091372
    outer loop
      vertex 132.83744812 15.541926384 76.723487854
      vertex 132.819458008 15.0732040405 75.7159347534
      vertex 132.83744812 15.541926384 75.6761398315
    endloop
  endfacet
  facet normal 0.999181330204 0 -0.0404563620687
    outer loop
      vertex 132.83744812 15.541926384 75.6761398315
      vertex 132.717926025 18.4938259125 75.4246902466
      vertex 132.83744812 15.541926384 76.723487854
    endloop
  endfacet
  facet normal 0.999181330204 0 -0.0404563620687
    outer loop
      vertex 132.83744812 15.541926384 76.723487854
      vertex 132.717926025 18.4938259125 75.4246902466
      vertex 132.717926025 18.4938259125 76.974937439
    endloop
  endfacet
  facet normal 0.999181270599 1.96077508008e-06 -0.0404565259814
    outer loop
      vertex 132.83744812 15.541926384 75.6761398315
      vertex 132.728530884 18.2320461273 73.896736145
      vertex 132.717926025 18.4938259125 75.4246902466
    endloop
  endfacet
  facet normal 0.999181509018 -5.43189753444e-06 -0.0404516458511
    outer loop
      vertex 132.844604492 15.3650693893 74.6438522339
      vertex 132.728530884 18.2320461273 73.896736145
      vertex 132.83744812 15.541926384 75.6761398315
    endloop
  endfacet
  facet normal 0.999219477177 0.0132979089394 0.0371964126825
    outer loop
      vertex 132.83744812 15.541926384 75.6761398315
      vertex 132.826080322 14.9097852707 74.7621002197
      vertex 132.844604492 15.3650693893 74.6438522339
    endloop
  endfacet
  facet normal 0.999083280563 0.0262298956513 0.033832129091
    outer loop
      vertex 132.844604492 15.3650693893 74.6438522339
      vertex 132.826080322 14.9097852707 74.7621002197
      vertex 132.839126587 14.5876531601 73.8496322632
    endloop
  endfacet
  facet normal 0.99908208847 0.0262493304908 0.0338519774377
    outer loop
      vertex 132.844604492 15.3650693893 74.6438522339
      vertex 132.839126587 14.5876531601 73.8496322632
      vertex 132.858734131 15.0164394379 73.6563262939
    endloop
  endfacet
  facet normal 0.999180853367 1.36665612445e-05 -0.0404669009149
    outer loop
      vertex 132.858734131 15.0164394379 73.6563262939
      vertex 132.749420166 17.7160224915 72.4350357056
      vertex 132.844604492 15.3650693893 74.6438522339
    endloop
  endfacet
  facet normal 0.999181449413 -1.50942594246e-06 -0.0404526665807
    outer loop
      vertex 132.844604492 15.3650693893 74.6438522339
      vertex 132.749420166 17.7160224915 72.4350357056
      vertex 132.728530884 18.2320461273 73.896736145
    endloop
  endfacet
  facet normal 0.999181091785 1.08915446617e-06 -0.0404612198472
    outer loop
      vertex 132.858734131 15.0164394379 73.6563262939
      vertex 132.780014038 16.9605884552 71.0816421509
      vertex 132.749420166 17.7160224915 72.4350357056
    endloop
  endfacet
  facet normal 0.999181509018 -6.07844094702e-06 -0.0404517427087
    outer loop
      vertex 132.879394531 14.506067276 72.7419662476
      vertex 132.780014038 16.9605884552 71.0816421509
      vertex 132.858734131 15.0164394379 73.6563262939
    endloop
  endfacet
  facet normal 0.998859703541 0.0383997447789 0.028367428109
    outer loop
      vertex 132.858734131 15.0164394379 73.6563262939
      vertex 132.858215332 14.1160697937 73.0047683716
      vertex 132.879394531 14.506067276 72.7419662476
    endloop
  endfacet
  facet normal 0.998557031155 0.0494724661112 0.0208895746619
    outer loop
      vertex 132.879394531 14.506067276 72.7419662476
      vertex 132.858215332 14.1160697937 73.0047683716
      vertex 132.8828125 13.5086050034 72.2518234253
    endloop
  endfacet
  facet normal 0.99855786562 0.0494584664702 0.020882692188
    outer loop
      vertex 132.879394531 14.506067276 72.7419662476
      vertex 132.8828125 13.5086050034 72.2518234253
      vertex 132.906005859 13.8486404419 71.9270935059
    endloop
  endfacet
  facet normal 0.999181568623 -2.96484586215e-06 -0.0404494330287
    outer loop
      vertex 132.906005859 13.8486404419 71.9270935059
      vertex 132.819412231 15.9874868393 69.8754959106
      vertex 132.879394531 14.506067276 72.7419662476
    endloop
  endfacet
  facet normal 0.999181330204 5.46142416624e-07 -0.0404562167823
    outer loop
      vertex 132.879394531 14.506067276 72.7419662476
      vertex 132.819412231 15.9874868393 69.8754959106
      vertex 132.780014038 16.9605884552 71.0816421509
    endloop
  endfacet
  facet normal 0.999181270599 5.72942826693e-06 -0.0404577590525
    outer loop
      vertex 132.906005859 13.8486404419 71.9270935059
      vertex 132.866500854 14.8247098923 68.8512802124
      vertex 132.819412231 15.9874868393 69.8754959106
    endloop
  endfacet
  facet normal 0.999181032181 7.24623350834e-06 -0.0404625311494
    outer loop
      vertex 132.937820435 13.0630645752 71.2351303101
      vertex 132.866500854 14.8247098923 68.8512802124
      vertex 132.906005859 13.8486404419 71.9270935059
    endloop
  endfacet
  facet normal 0.998182833195 0.0591212846339 0.0116476453841
    outer loop
      vertex 132.906005859 13.8486404419 71.9270935059
      vertex 132.912200928 12.7827320099 71.612449646
      vertex 132.937820435 13.0630645752 71.2351303101
    endloop
  endfacet
  facet normal 0.997748672962 0.0670573040843 0.000926307460759
    outer loop
      vertex 132.937820435 13.0630645752 71.2351303101
      vertex 132.912200928 12.7827320099 71.612449646
      vertex 132.945541382 11.9593372345 71.1050491333
    endloop
  endfacet
  facet normal 0.997748315334 0.0670628920197 0.000926968699787
    outer loop
      vertex 132.937820435 13.0630645752 71.2351303101
      vertex 132.945541382 11.9593372345 71.1050491333
      vertex 132.973907471 12.1719427109 70.6859893799
    endloop
  endfacet
  facet normal 0.999181270599 1.63885647453e-06 -0.0404565855861
    outer loop
      vertex 132.973907471 12.1719427109 70.6859893799
      vertex 132.919906616 13.5057020187 68.0384674072
      vertex 132.937820435 13.0630645752 71.2351303101
    endloop
  endfacet
  facet normal 0.999181389809 1.36105131787e-06 -0.0404545813799
    outer loop
      vertex 132.937820435 13.0630645752 71.2351303101
      vertex 132.919906616 13.5057020187 68.0384674072
      vertex 132.866500854 14.8247098923 68.8512802124
    endloop
  endfacet
  facet normal 0.999181628227 -2.71153407994e-06 -0.040447961539
    outer loop
      vertex 132.973907471 12.1719427109 70.6859893799
      vertex 132.978088379 12.0684185028 67.4604492188
      vertex 132.919906616 13.5057020187 68.0384674072
    endloop
  endfacet
  facet normal 0.999181628227 -2.72930469691e-06 -0.0404485166073
    outer loop
      vertex 133.013214111 11.2009115219 70.2954864502
      vertex 132.978088379 12.0684185028 67.4604492188
      vertex 132.973907471 12.1719427109 70.6859893799
    endloop
  endfacet
  facet normal 0.997267305851 0.073055639863 -0.0109903812408
    outer loop
      vertex 132.973907471 12.1719427109 70.6859893799
      vertex 132.981872559 11.0621061325 70.7442092896
      vertex 133.013214111 11.2009115219 70.2954864502
    endloop
  endfacet
  facet normal 0.99675065279 0.0769673511386 -0.0237526036799
    outer loop
      vertex 133.013214111 11.2009115219 70.2954864502
      vertex 132.981872559 11.0621061325 70.7442092896
      vertex 133.020141602 10.1168479919 70.5403289795
    endloop
  endfacet
  facet normal 0.996748805046 0.0769896879792 -0.0237576365471
    outer loop
      vertex 133.013214111 11.2009115219 70.2954864502
      vertex 133.020141602 10.1168479919 70.5403289795
      vertex 133.054641724 10.177901268 70.0748291016
    endloop
  endfacet
  facet normal 0.999181091785 3.16344335261e-06 -0.0404616557062
    outer loop
      vertex 133.054641724 10.177901268 70.0748291016
      vertex 133.039413452 10.5542030334 67.1338424683
      vertex 133.013214111 11.2009115219 70.2954864502
    endloop
  endfacet
  facet normal 0.999180972576 2.41603652285e-06 -0.0404653027654
    outer loop
      vertex 133.013214111 11.2009115219 70.2954864502
      vertex 133.039413452 10.5542030334 67.1338424683
      vertex 132.978088379 12.0684185028 67.4604492188
    endloop
  endfacet
  facet normal 0.999181509018 1.79774599474e-06 -0.0404510013759
    outer loop
      vertex 133.054641724 10.177901268 70.0748291016
      vertex 133.10206604 9.00661849976 67.0680465698
      vertex 133.039413452 10.5542030334 67.1338424683
    endloop
  endfacet
  facet normal 0.996212422848 0.0786869898438 -0.0370018295944
    outer loop
      vertex 133.054641724 10.177901268 70.0748291016
      vertex 133.020141602 10.1168479919 70.5403289795
      vertex 133.059265137 9.15075588226 70.4992599487
    endloop
  endfacet
  facet normal 0.971780836582 0.234045282006 -0.0294080451131
    outer loop
      vertex 133.020141602 10.1168479919 70.5403289795
      vertex 132.948669434 9.16572570801 70.9565963745
      vertex 133.059265137 9.15075588226 70.4992599487
    endloop
  endfacet
  facet normal 0.970175087452 0.232358977199 -0.0690622106194
    outer loop
      vertex 133.059265137 9.15075588226 70.4992599487
      vertex 132.948669434 9.16572570801 70.9565963745
      vertex 132.984390259 8.28354263306 71.0696563721
    endloop
  endfacet
  facet normal 0.920668542385 0.380737066269 -0.0860737189651
    outer loop
      vertex 132.948669434 9.16572570801 70.9565963745
      vertex 132.800689697 8.36780834198 71.4948120117
      vertex 132.984390259 8.28354263306 71.0696563721
    endloop
  endfacet
  facet normal 0.91809463501 0.367023557425 -0.149652808905
    outer loop
      vertex 132.984390259 8.28354263306 71.0696563721
      vertex 132.800689697 8.36780834198 71.4948120117
      vertex 132.832260132 7.58788013458 71.7338562012
    endloop
  endfacet
  facet normal 0.844903051853 0.500898420811 -0.187722206116
    outer loop
      vertex 132.800689697 8.36780834198 71.4948120117
      vertex 132.580444336 7.72746324539 72.106300354
      vertex 132.832260132 7.58788013458 71.7338562012
    endloop
  endfacet
  facet normal 0.841567873955 0.467769116163 -0.27010294795
    outer loop
      vertex 132.832260132 7.58788013458 71.7338562012
      vertex 132.580444336 7.72746324539 72.106300354
      vertex 132.607467651 7.0598654747 72.4431686401
    endloop
  endfacet
  facet normal 0.746777236462 0.581116974354 -0.323460698128
    outer loop
      vertex 132.580444336 7.72746324539 72.106300354
      vertex 132.294403076 7.23502397537 72.7479858398
      vertex 132.607467651 7.0598654747 72.4431686401
    endloop
  endfacet
  facet normal 0.742974638939 0.523241221905 -0.41738152504
    outer loop
      vertex 132.607467651 7.0598654747 72.4431686401
      vertex 132.294403076 7.23502397537 72.7479858398
      vertex 132.316757202 6.68268728256 73.156829834
    endloop
  endfacet
  facet normal 0.629251420498 0.612288355827 -0.478691637516
    outer loop
      vertex 132.294403076 7.23502397537 72.7479858398
      vertex 131.950927734 6.87003040314 73.3863296509
      vertex 132.316757202 6.68268728256 73.156829834
    endloop
  endfacet
  facet normal 0.625329256058 0.526946544647 -0.575578510761
    outer loop
      vertex 132.316757202 6.68268728256 73.156829834
      vertex 131.950927734 6.87003040314 73.3863296509
      vertex 131.968719482 6.43053102493 73.8452758789
    endloop
  endfacet
  facet normal 0.49577242136 0.590553343296 -0.636754631996
    outer loop
      vertex 131.968719482 6.43053102493 73.8452758789
      vertex 131.950927734 6.87003040314 73.3863296509
      vertex 131.871139526 6.81605148315 73.5115127563
    endloop
  endfacet
  facet normal 0.495773047209 0.590552985668 -0.636754512787
    outer loop
      vertex 131.968719482 6.43053102493 73.8452758789
      vertex 131.871139526 6.81605148315 73.5115127563
      vertex 131.871139526 6.47229814529 73.8821640015
    endloop
  endfacet
  facet normal 0.492093741894 0.477940797806 -0.727610051632
    outer loop
      vertex 131.968719482 6.43053102493 73.8452758789
      vertex 131.871139526 6.47229814529 73.8821640015
      vertex 131.871139526 6.39169025421 74.0048751831
    endloop
  endfacet
  facet normal 0.49208933115 0.477939069271 -0.727614164352
    outer loop
      vertex 131.983108521 6.07484722137 74.3719558716
      vertex 131.968719482 6.43053102493 73.8452758789
      vertex 131.871139526 6.39169025421 74.0048751831
    endloop
  endfacet
  facet normal 0.49208894372 0.47793930769 -0.727614223957
    outer loop
      vertex 131.983108521 6.07484722137 74.3719558716
      vertex 131.871139526 6.39169025421 74.0048751831
      vertex 131.871139526 6.12904024124 74.4047393799
    endloop
  endfacet
  facet normal 0.489232540131 0.351544678211 -0.79816532135
    outer loop
      vertex 131.983108521 6.07484722137 74.3719558716
      vertex 131.871139526 6.12904024124 74.4047393799
      vertex 131.871139526 6.06192588806 74.5571136475
    endloop
  endfacet
  facet normal 0.489226132631 0.351541161537 -0.798170804977
    outer loop
      vertex 131.993713379 5.81321620941 74.9512252808
      vertex 131.983108521 6.07484722137 74.3719558716
      vertex 131.871139526 6.06192588806 74.5571136475
    endloop
  endfacet
  facet normal 0.489226162434 0.351541161537 -0.798170804977
    outer loop
      vertex 131.993713379 5.81321620941 74.9512252808
      vertex 131.871139526 6.06192588806 74.5571136475
      vertex 131.871139526 5.87756967545 74.975692749
    endloop
  endfacet
  facet normal 0.487274885178 0.215049773455 -0.846355021
    outer loop
      vertex 131.993713379 5.81321620941 74.9512252808
      vertex 131.871139526 5.87756967545 74.975692749
      vertex 131.871139526 5.83320522308 75.1502990723
    endloop
  endfacet
  facet normal 0.487284690142 0.215056553483 -0.846347630024
    outer loop
      vertex 132.000198364 5.65316677094 75.56640625
      vertex 131.993713379 5.81321620941 74.9512252808
      vertex 131.871139526 5.83320522308 75.1502990723
    endloop
  endfacet
  facet normal 0.487283468246 0.215057179332 -0.846348166466
    outer loop
      vertex 132.000198364 5.65316677094 75.56640625
      vertex 131.871139526 5.83320522308 75.1502990723
      vertex 131.871139526 5.72415351868 75.5794677734
    endloop
  endfacet
  facet normal 0.486292928457 0.072383031249 -0.870792686939
    outer loop
      vertex 132.000198364 5.65316677094 75.56640625
      vertex 131.871139526 5.72415351868 75.5794677734
      vertex 131.871139526 5.70861816406 75.7663574219
    endloop
  endfacet
  facet normal 0.486307948828 0.0723953321576 -0.870783269405
    outer loop
      vertex 132.002365112 5.59929656982 76.1998138428
      vertex 132.000198364 5.65316677094 75.56640625
      vertex 131.871139526 5.70861816406 75.7663574219
    endloop
  endfacet
  facet normal 0.486309736967 0.0723945572972 -0.870782315731
    outer loop
      vertex 132.002365112 5.59929656982 76.1998138428
      vertex 131.871139526 5.70861816406 75.7663574219
      vertex 131.871139526 5.67258214951 76.1998138428
    endloop
  endfacet
  facet normal 0.486310273409 -0.0723792165518 -0.87078332901
    outer loop
      vertex 132.002365112 5.59929656982 76.1998138428
      vertex 131.871139526 5.67258214951 76.1998138428
      vertex 131.871139526 5.6882109642 76.387840271
    endloop
  endfacet
  facet normal 0.486291974783 -0.0723961368203 -0.870792090893
    outer loop
      vertex 132.000198364 5.65316677094 76.8332214355
      vertex 132.002365112 5.59929656982 76.1998138428
      vertex 131.871139526 5.6882109642 76.387840271
    endloop
  endfacet
  facet normal 0.486293494701 -0.0723966434598 -0.870791196823
    outer loop
      vertex 132.000198364 5.65316677094 76.8332214355
      vertex 131.871139526 5.6882109642 76.387840271
      vertex 131.871139526 5.72415351868 76.8201599121
    endloop
  endfacet
  facet normal 0.48728364706 -0.215051472187 -0.846349537373
    outer loop
      vertex 132.000198364 5.65316677094 76.8332214355
      vertex 131.871139526 5.72415351868 76.8201599121
      vertex 131.871139526 5.76941251755 76.9982833862
    endloop
  endfacet
  facet normal 0.487277507782 -0.215057641268 -0.846351504326
    outer loop
      vertex 131.993713379 5.81321620941 77.4484024048
      vertex 132.000198364 5.65316677094 76.8332214355
      vertex 131.871139526 5.76941251755 76.9982833862
    endloop
  endfacet
  facet normal 0.487278819084 -0.21505792439 -0.846350669861
    outer loop
      vertex 131.993713379 5.81321620941 77.4484024048
      vertex 131.871139526 5.76941251755 76.9982833862
      vertex 131.871139526 5.87757015228 77.4239349365
    endloop
  endfacet
  facet normal 0.489229500294 -0.351542055607 -0.798168361187
    outer loop
      vertex 131.993713379 5.81321620941 77.4484024048
      vertex 131.871139526 5.87757015228 77.4239349365
      vertex 131.871139526 5.94733858109 77.5823364258
    endloop
  endfacet
  facet normal 0.489226818085 -0.351544886827 -0.798168718815
    outer loop
      vertex 131.983108521 6.07484722137 78.0276641846
      vertex 131.993713379 5.81321620941 77.4484024048
      vertex 131.871139526 5.94733858109 77.5823364258
    endloop
  endfacet
  facet normal 0.489227473736 -0.35154491663 -0.798168301582
    outer loop
      vertex 131.983108521 6.07484722137 78.0276641846
      vertex 131.871139526 5.94733858109 77.5823364258
      vertex 131.871139526 6.12904024124 77.9948883057
    endloop
  endfacet
  facet normal 0.492082118988 -0.477943331003 -0.72761619091
    outer loop
      vertex 131.983108521 6.07484722137 78.0276641846
      vertex 131.871139526 6.12904024124 77.9948883057
      vertex 131.871139526 6.21525144577 78.1261291504
    endloop
  endfacet
  facet normal 0.492090940475 -0.477933764458 -0.727616548538
    outer loop
      vertex 131.968719482 6.43053102493 78.5543518066
      vertex 131.983108521 6.07484722137 78.0276641846
      vertex 131.871139526 6.21525144577 78.1261291504
    endloop
  endfacet
  facet normal 0.492093205452 -0.477933585644 -0.727615118027
    outer loop
      vertex 131.968719482 6.43053102493 78.5543518066
      vertex 131.871139526 6.21525144577 78.1261291504
      vertex 131.871139526 6.47229814529 78.5174636841
    endloop
  endfacet
  facet normal 0.495773106813 -0.590549528599 -0.636757612228
    outer loop
      vertex 131.968719482 6.43053102493 78.5543518066
      vertex 131.871139526 6.47229814529 78.5174636841
      vertex 131.871139526 6.56485843658 78.6172714233
    endloop
  endfacet
  facet normal 0.495767831802 -0.590555250645 -0.63675647974
    outer loop
      vertex 131.950927734 6.87003040314 79.0132980347
      vertex 131.968719482 6.43053102493 78.5543518066
      vertex 131.871139526 6.56485843658 78.6172714233
    endloop
  endfacet
  facet normal 0.495768964291 -0.590554952621 -0.636755824089
    outer loop
      vertex 131.950927734 6.87003040314 79.0132980347
      vertex 131.871139526 6.56485843658 78.6172714233
      vertex 131.871139526 6.89863395691 78.9771575928
    endloop
  endfacet
  facet normal 0.500166118145 -0.686195135117 -0.528176188469
    outer loop
      vertex 131.950927734 6.87003040314 79.0132980347
      vertex 131.871139526 6.89863395691 78.9771575928
      vertex 131.871139526 6.98651170731 79.0447998047
    endloop
  endfacet
  facet normal 0.500176310539 -0.68618452549 -0.528180301189
    outer loop
      vertex 131.930236816 7.38071250916 79.3913040161
      vertex 131.950927734 6.87003040314 79.0132980347
      vertex 131.871139526 6.98651170731 79.0447998047
    endloop
  endfacet
  facet normal 0.500175535679 -0.686184823513 -0.528180718422
    outer loop
      vertex 131.930236816 7.38071250916 79.3913040161
      vertex 131.871139526 6.98651170731 79.0447998047
      vertex 131.871139526 7.39709424973 79.3608398438
    endloop
  endfacet
  facet normal 0.505163371563 -0.762085497379 -0.405013114214
    outer loop
      vertex 131.930236816 7.38071250916 79.3913040161
      vertex 131.871139526 7.39709424973 79.3608398438
      vertex 131.871139526 7.46949005127 79.3993148804
    endloop
  endfacet
  facet normal 0.505146324635 -0.762102067471 -0.405003219843
    outer loop
      vertex 131.907272339 7.94787454605 79.6774902344
      vertex 131.930236816 7.38071250916 79.3913040161
      vertex 131.871139526 7.46949005127 79.3993148804
    endloop
  endfacet
  facet normal 0.505149185658 -0.762100696564 -0.405002206564
    outer loop
      vertex 131.907272339 7.94787454605 79.6774902344
      vertex 131.871139526 7.46949005127 79.3993148804
      vertex 131.871139526 7.95460557938 79.657119751
    endloop
  endfacet
  facet normal 0.510581016541 -0.816079318523 -0.270779550076
    outer loop
      vertex 131.907272339 7.94787454605 79.6774902344
      vertex 131.871139526 7.95460557938 79.657119751
      vertex 131.871139526 8.00218391418 79.6729049683
    endloop
  endfacet
  facet normal 0.510594964027 -0.816067159176 -0.270789861679
    outer loop
      vertex 131.88269043 8.55521297455 79.8636398315
      vertex 131.907272339 7.94787454605 79.6774902344
      vertex 131.871139526 8.00218391418 79.6729049683
    endloop
  endfacet
  facet normal 0.5105894804 -0.816070199013 -0.27079102397
    outer loop
      vertex 131.88269043 8.55521297455 79.8636398315
      vertex 131.871139526 8.00218391418 79.6729049683
      vertex 131.871139526 8.55623149872 79.8567504883
    endloop
  endfacet
  facet normal 0.516315221786 -0.846569240093 -0.129379808903
    outer loop
      vertex 131.88269043 8.55521297455 79.8636398315
      vertex 131.871139526 8.55623149872 79.8567504883
      vertex 131.871139526 8.57210350037 79.8591766357
    endloop
  endfacet
  facet normal 0.5163397789 -0.846550941467 -0.129401400685
    outer loop
      vertex 131.88269043 8.55521297455 79.8636398315
      vertex 131.871139526 8.57210350037 79.8591766357
      vertex 131.871139526 8.84049415588 79.9001998901
    endloop
  endfacet
  facet normal 0.643649578094 -0.755391955376 -0.122874766588
    outer loop
      vertex 132.242965698 8.50533390045 80.1625061035
      vertex 131.88269043 8.55521297455 79.8636398315
      vertex 131.871139526 8.84049415588 79.9001998901
    endloop
  endfacet
  facet normal 0.643650352955 -0.755391061306 -0.122876338661
    outer loop
      vertex 132.242965698 8.50533390045 80.1625061035
      vertex 131.871139526 8.84049415588 79.9001998901
      vertex 131.871139526 9.16063404083 79.9522781372
    endloop
  endfacet
  facet normal 0.643646478653 -0.755394876003 -0.122872956097
    outer loop
      vertex 132.215377808 9.18675994873 80.2498397827
      vertex 132.242965698 8.50533390045 80.1625061035
      vertex 131.871139526 9.16063404083 79.9522781372
    endloop
  endfacet
  facet normal 0.643646717072 -0.755394935608 -0.122871406376
    outer loop
      vertex 132.215377808 9.18675994873 80.2498397827
      vertex 131.871139526 9.16063404083 79.9522781372
      vertex 131.871139526 9.18529987335 79.9562911987
    endloop
  endfacet
  facet normal 0.648868143559 -0.760876655579 0.00607113912702
    outer loop
      vertex 132.215377808 9.18675994873 80.2498397827
      vertex 131.871139526 9.18529987335 79.9562911987
      vertex 131.871139526 9.75444507599 79.9517440796
    endloop
  endfacet
  facet normal 0.648871064186 -0.760874152184 0.00606806157157
    outer loop
      vertex 132.187576294 9.87313079834 80.2206573486
      vertex 132.215377808 9.18675994873 80.2498397827
      vertex 131.871139526 9.75444507599 79.9517440796
    endloop
  endfacet
  facet normal 0.648871183395 -0.760874092579 0.00606846669689
    outer loop
      vertex 132.187576294 9.87313079834 80.2206573486
      vertex 131.871139526 9.75444507599 79.9517440796
      vertex 131.871139526 9.8257818222 79.9511795044
    endloop
  endfacet
  facet normal 0.65405523777 -0.744467437267 0.13408960402
    outer loop
      vertex 132.187576294 9.87313079834 80.2206573486
      vertex 131.871139526 9.8257818222 79.9511795044
      vertex 131.871139526 10.3442773819 79.8577880859
    endloop
  endfacet
  facet normal 0.654050946236 -0.744470238686 0.134094640613
    outer loop
      vertex 132.160385132 10.5446987152 80.0758056641
      vertex 132.187576294 9.87313079834 80.2206573486
      vertex 131.871139526 10.3442773819 79.8577880859
    endloop
  endfacet
  facet normal 0.654051184654 -0.744469940662 0.134095340967
    outer loop
      vertex 132.160385132 10.5446987152 80.0758056641
      vertex 131.871139526 10.3442773819 79.8577880859
      vertex 131.871139526 10.4597873688 79.8369827271
    endloop
  endfacet
  facet normal 0.659048199654 -0.70663946867 0.257519215345
    outer loop
      vertex 132.160385132 10.5446987152 80.0758056641
      vertex 131.871139526 10.4597873688 79.8369827271
      vertex 131.871139526 10.9162559509 79.6706314087
    endloop
  endfacet
  facet normal 0.659067213535 -0.706630587578 0.257494747639
    outer loop
      vertex 132.13458252 11.1821517944 79.8194503784
      vertex 132.160385132 10.5446987152 80.0758056641
      vertex 131.871139526 10.9162559509 79.6706314087
    endloop
  endfacet
  facet normal 0.659067630768 -0.706629931927 0.257495552301
    outer loop
      vertex 132.13458252 11.1821517944 79.8194503784
      vertex 131.871139526 10.9162559509 79.6706314087
      vertex 131.871139526 11.0684137344 79.6151885986
    endloop
  endfacet
  facet normal 0.663733661175 -0.648484408855 0.372727185488
    outer loop
      vertex 132.13458252 11.1821517944 79.8194503784
      vertex 131.871139526 11.0684137344 79.6151885986
      vertex 131.871139526 11.4560565948 79.3923797607
    endloop
  endfacet
  facet normal 0.663724720478 -0.648486673832 0.372739285231
    outer loop
      vertex 132.11088562 11.7671432495 79.4589538574
      vertex 132.13458252 11.1821517944 79.8194503784
      vertex 131.871139526 11.4560565948 79.3923797607
    endloop
  endfacet
  facet normal 0.663724839687 -0.648486435413 0.372739434242
    outer loop
      vertex 132.11088562 11.7671432495 79.4589538574
      vertex 131.871139526 11.4560565948 79.3923797607
      vertex 131.871139526 11.6329126358 79.290725708
    endloop
  endfacet
  facet normal 0.667927205563 -0.571673810482 0.476510494947
    outer loop
      vertex 132.11088562 11.7671432495 79.4589538574
      vertex 131.871139526 11.6329126358 79.290725708
      vertex 131.871139526 11.9492015839 79.02709198
    endloop
  endfacet
  facet normal 0.667931199074 -0.571673750877 0.47650501132
    outer loop
      vertex 132.090011597 12.2828445435 79.0047149658
      vertex 132.11088562 11.7671432495 79.4589538574
      vertex 131.871139526 11.9492015839 79.02709198
    endloop
  endfacet
  facet normal 0.667931199074 -0.571673750877 0.476504981518
    outer loop
      vertex 132.090011597 12.2828445435 79.0047149658
      vertex 131.871139526 11.9492015839 79.02709198
      vertex 131.871139526 12.1353397369 78.8719406128
    endloop
  endfacet
  facet normal 0.671545863152 -0.478424787521 0.565805494785
    outer loop
      vertex 132.090011597 12.2828445435 79.0047149658
      vertex 131.871139526 12.1353397369 78.8719406128
      vertex 131.871139526 12.3812170029 78.5811538696
    endloop
  endfacet
  facet normal 0.671539247036 -0.478423446417 0.565814495087
    outer loop
      vertex 132.072540283 12.7144269943 78.4697723389
      vertex 132.090011597 12.2828445435 79.0047149658
      vertex 131.871139526 12.3812170029 78.5811538696
    endloop
  endfacet
  facet normal 0.671539247036 -0.478423446417 0.565814495087
    outer loop
      vertex 132.072540283 12.7144269943 78.4697723389
      vertex 131.871139526 12.3812170029 78.5811538696
      vertex 131.871139526 12.5593128204 78.3705291748
    endloop
  endfacet
  facet normal 0.674465656281 -0.371413439512 0.638081610203
    outer loop
      vertex 132.072540283 12.7144269943 78.4697723389
      vertex 131.871139526 12.5593128204 78.3705291748
      vertex 131.871139526 12.738035202 78.0634841919
    endloop
  endfacet
  facet normal 0.674453318119 -0.371408253908 0.638097703457
    outer loop
      vertex 132.05897522 13.0494642258 77.8695297241
      vertex 132.072540283 12.7144269943 78.4697723389
      vertex 131.871139526 12.738035202 78.0634841919
    endloop
  endfacet
  facet normal 0.674453139305 -0.371408432722 0.638097703457
    outer loop
      vertex 132.05897522 13.0494642258 77.8695297241
      vertex 131.871139526 12.738035202 78.0634841919
      vertex 131.871139526 12.8906736374 77.8012466431
    endloop
  endfacet
  facet normal 0.676605343819 -0.253712922335 0.6912561059
    outer loop
      vertex 132.05897522 13.0494642258 77.8695297241
      vertex 131.871139526 12.8906736374 77.8012466431
      vertex 131.871139526 13.0064764023 77.4857330322
    endloop
  endfacet
  facet normal 0.676610052586 -0.253715872765 0.691250383854
    outer loop
      vertex 132.049697876 13.2783298492 77.2212524414
      vertex 132.05897522 13.0494642258 77.8695297241
      vertex 131.871139526 13.0064764023 77.4857330322
    endloop
  endfacet
  facet normal 0.676609992981 -0.253715902567 0.691250443459
    outer loop
      vertex 132.049697876 13.2783298492 77.2212524414
      vertex 131.871139526 13.0064764023 77.4857330322
      vertex 131.871139526 13.1181564331 77.1814575195
    endloop
  endfacet
  facet normal 0.677926063538 -0.128690510988 0.723778307438
    outer loop
      vertex 132.049697876 13.2783298492 77.2212524414
      vertex 131.871139526 13.1181564331 77.1814575195
      vertex 131.871139526 13.1748981476 76.8623352051
    endloop
  endfacet
  facet normal 0.677937984467 -0.128700137138 0.723765432835
    outer loop
      vertex 132.044998169 13.3944311142 76.543586731
      vertex 132.049697876 13.2783298492 77.2212524414
      vertex 131.871139526 13.1748981476 76.8623352051
    endloop
  endfacet
  facet normal 0.677937924862 -0.128700181842 0.723765432835
    outer loop
      vertex 132.044998169 13.3944311142 76.543586731
      vertex 131.871139526 13.1748981476 76.8623352051
      vertex 131.871139526 13.2339000702 76.5305328369
    endloop
  endfacet
  facet normal 0.678380072117 -9.27134919948e-08 0.734711170197
    outer loop
      vertex 132.044998169 13.3944311142 76.543586731
      vertex 131.871139526 13.2339000702 76.5305328369
      vertex 131.871139526 13.2339000702 76.2104949951
    endloop
  endfacet
  facet normal 0.678379952908 -0 0.734711289406
    outer loop
      vertex 132.044998169 13.3944311142 75.8560409546
      vertex 132.044998169 13.3944311142 76.543586731
      vertex 131.871139526 13.2339000702 76.2104949951
    endloop
  endfacet
  facet normal 0.678379952908 0 0.734711289406
    outer loop
      vertex 132.044998169 13.3944311142 75.8560409546
      vertex 131.871139526 13.2339000702 76.2104949951
      vertex 131.871139526 13.2339000702 75.8690948486
    endloop
  endfacet
  facet normal 0.677936851978 0.128688767552 0.723768472672
    outer loop
      vertex 132.044998169 13.3944311142 75.8560409546
      vertex 131.871139526 13.2339000702 75.8690948486
      vertex 131.871139526 13.1771306992 75.5498123169
    endloop
  endfacet
  facet normal 0.677924633026 0.128702133894 0.723777532578
    outer loop
      vertex 132.049697876 13.2783298492 75.1783752441
      vertex 132.044998169 13.3944311142 75.8560409546
      vertex 131.871139526 13.1771306992 75.5498123169
    endloop
  endfacet
  facet normal 0.677924573421 0.12870208919 0.723777592182
    outer loop
      vertex 132.049697876 13.2783298492 75.1783752441
      vertex 131.871139526 13.1771306992 75.5498123169
      vertex 131.871139526 13.1181573868 75.2181625366
    endloop
  endfacet
  facet normal 0.67660677433 0.253715395927 0.691253781319
    outer loop
      vertex 132.049697876 13.2783298492 75.1783752441
      vertex 131.871139526 13.1181573868 75.2181625366
      vertex 131.871139526 13.0020093918 74.9017181396
    endloop
  endfacet
  facet normal 0.6766051054 0.253717333078 0.691254675388
    outer loop
      vertex 132.05897522 13.0494642258 74.5300979614
      vertex 132.049697876 13.2783298492 75.1783752441
      vertex 131.871139526 13.0020093918 74.9017181396
    endloop
  endfacet
  facet normal 0.676605045795 0.253717303276 0.691254734993
    outer loop
      vertex 132.05897522 13.0494642258 74.5300979614
      vertex 131.871139526 13.0020093918 74.9017181396
      vertex 131.871139526 12.8906736374 74.5983810425
    endloop
  endfacet
  facet normal 0.674452066422 0.371419161558 0.638092637062
    outer loop
      vertex 132.05897522 13.0494642258 74.5300979614
      vertex 131.871139526 12.8906736374 74.5983810425
      vertex 131.871139526 12.7104225159 74.2887115479
    endloop
  endfacet
  facet normal 0.674464762211 0.371403336525 0.638088405132
    outer loop
      vertex 132.072540283 12.7144269943 73.9298553467
      vertex 132.05897522 13.0494642258 74.5300979614
      vertex 131.871139526 12.7104225159 74.2887115479
    endloop
  endfacet
  facet normal 0.674464762211 0.371403336525 0.638088464737
    outer loop
      vertex 132.072540283 12.7144269943 73.9298553467
      vertex 131.871139526 12.7104225159 74.2887115479
      vertex 131.871139526 12.5593137741 74.0290985107
    endloop
  endfacet
  facet normal 0.671538591385 0.478424400091 0.565814495087
    outer loop
      vertex 132.072540283 12.7144269943 73.9298553467
      vertex 131.871139526 12.5593137741 74.0290985107
      vertex 131.871139526 12.3091487885 73.7332382202
    endloop
  endfacet
  facet normal 0.671539545059 0.478423207998 0.565814375877
    outer loop
      vertex 132.090011597 12.2828445435 73.3949127197
      vertex 132.072540283 12.7144269943 73.9298553467
      vertex 131.871139526 12.3091487885 73.7332382202
    endloop
  endfacet
  facet normal 0.67153942585 0.478423148394 0.565814554691
    outer loop
      vertex 132.090011597 12.2828445435 73.3949127197
      vertex 131.871139526 12.3091487885 73.7332382202
      vertex 131.871139526 12.1353397369 73.5276794434
    endloop
  endfacet
  facet normal 0.667923986912 0.571675658226 0.476512789726
    outer loop
      vertex 132.090011597 12.2828445435 73.3949127197
      vertex 131.871139526 12.1353397369 73.5276794434
      vertex 131.871139526 11.8099117279 73.2564239502
    endloop
  endfacet
  facet normal 0.667925953865 0.571673214436 0.476512998343
    outer loop
      vertex 132.11088562 11.7671432495 72.9406661987
      vertex 132.090011597 12.2828445435 73.3949127197
      vertex 131.871139526 11.8099117279 73.2564239502
    endloop
  endfacet
  facet normal 0.667926073074 0.57167327404 0.476512789726
    outer loop
      vertex 132.11088562 11.7671432495 72.9406661987
      vertex 131.871139526 11.8099117279 73.2564239502
      vertex 131.871139526 11.6329126358 73.1088867188
    endloop
  endfacet
  facet normal 0.663722932339 0.648492455482 0.37273234129
    outer loop
      vertex 132.11088562 11.7671432495 72.9406661987
      vertex 131.871139526 11.6329126358 73.1088867188
      vertex 131.871139526 11.2291002274 72.8767929077
    endloop
  endfacet
  facet normal 0.663724780083 0.648490250111 0.372732907534
    outer loop
      vertex 132.13458252 11.1821517944 72.5801773071
      vertex 132.11088562 11.7671432495 72.9406661987
      vertex 131.871139526 11.2291002274 72.8767929077
    endloop
  endfacet
  facet normal 0.663724601269 0.648490190506 0.372733265162
    outer loop
      vertex 132.13458252 11.1821517944 72.5801773071
      vertex 131.871139526 11.2291002274 72.8767929077
      vertex 131.871139526 11.0684137344 72.7844314575
    endloop
  endfacet
  facet normal 0.659058570862 0.706633985043 0.257507741451
    outer loop
      vertex 132.13458252 11.1821517944 72.5801773071
      vertex 131.871139526 11.0684137344 72.7844314575
      vertex 131.871139526 10.5871315002 72.609046936
    endloop
  endfacet
  facet normal 0.659047484398 0.706646323204 0.257502228022
    outer loop
      vertex 132.160385132 10.5446987152 72.3238220215
      vertex 132.13458252 11.1821517944 72.5801773071
      vertex 131.871139526 10.5871315002 72.609046936
    endloop
  endfacet
  facet normal 0.659047305584 0.706646263599 0.257502883673
    outer loop
      vertex 132.160385132 10.5446987152 72.3238220215
      vertex 131.871139526 10.5871315002 72.609046936
      vertex 131.871139526 10.4597873688 72.5626449585
    endloop
  endfacet
  facet normal 0.654049813747 0.74447196722 0.134090781212
    outer loop
      vertex 132.160385132 10.5446987152 72.3238220215
      vertex 131.871139526 10.4597873688 72.5626449585
      vertex 131.871139526 9.90725040436 72.4631195068
    endloop
  endfacet
  facet normal 0.654054045677 0.744467735291 0.134093612432
    outer loop
      vertex 132.187576294 9.87313079834 72.1789703369
      vertex 132.160385132 10.5446987152 72.3238220215
      vertex 131.871139526 9.90725040436 72.4631195068
    endloop
  endfacet
  facet normal 0.654053926468 0.744467735291 0.134094417095
    outer loop
      vertex 132.187576294 9.87313079834 72.1789703369
      vertex 131.871139526 9.90725040436 72.4631195068
      vertex 131.871139526 9.8257818222 72.4484481812
    endloop
  endfacet
  facet normal 0.648870706558 0.760874390602 0.00607944652438
    outer loop
      vertex 132.187576294 9.87313079834 72.1789703369
      vertex 131.871139526 9.8257818222 72.4484481812
      vertex 131.871139526 9.21431064606 72.4435653687
    endloop
  endfacet
  facet normal 0.648858547211 0.76088488102 0.00606938218698
    outer loop
      vertex 132.215377808 9.18675994873 72.1497879028
      vertex 132.187576294 9.87313079834 72.1789703369
      vertex 131.871139526 9.21431064606 72.4435653687
    endloop
  endfacet
  facet normal 0.648858189583 0.760885059834 0.00607562437654
    outer loop
      vertex 132.215377808 9.18675994873 72.1497879028
      vertex 131.871139526 9.21431064606 72.4435653687
      vertex 131.871139526 9.18529987335 72.4433288574
    endloop
  endfacet
  facet normal 0.643635630608 0.755401968956 -0.122886218131
    outer loop
      vertex 131.871139526 9.18529987335 72.4433288574
      vertex 131.871139526 8.84047985077 72.4994277954
      vertex 132.215377808 9.18675994873 72.1497879028
    endloop
  endfacet
  facet normal 0.643635928631 0.755401790142 -0.122885733843
    outer loop
      vertex 131.88269043 8.55521297455 72.535987854
      vertex 132.215377808 9.18675994873 72.1497879028
      vertex 131.871139526 8.84047985077 72.4994277954
    endloop
  endfacet
  facet normal 0.51629781723 0.846574664116 -0.129413843155
    outer loop
      vertex 131.88269043 8.55521297455 72.535987854
      vertex 131.871139526 8.84047985077 72.4994277954
      vertex 131.871139526 8.55623149872 72.5428771973
    endloop
  endfacet
  facet normal 0.510573387146 0.816082417965 -0.270784586668
    outer loop
      vertex 131.88269043 8.55521297455 72.535987854
      vertex 131.871139526 8.55623149872 72.5428771973
      vertex 131.871139526 8.53904819489 72.548576355
    endloop
  endfacet
  facet normal 0.51057434082 0.816082119942 -0.270783632994
    outer loop
      vertex 131.907272339 7.94787454605 72.7221298218
      vertex 131.88269043 8.55521297455 72.535987854
      vertex 131.871139526 8.53904819489 72.548576355
    endloop
  endfacet
  facet normal 0.510584652424 0.816076099873 -0.270782500505
    outer loop
      vertex 131.907272339 7.94787454605 72.7221298218
      vertex 131.871139526 8.53904819489 72.548576355
      vertex 131.871139526 7.95460510254 72.7425003052
    endloop
  endfacet
  facet normal 0.505150258541 0.762091934681 -0.405017435551
    outer loop
      vertex 131.907272339 7.94787454605 72.7221298218
      vertex 131.871139526 7.95460510254 72.7425003052
      vertex 131.871139526 7.90502500534 72.7688522339
    endloop
  endfacet
  facet normal 0.505159378052 0.762090682983 -0.405008405447
    outer loop
      vertex 131.930236816 7.38071250916 73.0083236694
      vertex 131.907272339 7.94787454605 72.7221298218
      vertex 131.871139526 7.90502500534 72.7688522339
    endloop
  endfacet
  facet normal 0.505163371563 0.762088358402 -0.405007779598
    outer loop
      vertex 131.930236816 7.38071250916 73.0083236694
      vertex 131.871139526 7.90502500534 72.7688522339
      vertex 131.871139526 7.39709424973 73.0387878418
    endloop
  endfacet
  facet normal 0.500176489353 0.686192631721 -0.528169691563
    outer loop
      vertex 131.930236816 7.38071250916 73.0083236694
      vertex 131.871139526 7.39709424973 73.0387878418
      vertex 131.871139526 7.32503700256 73.09425354
    endloop
  endfacet
  facet normal 0.500161290169 0.68619197607 -0.528184831142
    outer loop
      vertex 131.950927734 6.87003040314 73.3863296509
      vertex 131.930236816 7.38071250916 73.0083236694
      vertex 131.871139526 7.32503700256 73.09425354
    endloop
  endfacet
  facet normal 0.50016617775 0.686189174652 -0.528183877468
    outer loop
      vertex 131.950927734 6.87003040314 73.3863296509
      vertex 131.871139526 7.32503700256 73.09425354
      vertex 131.871139526 6.89863395691 73.4224700928
    endloop
  endfacet
  facet normal 0.495768755674 0.590552508831 -0.636758267879
    outer loop
      vertex 131.950927734 6.87003040314 73.3863296509
      vertex 131.871139526 6.89863395691 73.4224700928
      vertex 131.871139526 6.81605148315 73.5115127563
    endloop
  endfacet
  facet normal 0.629232764244 0.612290620804 -0.478713154793
    outer loop
      vertex 132.294403076 7.23502397537 72.7479858398
      vertex 131.930236816 7.38071250916 73.0083236694
      vertex 131.950927734 6.87003040314 73.3863296509
    endloop
  endfacet
  facet normal 0.633682787418 0.680023908615 -0.368800282478
    outer loop
      vertex 132.269561768 7.84845733643 72.4384460449
      vertex 131.930236816 7.38071250916 73.0083236694
      vertex 132.294403076 7.23502397537 72.7479858398
    endloop
  endfacet
  facet normal 0.746767580509 0.581122398376 -0.32347330451
    outer loop
      vertex 132.580444336 7.72746324539 72.106300354
      vertex 132.269561768 7.84845733643 72.4384460449
      vertex 132.294403076 7.23502397537 72.7479858398
    endloop
  endfacet
  facet normal 0.750910639763 0.622280538082 -0.221133694053
    outer loop
      vertex 132.551498413 8.44235038757 71.8871841431
      vertex 132.269561768 7.84845733643 72.4384460449
      vertex 132.580444336 7.72746324539 72.106300354
    endloop
  endfacet
  facet normal 0.844891786575 0.500911355019 -0.187738418579
    outer loop
      vertex 132.800689697 8.36780834198 71.4948120117
      vertex 132.551498413 8.44235038757 71.8871841431
      vertex 132.580444336 7.72746324539 72.106300354
    endloop
  endfacet
  facet normal 0.848405957222 0.519631624222 -0.100946903229
    outer loop
      vertex 132.767929077 9.17688179016 71.3911209106
      vertex 132.551498413 8.44235038757 71.8871841431
      vertex 132.800689697 8.36780834198 71.4948120117
    endloop
  endfacet
  facet normal 0.920669853687 0.38073438406 -0.0860716700554
    outer loop
      vertex 132.948669434 9.16572570801 70.9565963745
      vertex 132.767929077 9.17688179016 71.3911209106
      vertex 132.800689697 8.36780834198 71.4948120117
    endloop
  endfacet
  facet normal 0.923301279545 0.383497446775 -0.0210822634399
    outer loop
      vertex 132.912689209 10.0543088913 70.9943695068
      vertex 132.767929077 9.17688179016 71.3911209106
      vertex 132.948669434 9.16572570801 70.9565963745
    endloop
  endfacet
  facet normal 0.971785664558 0.234026238322 -0.0293993465602
    outer loop
      vertex 133.020141602 10.1168479919 70.5403289795
      vertex 132.912689209 10.0543088913 70.9943695068
      vertex 132.948669434 9.16572570801 70.9565963745
    endloop
  endfacet
  facet normal 0.973380088806 0.228979378939 0.00998067855835
    outer loop
      vertex 132.981872559 11.0621061325 70.7442092896
      vertex 132.912689209 10.0543088913 70.9943695068
      vertex 133.020141602 10.1168479919 70.5403289795
    endloop
  endfacet
  facet normal 0.973378419876 0.228986695409 0.00997874792665
    outer loop
      vertex 132.981872559 11.0621061325 70.7442092896
      vertex 132.877487183 10.9237318039 71.1819000244
      vertex 132.912689209 10.0543088913 70.9943695068
    endloop
  endfacet
  facet normal 0.92590790987 0.375242352486 0.0434475056827
    outer loop
      vertex 132.877487183 10.9237318039 71.1819000244
      vertex 132.734924316 9.99181938171 71.4257659912
      vertex 132.912689209 10.0543088913 70.9943695068
    endloop
  endfacet
  facet normal 0.923294246197 0.38351392746 -0.0210908800364
    outer loop
      vertex 132.912689209 10.0543088913 70.9943695068
      vertex 132.734924316 9.99181938171 71.4257659912
      vertex 132.767929077 9.17688179016 71.3911209106
    endloop
  endfacet
  facet normal 0.851997613907 0.523402154446 -0.0122562320903
    outer loop
      vertex 132.734924316 9.99181938171 71.4257659912
      vertex 132.521469116 9.18394851685 71.7921447754
      vertex 132.767929077 9.17688179016 71.3911209106
    endloop
  endfacet
  facet normal 0.848405778408 0.51963186264 -0.100947119296
    outer loop
      vertex 132.767929077 9.17688179016 71.3911209106
      vertex 132.521469116 9.18394851685 71.7921447754
      vertex 132.551498413 8.44235038757 71.8871841431
    endloop
  endfacet
  facet normal 0.75527793169 0.645535290241 -0.113311320543
    outer loop
      vertex 132.521469116 9.18394851685 71.7921447754
      vertex 132.242965698 8.50533390045 72.2371139526
      vertex 132.551498413 8.44235038757 71.8871841431
    endloop
  endfacet
  facet normal 0.750912129879 0.622279405594 -0.221131891012
    outer loop
      vertex 132.551498413 8.44235038757 71.8871841431
      vertex 132.242965698 8.50533390045 72.2371139526
      vertex 132.269561768 7.84845733643 72.4384460449
    endloop
  endfacet
  facet normal 0.638531923294 0.728186130524 -0.249042034149
    outer loop
      vertex 132.242965698 8.50533390045 72.2371139526
      vertex 131.907272339 7.94787454605 72.7221298218
      vertex 132.269561768 7.84845733643 72.4384460449
    endloop
  endfacet
  facet normal 0.633682668209 0.68002396822 -0.368800401688
    outer loop
      vertex 132.269561768 7.84845733643 72.4384460449
      vertex 131.907272339 7.94787454605 72.7221298218
      vertex 131.930236816 7.38071250916 73.0083236694
    endloop
  endfacet
  facet normal 0.638551950455 0.728175759315 -0.249020904303
    outer loop
      vertex 132.242965698 8.50533390045 72.2371139526
      vertex 131.88269043 8.55521297455 72.535987854
      vertex 131.907272339 7.94787454605 72.7221298218
    endloop
  endfacet
  facet normal 0.643658638 0.755385935307 -0.122864067554
    outer loop
      vertex 132.215377808 9.18675994873 72.1497879028
      vertex 131.88269043 8.55521297455 72.535987854
      vertex 132.242965698 8.50533390045 72.2371139526
    endloop
  endfacet
  facet normal 0.75528383255 0.645529448986 -0.113305106759
    outer loop
      vertex 132.521469116 9.18394851685 71.7921447754
      vertex 132.215377808 9.18675994873 72.1497879028
      vertex 132.242965698 8.50533390045 72.2371139526
    endloop
  endfacet
  facet normal 0.759744942188 0.650213718414 -0.00312279677019
    outer loop
      vertex 132.491226196 9.93092918396 71.8238983154
      vertex 132.215377808 9.18675994873 72.1497879028
      vertex 132.521469116 9.18394851685 71.7921447754
    endloop
  endfacet
  facet normal 0.852004349232 0.523391366005 -0.0122495740652
    outer loop
      vertex 132.734924316 9.99181938171 71.4257659912
      vertex 132.491226196 9.93092918396 71.8238983154
      vertex 132.521469116 9.18394851685 71.7921447754
    endloop
  endfacet
  facet normal 0.855570077896 0.51210552454 0.0758142992854
    outer loop
      vertex 132.702636719 10.789191246 71.5977554321
      vertex 132.491226196 9.93092918396 71.8238983154
      vertex 132.734924316 9.99181938171 71.4257659912
    endloop
  endfacet
  facet normal 0.925906419754 0.375246226788 0.0434462614357
    outer loop
      vertex 132.877487183 10.9237318039 71.1819000244
      vertex 132.702636719 10.789191246 71.5977554321
      vertex 132.734924316 9.99181938171 71.4257659912
    endloop
  endfacet
  facet normal 0.928425252438 0.356180399656 0.105650901794
    outer loop
      vertex 132.844070435 11.7489805222 71.5137863159
      vertex 132.702636719 10.789191246 71.5977554321
      vertex 132.877487183 10.9237318039 71.1819000244
    endloop
  endfacet
  facet normal 0.974915206432 0.217353194952 0.0479370206594
    outer loop
      vertex 132.945541382 11.9593372345 71.1050491333
      vertex 132.844070435 11.7489805222 71.5137863159
      vertex 132.877487183 10.9237318039 71.1819000244
    endloop
  endfacet
  facet normal 0.974915266037 0.217352852225 0.0479370504618
    outer loop
      vertex 132.945541382 11.9593372345 71.1050491333
      vertex 132.877487183 10.9237318039 71.1819000244
      vertex 132.981872559 11.0621061325 70.7442092896
    endloop
  endfacet
  facet normal 0.99726575613 0.0730769336224 -0.0109914867207
    outer loop
      vertex 132.973907471 12.1719427109 70.6859893799
      vertex 132.945541382 11.9593372345 71.1050491333
      vertex 132.981872559 11.0621061325 70.7442092896
    endloop
  endfacet
  facet normal 0.976350486279 0.199465408921 0.0833865106106
    outer loop
      vertex 132.912200928 12.7827320099 71.612449646
      vertex 132.844070435 11.7489805222 71.5137863159
      vertex 132.945541382 11.9593372345 71.1050491333
    endloop
  endfacet
  facet normal 0.976354181767 0.19944794476 0.0833850875497
    outer loop
      vertex 132.912200928 12.7827320099 71.612449646
      vertex 132.813415527 12.5063209534 71.9804763794
      vertex 132.844070435 11.7489805222 71.5137863159
    endloop
  endfacet
  facet normal 0.930782198906 0.326854109764 0.163740217686
    outer loop
      vertex 132.813415527 12.5063209534 71.9804763794
      vertex 132.67199707 11.546049118 71.9021377563
      vertex 132.844070435 11.7489805222 71.5137863159
    endloop
  endfacet
  facet normal 0.928430736065 0.356165409088 0.105653017759
    outer loop
      vertex 132.844070435 11.7489805222 71.5137863159
      vertex 132.67199707 11.546049118 71.9021377563
      vertex 132.702636719 10.789191246 71.5977554321
    endloop
  endfacet
  facet normal 0.859003067017 0.486090928316 0.160715118051
    outer loop
      vertex 132.67199707 11.546049118 71.9021377563
      vertex 132.461624146 10.6618032455 71.9815444946
      vertex 132.702636719 10.789191246 71.5977554321
    endloop
  endfacet
  facet normal 0.855565428734 0.512113690376 0.0758109986782
    outer loop
      vertex 132.702636719 10.789191246 71.5977554321
      vertex 132.461624146 10.6618032455 71.9815444946
      vertex 132.491226196 9.93092918396 71.8238983154
    endloop
  endfacet
  facet normal 0.76417016983 0.636198997498 0.106277085841
    outer loop
      vertex 132.461624146 10.6618032455 71.9815444946
      vertex 132.187576294 9.87313079834 72.1789703369
      vertex 132.491226196 9.93092918396 71.8238983154
    endloop
  endfacet
  facet normal 0.759740173817 0.650219261646 -0.0031269940082
    outer loop
      vertex 132.491226196 9.93092918396 71.8238983154
      vertex 132.187576294 9.87313079834 72.1789703369
      vertex 132.215377808 9.18675994873 72.1497879028
    endloop
  endfacet
  facet normal 0.764175593853 0.63619184494 0.106280751526
    outer loop
      vertex 132.461624146 10.6618032455 71.9815444946
      vertex 132.160385132 10.5446987152 72.3238220215
      vertex 132.187576294 9.87313079834 72.1789703369
    endloop
  endfacet
  facet normal 0.768445611 0.603870511055 0.211735084653
    outer loop
      vertex 132.433532715 11.3555450439 72.2605438232
      vertex 132.160385132 10.5446987152 72.3238220215
      vertex 132.461624146 10.6618032455 71.9815444946
    endloop
  endfacet
  facet normal 0.858991205692 0.486113458872 0.160710275173
    outer loop
      vertex 132.67199707 11.546049118 71.9021377563
      vertex 132.433532715 11.3555450439 72.2605438232
      vertex 132.461624146 10.6618032455 71.9815444946
    endloop
  endfacet
  facet normal 0.862201273441 0.44610697031 0.239994972944
    outer loop
      vertex 132.643875122 12.2406263351 72.3301544189
      vertex 132.433532715 11.3555450439 72.2605438232
      vertex 132.67199707 11.546049118 71.9021377563
    endloop
  endfacet
  facet normal 0.930777072906 0.326868474483 0.163740634918
    outer loop
      vertex 132.813415527 12.5063209534 71.9804763794
      vertex 132.643875122 12.2406263351 72.3301544189
      vertex 132.67199707 11.546049118 71.9021377563
    endloop
  endfacet
  facet normal 0.932894647121 0.288160294294 0.216035291553
    outer loop
      vertex 132.786376953 13.1739578247 72.5685501099
      vertex 132.643875122 12.2406263351 72.3301544189
      vertex 132.813415527 12.5063209534 71.9804763794
    endloop
  endfacet
  facet normal 0.977642536163 0.17584733665 0.115294419229
    outer loop
      vertex 132.8828125 13.5086050034 72.2518234253
      vertex 132.786376953 13.1739578247 72.5685501099
      vertex 132.813415527 12.5063209534 71.9804763794
    endloop
  endfacet
  facet normal 0.977645814419 0.175831750035 0.115290425718
    outer loop
      vertex 132.8828125 13.5086050034 72.2518234253
      vertex 132.813415527 12.5063209534 71.9804763794
      vertex 132.912200928 12.7827320099 71.612449646
    endloop
  endfacet
  facet normal 0.998183786869 0.0591066107154 0.0116433091462
    outer loop
      vertex 132.906005859 13.8486404419 71.9270935059
      vertex 132.8828125 13.5086050034 72.2518234253
      vertex 132.912200928 12.7827320099 71.612449646
    endloop
  endfacet
  facet normal 0.978755235672 0.147156521678 0.142769485712
    outer loop
      vertex 132.858215332 14.1160697937 73.0047683716
      vertex 132.786376953 13.1739578247 72.5685501099
      vertex 132.8828125 13.5086050034 72.2518234253
    endloop
  endfacet
  facet normal 0.978761017323 0.147129759192 0.142757534981
    outer loop
      vertex 132.858215332 14.1160697937 73.0047683716
      vertex 132.763763428 13.7326889038 73.2610931396
      vertex 132.786376953 13.1739578247 72.5685501099
    endloop
  endfacet
  facet normal 0.934719979763 0.241135805845 0.261059552431
    outer loop
      vertex 132.763763428 13.7326889038 73.2610931396
      vertex 132.61907959 12.852930069 72.8694915771
      vertex 132.786376953 13.1739578247 72.5685501099
    endloop
  endfacet
  facet normal 0.932897090912 0.288153350353 0.216033890843
    outer loop
      vertex 132.786376953 13.1739578247 72.5685501099
      vertex 132.61907959 12.852930069 72.8694915771
      vertex 132.643875122 12.2406263351 72.3301544189
    endloop
  endfacet
  facet normal 0.865097284317 0.393265634775 0.311366051435
    outer loop
      vertex 132.61907959 12.852930069 72.8694915771
      vertex 132.40776062 11.9921941757 72.6528625488
      vertex 132.643875122 12.2406263351 72.3301544189
    endloop
  endfacet
  facet normal 0.86220741272 0.44609478116 0.239995479584
    outer loop
      vertex 132.643875122 12.2406263351 72.3301544189
      vertex 132.40776062 11.9921941757 72.6528625488
      vertex 132.433532715 11.3555450439 72.2605438232
    endloop
  endfacet
  facet normal 0.772439301014 0.554164648056 0.310224294662
    outer loop
      vertex 132.40776062 11.9921941757 72.6528625488
      vertex 132.13458252 11.1821517944 72.5801773071
      vertex 132.433532715 11.3555450439 72.2605438232
    endloop
  endfacet
  facet normal 0.768451809883 0.603861689568 0.211737856269
    outer loop
      vertex 132.433532715 11.3555450439 72.2605438232
      vertex 132.13458252 11.1821517944 72.5801773071
      vertex 132.160385132 10.5446987152 72.3238220215
    endloop
  endfacet
  facet normal 0.772421061993 0.554192066193 0.310220628977
    outer loop
      vertex 132.40776062 11.9921941757 72.6528625488
      vertex 132.11088562 11.7671432495 72.9406661987
      vertex 132.13458252 11.1821517944 72.5801773071
    endloop
  endfacet
  facet normal 0.776012122631 0.488542199135 0.39891320467
    outer loop
      vertex 132.385040283 12.5534343719 73.1472244263
      vertex 132.11088562 11.7671432495 72.9406661987
      vertex 132.40776062 11.9921941757 72.6528625488
    endloop
  endfacet
  facet normal 0.865108728409 0.393242776394 0.311363101006
    outer loop
      vertex 132.61907959 12.852930069 72.8694915771
      vertex 132.385040283 12.5534343719 73.1472244263
      vertex 132.40776062 11.9921941757 72.6528625488
    endloop
  endfacet
  facet normal 0.867595613003 0.329102903605 0.372785568237
    outer loop
      vertex 132.598327637 13.3653593063 73.5046386719
      vertex 132.385040283 12.5534343719 73.1472244263
      vertex 132.61907959 12.852930069 72.8694915771
    endloop
  endfacet
  facet normal 0.934709191322 0.241165369749 0.261070936918
    outer loop
      vertex 132.763763428 13.7326889038 73.2610931396
      vertex 132.598327637 13.3653593063 73.5046386719
      vertex 132.61907959 12.852930069 72.8694915771
    endloop
  endfacet
  facet normal 0.936184406281 0.187219232321 0.2975025177
    outer loop
      vertex 132.746200562 14.1664352417 74.0381774902
      vertex 132.598327637 13.3653593063 73.5046386719
      vertex 132.763763428 13.7326889038 73.2610931396
    endloop
  endfacet
  facet normal 0.979655623436 0.114240884781 0.164996623993
    outer loop
      vertex 132.839126587 14.5876531601 73.8496322632
      vertex 132.746200562 14.1664352417 74.0381774902
      vertex 132.763763428 13.7326889038 73.2610931396
    endloop
  endfacet
  facet normal 0.979660451412 0.11421969533 0.16498246789
    outer loop
      vertex 132.839126587 14.5876531601 73.8496322632
      vertex 132.763763428 13.7326889038 73.2610931396
      vertex 132.858215332 14.1160697937 73.0047683716
    endloop
  endfacet
  facet normal 0.998859882355 0.0383969508111 0.0283654071391
    outer loop
      vertex 132.858734131 15.0164394379 73.6563262939
      vertex 132.839126587 14.5876531601 73.8496322632
      vertex 132.858215332 14.1160697937 73.0047683716
    endloop
  endfacet
  facet normal 0.980317831039 0.0780393853784 0.181347206235
    outer loop
      vertex 132.826080322 14.9097852707 74.7621002197
      vertex 132.746200562 14.1664352417 74.0381774902
      vertex 132.839126587 14.5876531601 73.8496322632
    endloop
  endfacet
  facet normal 0.980314612389 0.0780520513654 0.18135920167
    outer loop
      vertex 132.826080322 14.9097852707 74.7621002197
      vertex 132.734191895 14.4627246857 74.8774490356
      vertex 132.746200562 14.1664352417 74.0381774902
    endloop
  endfacet
  facet normal 0.937273800373 0.127893701196 0.324285387993
    outer loop
      vertex 132.734191895 14.4627246857 74.8774490356
      vertex 132.582229614 13.7631597519 74.2173156738
      vertex 132.746200562 14.1664352417 74.0381774902
    endloop
  endfacet
  facet normal 0.936188578606 0.187208399177 0.297496080399
    outer loop
      vertex 132.746200562 14.1664352417 74.0381774902
      vertex 132.582229614 13.7631597519 74.2173156738
      vertex 132.598327637 13.3653593063 73.5046386719
    endloop
  endfacet
  facet normal 0.869600296021 0.25548812747 0.42251765728
    outer loop
      vertex 132.582229614 13.7631597519 74.2173156738
      vertex 132.366012573 13.0231285095 73.7294006348
      vertex 132.598327637 13.3653593063 73.5046386719
    endloop
  endfacet
  facet normal 0.867586135864 0.329121500254 0.372791290283
    outer loop
      vertex 132.598327637 13.3653593063 73.5046386719
      vertex 132.366012573 13.0231285095 73.7294006348
      vertex 132.385040283 12.5534343719 73.1472244263
    endloop
  endfacet
  facet normal 0.779101967812 0.408864468336 0.475215733051
    outer loop
      vertex 132.366012573 13.0231285095 73.7294006348
      vertex 132.090011597 12.2828445435 73.3949127197
      vertex 132.385040283 12.5534343719 73.1472244263
    endloop
  endfacet
  facet normal 0.77601236105 0.488541841507 0.398913174868
    outer loop
      vertex 132.385040283 12.5534343719 73.1472244263
      vertex 132.090011597 12.2828445435 73.3949127197
      vertex 132.11088562 11.7671432495 72.9406661987
    endloop
  endfacet
  facet normal 0.779118359089 0.408839344978 0.475210487843
    outer loop
      vertex 132.366012573 13.0231285095 73.7294006348
      vertex 132.072540283 12.7144269943 73.9298553467
      vertex 132.090011597 12.2828445435 73.3949127197
    endloop
  endfacet
  facet normal 0.781617999077 0.317378103733 0.536977112293
    outer loop
      vertex 132.351257324 13.387755394 74.3826522827
      vertex 132.072540283 12.7144269943 73.9298553467
      vertex 132.366012573 13.0231285095 73.7294006348
    endloop
  endfacet
  facet normal 0.869608402252 0.255473047495 0.42251008749
    outer loop
      vertex 132.582229614 13.7631597519 74.2173156738
      vertex 132.351257324 13.387755394 74.3826522827
      vertex 132.366012573 13.0231285095 73.7294006348
    endloop
  endfacet
  facet normal 0.871088087559 0.174531832337 0.459068804979
    outer loop
      vertex 132.571212769 14.0348949432 74.9870376587
      vertex 132.351257324 13.387755394 74.3826522827
      vertex 132.582229614 13.7631597519 74.2173156738
    endloop
  endfacet
  facet normal 0.937272131443 0.127897560596 0.324288696051
    outer loop
      vertex 132.734191895 14.4627246857 74.8774490356
      vertex 132.571212769 14.0348949432 74.9870376587
      vertex 132.582229614 13.7631597519 74.2173156738
    endloop
  endfacet
  facet normal 0.937936306 0.0648635551333 0.340687870979
    outer loop
      vertex 132.728118896 14.613032341 75.7547531128
      vertex 132.571212769 14.0348949432 74.9870376587
      vertex 132.734191895 14.4627246857 74.8774490356
    endloop
  endfacet
  facet normal 0.980727136135 0.0395710468292 0.191333413124
    outer loop
      vertex 132.819458008 15.0732040405 75.7159347534
      vertex 132.728118896 14.613032341 75.7547531128
      vertex 132.734191895 14.4627246857 74.8774490356
    endloop
  endfacet
  facet normal 0.980719983578 0.0395948439837 0.191365092993
    outer loop
      vertex 132.819458008 15.0732040405 75.7159347534
      vertex 132.734191895 14.4627246857 74.8774490356
      vertex 132.826080322 14.9097852707 74.7621002197
    endloop
  endfacet
  facet normal 0.999218404293 0.0133137507364 0.0372193008661
    outer loop
      vertex 132.83744812 15.541926384 75.6761398315
      vertex 132.819458008 15.0732040405 75.7159347534
      vertex 132.826080322 14.9097852707 74.7621002197
    endloop
  endfacet
  facet normal 0.980863153934 0 0.194698482752
    outer loop
      vertex 132.819458008 15.0732040405 76.6836929321
      vertex 132.728118896 14.613032341 75.7547531128
      vertex 132.819458008 15.0732040405 75.7159347534
    endloop
  endfacet
  facet normal 0.980863153934 1.62808550208e-17 0.194698482752
    outer loop
      vertex 132.819458008 15.0732040405 76.6836929321
      vertex 132.728118896 14.613032341 76.6448669434
      vertex 132.728118896 14.613032341 75.7547531128
    endloop
  endfacet
  facet normal 0.938162147999 0 0.346196174622
    outer loop
      vertex 132.728118896 14.613032341 76.6448669434
      vertex 132.565643311 14.1727437973 75.791633606
      vertex 132.728118896 14.613032341 75.7547531128
    endloop
  endfacet
  facet normal 0.937939167023 0.0648578852415 0.340681105852
    outer loop
      vertex 132.728118896 14.613032341 75.7547531128
      vertex 132.565643311 14.1727437973 75.791633606
      vertex 132.571212769 14.0348949432 74.9870376587
    endloop
  endfacet
  facet normal 0.871999084949 0.0885170027614 0.481437772512
    outer loop
      vertex 132.565643311 14.1727437973 75.791633606
      vertex 132.341171265 13.6368284225 75.0881729126
      vertex 132.571212769 14.0348949432 74.9870376587
    endloop
  endfacet
  facet normal 0.87109297514 0.174523562193 0.459062725306
    outer loop
      vertex 132.571212769 14.0348949432 74.9870376587
      vertex 132.341171265 13.6368284225 75.0881729126
      vertex 132.351257324 13.387755394 74.3826522827
    endloop
  endfacet
  facet normal 0.783449530602 0.216814875603 0.582407176495
    outer loop
      vertex 132.341171265 13.6368284225 75.0881729126
      vertex 132.05897522 13.0494642258 74.5300979614
      vertex 132.351257324 13.387755394 74.3826522827
    endloop
  endfacet
  facet normal 0.781610012054 0.317389935255 0.536981761456
    outer loop
      vertex 132.351257324 13.387755394 74.3826522827
      vertex 132.05897522 13.0494642258 74.5300979614
      vertex 132.072540283 12.7144269943 73.9298553467
    endloop
  endfacet
  facet normal 0.783446133137 0.21681958437 0.582410037518
    outer loop
      vertex 132.341171265 13.6368284225 75.0881729126
      vertex 132.049697876 13.2783298492 75.1783752441
      vertex 132.05897522 13.0494642258 74.5300979614
    endloop
  endfacet
  facet normal 0.784571170807 0.109978280962 0.61020720005
    outer loop
      vertex 132.33605957 13.7631826401 75.8256759644
      vertex 132.049697876 13.2783298492 75.1783752441
      vertex 132.341171265 13.6368284225 75.0881729126
    endloop
  endfacet
  facet normal 0.871995031834 0.0885230973363 0.481444060802
    outer loop
      vertex 132.565643311 14.1727437973 75.791633606
      vertex 132.33605957 13.7631826401 75.8256759644
      vertex 132.341171265 13.6368284225 75.0881729126
    endloop
  endfacet
  facet normal 0.872299194336 0 0.488972514868
    outer loop
      vertex 132.565643311 14.1727437973 76.6079864502
      vertex 132.33605957 13.7631826401 75.8256759644
      vertex 132.565643311 14.1727437973 75.791633606
    endloop
  endfacet
  facet normal 0.938162147999 3.32102891249e-17 0.346196174622
    outer loop
      vertex 132.728118896 14.613032341 76.6448669434
      vertex 132.565643311 14.1727437973 76.6079864502
      vertex 132.565643311 14.1727437973 75.791633606
    endloop
  endfacet
  facet normal 0.937938988209 -0.0648617893457 0.340680718422
    outer loop
      vertex 132.734191895 14.4627246857 77.5221786499
      vertex 132.565643311 14.1727437973 76.6079864502
      vertex 132.728118896 14.613032341 76.6448669434
    endloop
  endfacet
  facet normal 0.980719804764 -0.0395768731833 0.191369697452
    outer loop
      vertex 132.826080322 14.9097852707 77.6375274658
      vertex 132.734191895 14.4627246857 77.5221786499
      vertex 132.728118896 14.613032341 76.6448669434
    endloop
  endfacet
  facet normal 0.980726838112 -0.0395890846848 0.19133117795
    outer loop
      vertex 132.826080322 14.9097852707 77.6375274658
      vertex 132.728118896 14.613032341 76.6448669434
      vertex 132.819458008 15.0732040405 76.6836929321
    endloop
  endfacet
  facet normal 0.999219477177 -0.0133093288168 0.0371934436262
    outer loop
      vertex 132.844604492 15.3650693893 77.7557754517
      vertex 132.826080322 14.9097852707 77.6375274658
      vertex 132.819458008 15.0732040405 76.6836929321
    endloop
  endfacet
  facet normal 0.980314850807 -0.0780442878604 0.18136125803
    outer loop
      vertex 132.839126587 14.5876531601 78.5499954224
      vertex 132.734191895 14.4627246857 77.5221786499
      vertex 132.826080322 14.9097852707 77.6375274658
    endloop
  endfacet
  facet normal 0.980318129063 -0.0780469030142 0.181342497468
    outer loop
      vertex 132.839126587 14.5876531601 78.5499954224
      vertex 132.746200562 14.1664352417 78.3614425659
      vertex 132.734191895 14.4627246857 77.5221786499
    endloop
  endfacet
  facet normal 0.937272191048 -0.127896115184 0.324289083481
    outer loop
      vertex 132.746200562 14.1664352417 78.3614425659
      vertex 132.571212769 14.0348949432 77.4125900269
      vertex 132.734191895 14.4627246857 77.5221786499
    endloop
  endfacet
  facet normal 0.93793618679 -0.0648586153984 0.340689092875
    outer loop
      vertex 132.734191895 14.4627246857 77.5221786499
      vertex 132.571212769 14.0348949432 77.4125900269
      vertex 132.565643311 14.1727437973 76.6079864502
    endloop
  endfacet
  facet normal 0.871995270252 -0.0885173231363 0.481444656849
    outer loop
      vertex 132.571212769 14.0348949432 77.4125900269
      vertex 132.33605957 13.7631826401 76.5739440918
      vertex 132.565643311 14.1727437973 76.6079864502
    endloop
  endfacet
  facet normal 0.872299194336 0 0.488972514868
    outer loop
      vertex 132.565643311 14.1727437973 76.6079864502
      vertex 132.33605957 13.7631826401 76.5739440918
      vertex 132.33605957 13.7631826401 75.8256759644
    endloop
  endfacet
  facet normal 0.784943163395 0 0.619567811489
    outer loop
      vertex 132.33605957 13.7631826401 76.5739440918
      vertex 132.044998169 13.3944311142 75.8560409546
      vertex 132.33605957 13.7631826401 75.8256759644
    endloop
  endfacet
  facet normal 0.78456568718 0.109985113144 0.610213041306
    outer loop
      vertex 132.33605957 13.7631826401 75.8256759644
      vertex 132.044998169 13.3944311142 75.8560409546
      vertex 132.049697876 13.2783298492 75.1783752441
    endloop
  endfacet
  facet normal 0.784943163395 6.94137875447e-17 0.619567811489
    outer loop
      vertex 132.33605957 13.7631826401 76.5739440918
      vertex 132.044998169 13.3944311142 76.543586731
      vertex 132.044998169 13.3944311142 75.8560409546
    endloop
  endfacet
  facet normal 0.784564852715 -0.109979592264 0.610215127468
    outer loop
      vertex 132.341171265 13.6368284225 77.3114471436
      vertex 132.044998169 13.3944311142 76.543586731
      vertex 132.33605957 13.7631826401 76.5739440918
    endloop
  endfacet
  facet normal 0.871999919415 -0.0885216444731 0.481435388327
    outer loop
      vertex 132.571212769 14.0348949432 77.4125900269
      vertex 132.341171265 13.6368284225 77.3114471436
      vertex 132.33605957 13.7631826401 76.5739440918
    endloop
  endfacet
  facet normal 0.871093988419 -0.174529969692 0.459058374166
    outer loop
      vertex 132.582229614 13.7631597519 78.1823043823
      vertex 132.341171265 13.6368284225 77.3114471436
      vertex 132.571212769 14.0348949432 77.4125900269
    endloop
  endfacet
  facet normal 0.937273859978 -0.127897143364 0.324283838272
    outer loop
      vertex 132.746200562 14.1664352417 78.3614425659
      vertex 132.582229614 13.7631597519 78.1823043823
      vertex 132.571212769 14.0348949432 77.4125900269
    endloop
  endfacet
  facet normal 0.936188399792 -0.187212780118 0.297493994236
    outer loop
      vertex 132.763763428 13.7326889038 79.1385345459
      vertex 132.582229614 13.7631597519 78.1823043823
      vertex 132.746200562 14.1664352417 78.3614425659
    endloop
  endfacet
  facet normal 0.979660451412 -0.114228650928 0.164976477623
    outer loop
      vertex 132.858215332 14.1160697937 79.394859314
      vertex 132.763763428 13.7326889038 79.1385345459
      vertex 132.746200562 14.1664352417 78.3614425659
    endloop
  endfacet
  facet normal 0.979656398296 -0.114229358733 0.164999902248
    outer loop
      vertex 132.858215332 14.1160697937 79.394859314
      vertex 132.746200562 14.1664352417 78.3614425659
      vertex 132.839126587 14.5876531601 78.5499954224
    endloop
  endfacet
  facet normal 0.998859703541 -0.0383988320827 0.0283687748015
    outer loop
      vertex 132.879394531 14.506067276 79.6576538086
      vertex 132.858215332 14.1160697937 79.394859314
      vertex 132.839126587 14.5876531601 78.5499954224
    endloop
  endfacet
  facet normal 0.978760421276 -0.147140920162 0.142749935389
    outer loop
      vertex 132.8828125 13.5086050034 80.1478042603
      vertex 132.763763428 13.7326889038 79.1385345459
      vertex 132.858215332 14.1160697937 79.394859314
    endloop
  endfacet
  facet normal 0.978755831718 -0.147146195173 0.142776161432
    outer loop
      vertex 132.8828125 13.5086050034 80.1478042603
      vertex 132.786376953 13.1739578247 79.8310699463
      vertex 132.763763428 13.7326889038 79.1385345459
    endloop
  endfacet
  facet normal 0.934709906578 -0.241153791547 0.26107904315
    outer loop
      vertex 132.786376953 13.1739578247 79.8310699463
      vertex 132.598327637 13.3653593063 78.8949890137
      vertex 132.763763428 13.7326889038 79.1385345459
    endloop
  endfacet
  facet normal 0.936184287071 -0.187212407589 0.297507107258
    outer loop
      vertex 132.763763428 13.7326889038 79.1385345459
      vertex 132.598327637 13.3653593063 78.8949890137
      vertex 132.582229614 13.7631597519 78.1823043823
    endloop
  endfacet
  facet normal 0.869605958462 -0.255481272936 0.422510117292
    outer loop
      vertex 132.598327637 13.3653593063 78.8949890137
      vertex 132.351257324 13.387755394 78.0169754028
      vertex 132.582229614 13.7631597519 78.1823043823
    endloop
  endfacet
  facet normal 0.871086537838 -0.174525633454 0.459074109793
    outer loop
      vertex 132.582229614 13.7631597519 78.1823043823
      vertex 132.351257324 13.387755394 78.0169754028
      vertex 132.341171265 13.6368284225 77.3114471436
    endloop
  endfacet
  facet normal 0.783444285393 -0.216814994812 0.582414209843
    outer loop
      vertex 132.351257324 13.387755394 78.0169754028
      vertex 132.049697876 13.2783298492 77.2212524414
      vertex 132.341171265 13.6368284225 77.3114471436
    endloop
  endfacet
  facet normal 0.784570276737 -0.10998415947 0.61020731926
    outer loop
      vertex 132.341171265 13.6368284225 77.3114471436
      vertex 132.049697876 13.2783298492 77.2212524414
      vertex 132.044998169 13.3944311142 76.543586731
    endloop
  endfacet
  facet normal 0.783449590206 -0.216818153858 0.582405924797
    outer loop
      vertex 132.351257324 13.387755394 78.0169754028
      vertex 132.05897522 13.0494642258 77.8695297241
      vertex 132.049697876 13.2783298492 77.2212524414
    endloop
  endfacet
  facet normal 0.781610250473 -0.317385494709 0.536984026432
    outer loop
      vertex 132.366012573 13.0231285095 78.6702194214
      vertex 132.05897522 13.0494642258 77.8695297241
      vertex 132.351257324 13.387755394 78.0169754028
    endloop
  endfacet
  facet normal 0.869602262974 -0.255480438471 0.422518253326
    outer loop
      vertex 132.598327637 13.3653593063 78.8949890137
      vertex 132.366012573 13.0231285095 78.6702194214
      vertex 132.351257324 13.387755394 78.0169754028
    endloop
  endfacet
  facet normal 0.867589354515 -0.329111993313 0.372792243958
    outer loop
      vertex 132.61907959 12.852930069 79.530128479
      vertex 132.366012573 13.0231285095 78.6702194214
      vertex 132.598327637 13.3653593063 78.8949890137
    endloop
  endfacet
  facet normal 0.934720039368 -0.241149261594 0.261046975851
    outer loop
      vertex 132.786376953 13.1739578247 79.8310699463
      vertex 132.61907959 12.852930069 79.530128479
      vertex 132.598327637 13.3653593063 78.8949890137
    endloop
  endfacet
  facet normal 0.932897031307 -0.288154214621 0.216033041477
    outer loop
      vertex 132.813415527 12.5063209534 80.4191513062
      vertex 132.61907959 12.852930069 79.530128479
      vertex 132.786376953 13.1739578247 79.8310699463
    endloop
  endfacet
  facet normal 0.977645754814 -0.175835222006 0.115285567939
    outer loop
      vertex 132.912200928 12.7827320099 80.7871780396
      vertex 132.813415527 12.5063209534 80.4191513062
      vertex 132.786376953 13.1739578247 79.8310699463
    endloop
  endfacet
  facet normal 0.977643489838 -0.175839930773 0.115297794342
    outer loop
      vertex 132.912200928 12.7827320099 80.7871780396
      vertex 132.786376953 13.1739578247 79.8310699463
      vertex 132.8828125 13.5086050034 80.1478042603
    endloop
  endfacet
  facet normal 0.998183012009 -0.0591174401343 0.0116529045627
    outer loop
      vertex 132.937820435 13.0630645752 81.1644973755
      vertex 132.912200928 12.7827320099 80.7871780396
      vertex 132.8828125 13.5086050034 80.1478042603
    endloop
  endfacet
  facet normal 0.976353764534 -0.199452653527 0.0833784416318
    outer loop
      vertex 132.945541382 11.9593372345 81.2945785522
      vertex 132.813415527 12.5063209534 80.4191513062
      vertex 132.912200928 12.7827320099 80.7871780396
    endloop
  endfacet
  facet normal 0.976350605488 -0.199461728334 0.0833937227726
    outer loop
      vertex 132.945541382 11.9593372345 81.2945785522
      vertex 132.844070435 11.7489805222 80.8858413696
      vertex 132.813415527 12.5063209534 80.4191513062
    endloop
  endfacet
  facet normal 0.930777549744 -0.326864153147 0.163746610284
    outer loop
      vertex 132.844070435 11.7489805222 80.8858413696
      vertex 132.643875122 12.2406263351 80.0694732666
      vertex 132.813415527 12.5063209534 80.4191513062
    endloop
  endfacet
  facet normal 0.932894647121 -0.288156509399 0.216040283442
    outer loop
      vertex 132.813415527 12.5063209534 80.4191513062
      vertex 132.643875122 12.2406263351 80.0694732666
      vertex 132.61907959 12.852930069 79.530128479
    endloop
  endfacet
  facet normal 0.865104973316 -0.393253594637 0.311359912157
    outer loop
      vertex 132.643875122 12.2406263351 80.0694732666
      vertex 132.385040283 12.5534343719 79.2524032593
      vertex 132.61907959 12.852930069 79.530128479
    endloop
  endfacet
  facet normal 0.867593109608 -0.329111456871 0.372783869505
    outer loop
      vertex 132.61907959 12.852930069 79.530128479
      vertex 132.385040283 12.5534343719 79.2524032593
      vertex 132.366012573 13.0231285095 78.6702194214
    endloop
  endfacet
  facet normal 0.779113292694 -0.408852696419 0.475207298994
    outer loop
      vertex 132.385040283 12.5534343719 79.2524032593
      vertex 132.072540283 12.7144269943 78.4697723389
      vertex 132.366012573 13.0231285095 78.6702194214
    endloop
  endfacet
  facet normal 0.781614899635 -0.31738704443 0.536976337433
    outer loop
      vertex 132.366012573 13.0231285095 78.6702194214
      vertex 132.072540283 12.7144269943 78.4697723389
      vertex 132.05897522 13.0494642258 77.8695297241
    endloop
  endfacet
  facet normal 0.779101729393 -0.408852100372 0.475226789713
    outer loop
      vertex 132.385040283 12.5534343719 79.2524032593
      vertex 132.090011597 12.2828445435 79.0047149658
      vertex 132.072540283 12.7144269943 78.4697723389
    endloop
  endfacet
  facet normal 0.776012301445 -0.488542020321 0.398912996054
    outer loop
      vertex 132.40776062 11.9921941757 79.7467651367
      vertex 132.090011597 12.2828445435 79.0047149658
      vertex 132.385040283 12.5534343719 79.2524032593
    endloop
  endfacet
  facet normal 0.865097224712 -0.393257498741 0.311376541853
    outer loop
      vertex 132.643875122 12.2406263351 80.0694732666
      vertex 132.40776062 11.9921941757 79.7467651367
      vertex 132.385040283 12.5534343719 79.2524032593
    endloop
  endfacet
  facet normal 0.862206935883 -0.446098834276 0.239989742637
    outer loop
      vertex 132.67199707 11.546049118 80.4974899292
      vertex 132.40776062 11.9921941757 79.7467651367
      vertex 132.643875122 12.2406263351 80.0694732666
    endloop
  endfacet
  facet normal 0.930782198906 -0.326857507229 0.163733661175
    outer loop
      vertex 132.844070435 11.7489805222 80.8858413696
      vertex 132.67199707 11.546049118 80.4974899292
      vertex 132.643875122 12.2406263351 80.0694732666
    endloop
  endfacet
  facet normal 0.928430020809 -0.35617017746 0.105643257499
    outer loop
      vertex 132.877487183 10.9237318039 81.2177200317
      vertex 132.67199707 11.546049118 80.4974899292
      vertex 132.844070435 11.7489805222 80.8858413696
    endloop
  endfacet
  facet normal 0.974915266037 -0.217353329062 0.0479350276291
    outer loop
      vertex 132.981872559 11.0621061325 81.6554107666
      vertex 132.877487183 10.9237318039 81.2177200317
      vertex 132.844070435 11.7489805222 80.8858413696
    endloop
  endfacet
  facet normal 0.974915087223 -0.217353865504 0.0479356683791
    outer loop
      vertex 132.981872559 11.0621061325 81.6554107666
      vertex 132.844070435 11.7489805222 80.8858413696
      vertex 132.945541382 11.9593372345 81.2945785522
    endloop
  endfacet
  facet normal 0.997267067432 -0.0730574354529 -0.0109999841079
    outer loop
      vertex 133.013214111 11.2009115219 82.1041412354
      vertex 132.981872559 11.0621061325 81.6554107666
      vertex 132.945541382 11.9593372345 81.2945785522
    endloop
  endfacet
  facet normal 0.996750295162 -0.0769690424204 -0.0237621013075
    outer loop
      vertex 133.054641724 10.177901268 82.324798584
      vertex 132.981872559 11.0621061325 81.6554107666
      vertex 133.013214111 11.2009115219 82.1041412354
    endloop
  endfacet
  facet normal 0.999181091785 -1.41345151405e-06 -0.0404620319605
    outer loop
      vertex 133.013214111 11.2009115219 82.1041412354
      vertex 132.978088379 12.0684185028 84.9391784668
      vertex 133.054641724 10.177901268 82.324798584
    endloop
  endfacet
  facet normal 0.999180972576 -3.59834939445e-06 -0.0404650494456
    outer loop
      vertex 133.054641724 10.177901268 82.324798584
      vertex 132.978088379 12.0684185028 84.9391784668
      vertex 133.039413452 10.5542030334 85.2657775879
    endloop
  endfacet
  facet normal 0.999181389809 -2.25299527301e-06 -0.0404545515776
    outer loop
      vertex 133.054641724 10.177901268 82.324798584
      vertex 133.039413452 10.5542030334 85.2657775879
      vertex 133.096969604 9.13235282898 82.3692474365
    endloop
  endfacet
  facet normal 0.996213018894 -0.0786852911115 -0.0369893610477
    outer loop
      vertex 133.096969604 9.13235282898 82.3692474365
      vertex 133.020141602 10.1168479919 81.8592987061
      vertex 133.054641724 10.177901268 82.324798584
    endloop
  endfacet
  facet normal 0.996749162674 -0.0769882723689 -0.0237474516034
    outer loop
      vertex 133.054641724 10.177901268 82.324798584
      vertex 133.020141602 10.1168479919 81.8592987061
      vertex 132.981872559 11.0621061325 81.6554107666
    endloop
  endfacet
  facet normal 0.973378717899 -0.22898504138 0.00998367741704
    outer loop
      vertex 133.020141602 10.1168479919 81.8592987061
      vertex 132.877487183 10.9237318039 81.2177200317
      vertex 132.981872559 11.0621061325 81.6554107666
    endloop
  endfacet
  facet normal 0.973380029202 -0.228979736567 0.00997922196984
    outer loop
      vertex 133.020141602 10.1168479919 81.8592987061
      vertex 132.912689209 10.0543088913 81.4052581787
      vertex 132.877487183 10.9237318039 81.2177200317
    endloop
  endfacet
  facet normal 0.925906717777 -0.375244945288 0.043451461941
    outer loop
      vertex 132.912689209 10.0543088913 81.4052581787
      vertex 132.702636719 10.789191246 80.801864624
      vertex 132.877487183 10.9237318039 81.2177200317
    endloop
  endfacet
  facet normal 0.928425192833 -0.356179207563 0.105655297637
    outer loop
      vertex 132.877487183 10.9237318039 81.2177200317
      vertex 132.702636719 10.789191246 80.801864624
      vertex 132.67199707 11.546049118 80.4974899292
    endloop
  endfacet
  facet normal 0.858991861343 -0.486109614372 0.160718306899
    outer loop
      vertex 132.702636719 10.789191246 80.801864624
      vertex 132.433532715 11.3555450439 80.1390838623
      vertex 132.67199707 11.546049118 80.4974899292
    endloop
  endfacet
  facet normal 0.862201213837 -0.44610363245 0.24000120163
    outer loop
      vertex 132.67199707 11.546049118 80.4974899292
      vertex 132.433532715 11.3555450439 80.1390838623
      vertex 132.40776062 11.9921941757 79.7467651367
    endloop
  endfacet
  facet normal 0.772428035736 -0.554176151752 0.310231804848
    outer loop
      vertex 132.433532715 11.3555450439 80.1390838623
      vertex 132.11088562 11.7671432495 79.4589538574
      vertex 132.40776062 11.9921941757 79.7467651367
    endloop
  endfacet
  facet normal 0.776017010212 -0.488540947437 0.398905158043
    outer loop
      vertex 132.40776062 11.9921941757 79.7467651367
      vertex 132.11088562 11.7671432495 79.4589538574
      vertex 132.090011597 12.2828445435 79.0047149658
    endloop
  endfacet
  facet normal 0.7724391222 -0.554170608521 0.310214012861
    outer loop
      vertex 132.433532715 11.3555450439 80.1390838623
      vertex 132.13458252 11.1821517944 79.8194503784
      vertex 132.11088562 11.7671432495 79.4589538574
    endloop
  endfacet
  facet normal 0.768450558186 -0.603866994381 0.211727008224
    outer loop
      vertex 132.461624146 10.6618032455 80.4180755615
      vertex 132.13458252 11.1821517944 79.8194503784
      vertex 132.433532715 11.3555450439 80.1390838623
    endloop
  endfacet
  facet normal 0.859003067017 -0.486096650362 0.160697832704
    outer loop
      vertex 132.702636719 10.789191246 80.801864624
      vertex 132.461624146 10.6618032455 80.4180755615
      vertex 132.433532715 11.3555450439 80.1390838623
    endloop
  endfacet
  facet normal 0.855566203594 -0.512111008167 0.0758206173778
    outer loop
      vertex 132.734924316 9.99181938171 80.9738616943
      vertex 132.461624146 10.6618032455 80.4180755615
      vertex 132.702636719 10.789191246 80.801864624
    endloop
  endfacet
  facet normal 0.925907850266 -0.375242382288 0.0434490218759
    outer loop
      vertex 132.912689209 10.0543088913 81.4052581787
      vertex 132.734924316 9.99181938171 80.9738616943
      vertex 132.702636719 10.789191246 80.801864624
    endloop
  endfacet
  facet normal 0.923294782639 -0.383513063192 -0.0210813358426
    outer loop
      vertex 132.948669434 9.16572570801 81.443031311
      vertex 132.734924316 9.99181938171 80.9738616943
      vertex 132.912689209 10.0543088913 81.4052581787
    endloop
  endfacet
  facet normal 0.971781075001 -0.234045490623 -0.0293983407319
    outer loop
      vertex 133.059265137 9.15075588226 81.9003677368
      vertex 132.948669434 9.16572570801 81.443031311
      vertex 132.912689209 10.0543088913 81.4052581787
    endloop
  endfacet
  facet normal 0.971785068512 -0.234027564526 -0.0294088143855
    outer loop
      vertex 133.059265137 9.15075588226 81.9003677368
      vertex 132.912689209 10.0543088913 81.4052581787
      vertex 133.020141602 10.1168479919 81.8592987061
    endloop
  endfacet
  facet normal 0.996214568615 -0.0786591023207 -0.0370030514896
    outer loop
      vertex 133.096969604 9.13235282898 82.3692474365
      vertex 133.059265137 9.15075588226 81.9003677368
      vertex 133.020141602 10.1168479919 81.8592987061
    endloop
  endfacet
  facet normal 0.995674848557 -0.0780925899744 -0.0503308922052
    outer loop
      vertex 133.139007568 8.09433364868 82.2362136841
      vertex 133.059265137 9.15075588226 81.9003677368
      vertex 133.096969604 9.13235282898 82.3692474365
    endloop
  endfacet
  facet normal 0.999180972576 3.64390082552e-08 -0.0404644459486
    outer loop
      vertex 133.096969604 9.13235282898 82.3692474365
      vertex 133.10206604 9.00661849976 85.3315734863
      vertex 133.139007568 8.09433364868 82.2362136841
    endloop
  endfacet
  facet normal 0.999181210995 1.79136213774e-06 -0.0404585003853
    outer loop
      vertex 133.139007568 8.09433364868 82.2362136841
      vertex 133.10206604 9.00661849976 85.3315734863
      vertex 133.164276123 7.47017860413 85.1346664429
    endloop
  endfacet
  facet normal 0.999181389809 7.51501715968e-07 -0.0404536798596
    outer loop
      vertex 133.139007568 8.09433364868 82.2362136841
      vertex 133.164276123 7.47017860413 85.1346664429
      vertex 133.179519653 7.093708992 81.9295272827
    endloop
  endfacet
  facet normal 0.995145022869 -0.0753031224012 -0.0633705556393
    outer loop
      vertex 133.179519653 7.093708992 81.9295272827
      vertex 133.098098755 8.19162559509 81.7774505615
      vertex 133.139007568 8.09433364868 82.2362136841
    endloop
  endfacet
  facet normal 0.995673298836 -0.0781173035502 -0.050322920084
    outer loop
      vertex 133.139007568 8.09433364868 82.2362136841
      vertex 133.098098755 8.19162559509 81.7774505615
      vertex 133.059265137 9.15075588226 81.9003677368
    endloop
  endfacet
  facet normal 0.97017544508 -0.232359051704 -0.0690574198961
    outer loop
      vertex 133.098098755 8.19162559509 81.7774505615
      vertex 132.948669434 9.16572570801 81.443031311
      vertex 133.059265137 9.15075588226 81.9003677368
    endloop
  endfacet
  facet normal 0.970177471638 -0.23234950006 -0.069061011076
    outer loop
      vertex 133.098098755 8.19162559509 81.7774505615
      vertex 132.984390259 8.28354263306 81.3299713135
      vertex 132.948669434 9.16572570801 81.443031311
    endloop
  endfacet
  facet normal 0.920669674873 -0.380734533072 -0.0860733017325
    outer loop
      vertex 132.984390259 8.28354263306 81.3299713135
      vertex 132.767929077 9.17688179016 81.0085067749
      vertex 132.948669434 9.16572570801 81.443031311
    endloop
  endfacet
  facet normal 0.923301100731 -0.383497387171 -0.0210918616503
    outer loop
      vertex 132.948669434 9.16572570801 81.443031311
      vertex 132.767929077 9.17688179016 81.0085067749
      vertex 132.734924316 9.99181938171 80.9738616943
    endloop
  endfacet
  facet normal 0.852008461952 -0.523384511471 -0.0122574223205
    outer loop
      vertex 132.767929077 9.17688179016 81.0085067749
      vertex 132.491226196 9.93092918396 80.5757217407
      vertex 132.734924316 9.99181938171 80.9738616943
    endloop
  endfacet
  facet normal 0.855574607849 -0.512098968029 0.0758072212338
    outer loop
      vertex 132.734924316 9.99181938171 80.9738616943
      vertex 132.491226196 9.93092918396 80.5757217407
      vertex 132.461624146 10.6618032455 80.4180755615
    endloop
  endfacet
  facet normal 0.76416862011 -0.636200785637 0.106277249753
    outer loop
      vertex 132.491226196 9.93092918396 80.5757217407
      vertex 132.160385132 10.5446987152 80.0758056641
      vertex 132.461624146 10.6618032455 80.4180755615
    endloop
  endfacet
  facet normal 0.768439471722 -0.603875339031 0.211743548512
    outer loop
      vertex 132.461624146 10.6618032455 80.4180755615
      vertex 132.160385132 10.5446987152 80.0758056641
      vertex 132.13458252 11.1821517944 79.8194503784
    endloop
  endfacet
  facet normal 0.764163076878 -0.63620620966 0.106284655631
    outer loop
      vertex 132.491226196 9.93092918396 80.5757217407
      vertex 132.187576294 9.87313079834 80.2206573486
      vertex 132.160385132 10.5446987152 80.0758056641
    endloop
  endfacet
  facet normal 0.759733855724 -0.650226712227 -0.00311504583806
    outer loop
      vertex 132.521469116 9.18394851685 80.6074829102
      vertex 132.187576294 9.87313079834 80.2206573486
      vertex 132.491226196 9.93092918396 80.5757217407
    endloop
  endfacet
  facet normal 0.851997852325 -0.523402094841 -0.0122434236109
    outer loop
      vertex 132.767929077 9.17688179016 81.0085067749
      vertex 132.521469116 9.18394851685 80.6074829102
      vertex 132.491226196 9.93092918396 80.5757217407
    endloop
  endfacet
  facet normal 0.848405599594 -0.519631266594 -0.100951828063
    outer loop
      vertex 132.800689697 8.36780834198 80.9048080444
      vertex 132.521469116 9.18394851685 80.6074829102
      vertex 132.767929077 9.17688179016 81.0085067749
    endloop
  endfacet
  facet normal 0.920670986176 -0.380730926991 -0.0860749185085
    outer loop
      vertex 132.984390259 8.28354263306 81.3299713135
      vertex 132.800689697 8.36780834198 80.9048080444
      vertex 132.767929077 9.17688179016 81.0085067749
    endloop
  endfacet
  facet normal 0.918095529079 -0.367013305426 -0.149672567844
    outer loop
      vertex 133.018829346 7.43314027786 81.0693283081
      vertex 132.800689697 8.36780834198 80.9048080444
      vertex 132.984390259 8.28354263306 81.3299713135
    endloop
  endfacet
  facet normal 0.968612790108 -0.223949164152 -0.107870362699
    outer loop
      vertex 133.135528564 7.26704835892 81.4940643311
      vertex 133.018829346 7.43314027786 81.0693283081
      vertex 132.984390259 8.28354263306 81.3299713135
    endloop
  endfacet
  facet normal 0.968606412411 -0.223979637027 -0.107864491642
    outer loop
      vertex 133.135528564 7.26704835892 81.4940643311
      vertex 132.984390259 8.28354263306 81.3299713135
      vertex 133.098098755 8.19162559509 81.7774505615
    endloop
  endfacet
  facet normal 0.995144784451 -0.0753066018224 -0.0633700564504
    outer loop
      vertex 133.179519653 7.093708992 81.9295272827
      vertex 133.135528564 7.26704835892 81.4940643311
      vertex 133.098098755 8.19162559509 81.7774505615
    endloop
  endfacet
  facet normal 0.994643032551 -0.070323087275 -0.0757622867823
    outer loop
      vertex 133.21736145 6.159263134 81.4580078125
      vertex 133.135528564 7.26704835892 81.4940643311
      vertex 133.179519653 7.093708992 81.9295272827
    endloop
  endfacet
  facet normal 0.99918115139 3.17410399475e-06 -0.0404595807195
    outer loop
      vertex 133.179519653 7.093708992 81.9295272827
      vertex 133.224243164 5.98909282684 84.6807174683
      vertex 133.21736145 6.159263134 81.4580078125
    endloop
  endfacet
  facet normal 0.999181449413 2.838593673e-06 -0.0404532365501
    outer loop
      vertex 133.21736145 6.159263134 81.4580078125
      vertex 133.224243164 5.98909282684 84.6807174683
      vertex 133.28024292 4.60596656799 83.9827880859
    endloop
  endfacet
  facet normal 0.999181747437 -2.31572425946e-06 -0.0404448732734
    outer loop
      vertex 133.21736145 6.159263134 81.4580078125
      vertex 133.28024292 4.60596656799 83.9827880859
      vertex 133.251419067 5.31788635254 80.8352127075
    endloop
  endfacet
  facet normal 0.99418503046 -0.0633138120174 -0.0871064066887
    outer loop
      vertex 133.251419067 5.31788635254 80.8352127075
      vertex 133.170501709 6.40362930298 81.058380127
      vertex 133.21736145 6.159263134 81.4580078125
    endloop
  endfacet
  facet normal 0.994644343853 -0.070304736495 -0.0757617875934
    outer loop
      vertex 133.21736145 6.159263134 81.4580078125
      vertex 133.170501709 6.40362930298 81.058380127
      vertex 133.135528564 7.26704835892 81.4940643311
    endloop
  endfacet
  facet normal 0.967121124268 -0.209136411548 -0.144702002406
    outer loop
      vertex 133.170501709 6.40362930298 81.058380127
      vertex 133.018829346 7.43314027786 81.0693283081
      vertex 133.135528564 7.26704835892 81.4940643311
    endloop
  endfacet
  facet normal 0.967112600803 -0.20917634666 -0.144701167941
    outer loop
      vertex 133.170501709 6.40362930298 81.058380127
      vertex 133.050979614 6.63898563385 80.6685943604
      vertex 133.018829346 7.43314027786 81.0693283081
    endloop
  endfacet
  facet normal 0.915634453297 -0.342781126499 -0.21003484726
    outer loop
      vertex 133.050979614 6.63898563385 80.6685943604
      vertex 132.832260132 7.58788013458 80.6657714844
      vertex 133.018829346 7.43314027786 81.0693283081
    endloop
  endfacet
  facet normal 0.918078422546 -0.367061108351 -0.149660170078
    outer loop
      vertex 133.018829346 7.43314027786 81.0693283081
      vertex 132.832260132 7.58788013458 80.6657714844
      vertex 132.800689697 8.36780834198 80.9048080444
    endloop
  endfacet
  facet normal 0.844893038273 -0.500915288925 -0.187722191215
    outer loop
      vertex 132.832260132 7.58788013458 80.6657714844
      vertex 132.551498413 8.44235038757 80.5124359131
      vertex 132.800689697 8.36780834198 80.9048080444
    endloop
  endfacet
  facet normal 0.848405957222 -0.519630610943 -0.100952170789
    outer loop
      vertex 132.800689697 8.36780834198 80.9048080444
      vertex 132.551498413 8.44235038757 80.5124359131
      vertex 132.521469116 9.18394851685 80.6074829102
    endloop
  endfacet
  facet normal 0.755282819271 -0.645528554916 -0.113317124546
    outer loop
      vertex 132.551498413 8.44235038757 80.5124359131
      vertex 132.215377808 9.18675994873 80.2498397827
      vertex 132.521469116 9.18394851685 80.6074829102
    endloop
  endfacet
  facet normal 0.759744942188 -0.650213718414 -0.00312773091719
    outer loop
      vertex 132.521469116 9.18394851685 80.6074829102
      vertex 132.215377808 9.18675994873 80.2498397827
      vertex 132.187576294 9.87313079834 80.2206573486
    endloop
  endfacet
  facet normal 0.75527793169 -0.645535051823 -0.113312624395
    outer loop
      vertex 132.551498413 8.44235038757 80.5124359131
      vertex 132.242965698 8.50533390045 80.1625061035
      vertex 132.215377808 9.18675994873 80.2498397827
    endloop
  endfacet
  facet normal 0.750912547112 -0.622280657291 -0.221127033234
    outer loop
      vertex 132.580444336 7.72746324539 80.2933273315
      vertex 132.242965698 8.50533390045 80.1625061035
      vertex 132.551498413 8.44235038757 80.5124359131
    endloop
  endfacet
  facet normal 0.844902873039 -0.500896275043 -0.18772880733
    outer loop
      vertex 132.832260132 7.58788013458 80.6657714844
      vertex 132.580444336 7.72746324539 80.2933273315
      vertex 132.551498413 8.44235038757 80.5124359131
    endloop
  endfacet
  facet normal 0.841566503048 -0.467763125896 -0.270117551088
    outer loop
      vertex 132.861755371 6.85954189301 80.298248291
      vertex 132.580444336 7.72746324539 80.2933273315
      vertex 132.832260132 7.58788013458 80.6657714844
    endloop
  endfacet
  facet normal 0.915644168854 -0.34275367856 -0.210037186742
    outer loop
      vertex 133.050979614 6.63898563385 80.6685943604
      vertex 132.861755371 6.85954189301 80.298248291
      vertex 132.832260132 7.58788013458 80.6657714844
    endloop
  endfacet
  facet normal 0.913400948048 -0.308618575335 -0.265430420637
    outer loop
      vertex 133.079940796 5.92392253876 80.1393051147
      vertex 132.861755371 6.85954189301 80.298248291
      vertex 133.050979614 6.63898563385 80.6685943604
    endloop
  endfacet
  facet normal 0.96574473381 -0.188333272934 -0.178515136242
    outer loop
      vertex 133.201980591 5.62619256973 80.4829177856
      vertex 133.079940796 5.92392253876 80.1393051147
      vertex 133.050979614 6.63898563385 80.6685943604
    endloop
  endfacet
  facet normal 0.965743482113 -0.188338845968 -0.178515970707
    outer loop
      vertex 133.201980591 5.62619256973 80.4829177856
      vertex 133.050979614 6.63898563385 80.6685943604
      vertex 133.170501709 6.40362930298 81.058380127
    endloop
  endfacet
  facet normal 0.99418759346 -0.0632818192244 -0.0871000215411
    outer loop
      vertex 133.251419067 5.31788635254 80.8352127075
      vertex 133.201980591 5.62619256973 80.4829177856
      vertex 133.170501709 6.40362930298 81.058380127
    endloop
  endfacet
  facet normal 0.993781805038 -0.0544566251338 -0.0971193090081
    outer loop
      vertex 133.28074646 4.59377193451 80.0790710449
      vertex 133.201980591 5.62619256973 80.4829177856
      vertex 133.251419067 5.31788635254 80.8352127075
    endloop
  endfacet
  facet normal 0.999180912971 5.98240512772e-06 -0.0404665768147
    outer loop
      vertex 133.251419067 5.31788635254 80.8352127075
      vertex 133.330673218 3.36058878899 83.0609512329
      vertex 133.28074646 4.59377193451 80.0790710449
    endloop
  endfacet
  facet normal 0.999181330204 1.20291167605e-06 -0.0404550395906
    outer loop
      vertex 133.28074646 4.59377193451 80.0790710449
      vertex 133.330673218 3.36058878899 83.0609512329
      vertex 133.374069214 2.28878235817 81.9417419434
    endloop
  endfacet
  facet normal 0.999181389809 1.13097348731e-06 -0.0404549837112
    outer loop
      vertex 133.28074646 4.59377193451 80.0790710449
      vertex 133.374069214 2.28878235817 81.9417419434
      vertex 133.304473877 4.0077624321 79.2113265991
    endloop
  endfacet
  facet normal 0.993438124657 -0.0441002622247 -0.105526417494
    outer loop
      vertex 133.304473877 4.0077624321 79.2113265991
      vertex 133.229064941 4.95711612701 79.7842483521
      vertex 133.28074646 4.59377193451 80.0790710449
    endloop
  endfacet
  facet normal 0.993777811527 -0.0545002259314 -0.0971360579133
    outer loop
      vertex 133.28074646 4.59377193451 80.0790710449
      vertex 133.229064941 4.95711612701 79.7842483521
      vertex 133.201980591 5.62619256973 80.4829177856
    endloop
  endfacet
  facet normal 0.964538753033 -0.162093371153 -0.208304494619
    outer loop
      vertex 133.229064941 4.95711612701 79.7842483521
      vertex 133.079940796 5.92392253876 80.1393051147
      vertex 133.201980591 5.62619256973 80.4829177856
    endloop
  endfacet
  facet normal 0.964545190334 -0.162066504359 -0.208295613527
    outer loop
      vertex 133.229064941 4.95711612701 79.7842483521
      vertex 133.104858398 5.30851984024 79.4966812134
      vertex 133.079940796 5.92392253876 80.1393051147
    endloop
  endfacet
  facet normal 0.911417365074 -0.265614718199 -0.314272582531
    outer loop
      vertex 133.104858398 5.30851984024 79.4966812134
      vertex 132.888305664 6.20374059677 79.8128204346
      vertex 133.079940796 5.92392253876 80.1393051147
    endloop
  endfacet
  facet normal 0.913394927979 -0.308635085821 -0.265431821346
    outer loop
      vertex 133.079940796 5.92392253876 80.1393051147
      vertex 132.888305664 6.20374059677 79.8128204346
      vertex 132.861755371 6.85954189301 80.298248291
    endloop
  endfacet
  facet normal 0.838495850563 -0.421194404364 -0.345716565847
    outer loop
      vertex 132.888305664 6.20374059677 79.8128204346
      vertex 132.607467651 7.0598654747 79.956451416
      vertex 132.861755371 6.85954189301 80.298248291
    endloop
  endfacet
  facet normal 0.841557264328 -0.467781513929 -0.270114451647
    outer loop
      vertex 132.861755371 6.85954189301 80.298248291
      vertex 132.607467651 7.0598654747 79.956451416
      vertex 132.580444336 7.72746324539 80.2933273315
    endloop
  endfacet
  facet normal 0.746768057346 -0.581123292446 -0.323470532894
    outer loop
      vertex 132.607467651 7.0598654747 79.956451416
      vertex 132.269561768 7.84845733643 79.9611816406
      vertex 132.580444336 7.72746324539 80.2933273315
    endloop
  endfacet
  facet normal 0.750910878181 -0.622283041477 -0.221125915647
    outer loop
      vertex 132.580444336 7.72746324539 80.2933273315
      vertex 132.269561768 7.84845733643 79.9611816406
      vertex 132.242965698 8.50533390045 80.1625061035
    endloop
  endfacet
  facet normal 0.638542294502 -0.728180289268 -0.2490324229
    outer loop
      vertex 132.269561768 7.84845733643 79.9611816406
      vertex 131.88269043 8.55521297455 79.8636398315
      vertex 132.242965698 8.50533390045 80.1625061035
    endloop
  endfacet
  facet normal 0.638540685177 -0.728182077408 -0.249031305313
    outer loop
      vertex 132.269561768 7.84845733643 79.9611816406
      vertex 131.907272339 7.94787454605 79.6774902344
      vertex 131.88269043 8.55521297455 79.8636398315
    endloop
  endfacet
  facet normal 0.633690357208 -0.680014550686 -0.368804454803
    outer loop
      vertex 132.294403076 7.23502397537 79.6516342163
      vertex 131.907272339 7.94787454605 79.6774902344
      vertex 132.269561768 7.84845733643 79.9611816406
    endloop
  endfacet
  facet normal 0.746777355671 -0.58110922575 -0.323474407196
    outer loop
      vertex 132.607467651 7.0598654747 79.956451416
      vertex 132.294403076 7.23502397537 79.6516342163
      vertex 132.269561768 7.84845733643 79.9611816406
    endloop
  endfacet
  facet normal 0.742974221706 -0.523238062859 -0.417386204004
    outer loop
      vertex 132.63180542 6.45875549316 79.511505127
      vertex 132.294403076 7.23502397537 79.6516342163
      vertex 132.607467651 7.0598654747 79.956451416
    endloop
  endfacet
  facet normal 0.838498294353 -0.421189516783 -0.345716565847
    outer loop
      vertex 132.888305664 6.20374059677 79.8128204346
      vertex 132.63180542 6.45875549316 79.511505127
      vertex 132.607467651 7.0598654747 79.956451416
    endloop
  endfacet
  facet normal 0.835798978806 -0.362483739853 -0.412365823984
    outer loop
      vertex 132.91116333 5.63933849335 79.2234573364
      vertex 132.63180542 6.45875549316 79.511505127
      vertex 132.888305664 6.20374059677 79.8128204346
    endloop
  endfacet
  facet normal 0.911418676376 -0.265611171722 -0.314271658659
    outer loop
      vertex 133.104858398 5.30851984024 79.4966812134
      vertex 132.91116333 5.63933849335 79.2234573364
      vertex 132.888305664 6.20374059677 79.8128204346
    endloop
  endfacet
  facet normal 0.909764409065 -0.214964568615 -0.355132222176
    outer loop
      vertex 133.125015259 4.81048774719 78.7592086792
      vertex 132.91116333 5.63933849335 79.2234573364
      vertex 133.104858398 5.30851984024 79.4966812134
    endloop
  endfacet
  facet normal 0.963528215885 -0.131183460355 -0.233247131109
    outer loop
      vertex 133.250991821 4.41564035416 78.9824523926
      vertex 133.125015259 4.81048774719 78.7592086792
      vertex 133.104858398 5.30851984024 79.4966812134
    endloop
  endfacet
  facet normal 0.963535249233 -0.131157055497 -0.233233064413
    outer loop
      vertex 133.250991821 4.41564035416 78.9824523926
      vertex 133.104858398 5.30851984024 79.4966812134
      vertex 133.229064941 4.95711612701 79.7842483521
    endloop
  endfacet
  facet normal 0.993439018726 -0.0440919101238 -0.105521447957
    outer loop
      vertex 133.304473877 4.0077624321 79.2113265991
      vertex 133.250991821 4.41564035416 78.9824523926
      vertex 133.229064941 4.95711612701 79.7842483521
    endloop
  endfacet
  facet normal 0.993175625801 -0.0324367620051 -0.112027011812
    outer loop
      vertex 133.321929932 3.57670974731 78.2569503784
      vertex 133.250991821 4.41564035416 78.9824523926
      vertex 133.304473877 4.0077624321 79.2113265991
    endloop
  endfacet
  facet normal 0.999181330204 -1.14507804483e-06 -0.0404558032751
    outer loop
      vertex 133.304473877 4.0077624321 79.2113265991
      vertex 133.409194946 1.42139279842 80.6573486328
      vertex 133.321929932 3.57670974731 78.2569503784
    endloop
  endfacet
  facet normal 0.999181330204 -1.20674940263e-06 -0.0404557324946
    outer loop
      vertex 133.321929932 3.57670974731 78.2569503784
      vertex 133.409194946 1.42139279842 80.6573486328
      vertex 133.435028076 0.783364892006 79.2447128296
    endloop
  endfacet
  facet normal 0.998981416225 0.0324354432523 0.0313692316413
    outer loop
      vertex 133.40335083 0.0439850613475 79.5052871704
      vertex 133.435028076 0.783364892006 79.2447128296
      vertex 133.409194946 1.42139279842 80.6573486328
    endloop
  endfacet
  facet normal 0.998981297016 0.0324377007782 0.0313711203635
    outer loop
      vertex 133.40335083 0.0439850613475 79.5052871704
      vertex 133.409194946 1.42139279842 80.6573486328
      vertex 133.375305176 0.736611843109 81.0388031006
    endloop
  endfacet
  facet normal 0.998717665672 0.0441021323204 0.0248604472727
    outer loop
      vertex 133.375305176 0.736611843109 81.0388031006
      vertex 133.409194946 1.42139279842 80.6573486328
      vertex 133.374069214 2.28878235817 81.9417419434
    endloop
  endfacet
  facet normal 0.998718559742 0.0440866798162 0.0248514581472
    outer loop
      vertex 133.375305176 0.736611843109 81.0388031006
      vertex 133.374069214 2.28878235817 81.9417419434
      vertex 133.337188721 1.67823803425 82.4331207275
    endloop
  endfacet
  facet normal 0.998379051685 0.0544802881777 0.0164659582078
    outer loop
      vertex 133.337188721 1.67823803425 82.4331207275
      vertex 133.374069214 2.28878235817 81.9417419434
      vertex 133.330673218 3.36058878899 83.0609512329
    endloop
  endfacet
  facet normal 0.998378455639 0.0544905140996 0.0164697766304
    outer loop
      vertex 133.337188721 1.67823803425 82.4331207275
      vertex 133.330673218 3.36058878899 83.0609512329
      vertex 133.29006958 2.84175992012 83.648109436
    endloop
  endfacet
  facet normal 0.997972786427 0.0633143037558 0.00645215110853
    outer loop
      vertex 133.29006958 2.84175992012 83.648109436
      vertex 133.330673218 3.36058878899 83.0609512329
      vertex 133.28024292 4.60596656799 83.9827880859
    endloop
  endfacet
  facet normal 0.997974038124 0.0632950440049 0.00644849147648
    outer loop
      vertex 133.29006958 2.84175992012 83.648109436
      vertex 133.28024292 4.60596656799 83.9827880859
      vertex 133.235336304 4.19371461868 84.6488265991
    endloop
  endfacet
  facet normal 0.997513949871 0.0702975019813 -0.00491485185921
    outer loop
      vertex 133.235336304 4.19371461868 84.6488265991
      vertex 133.28024292 4.60596656799 83.9827880859
      vertex 133.224243164 5.98909282684 84.6807174683
    endloop
  endfacet
  facet normal 0.999181091785 1.43077795656e-06 -0.040461409837
    outer loop
      vertex 133.251419067 5.31788635254 80.8352127075
      vertex 133.28024292 4.60596656799 83.9827880859
      vertex 133.330673218 3.36058878899 83.0609512329
    endloop
  endfacet
  facet normal 0.999181210995 3.16609407491e-06 -0.0404582098126
    outer loop
      vertex 133.304473877 4.0077624321 79.2113265991
      vertex 133.374069214 2.28878235817 81.9417419434
      vertex 133.409194946 1.42139279842 80.6573486328
    endloop
  endfacet
  facet normal 0.993176341057 -0.0324310660362 -0.112022146583
    outer loop
      vertex 133.321929932 3.57670974731 78.2569503784
      vertex 133.267120361 4.01734638214 78.1006011963
      vertex 133.250991821 4.41564035416 78.9824523926
    endloop
  endfacet
  facet normal 0.962744176388 -0.0964869484305 -0.252614110708
    outer loop
      vertex 133.267120361 4.01734638214 78.1006011963
      vertex 133.125015259 4.81048774719 78.7592086792
      vertex 133.250991821 4.41564035416 78.9824523926
    endloop
  endfacet
  facet normal 0.96274214983 -0.0964935794473 -0.25261926651
    outer loop
      vertex 133.267120361 4.01734638214 78.1006011963
      vertex 133.139846802 4.44415044785 77.9481124878
      vertex 133.125015259 4.81048774719 78.7592086792
    endloop
  endfacet
  facet normal 0.908485472202 -0.158112838864 -0.386851936579
    outer loop
      vertex 133.139846802 4.44415044785 77.9481124878
      vertex 132.929656982 5.18258333206 78.5471038818
      vertex 133.125015259 4.81048774719 78.7592086792
    endloop
  endfacet
  facet normal 0.909769713879 -0.214951768517 -0.355126440525
    outer loop
      vertex 133.125015259 4.81048774719 78.7592086792
      vertex 132.929656982 5.18258333206 78.5471038818
      vertex 132.91116333 5.63933849335 79.2234573364
    endloop
  endfacet
  facet normal 0.83353883028 -0.293356209993 -0.46814006567
    outer loop
      vertex 132.929656982 5.18258333206 78.5471038818
      vertex 132.652755737 5.94142580032 78.9712982178
      vertex 132.91116333 5.63933849335 79.2234573364
    endloop
  endfacet
  facet normal 0.835797071457 -0.362487405539 -0.412366449833
    outer loop
      vertex 132.91116333 5.63933849335 79.2234573364
      vertex 132.652755737 5.94142580032 78.9712982178
      vertex 132.63180542 6.45875549316 79.511505127
    endloop
  endfacet
  facet normal 0.739610791206 -0.450320035219 -0.500187754631
    outer loop
      vertex 132.652755737 5.94142580032 78.9712982178
      vertex 132.316757202 6.68268728256 79.2427978516
      vertex 132.63180542 6.45875549316 79.511505127
    endloop
  endfacet
  facet normal 0.742962777615 -0.523255705833 -0.417384445667
    outer loop
      vertex 132.63180542 6.45875549316 79.511505127
      vertex 132.316757202 6.68268728256 79.2427978516
      vertex 132.294403076 7.23502397537 79.6516342163
    endloop
  endfacet
  facet normal 0.629226386547 -0.612309396267 -0.47869759798
    outer loop
      vertex 132.316757202 6.68268728256 79.2427978516
      vertex 131.930236816 7.38071250916 79.3913040161
      vertex 132.294403076 7.23502397537 79.6516342163
    endloop
  endfacet
  facet normal 0.633673667908 -0.680034637451 -0.368796139956
    outer loop
      vertex 132.294403076 7.23502397537 79.6516342163
      vertex 131.930236816 7.38071250916 79.3913040161
      vertex 131.907272339 7.94787454605 79.6774902344
    endloop
  endfacet
  facet normal 0.629251599312 -0.612277805805 -0.478704839945
    outer loop
      vertex 132.316757202 6.68268728256 79.2427978516
      vertex 131.950927734 6.87003040314 79.0132980347
      vertex 131.930236816 7.38071250916 79.3913040161
    endloop
  endfacet
  facet normal 0.625328719616 -0.526941299438 -0.575583934784
    outer loop
      vertex 132.336013794 6.20733308792 78.7464141846
      vertex 131.950927734 6.87003040314 79.0132980347
      vertex 132.316757202 6.68268728256 79.2427978516
    endloop
  endfacet
  facet normal 0.739620864391 -0.450304627419 -0.500186681747
    outer loop
      vertex 132.652755737 5.94142580032 78.9712982178
      vertex 132.336013794 6.20733308792 78.7464141846
      vertex 132.316757202 6.68268728256 79.2427978516
    endloop
  endfacet
  facet normal 0.736814260483 -0.364430904388 -0.569468975067
    outer loop
      vertex 132.669708252 5.52275896072 78.351348877
      vertex 132.336013794 6.20733308792 78.7464141846
      vertex 132.652755737 5.94142580032 78.9712982178
    endloop
  endfacet
  facet normal 0.833538711071 -0.293356478214 -0.468140155077
    outer loop
      vertex 132.929656982 5.18258333206 78.5471038818
      vertex 132.669708252 5.52275896072 78.351348877
      vertex 132.652755737 5.94142580032 78.9712982178
    endloop
  endfacet
  facet normal 0.831785917282 -0.215793639421 -0.511434495449
    outer loop
      vertex 132.943252563 4.84660053253 77.8032226562
      vertex 132.669708252 5.52275896072 78.351348877
      vertex 132.929656982 5.18258333206 78.5471038818
    endloop
  endfacet
  facet normal 0.908478915691 -0.158127099276 -0.386861622334
    outer loop
      vertex 133.139846802 4.44415044785 77.9481124878
      vertex 132.943252563 4.84660053253 77.8032226562
      vertex 132.929656982 5.18258333206 78.5471038818
    endloop
  endfacet
  facet normal 0.831794023514 -0.215780287981 -0.511426985264
    outer loop
      vertex 132.943252563 4.84660053253 77.8032226562
      vertex 132.682174683 5.21479940414 77.6695098877
      vertex 132.669708252 5.52275896072 78.351348877
    endloop
  endfacet
  facet normal 0.734625458717 -0.268071323633 -0.623268187046
    outer loop
      vertex 132.682174683 5.21479940414 77.6695098877
      vertex 132.351577759 5.82263994217 78.1767730713
      vertex 132.669708252 5.52275896072 78.351348877
    endloop
  endfacet
  facet normal 0.73680305481 -0.364447295666 -0.569472968578
    outer loop
      vertex 132.669708252 5.52275896072 78.351348877
      vertex 132.351577759 5.82263994217 78.1767730713
      vertex 132.336013794 6.20733308792 78.7464141846
    endloop
  endfacet
  facet normal 0.622039616108 -0.426460593939 -0.656656742096
    outer loop
      vertex 132.351577759 5.82263994217 78.1767730713
      vertex 131.968719482 6.43053102493 78.5543518066
      vertex 132.336013794 6.20733308792 78.7464141846
    endloop
  endfacet
  facet normal 0.625320672989 -0.526951491833 -0.575583338737
    outer loop
      vertex 132.336013794 6.20733308792 78.7464141846
      vertex 131.968719482 6.43053102493 78.5543518066
      vertex 131.950927734 6.87003040314 79.0132980347
    endloop
  endfacet
  facet normal 0.622036933899 -0.426463901997 -0.656657099724
    outer loop
      vertex 132.351577759 5.82263994217 78.1767730713
      vertex 131.983108521 6.07484722137 78.0276641846
      vertex 131.968719482 6.43053102493 78.5543518066
    endloop
  endfacet
  facet normal 0.619487762451 -0.313689261675 -0.719606816769
    outer loop
      vertex 132.363037109 5.53966808319 77.5502548218
      vertex 131.983108521 6.07484722137 78.0276641846
      vertex 132.351577759 5.82263994217 78.1767730713
    endloop
  endfacet
  facet normal 0.734624862671 -0.268072128296 -0.623268544674
    outer loop
      vertex 132.682174683 5.21479940414 77.6695098877
      vertex 132.363037109 5.53966808319 77.5502548218
      vertex 132.351577759 5.82263994217 78.1767730713
    endloop
  endfacet
  facet normal 0.619500875473 -0.313673704863 -0.719602286816
    outer loop
      vertex 132.363037109 5.53966808319 77.5502548218
      vertex 131.993713379 5.81321620941 77.4484024048
      vertex 131.983108521 6.07484722137 78.0276641846
    endloop
  endfacet
  facet normal 0.999181389809 7.62519619002e-07 -0.0404535830021
    outer loop
      vertex 133.179519653 7.093708992 81.9295272827
      vertex 133.164276123 7.47017860413 85.1346664429
      vertex 133.224243164 5.98909282684 84.6807174683
    endloop
  endfacet
  facet normal 0.999181509018 -5.32861520242e-07 -0.04045105353
    outer loop
      vertex 133.096969604 9.13235282898 82.3692474365
      vertex 133.039413452 10.5542030334 85.2657775879
      vertex 133.10206604 9.00661849976 85.3315734863
    endloop
  endfacet
  facet normal 0.999181628227 2.87821353595e-06 -0.0404480285943
    outer loop
      vertex 133.013214111 11.2009115219 82.1041412354
      vertex 132.919906616 13.5057020187 84.3611526489
      vertex 132.978088379 12.0684185028 84.9391784668
    endloop
  endfacet
endsolid "colo-base"
