solid "corpo-base"
  facet normal 1 -0 0
    outer loop
      vertex 94.6793136597 2.58378982544 58.3211746216
      vertex 94.6793136597 3.13384079933 57.9721984863
      vertex 94.6793136597 1.69455647469 58.9247398376
    endloop
  endfacet
  facet normal 1 0 0
    outer loop
      vertex 94.6793136597 4.61823654175 76.0826568604
      vertex 94.6793136597 4.61882686615 76.1045684814
      vertex 94.6793136597 4.61986017227 76.3558883667
    endloop
  endfacet
  facet normal 1 0 0
    outer loop
      vertex 94.6793136597 3.51002812386 57.7407875061
      vertex 94.6793136597 4.20651626587 57.3357543945
      vertex 94.6793136597 5.47518825531 56.6566925049
    endloop
  endfacet
  facet normal 1 4.90008051202e-06 3.03901288135e-06
    outer loop
      vertex 94.6793136597 2.43944478035 93.9822616577
      vertex 94.6793136597 1.74673604965 92.4976882935
      vertex 94.6793136597 3.04223966599 94.3561172485
    endloop
  endfacet
  facet normal 1 2.45808132604e-06 9.38561970543e-06
    outer loop
      vertex 94.6793136597 -8.13819217682 80.4608459473
      vertex 94.6793136597 -7.73166799545 79.9100570679
      vertex 94.6793136597 -8.0007390976 80.9856796265
    endloop
  endfacet
  facet normal 1 0 -0
    outer loop
      vertex 94.6793136597 4.84719228745 74.9598770142
      vertex 94.6793136597 4.754799366 75.2389907837
      vertex 94.6793136597 4.59034109116 74.9151611328
    endloop
  endfacet
  facet normal 1 9.07809408091e-06 1.52319330482e-06
    outer loop
      vertex 94.6793136597 14.3318252563 99.0723571777
      vertex 94.6793136597 14.4733858109 98.5266723633
      vertex 94.6793136597 14.9497613907 99.1760406494
    endloop
  endfacet
  facet normal 1 0 0
    outer loop
      vertex 94.6793136597 4.84719228745 74.9598770142
      vertex 94.6793136597 4.80599832535 75.0908432007
      vertex 94.6793136597 4.754799366 75.2389907837
    endloop
  endfacet
  facet normal 1 2.38622533288e-06 1.54279052822e-06
    outer loop
      vertex 94.6793136597 3.48619413376 94.6431503296
      vertex 94.6793136597 3.04223966599 94.3561172485
      vertex 94.6793136597 4.14840316772 92.9049606323
    endloop
  endfacet
  facet normal 1 0 0
    outer loop
      vertex 94.6793136597 19.4969539642 66.5189590454
      vertex 94.6793136597 20.9817180634 64.898727417
      vertex 94.6793136597 21.3446960449 67.208984375
    endloop
  endfacet
  facet normal 1 0 0
    outer loop
      vertex 94.6793136597 32.4545516968 80.5447158813
      vertex 94.6793136597 33.6077766418 78.4301376343
      vertex 94.6793136597 35.3534698486 79.9634857178
    endloop
  endfacet
  facet normal 1 -0 0
    outer loop
      vertex 94.6793136597 -1.74421942234 61.7545890808
      vertex 94.6793136597 -1.36469221115 61.4254341125
      vertex 94.6793136597 -1.77480268478 61.7824935913
    endloop
  endfacet
  facet normal 1 0 0
    outer loop
      vertex 94.6793136597 14.7957000732 82.239616394
      vertex 94.6793136597 15.4706497192 79.8846664429
      vertex 94.6793136597 17.1780433655 81.1601333618
    endloop
  endfacet
  facet normal 1 0 0
    outer loop
      vertex 94.6793136597 19.1610450745 52.6850318909
      vertex 94.6793136597 19.7065963745 52.6849708557
      vertex 94.6793136597 20.4961624146 52.7488746643
    endloop
  endfacet
  facet normal 1 9.73829355644e-06 2.42313399212e-06
    outer loop
      vertex 94.6793136597 14.9497613907 99.1760406494
      vertex 94.6793136597 14.4733858109 98.5266723633
      vertex 94.6793136597 15.4668006897 99.3046875
    endloop
  endfacet
  facet normal 1 0 -0
    outer loop
      vertex 94.6793136597 38.6975898743 75.9899368286
      vertex 94.6793136597 35.7771759033 77.4555587769
      vertex 94.6793136597 36.002658844 75.3327102661
    endloop
  endfacet
  facet normal 1 9.30143778533e-06 2.08100004784e-06
    outer loop
      vertex 94.6793136597 15.4668006897 99.3046875
      vertex 94.6793136597 14.4733858109 98.5266723633
      vertex 94.6793136597 15.5515289307 99.3236465454
    endloop
  endfacet
  facet normal 1 0 0
    outer loop
      vertex 94.6793136597 24.2958374023 53.4340286255
      vertex 94.6793136597 25.1771259308 53.6913719177
      vertex 94.6793136597 26.0078372955 53.9948196411
    endloop
  endfacet
  facet normal 1 0 0
    outer loop
      vertex 94.6793136597 6.19859838486 73.1496200562
      vertex 94.6793136597 6.12625789642 73.2171859741
      vertex 94.6793136597 5.94718980789 73.360710144
    endloop
  endfacet
  facet normal 1 2.35502238866e-06 1.03414390651e-06
    outer loop
      vertex 94.6793136597 7.72047805786 96.8404769897
      vertex 94.6793136597 8.31188106537 94.9051361084
      vertex 94.6793136597 7.93369626999 96.9341049194
    endloop
  endfacet
  facet normal 1 0 -0
    outer loop
      vertex 94.6793136597 31.4148731232 74.7563323975
      vertex 94.6793136597 29.3157958984 76.7337036133
      vertex 94.6793136597 28.4405651093 74.1860961914
    endloop
  endfacet
  facet normal 1 2.44525085691e-06 1.38785776471e-06
    outer loop
      vertex 94.6793136597 4.2834610939 95.0956573486
      vertex 94.6793136597 3.48619413376 94.6431503296
      vertex 94.6793136597 4.14840316772 92.9049606323
    endloop
  endfacet
  facet normal 1 -2.75021011475e-06 5.18645038028e-07
    outer loop
      vertex 94.6793136597 13.5370721817 53.4894065857
      vertex 94.6793136597 14.950053215 53.2229423523
      vertex 94.6793136597 15.0229225159 55.0888252258
    endloop
  endfacet
  facet normal 1 -0 0
    outer loop
      vertex 94.6793136597 -8.241106987 72.3441009521
      vertex 94.6793136597 -7.25736188889 69.3419647217
      vertex 94.6793136597 -8.35901069641 72.8708190918
    endloop
  endfacet
  facet normal 1 -2.88639421342e-06 -1.49663401317e-05
    outer loop
      vertex 94.6793136597 4.70127153397 76.9450531006
      vertex 94.6793136597 4.29281759262 76.6181106567
      vertex 94.6793136597 4.69719219208 76.9239044189
    endloop
  endfacet
  facet normal 1 2.2886727038e-06 1.75945388037e-07
    outer loop
      vertex 94.6793136597 17.9729919434 97.353553772
      vertex 94.6793136597 19.2490196228 99.7103271484
      vertex 94.6793136597 16.4257450104 99.4932785034
    endloop
  endfacet
  facet normal 1 0 0
    outer loop
      vertex 94.6793136597 7.66581583023 72.2892074585
      vertex 94.6793136597 7.62875890732 72.3086013794
      vertex 94.6793136597 7.30467605591 72.4418716431
    endloop
  endfacet
  facet normal 1 -0 0
    outer loop
      vertex 94.6793136597 19.4676971436 72.2332611084
      vertex 94.6793136597 21.6389064789 73.9359664917
      vertex 94.6793136597 19.2654151917 74.6772079468
    endloop
  endfacet
  facet normal 1 -1.32675938858e-06 -1.47070595631e-05
    outer loop
      vertex 94.6793136597 4.64721155167 76.6503067017
      vertex 94.6793136597 4.29281759262 76.6181106567
      vertex 94.6793136597 4.6433596611 76.6076126099
    endloop
  endfacet
  facet normal 1 0 0
    outer loop
      vertex 94.6793136597 22.6418190002 75.9915237427
      vertex 94.6793136597 24.5680770874 76.8289718628
      vertex 94.6793136597 22.7033977509 78.0000534058
    endloop
  endfacet
  facet normal 1 -0 0
    outer loop
      vertex 94.6793136597 19.781463623 84.9655303955
      vertex 94.6793136597 21.3190364838 86.6450500488
      vertex 94.6793136597 18.8139247894 87.0611953735
    endloop
  endfacet
  facet normal 1 -0 0
    outer loop
      vertex 94.6793136597 25.5642967224 87.7497558594
      vertex 94.6793136597 25.9941902161 90.9558639526
      vertex 94.6793136597 24.3827915192 89.7359390259
    endloop
  endfacet
  facet normal 1 -1.37284052926e-06 -1.47056789501e-05
    outer loop
      vertex 94.6793136597 4.6433596611 76.6076126099
      vertex 94.6793136597 4.29281759262 76.6181106567
      vertex 94.6793136597 4.61986017227 76.3558883667
    endloop
  endfacet
  facet normal 1 0 -0
    outer loop
      vertex 94.6793136597 28.1106987 60.1655273438
      vertex 94.6793136597 25.9912757874 61.9698791504
      vertex 94.6793136597 25.0172634125 59.4587020874
    endloop
  endfacet
  facet normal 1 0 0
    outer loop
      vertex 94.6793136597 15.9492149353 69.1170501709
      vertex 94.6793136597 13.7440538406 67.9860534668
      vertex 94.6793136597 15.1910171509 66.6712112427
    endloop
  endfacet
  facet normal 1 0 0
    outer loop
      vertex 94.6793136597 1.74673604965 92.4976882935
      vertex 94.6793136597 3.24609184265 89.818862915
      vertex 94.6793136597 4.14840316772 92.9049606323
    endloop
  endfacet
  facet normal 1 0 0
    outer loop
      vertex 94.6793136597 9.56143760681 71.762802124
      vertex 94.6793136597 9.37854671478 71.8049316406
      vertex 94.6793136597 9.12424087524 71.836227417
    endloop
  endfacet
  facet normal 1 -0 0
    outer loop
      vertex 94.6793136597 -0.457787364721 75.4906005859
      vertex 94.6793136597 1.40078902245 77.9370040894
      vertex 94.6793136597 -1.97242641449 78.4439468384
    endloop
  endfacet
  facet normal 1 0 0
    outer loop
      vertex 94.6793136597 21.3879127502 93.568901062
      vertex 94.6793136597 20.7000541687 90.7655487061
      vertex 94.6793136597 23.1953735352 91.3759765625
    endloop
  endfacet
  facet normal 1 0 0
    outer loop
      vertex 94.6793136597 39.1730537415 66.5362472534
      vertex 94.6793136597 39.7422904968 67.905456543
      vertex 94.6793136597 39.985294342 68.7138900757
    endloop
  endfacet
  facet normal 1 2.21746631723e-06 1.77213610186e-06
    outer loop
      vertex 94.6793136597 10.3310489655 96.5187988281
      vertex 94.6793136597 7.93369626999 96.9341049194
      vertex 94.6793136597 8.31188106537 94.9051361084
    endloop
  endfacet
  facet normal 1 0 0
    outer loop
      vertex 94.6793136597 35.4848823547 68.1934814453
      vertex 94.6793136597 38.1558303833 69.0956573486
      vertex 94.6793136597 35.8624610901 70.9877548218
    endloop
  endfacet
  facet normal 1 -1.54606516389e-06 1.33194214413e-06
    outer loop
      vertex 94.6793136597 1.37223219872 62.4111251831
      vertex 94.6793136597 -1.36469221115 61.4254341125
      vertex 94.6793136597 0.554475665092 59.7720603943
    endloop
  endfacet
  facet normal 1 0 0
    outer loop
      vertex 94.6793136597 11.7564439774 71.7172241211
      vertex 94.6793136597 11.4110994339 71.7056274414
      vertex 94.6793136597 11.2964830399 71.6885299683
    endloop
  endfacet
  facet normal 1 3.65110122402e-06 1.30682872168e-06
    outer loop
      vertex 94.6793136597 10.8973798752 98.1373443604
      vertex 94.6793136597 10.3310489655 96.5187988281
      vertex 94.6793136597 11.4632520676 98.339881897
    endloop
  endfacet
  facet normal 1 -3.63400954484e-06 -4.19359707848e-07
    outer loop
      vertex 94.6793136597 20.4961624146 52.7488746643
      vertex 94.6793136597 21.8110084534 52.900604248
      vertex 94.6793136597 20.8080692291 54.2073631287
    endloop
  endfacet
  facet normal 1 0 -0
    outer loop
      vertex 94.6793136597 22.4697227478 99.3985671997
      vertex 94.6793136597 22.3017463684 99.4289169312
      vertex 94.6793136597 23.4948730469 99.1795043945
    endloop
  endfacet
  facet normal 1 0 -0
    outer loop
      vertex 94.6793136597 23.4948730469 99.1795043945
      vertex 94.6793136597 22.3017463684 99.4289169312
      vertex 94.6793136597 23.5603160858 99.1637649536
    endloop
  endfacet
  facet normal 1 0 -0
    outer loop
      vertex 94.6793136597 34.2693405151 93.1043548584
      vertex 94.6793136597 32.7220153809 94.5274276733
      vertex 94.6793136597 34.8257827759 92.5335693359
    endloop
  endfacet
  facet normal 1 3.21263860315e-06 6.23379662557e-07
    outer loop
      vertex 94.6793136597 16.4257450104 99.4932785034
      vertex 94.6793136597 15.5515289307 99.3236465454
      vertex 94.6793136597 15.7481269836 97.7527236938
    endloop
  endfacet
  facet normal 1 0 0
    outer loop
      vertex 94.6793136597 4.58479309082 95.2742843628
      vertex 94.6793136597 6.68154764175 96.3143157959
      vertex 94.6793136597 5.18874549866 95.5914459229
    endloop
  endfacet
  facet normal 1 0 0
    outer loop
      vertex 94.6793136597 13.9980163574 72.3143157959
      vertex 94.6793136597 13.7366399765 72.2260360718
      vertex 94.6793136597 13.5769815445 72.1485900879
    endloop
  endfacet
  facet normal 1 -1.20374738799e-06 5.83527253184e-06
    outer loop
      vertex 94.6793136597 16.7235469818 76.9641799927
      vertex 94.6793136597 16.7386417389 76.8909988403
      vertex 94.6793136597 17.7071437836 76.4904937744
    endloop
  endfacet
  facet normal 1 -1.26435475067e-06 5.86033547734e-06
    outer loop
      vertex 94.6793136597 16.7386417389 76.8909988403
      vertex 94.6793136597 16.8230018616 76.4999847412
      vertex 94.6793136597 17.7071437836 76.4904937744
    endloop
  endfacet
  facet normal 1 -1.68862982264e-06 4.93136167279e-06
    outer loop
      vertex 94.6793136597 16.5981311798 77.3159942627
      vertex 94.6793136597 16.6097259521 77.2821350098
      vertex 94.6793136597 17.1760082245 78.6896743774
    endloop
  endfacet
  facet normal 1 3.42265002473e-06 1.56335465817e-06
    outer loop
      vertex 94.6793136597 7.93369626999 96.9341049194
      vertex 94.6793136597 10.3310489655 96.5187988281
      vertex 94.6793136597 8.95415115356 97.4002151489
    endloop
  endfacet
  facet normal 1 0 0
    outer loop
      vertex 94.6793136597 5.18874549866 95.5914459229
      vertex 94.6793136597 6.68154764175 96.3143157959
      vertex 94.6793136597 5.30959367752 95.6580505371
    endloop
  endfacet
  facet normal 1 0 -0
    outer loop
      vertex 94.6793136597 19.4969539642 66.5189590454
      vertex 94.6793136597 17.4372558594 66.6428756714
      vertex 94.6793136597 18.7556838989 64.5841598511
    endloop
  endfacet
  facet normal 1 0 0
    outer loop
      vertex 94.6793136597 16.3893585205 74.4314193726
      vertex 94.6793136597 16.3418045044 74.3640594482
      vertex 94.6793136597 16.1419429779 74.011756897
    endloop
  endfacet
  facet normal 1 1.30146045194e-05 -4.70019676868e-06
    outer loop
      vertex 94.6793136597 8.02046775818 72.1373291016
      vertex 94.6793136597 8.75222969055 71.4758605957
      vertex 94.6793136597 8.15673160553 72.0881195068
    endloop
  endfacet
  facet normal 1 0 0
    outer loop
      vertex 94.6793136597 16.3961162567 74.4415359497
      vertex 94.6793136597 16.3893585205 74.4314193726
      vertex 94.6793136597 16.1419429779 74.011756897
    endloop
  endfacet
  facet normal 1 -5.82172197028e-06 6.42639361104e-06
    outer loop
      vertex 94.6793136597 15.6083688736 78.8446960449
      vertex 94.6793136597 15.8457365036 78.5826721191
      vertex 94.6793136597 15.4706497192 79.8846664429
    endloop
  endfacet
  facet normal 1 -2.40928125095e-06 -2.47139155363e-06
    outer loop
      vertex 94.6793136597 33.6871681213 58.6980819702
      vertex 94.6793136597 34.8257751465 59.8660430908
      vertex 94.6793136597 32.5535583496 59.6808547974
    endloop
  endfacet
  facet normal 1 -1.10399889763e-06 -1.85306828371e-06
    outer loop
      vertex 94.6793136597 37.680015564 63.7432403564
      vertex 94.6793136597 38.5429077148 65.1916046143
      vertex 94.6793136597 35.574848175 64.8921051025
    endloop
  endfacet
  facet normal 1 -7.99212727998e-07 -2.65884318651e-06
    outer loop
      vertex 94.6793136597 39.985294342 68.7138900757
      vertex 94.6793136597 40.5665550232 70.6476364136
      vertex 94.6793136597 38.1558303833 69.0956573486
    endloop
  endfacet
  facet normal 1 1.27571165649e-05 -4.43546014139e-06
    outer loop
      vertex 94.6793136597 8.15673160553 72.0881195068
      vertex 94.6793136597 8.75222969055 71.4758605957
      vertex 94.6793136597 8.34195137024 72.0237197876
    endloop
  endfacet
  facet normal 1 -3.02470198221e-07 -1.65539142927e-06
    outer loop
      vertex 94.6793136597 40.8783912659 72.3543243408
      vertex 94.6793136597 41.0719871521 73.4138565063
      vertex 94.6793136597 37.9369735718 73.3467102051
    endloop
  endfacet
  facet normal 1 -0 0
    outer loop
      vertex 94.6793136597 41.1976852417 75.4524993896
      vertex 94.6793136597 41.2437667847 76.1998062134
      vertex 94.6793136597 41.1225738525 78.1654052734
    endloop
  endfacet
  facet normal 1 0 -0
    outer loop
      vertex 94.6793136597 23.5603160858 99.1637649536
      vertex 94.6793136597 22.3017463684 99.4289169312
      vertex 94.6793136597 24.2962245941 98.961730957
    endloop
  endfacet
  facet normal 1 -3.61702660712e-07 5.84865256315e-06
    outer loop
      vertex 94.6793136597 16.8285942078 76.4047012329
      vertex 94.6793136597 16.8517875671 76.0296859741
      vertex 94.6793136597 17.7071437836 76.4904937744
    endloop
  endfacet
  facet normal 1 -0 0
    outer loop
      vertex 94.6793136597 4.26674556732 78.5267410278
      vertex 94.6793136597 6.02168750763 79.9319992065
      vertex 94.6793136597 3.08432745934 81.6603622437
    endloop
  endfacet
  facet normal 1 -3.43344652265e-07 5.85044563195e-06
    outer loop
      vertex 94.6793136597 16.8230018616 76.4999847412
      vertex 94.6793136597 16.8285942078 76.4047012329
      vertex 94.6793136597 17.7071437836 76.4904937744
    endloop
  endfacet
  facet normal 1 9.69459142652e-06 5.83328528592e-07
    outer loop
      vertex 94.6793136597 10.8159923553 71.6588897705
      vertex 94.6793136597 10.8366308212 71.1269073486
      vertex 94.6793136597 11.2707290649 71.6862487793
    endloop
  endfacet
  facet normal 1 0 0
    outer loop
      vertex 94.6793136597 41.1225738525 78.1654052734
      vertex 94.6793136597 41.0719909668 78.9857559204
      vertex 94.6793136597 40.7773971558 80.5980529785
    endloop
  endfacet
  facet normal 1 0 0
    outer loop
      vertex 94.6793136597 16.3787345886 77.7593994141
      vertex 94.6793136597 16.4103527069 77.6838378906
      vertex 94.6793136597 16.5981311798 77.3159942627
    endloop
  endfacet
  facet normal 1 0 0
    outer loop
      vertex 94.6793136597 40.7773971558 80.5980529785
      vertex 94.6793136597 40.5665550232 81.7519683838
      vertex 94.6793136597 40.2438201904 82.8256454468
    endloop
  endfacet
  facet normal 1 2.39734185925e-06 6.10752351804e-07
    outer loop
      vertex 94.6793136597 4.14840316772 92.9049606323
      vertex 94.6793136597 6.34339618683 93.4641571045
      vertex 94.6793136597 4.2834610939 95.0956573486
    endloop
  endfacet
  facet normal 1 0 0
    outer loop
      vertex 94.6793136597 15.8457365036 78.5826721191
      vertex 94.6793136597 16.110080719 78.2213821411
      vertex 94.6793136597 16.1400318146 78.1828689575
    endloop
  endfacet
  facet normal 1 0 0
    outer loop
      vertex 94.6793136597 19.3681583405 80.8745269775
      vertex 94.6793136597 22.0107383728 80.3917388916
      vertex 94.6793136597 20.9048271179 82.7939987183
    endloop
  endfacet
  facet normal 1 0 0
    outer loop
      vertex 94.6793136597 15.6083688736 78.8446960449
      vertex 94.6793136597 15.7954149246 78.6354522705
      vertex 94.6793136597 15.8457365036 78.5826721191
    endloop
  endfacet
  facet normal 1 -5.64404626857e-06 5.08470202476e-06
    outer loop
      vertex 94.6793136597 15.2190494537 79.1954345703
      vertex 94.6793136597 15.6083688736 78.8446960449
      vertex 94.6793136597 15.4706497192 79.8846664429
    endloop
  endfacet
  facet normal 1 0 0
    outer loop
      vertex 94.6793136597 15.2190494537 79.1954345703
      vertex 94.6793136597 15.4789905548 78.9564361572
      vertex 94.6793136597 15.6083688736 78.8446960449
    endloop
  endfacet
  facet normal 1 0 0
    outer loop
      vertex 94.6793136597 1.40078902245 77.9370040894
      vertex 94.6793136597 4.26674556732 78.5267410278
      vertex 94.6793136597 2.0856487751 79.8446884155
    endloop
  endfacet
  facet normal 1 0 0
    outer loop
      vertex 94.6793136597 14.7847557068 79.5027999878
      vertex 94.6793136597 14.9908924103 79.3518981934
      vertex 94.6793136597 15.2190494537 79.1954345703
    endloop
  endfacet
  facet normal 1 0 0
    outer loop
      vertex 94.6793136597 17.1730308533 85.2001647949
      vertex 94.6793136597 16.0924987793 87.4195709229
      vertex 94.6793136597 14.8128480911 85.380317688
    endloop
  endfacet
  facet normal 1 0 0
    outer loop
      vertex 94.6793136597 14.307718277 79.7646026611
      vertex 94.6793136597 14.4184474945 79.7005233765
      vertex 94.6793136597 14.7847557068 79.5027999878
    endloop
  endfacet
  facet normal 1 1.20165968838e-05 -3.44661339113e-06
    outer loop
      vertex 94.6793136597 8.34195137024 72.0237197876
      vertex 94.6793136597 8.75222969055 71.4758605957
      vertex 94.6793136597 8.51138401031 71.9751205444
    endloop
  endfacet
  facet normal 1 0 0
    outer loop
      vertex 94.6793136597 13.98716259 79.9045333862
      vertex 94.6793136597 14.0017433167 79.897644043
      vertex 94.6793136597 14.307718277 79.7646026611
    endloop
  endfacet
  facet normal 1 0 0
    outer loop
      vertex 94.6793136597 13.4744825363 80.1354751587
      vertex 94.6793136597 13.9043636322 79.9329528809
      vertex 94.6793136597 13.98716259 79.9045333862
    endloop
  endfacet
  facet normal 1 0 -0
    outer loop
      vertex 94.6793136597 7.12998390198 64.6423721313
      vertex 94.6793136597 5.40447235107 66.6009216309
      vertex 94.6793136597 4.68192386627 63.7130737305
    endloop
  endfacet
  facet normal 1 0 0
    outer loop
      vertex 94.6793136597 12.934346199 80.3236846924
      vertex 94.6793136597 13.3583927155 80.1725692749
      vertex 94.6793136597 13.4744825363 80.1354751587
    endloop
  endfacet
  facet normal 1 -6.36021331957e-06 -7.38647429444e-07
    outer loop
      vertex 94.6793136597 9.70718383789 80.5525512695
      vertex 94.6793136597 10.1805410385 80.6075286865
      vertex 94.6793136597 8.55054759979 81.2309951782
    endloop
  endfacet
  facet normal 1 1.29219342853e-05 -7.67704659665e-06
    outer loop
      vertex 94.6793136597 6.81698322296 72.7025375366
      vertex 94.6793136597 6.86762857437 72.2723999023
      vertex 94.6793136597 6.96652793884 72.6136856079
    endloop
  endfacet
  facet normal 1 -7.20099887985e-06 7.86208204318e-07
    outer loop
      vertex 94.6793136597 11.370464325 80.5829772949
      vertex 94.6793136597 11.9723186493 80.5172653198
      vertex 94.6793136597 11.4601831436 81.2910461426
    endloop
  endfacet
  facet normal 1 0 0
    outer loop
      vertex 94.6793136597 11.9723186493 80.5172653198
      vertex 94.6793136597 12.057387352 80.5023345947
      vertex 94.6793136597 12.3634653091 80.458656311
    endloop
  endfacet
  facet normal 1 -7.26196776668e-06 3.05039918658e-07
    outer loop
      vertex 94.6793136597 11.2820882797 80.5866851807
      vertex 94.6793136597 11.370464325 80.5829772949
      vertex 94.6793136597 11.4601831436 81.2910461426
    endloop
  endfacet
  facet normal 1 0 0
    outer loop
      vertex 94.6793136597 11.370464325 80.5829772949
      vertex 94.6793136597 11.6148262024 80.542755127
      vertex 94.6793136597 11.9723186493 80.5172653198
    endloop
  endfacet
  facet normal 1 0 0
    outer loop
      vertex 94.6793136597 19.781463623 84.9655303955
      vertex 94.6793136597 21.9820289612 84.4756393433
      vertex 94.6793136597 21.3190364838 86.6450500488
    endloop
  endfacet
  facet normal 1 -8.10762685433e-06 -3.43336552078e-07
    outer loop
      vertex 94.6793136597 10.4519443512 80.6107559204
      vertex 94.6793136597 10.7752180099 80.6244506836
      vertex 94.6793136597 11.4601831436 81.2910461426
    endloop
  endfacet
  facet normal 1 -6.00570956522e-06 -4.54507608083e-06
    outer loop
      vertex 94.6793136597 6.0941529274 79.1260986328
      vertex 94.6793136597 6.41754627228 79.37084198
      vertex 94.6793136597 6.02168750763 79.9319992065
    endloop
  endfacet
  facet normal 1 -5.81091080676e-06 -1.35487255193e-06
    outer loop
      vertex 94.6793136597 8.96404838562 80.4378128052
      vertex 94.6793136597 9.1409072876 80.4790420532
      vertex 94.6793136597 8.55054759979 81.2309951782
    endloop
  endfacet
  facet normal 1 0 0
    outer loop
      vertex 94.6793136597 14.3747854233 58.2899513245
      vertex 94.6793136597 15.0229225159 55.0888252258
      vertex 94.6793136597 17.054189682 57.4102096558
    endloop
  endfacet
  facet normal 1 0 0
    outer loop
      vertex 94.6793136597 9.70718383789 80.5525512695
      vertex 94.6793136597 9.74866008759 80.5561752319
      vertex 94.6793136597 10.1805410385 80.6075286865
    endloop
  endfacet
  facet normal 1 -7.73519423092e-06 -9.20447007502e-08
    outer loop
      vertex 94.6793136597 10.1805410385 80.6075286865
      vertex 94.6793136597 10.4519443512 80.6107559204
      vertex 94.6793136597 11.4601831436 81.2910461426
    endloop
  endfacet
  facet normal 1 0 0
    outer loop
      vertex 94.6793136597 9.1409072876 80.4790420532
      vertex 94.6793136597 9.59203720093 80.5303878784
      vertex 94.6793136597 9.70718383789 80.5525512695
    endloop
  endfacet
  facet normal 1 0 0
    outer loop
      vertex 94.6793136597 32.6392364502 67.1770935059
      vertex 94.6793136597 30.1823768616 65.1895599365
      vertex 94.6793136597 32.527141571 64.422492981
    endloop
  endfacet
  facet normal 1 -5.90509580434e-06 -1.17420552215e-06
    outer loop
      vertex 94.6793136597 8.60076904297 80.3655700684
      vertex 94.6793136597 8.96404838562 80.4378128052
      vertex 94.6793136597 8.55054759979 81.2309951782
    endloop
  endfacet
  facet normal 1 -5.98445421929e-06 -4.78146193927e-06
    outer loop
      vertex 94.6793136597 6.05834245682 79.0974884033
      vertex 94.6793136597 6.0941529274 79.1260986328
      vertex 94.6793136597 6.02168750763 79.9319992065
    endloop
  endfacet
  facet normal 1 0 -0
    outer loop
      vertex 94.6793136597 7.91997814178 88.0250320435
      vertex 94.6793136597 5.47650003433 88.2644195557
      vertex 94.6793136597 5.69445371628 85.9740219116
    endloop
  endfacet
  facet normal 1 0 0
    outer loop
      vertex 94.6793136597 7.5978884697 80.0215148926
      vertex 94.6793136597 7.83136129379 80.0997390747
      vertex 94.6793136597 8.0935344696 80.2076721191
    endloop
  endfacet
  facet normal 1 3.6449810068e-06 1.42102987866e-06
    outer loop
      vertex 94.6793136597 8.95415115356 97.4002151489
      vertex 94.6793136597 10.3310489655 96.5187988281
      vertex 94.6793136597 9.41355133057 97.5793151855
    endloop
  endfacet
  facet normal 1 0 0
    outer loop
      vertex 94.6793136597 7.16118812561 79.8295669556
      vertex 94.6793136597 7.51766395569 79.9834136963
      vertex 94.6793136597 7.5978884697 80.0215148926
    endloop
  endfacet
  facet normal 1 -3.72810791305e-06 -1.06021343527e-06
    outer loop
      vertex 94.6793136597 11.4601831436 81.2910461426
      vertex 94.6793136597 12.934346199 80.3236846924
      vertex 94.6793136597 14.7957000732 82.239616394
    endloop
  endfacet
  facet normal 1 0 0
    outer loop
      vertex 94.6793136597 6.76821517944 79.6107635498
      vertex 94.6793136597 6.94880962372 79.7068557739
      vertex 94.6793136597 7.16118812561 79.8295669556
    endloop
  endfacet
  facet normal 1 -5.86443638895e-06 -1.87485431979e-06
    outer loop
      vertex 94.6793136597 8.2166891098 80.2427825928
      vertex 94.6793136597 8.60076904297 80.3655700684
      vertex 94.6793136597 8.55054759979 81.2309951782
    endloop
  endfacet
  facet normal 1 0 0
    outer loop
      vertex 94.6793136597 6.41754627228 79.37084198
      vertex 94.6793136597 6.45792961121 79.3967285156
      vertex 94.6793136597 6.76821517944 79.6107635498
    endloop
  endfacet
  facet normal 1 -4.37416292698e-06 -1.61572152138e-05
    outer loop
      vertex 94.6793136597 4.70127153397 76.9450531006
      vertex 94.6793136597 4.7615442276 77.1676864624
      vertex 94.6793136597 4.29281759262 76.6181106567
    endloop
  endfacet
  facet normal 1 0 0
    outer loop
      vertex 94.6793136597 6.0941529274 79.1260986328
      vertex 94.6793136597 6.30514144897 79.2792816162
      vertex 94.6793136597 6.41754627228 79.37084198
    endloop
  endfacet
  facet normal 1 0 0
    outer loop
      vertex 94.6793136597 5.47650003433 88.2644195557
      vertex 94.6793136597 3.60827708244 87.0865478516
      vertex 94.6793136597 5.69445371628 85.9740219116
    endloop
  endfacet
  facet normal 1 0 0
    outer loop
      vertex 94.6793136597 7.62609100342 67.0689086914
      vertex 94.6793136597 9.79384326935 65.7119445801
      vertex 94.6793136597 9.2179517746 68.8408050537
    endloop
  endfacet
  facet normal 1 -4.04477032134e-06 -1.57710037456e-05
    outer loop
      vertex 94.6793136597 4.7615442276 77.1676864624
      vertex 94.6793136597 4.76671695709 77.1878585815
      vertex 94.6793136597 4.29281759262 76.6181106567
    endloop
  endfacet
  facet normal 1 0 0
    outer loop
      vertex 94.6793136597 5.7758026123 78.8452606201
      vertex 94.6793136597 6.00370979309 79.0457992554
      vertex 94.6793136597 6.05834245682 79.0974884033
    endloop
  endfacet
  facet normal 1 -7.17839157005e-06 -3.68730275113e-06
    outer loop
      vertex 94.6793136597 6.02168750763 79.9319992065
      vertex 94.6793136597 7.5978884697 80.0215148926
      vertex 94.6793136597 8.55054759979 81.2309951782
    endloop
  endfacet
  facet normal 1 0 0
    outer loop
      vertex 94.6793136597 5.53137159348 78.5832138062
      vertex 94.6793136597 5.67409515381 78.7318878174
      vertex 94.6793136597 5.7758026123 78.8452606201
    endloop
  endfacet
  facet normal 1 0 0
    outer loop
      vertex 94.6793136597 5.32128334045 78.3133850098
      vertex 94.6793136597 5.4030623436 78.414352417
      vertex 94.6793136597 5.53137159348 78.5832138062
    endloop
  endfacet
  facet normal 1 2.71885392067e-06 -7.51199877413e-07
    outer loop
      vertex 94.6793136597 25.8011932373 96.5897521973
      vertex 94.6793136597 25.7788829803 98.497215271
      vertex 94.6793136597 24.0854110718 97.0638046265
    endloop
  endfacet
  facet normal 1 0 0
    outer loop
      vertex 94.6793136597 5.14436388016 78.0402679443
      vertex 94.6793136597 5.18390798569 78.098487854
      vertex 94.6793136597 5.32128334045 78.3133850098
    endloop
  endfacet
  facet normal 1 9.9233147921e-06 8.78041646502e-07
    outer loop
      vertex 94.6793136597 11.2707290649 71.6862487793
      vertex 94.6793136597 10.8366308212 71.1269073486
      vertex 94.6793136597 11.2964830399 71.6885299683
    endloop
  endfacet
  facet normal 1 0 0
    outer loop
      vertex 94.6793136597 4.99340724945 77.7567977905
      vertex 94.6793136597 5.00601673126 77.7792510986
      vertex 94.6793136597 5.14436388016 78.0402679443
    endloop
  endfacet
  facet normal 1 -3.29730642079e-06 -4.23489927925e-06
    outer loop
      vertex 94.6793136597 5.32128334045 78.3133850098
      vertex 94.6793136597 5.53137159348 78.5832138062
      vertex 94.6793136597 4.26674556732 78.5267410278
    endloop
  endfacet
  facet normal 1 0 0
    outer loop
      vertex 94.6793136597 4.86873626709 77.4714736938
      vertex 94.6793136597 4.90116167068 77.5417785645
      vertex 94.6793136597 4.99340724945 77.7567977905
    endloop
  endfacet
  facet normal 1 -8.56859332998e-06 -3.76625325771e-06
    outer loop
      vertex 94.6793136597 7.16118812561 79.8295669556
      vertex 94.6793136597 7.5978884697 80.0215148926
      vertex 94.6793136597 6.02168750763 79.9319992065
    endloop
  endfacet
  facet normal 1 0 0
    outer loop
      vertex 94.6793136597 23.1794605255 65.6863174438
      vertex 94.6793136597 25.3326854706 64.5070114136
      vertex 94.6793136597 24.9836883545 66.613571167
    endloop
  endfacet
  facet normal 1 1.94543349608e-06 -1.05192771116e-06
    outer loop
      vertex 94.6793136597 15.3189687729 72.5577163696
      vertex 94.6793136597 17.4784832001 71.3900299072
      vertex 94.6793136597 16.9626235962 74.3261489868
    endloop
  endfacet
  facet normal 1 1.45729991345e-05 -1.31752913148e-05
    outer loop
      vertex 94.6793136597 5.91528558731 73.3895568848
      vertex 94.6793136597 5.45231485367 73.4533996582
      vertex 94.6793136597 5.94718980789 73.360710144
    endloop
  endfacet
  facet normal 1 2.49196796176e-06 7.18407989098e-07
    outer loop
      vertex 94.6793136597 11.4632520676 98.339881897
      vertex 94.6793136597 13.3617563248 96.812789917
      vertex 94.6793136597 12.3579101562 98.5978012085
    endloop
  endfacet
  facet normal 1 -5.96074141868e-06 -5.32132617082e-06
    outer loop
      vertex 94.6793136597 5.7758026123 78.8452606201
      vertex 94.6793136597 6.05834245682 79.0974884033
      vertex 94.6793136597 6.02168750763 79.9319992065
    endloop
  endfacet
  facet normal 1 -0 0
    outer loop
      vertex 94.6793136597 15.9492149353 69.1170501709
      vertex 94.6793136597 17.4784832001 71.3900299072
      vertex 94.6793136597 15.3189687729 72.5577163696
    endloop
  endfacet
  facet normal 1 0 0
    outer loop
      vertex 94.6793136597 22.3017463684 99.4289169312
      vertex 94.6793136597 25.7788829803 98.497215271
      vertex 94.6793136597 25.5579395294 98.5770874023
    endloop
  endfacet
  facet normal 1 0 0
    outer loop
      vertex 94.6793136597 0.97018456459 68.209815979
      vertex 94.6793136597 2.65934276581 65.9003601074
      vertex 94.6793136597 3.8001742363 68.6599121094
    endloop
  endfacet
  facet normal 1 0 0
    outer loop
      vertex 94.6793136597 28.2622318268 97.5327072144
      vertex 94.6793136597 28.003944397 97.6513519287
      vertex 94.6793136597 27.6523990631 97.7869796753
    endloop
  endfacet
  facet normal 1 0 0
    outer loop
      vertex 94.6793136597 3.08432745934 81.6603622437
      vertex 94.6793136597 0.122122637928 80.9429397583
      vertex 94.6793136597 2.0856487751 79.8446884155
    endloop
  endfacet
  facet normal 1 0 0
    outer loop
      vertex 94.6793136597 28.2622318268 97.5327072144
      vertex 94.6793136597 28.1662082672 97.5810089111
      vertex 94.6793136597 28.003944397 97.6513519287
    endloop
  endfacet
  facet normal 1 0 0
    outer loop
      vertex 94.6793136597 29.5889205933 96.7551193237
      vertex 94.6793136597 28.2622318268 97.5327072144
      vertex 94.6793136597 27.6523990631 97.7869796753
    endloop
  endfacet
  facet normal 1 -0 0
    outer loop
      vertex 94.6793136597 23.2302303314 56.3479118347
      vertex 94.6793136597 25.0172634125 59.4587020874
      vertex 94.6793136597 21.6639347076 59.6633262634
    endloop
  endfacet
  facet normal 1 0 0
    outer loop
      vertex 94.6793136597 31.4259681702 95.577583313
      vertex 94.6793136597 30.9718532562 95.9179534912
      vertex 94.6793136597 29.5889205933 96.7551193237
    endloop
  endfacet
  facet normal 1 -0 0
    outer loop
      vertex 94.6793136597 22.6418190002 75.9915237427
      vertex 94.6793136597 22.7033977509 78.0000534058
      vertex 94.6793136597 20.7478542328 76.320274353
    endloop
  endfacet
  facet normal 1 0 0
    outer loop
      vertex 94.6793136597 34.2693405151 93.1043548584
      vertex 94.6793136597 33.6871681213 93.7015380859
      vertex 94.6793136597 32.7220153809 94.5274276733
    endloop
  endfacet
  facet normal 1 0 0
    outer loop
      vertex 94.6793136597 17.9092025757 54.4644584656
      vertex 94.6793136597 17.054189682 57.4102096558
      vertex 94.6793136597 15.0229225159 55.0888252258
    endloop
  endfacet
  facet normal 1 1.19397482194e-05 -3.28730925503e-06
    outer loop
      vertex 94.6793136597 8.51138401031 71.9751205444
      vertex 94.6793136597 8.75222969055 71.4758605957
      vertex 94.6793136597 8.68924808502 71.9261550903
    endloop
  endfacet
  facet normal 1 1.36766709602e-06 -1.64290929661e-06
    outer loop
      vertex 94.6793136597 35.5276947021 91.6903991699
      vertex 94.6793136597 34.8257827759 92.5335693359
      vertex 94.6793136597 33.2809257507 90.6096343994
    endloop
  endfacet
  facet normal 1 -0 0
    outer loop
      vertex 94.6793136597 35.574848175 64.8921051025
      vertex 94.6793136597 37.3607597351 66.9215545654
      vertex 94.6793136597 35.4848823547 68.1934814453
    endloop
  endfacet
  facet normal 1 9.69987831922e-06 6.05157481459e-07
    outer loop
      vertex 94.6793136597 11.2964830399 71.6885299683
      vertex 94.6793136597 10.8366308212 71.1269073486
      vertex 94.6793136597 11.7564439774 71.7172241211
    endloop
  endfacet
  facet normal 1 0 0
    outer loop
      vertex 94.6793136597 37.7548980713 88.5306777954
      vertex 94.6793136597 36.9455070496 89.8892440796
      vertex 94.6793136597 36.7261009216 90.1936264038
    endloop
  endfacet
  facet normal 1 -2.27327313951e-06 6.35033620711e-06
    outer loop
      vertex 94.6793136597 16.6097259521 77.2821350098
      vertex 94.6793136597 16.7235469818 76.9641799927
      vertex 94.6793136597 17.7071437836 76.4904937744
    endloop
  endfacet
  facet normal 1 0 0
    outer loop
      vertex 94.6793136597 38.7385978699 86.7904434204
      vertex 94.6793136597 38.5429115295 87.2080078125
      vertex 94.6793136597 37.7548980713 88.5306777954
    endloop
  endfacet
  facet normal 1 0 0
    outer loop
      vertex 94.6793136597 25.9941902161 90.9558639526
      vertex 94.6793136597 24.5683326721 94.296043396
      vertex 94.6793136597 23.1953735352 91.3759765625
    endloop
  endfacet
  facet normal 1 1.31852957566e-05 -6.768217645e-06
    outer loop
      vertex 94.6793136597 6.96652793884 72.6136856079
      vertex 94.6793136597 6.86762857437 72.2723999023
      vertex 94.6793136597 7.22925519943 72.4788284302
    endloop
  endfacet
  facet normal 1 0 0
    outer loop
      vertex 94.6793136597 40.2438201904 82.8256454468
      vertex 94.6793136597 39.7422981262 84.4941558838
      vertex 94.6793136597 39.5749893188 84.8965911865
    endloop
  endfacet
  facet normal 1 1.0027522876e-05 8.15432542822e-07
    outer loop
      vertex 94.6793136597 11.7564439774 71.7172241211
      vertex 94.6793136597 10.8366308212 71.1269073486
      vertex 94.6793136597 11.8700809479 71.7264633179
    endloop
  endfacet
  facet normal 1 1.24742173284e-05 -1.77694255399e-05
    outer loop
      vertex 94.6793136597 5.25833749771 74.1441268921
      vertex 94.6793136597 5.45231485367 73.4533996582
      vertex 94.6793136597 5.36103582382 73.997833252
    endloop
  endfacet
  facet normal 1 0 0
    outer loop
      vertex 94.6793136597 29.1027545929 79.9957427979
      vertex 94.6793136597 27.0778427124 77.3628387451
      vertex 94.6793136597 29.3157958984 76.7337036133
    endloop
  endfacet
  facet normal 1 -0 0
    outer loop
      vertex 94.6793136597 7.91997814178 88.0250320435
      vertex 94.6793136597 8.45850849152 91.5453948975
      vertex 94.6793136597 6.11372470856 90.6473693848
    endloop
  endfacet
  facet normal 1 3.15875439583e-07 -1.84833879757e-06
    outer loop
      vertex 94.6793136597 38.6975898743 75.9899368286
      vertex 94.6793136597 41.1225738525 78.1654052734
      vertex 94.6793136597 38.1750602722 79.0475006104
    endloop
  endfacet
  facet normal 1 0 -0
    outer loop
      vertex 94.6793136597 38.1750602722 79.0475006104
      vertex 94.6793136597 35.3534698486 79.9634857178
      vertex 94.6793136597 35.7771759033 77.4555587769
    endloop
  endfacet
  facet normal 1 1.37911501952e-06 -1.82409839908e-05
    outer loop
      vertex 94.6793136597 4.62082958221 76.0279541016
      vertex 94.6793136597 4.29281759262 76.6181106567
      vertex 94.6793136597 4.63588809967 75.8287811279
    endloop
  endfacet
  facet normal 1 -1.6271739014e-06 -4.82599887164e-07
    outer loop
      vertex 94.6793136597 23.2302303314 56.3479118347
      vertex 94.6793136597 23.1345291138 53.1426277161
      vertex 94.6793136597 26.0078372955 53.9948196411
    endloop
  endfacet
  facet normal 1 -1.16786509352e-06 -1.81821428669e-06
    outer loop
      vertex 94.6793136597 37.680015564 63.7432403564
      vertex 94.6793136597 35.574848175 64.8921051025
      vertex 94.6793136597 36.4187431335 61.7796020508
    endloop
  endfacet
  facet normal 1 0 0
    outer loop
      vertex 94.6793136597 22.6418190002 75.9915237427
      vertex 94.6793136597 23.8277626038 74.8817443848
      vertex 94.6793136597 24.5680770874 76.8289718628
    endloop
  endfacet
  facet normal 1 0 0
    outer loop
      vertex 94.6793136597 28.2968044281 88.383644104
      vertex 94.6793136597 30.3261318207 85.7465896606
      vertex 94.6793136597 30.9374675751 88.7089233398
    endloop
  endfacet
  facet normal 1 -2.30865612139e-06 -7.65360823607e-07
    outer loop
      vertex 94.6793136597 32.5535583496 59.6808547974
      vertex 94.6793136597 30.5219078064 59.0073280334
      vertex 94.6793136597 32.014213562 57.262928009
    endloop
  endfacet
  facet normal 1 -0 -0
    outer loop
      vertex 94.6793136597 30.9718532562 56.4816665649
      vertex 94.6793136597 32.014213562 57.262928009
      vertex 94.6793136597 29.8718566895 55.807800293
    endloop
  endfacet
  facet normal 1 0 0
    outer loop
      vertex 94.6793136597 30.1823768616 65.1895599365
      vertex 94.6793136597 30.7171363831 62.0001678467
      vertex 94.6793136597 32.527141571 64.422492981
    endloop
  endfacet
  facet normal 1 1.34753408929e-05 -6.6026514105e-06
    outer loop
      vertex 94.6793136597 7.22925519943 72.4788284302
      vertex 94.6793136597 6.86762857437 72.2723999023
      vertex 94.6793136597 7.30467605591 72.4418716431
    endloop
  endfacet
  facet normal 1 0 0
    outer loop
      vertex 94.6793136597 27.8891391754 54.702457428
      vertex 94.6793136597 28.2974720001 54.8871459961
      vertex 94.6793136597 29.8718566895 55.807800293
    endloop
  endfacet
  facet normal 1 0 0
    outer loop
      vertex 94.6793136597 28.107875824 54.7922172546
      vertex 94.6793136597 28.2245998383 54.847026825
      vertex 94.6793136597 28.2974720001 54.8871459961
    endloop
  endfacet
  facet normal 1 0 0
    outer loop
      vertex 94.6793136597 27.8891391754 54.702457428
      vertex 94.6793136597 28.107875824 54.7922172546
      vertex 94.6793136597 28.2974720001 54.8871459961
    endloop
  endfacet
  facet normal 1 -2.39288624471e-06 1.66085726505e-07
    outer loop
      vertex 94.6793136597 26.4591617584 56.1237983704
      vertex 94.6793136597 23.2302303314 56.3479118347
      vertex 94.6793136597 26.0078372955 53.9948196411
    endloop
  endfacet
  facet normal 1 2.73921068583e-06 -7.33969329758e-07
    outer loop
      vertex 94.6793136597 22.3017463684 99.4289169312
      vertex 94.6793136597 24.0854110718 97.0638046265
      vertex 94.6793136597 25.7788829803 98.497215271
    endloop
  endfacet
  facet normal 1 0 -0
    outer loop
      vertex 94.6793136597 17.558259964 62.3255119324
      vertex 94.6793136597 15.008430481 62.478679657
      vertex 94.6793136597 16.2026252747 60.0065460205
    endloop
  endfacet
  facet normal 1 0 0
    outer loop
      vertex 94.6793136597 24.2958374023 53.4340286255
      vertex 94.6793136597 24.4318466187 53.4670295715
      vertex 94.6793136597 25.1771259308 53.6913719177
    endloop
  endfacet
  facet normal 1 0 -0
    outer loop
      vertex 94.6793136597 19.9769878387 57.0183067322
      vertex 94.6793136597 17.054189682 57.4102096558
      vertex 94.6793136597 17.9092025757 54.4644584656
    endloop
  endfacet
  facet normal 1 0 0
    outer loop
      vertex 94.6793136597 23.1345291138 53.1426277161
      vertex 94.6793136597 23.2445526123 53.1615333557
      vertex 94.6793136597 24.2958374023 53.4340286255
    endloop
  endfacet
  facet normal 1 -3.58094575859e-06 -1.71230979618e-07
    outer loop
      vertex 94.6793136597 19.1610450745 52.6850318909
      vertex 94.6793136597 20.4961624146 52.7488746643
      vertex 94.6793136597 20.8080692291 54.2073631287
    endloop
  endfacet
  facet normal 1 0 0
    outer loop
      vertex 94.6793136597 21.8110084534 52.900604248
      vertex 94.6793136597 22.0513477325 52.92786026
      vertex 94.6793136597 23.1345291138 53.1426277161
    endloop
  endfacet
  facet normal 1 0 0
    outer loop
      vertex 94.6793136597 20.4961624146 52.7488746643
      vertex 94.6793136597 20.8709125519 52.7698745728
      vertex 94.6793136597 21.8110084534 52.900604248
    endloop
  endfacet
  facet normal 1 0 0
    outer loop
      vertex 94.6793136597 30.9856109619 82.7789459229
      vertex 94.6793136597 32.7360267639 82.5484924316
      vertex 94.6793136597 33.0765304565 84.2875213623
    endloop
  endfacet
  facet normal 1 2.39704149863e-07 -1.62796932273e-05
    outer loop
      vertex 94.6793136597 4.61855268478 76.0611953735
      vertex 94.6793136597 4.61823654175 76.0826568604
      vertex 94.6793136597 4.29281759262 76.6181106567
    endloop
  endfacet
  facet normal 1 0 0
    outer loop
      vertex 94.6793136597 19.1610450745 52.6850318909
      vertex 94.6793136597 19.6043968201 52.6799240112
      vertex 94.6793136597 19.7065963745 52.6849708557
    endloop
  endfacet
  facet normal 1 0 0
    outer loop
      vertex 94.6793136597 18.1344528198 52.7178535461
      vertex 94.6793136597 18.7179164886 52.6747932434
      vertex 94.6793136597 19.1610450745 52.6850318909
    endloop
  endfacet
  facet normal 1 1.60130512086e-05 -1.34450092446e-05
    outer loop
      vertex 94.6793136597 5.94718980789 73.360710144
      vertex 94.6793136597 5.45231485367 73.4533996582
      vertex 94.6793136597 6.19859838486 73.1496200562
    endloop
  endfacet
  facet normal 1 0 0
    outer loop
      vertex 94.6793136597 17.1012897491 52.8138923645
      vertex 94.6793136597 17.7228088379 52.7343597412
      vertex 94.6793136597 18.1344528198 52.7178535461
    endloop
  endfacet
  facet normal 1 1.58760940394e-05 -1.33892608574e-05
    outer loop
      vertex 94.6793136597 6.19859838486 73.1496200562
      vertex 94.6793136597 5.45231485367 73.4533996582
      vertex 94.6793136597 6.21769571304 73.1335144043
    endloop
  endfacet
  facet normal 1 0 0
    outer loop
      vertex 94.6793136597 15.8664512634 53.0165901184
      vertex 94.6793136597 16.8546085358 52.8383827209
      vertex 94.6793136597 17.1012897491 52.8138923645
    endloop
  endfacet
  facet normal 1 0 0
    outer loop
      vertex 94.6793136597 -6.99855089188 77.7527923584
      vertex 94.6793136597 -7.82824087143 75.0958328247
      vertex 94.6793136597 -3.97174787521 75.6286239624
    endloop
  endfacet
  facet normal 1 0 0
    outer loop
      vertex 94.6793136597 14.950053215 53.2229423523
      vertex 94.6793136597 15.7282829285 53.038318634
      vertex 94.6793136597 15.8664512634 53.0165901184
    endloop
  endfacet
  facet normal 1 0 0
    outer loop
      vertex 94.6793136597 12.4330940247 84.5452041626
      vertex 94.6793136597 10.1501913071 83.5777435303
      vertex 94.6793136597 11.4601831436 81.2910461426
    endloop
  endfacet
  facet normal 1 0 0
    outer loop
      vertex 94.6793136597 14.5680990219 53.2802238464
      vertex 94.6793136597 14.6072587967 53.2731971741
      vertex 94.6793136597 14.950053215 53.2229423523
    endloop
  endfacet
  facet normal 1 -0 0
    outer loop
      vertex 94.6793136597 14.5680990219 53.2802238464
      vertex 94.6793136597 14.950053215 53.2229423523
      vertex 94.6793136597 13.5370721817 53.4894065857
    endloop
  endfacet
  facet normal 1 0 0
    outer loop
      vertex 94.6793136597 12.4545135498 53.7632255554
      vertex 94.6793136597 13.3668041229 53.5289268494
      vertex 94.6793136597 13.5370721817 53.4894065857
    endloop
  endfacet
  facet normal 1 0 0
    outer loop
      vertex 94.6793136597 12.1399354935 53.8524932861
      vertex 94.6793136597 12.4545135498 53.7632255554
      vertex 94.6793136597 13.5370721817 53.4894065857
    endloop
  endfacet
  facet normal 1 0 0
    outer loop
      vertex 94.6793136597 11.3644227982 54.0921821594
      vertex 94.6793136597 12.1399354935 53.8524932861
      vertex 94.6793136597 13.5370721817 53.4894065857
    endloop
  endfacet
  facet normal 1 0 -0
    outer loop
      vertex 94.6793136597 12.5760154724 62.0066757202
      vertex 94.6793136597 10.9411478043 63.3433074951
      vertex 94.6793136597 10.2738647461 60.9385147095
    endloop
  endfacet
  facet normal 1 -0 0
    outer loop
      vertex 94.6793136597 10.274061203 54.4725456238
      vertex 94.6793136597 10.8925876617 54.2499504089
      vertex 94.6793136597 8.54831027985 55.1767578125
    endloop
  endfacet
  facet normal 1 -0 0
    outer loop
      vertex 94.6793136597 9.63646697998 54.7175636292
      vertex 94.6793136597 10.274061203 54.4725456238
      vertex 94.6793136597 8.54831027985 55.1767578125
    endloop
  endfacet
  facet normal 1 -0 0
    outer loop
      vertex 94.6793136597 9.35242652893 54.8312950134
      vertex 94.6793136597 9.63646697998 54.7175636292
      vertex 94.6793136597 8.54831027985 55.1767578125
    endloop
  endfacet
  facet normal 1 -0 0
    outer loop
      vertex 94.6793136597 8.87445449829 55.0335998535
      vertex 94.6793136597 9.35242652893 54.8312950134
      vertex 94.6793136597 8.54831027985 55.1767578125
    endloop
  endfacet
  facet normal 1 -2.17521096602e-06 1.10535813747e-06
    outer loop
      vertex 94.6793136597 1.37223219872 62.4111251831
      vertex 94.6793136597 -1.34496974945 63.7919006348
      vertex 94.6793136597 -1.36469221115 61.4254341125
    endloop
  endfacet
  facet normal 1 -1.51600306708e-06 2.26814472626e-06
    outer loop
      vertex 94.6793136597 -3.2690885067 63.2607765198
      vertex 94.6793136597 -1.34496974945 63.7919006348
      vertex 94.6793136597 -2.67781639099 65.7860183716
    endloop
  endfacet
  facet normal 1 0 0
    outer loop
      vertex 94.6793136597 7.51869869232 55.657119751
      vertex 94.6793136597 7.66523456573 55.585735321
      vertex 94.6793136597 8.54831027985 55.1767578125
    endloop
  endfacet
  facet normal 1 0 0
    outer loop
      vertex 94.6793136597 6.68141460419 56.0856285095
      vertex 94.6793136597 7.51869869232 55.657119751
      vertex 94.6793136597 8.54831027985 55.1767578125
    endloop
  endfacet
  facet normal 1 1.2141264051e-05 -1.57835347636e-05
    outer loop
      vertex 94.6793136597 5.36103582382 73.997833252
      vertex 94.6793136597 5.45231485367 73.4533996582
      vertex 94.6793136597 5.46239614487 73.866065979
    endloop
  endfacet
  facet normal 1 0 0
    outer loop
      vertex 94.6793136597 6.48869657516 56.1694602966
      vertex 94.6793136597 6.50996255875 56.159614563
      vertex 94.6793136597 6.68141460419 56.0856285095
    endloop
  endfacet
  facet normal 1 -0 0
    outer loop
      vertex 94.6793136597 15.6907215118 92.16355896
      vertex 94.6793136597 16.3964099884 95.0010910034
      vertex 94.6793136597 14.0555438995 94.0337295532
    endloop
  endfacet
  facet normal 1 0 -0
    outer loop
      vertex 94.6793136597 8.79302120209 62.8096733093
      vertex 94.6793136597 7.12998390198 64.6423721313
      vertex 94.6793136597 6.54529809952 62.3427047729
    endloop
  endfacet
  facet normal 1 0 0
    outer loop
      vertex 94.6793136597 4.47383260727 57.185218811
      vertex 94.6793136597 5.327272892 56.7325210571
      vertex 94.6793136597 5.47518825531 56.6566925049
    endloop
  endfacet
  facet normal 1 0 0
    outer loop
      vertex 94.6793136597 4.20651626587 57.3357543945
      vertex 94.6793136597 4.47383260727 57.185218811
      vertex 94.6793136597 5.47518825531 56.6566925049
    endloop
  endfacet
  facet normal 1 1.21624525491e-05 -1.49162679008e-05
    outer loop
      vertex 94.6793136597 5.46239614487 73.866065979
      vertex 94.6793136597 5.45231485367 73.4533996582
      vertex 94.6793136597 5.53144407272 73.7813796997
    endloop
  endfacet
  facet normal 1 -0 0
    outer loop
      vertex 94.6793136597 2.10857105255 58.6392097473
      vertex 94.6793136597 2.58378982544 58.3211746216
      vertex 94.6793136597 1.69455647469 58.9247398376
    endloop
  endfacet
  facet normal 1 0 0
    outer loop
      vertex 94.6793136597 1.02230858803 59.4132003784
      vertex 94.6793136597 1.13064825535 59.3341331482
      vertex 94.6793136597 1.69455647469 58.9247398376
    endloop
  endfacet
  facet normal 1 0 0
    outer loop
      vertex 94.6793136597 0.554475665092 59.7720603943
      vertex 94.6793136597 0.801717460155 59.5818519592
      vertex 94.6793136597 1.69455647469 58.9247398376
    endloop
  endfacet
  facet normal 1 -0 0
    outer loop
      vertex 94.6793136597 -0.109788119793 60.3086242676
      vertex 94.6793136597 0.554475665092 59.7720603943
      vertex 94.6793136597 -1.36469221115 61.4254341125
    endloop
  endfacet
  facet normal 1 -0 0
    outer loop
      vertex 94.6793136597 -0.246351182461 60.4223823547
      vertex 94.6793136597 -0.109788119793 60.3086242676
      vertex 94.6793136597 -1.36469221115 61.4254341125
    endloop
  endfacet
  facet normal 1 -0 0
    outer loop
      vertex 94.6793136597 -0.963254630566 61.0484390259
      vertex 94.6793136597 -0.246351182461 60.4223823547
      vertex 94.6793136597 -1.36469221115 61.4254341125
    endloop
  endfacet
  facet normal 1 -0 0
    outer loop
      vertex 94.6793136597 -1.00452172756 61.0856246948
      vertex 94.6793136597 -0.963254630566 61.0484390259
      vertex 94.6793136597 -1.36469221115 61.4254341125
    endloop
  endfacet
  facet normal 1 0 0
    outer loop
      vertex 94.6793136597 19.3681583405 80.8745269775
      vertex 94.6793136597 18.2039527893 83.0588302612
      vertex 94.6793136597 17.1780433655 81.1601333618
    endloop
  endfacet
  facet normal 1 0 -0
    outer loop
      vertex 94.6793136597 13.7440538406 67.9860534668
      vertex 94.6793136597 11.5961265564 68.3151397705
      vertex 94.6793136597 13.1076574326 65.0395355225
    endloop
  endfacet
  facet normal 1 0 -0
    outer loop
      vertex 94.6793136597 2.65934276581 65.9003601074
      vertex 94.6793136597 0.97018456459 68.209815979
      vertex 94.6793136597 -0.0969577506185 65.740776062
    endloop
  endfacet
  facet normal 1 0 0
    outer loop
      vertex 94.6793136597 -2.46443891525 62.4326896667
      vertex 94.6793136597 -1.77480268478 61.7824935913
      vertex 94.6793136597 -1.36469221115 61.4254341125
    endloop
  endfacet
  facet normal 1 0 0
    outer loop
      vertex 94.6793136597 -2.54721212387 62.5146102905
      vertex 94.6793136597 -2.46443891525 62.4326896667
      vertex 94.6793136597 -1.36469221115 61.4254341125
    endloop
  endfacet
  facet normal 1 0 0
    outer loop
      vertex 94.6793136597 -3.14386582375 63.1263160706
      vertex 94.6793136597 -2.54721212387 62.5146102905
      vertex 94.6793136597 -1.36469221115 61.4254341125
    endloop
  endfacet
  facet normal 1 -0 0
    outer loop
      vertex 94.6793136597 -3.78406500816 63.8355560303
      vertex 94.6793136597 -3.2690885067 63.2607765198
      vertex 94.6793136597 -5.26214981079 65.73777771
    endloop
  endfacet
  facet normal 1 -0 0
    outer loop
      vertex 94.6793136597 -3.94295191765 64.0209197998
      vertex 94.6793136597 -3.78406500816 63.8355560303
      vertex 94.6793136597 -5.26214981079 65.73777771
    endloop
  endfacet
  facet normal 1 -3.0983931083e-06 2.74788789056e-07
    outer loop
      vertex 94.6793136597 20.8080692291 54.2073631287
      vertex 94.6793136597 17.9092025757 54.4644584656
      vertex 94.6793136597 19.1610450745 52.6850318909
    endloop
  endfacet
  facet normal 1 0 0
    outer loop
      vertex 94.6793136597 12.5760154724 62.0066757202
      vertex 94.6793136597 13.916138649 60.2599525452
      vertex 94.6793136597 15.008430481 62.478679657
    endloop
  endfacet
  facet normal 1 0 0
    outer loop
      vertex 94.6793136597 -4.68104314804 64.9385147095
      vertex 94.6793136597 -4.64560317993 64.8911437988
      vertex 94.6793136597 -4.57086706161 64.795135498
    endloop
  endfacet
  facet normal 1 -2.42183750743e-06 -4.5477677304e-06
    outer loop
      vertex 94.6793136597 4.99340724945 77.7567977905
      vertex 94.6793136597 5.14436388016 78.0402679443
      vertex 94.6793136597 4.26674556732 78.5267410278
    endloop
  endfacet
  facet normal 1 0 -0
    outer loop
      vertex 94.6793136597 33.4759750366 87.3465576172
      vertex 94.6793136597 30.9374675751 88.7089233398
      vertex 94.6793136597 30.3261318207 85.7465896606
    endloop
  endfacet
  facet normal 1 -2.97005772154e-06 -2.92147979053e-06
    outer loop
      vertex 94.6793136597 -5.98443841934 67.5472183228
      vertex 94.6793136597 -5.57713508606 66.2073669434
      vertex 94.6793136597 -5.11374521255 68.4036712646
    endloop
  endfacet
  facet normal 1 -7.29812381906e-06 1.13159840112e-05
    outer loop
      vertex 94.6793136597 -5.79257106781 66.5414123535
      vertex 94.6793136597 -5.57713508606 66.2073669434
      vertex 94.6793136597 -5.98443841934 67.5472183228
    endloop
  endfacet
  facet normal 1 -7.49485298002e-06 1.23472818814e-05
    outer loop
      vertex 94.6793136597 -6.05782413483 66.9784011841
      vertex 94.6793136597 -5.79257106781 66.5414123535
      vertex 94.6793136597 -5.98443841934 67.5472183228
    endloop
  endfacet
  facet normal 1 -1.58841669418e-06 1.14314514121e-06
    outer loop
      vertex 94.6793136597 1.37223219872 62.4111251831
      vertex 94.6793136597 1.69455647469 58.9247398376
      vertex 94.6793136597 4.71291589737 60.0069160461
    endloop
  endfacet
  facet normal 1 0 0
    outer loop
      vertex 94.6793136597 3.24609184265 89.818862915
      vertex 94.6793136597 1.58179831505 87.7943649292
      vertex 94.6793136597 3.60827708244 87.0865478516
    endloop
  endfacet
  facet normal 1 0 -0
    outer loop
      vertex 94.6793136597 33.694858551 62.1879463196
      vertex 94.6793136597 32.527141571 64.422492981
      vertex 94.6793136597 30.7171363831 62.0001678467
    endloop
  endfacet
  facet normal 1 -1.41576356327e-06 3.01097952615e-06
    outer loop
      vertex 94.6793136597 -7.10169172287 68.980255127
      vertex 94.6793136597 -6.89730262756 68.5455703735
      vertex 94.6793136597 -5.11374521255 68.4036712646
    endloop
  endfacet
  facet normal 1 0 -0
    outer loop
      vertex 94.6793136597 29.8551902771 92.0748443604
      vertex 94.6793136597 26.7024974823 92.9825210571
      vertex 94.6793136597 25.9941902161 90.9558639526
    endloop
  endfacet
  facet normal 1 0 0
    outer loop
      vertex 94.6793136597 24.5683326721 94.296043396
      vertex 94.6793136597 26.7024974823 92.9825210571
      vertex 94.6793136597 27.8118972778 95.0913543701
    endloop
  endfacet
  facet normal 1 0 0
    outer loop
      vertex 94.6793136597 -7.54009532928 70.0405273438
      vertex 94.6793136597 -7.4492149353 69.8035354614
      vertex 94.6793136597 -7.25736188889 69.3419647217
    endloop
  endfacet
  facet normal 1 0 0
    outer loop
      vertex 94.6793136597 -7.66290378571 70.3718032837
      vertex 94.6793136597 -7.54009532928 70.0405273438
      vertex 94.6793136597 -7.25736188889 69.3419647217
    endloop
  endfacet
  facet normal 1 0 0
    outer loop
      vertex 94.6793136597 -7.77549123764 70.7054443359
      vertex 94.6793136597 -7.66290378571 70.3718032837
      vertex 94.6793136597 -7.25736188889 69.3419647217
    endloop
  endfacet
  facet normal 1 0 0
    outer loop
      vertex 94.6793136597 23.1953735352 91.3759765625
      vertex 94.6793136597 24.3827915192 89.7359390259
      vertex 94.6793136597 25.9941902161 90.9558639526
    endloop
  endfacet
  facet normal 1 -0 0
    outer loop
      vertex 94.6793136597 -0.328386455774 70.5553894043
      vertex 94.6793136597 0.805934369564 72.9443511963
      vertex 94.6793136597 -1.90510046482 72.9707946777
    endloop
  endfacet
  facet normal 1 0 0
    outer loop
      vertex 94.6793136597 4.63588809967 75.8287811279
      vertex 94.6793136597 4.59034109116 74.9151611328
      vertex 94.6793136597 4.67794418335 75.5599212646
    endloop
  endfacet
  facet normal 1 -9.7752797501e-07 5.62379227631e-06
    outer loop
      vertex 94.6793136597 -8.4118976593 73.1654434204
      vertex 94.6793136597 -7.82824087143 75.0958328247
      vertex 94.6793136597 -8.50501346588 73.7011489868
    endloop
  endfacet
  facet normal 1 -3.12454790219e-06 1.50209007188e-06
    outer loop
      vertex 94.6793136597 5.47518825531 56.6566925049
      vertex 94.6793136597 6.48869657516 56.1694602966
      vertex 94.6793136597 6.98794460297 57.5838890076
    endloop
  endfacet
  facet normal 1 -7.7977216506e-07 6.031324574e-06
    outer loop
      vertex 94.6793136597 -8.54065608978 73.9768371582
      vertex 94.6793136597 -8.50501346588 73.7011489868
      vertex 94.6793136597 -7.82824087143 75.0958328247
    endloop
  endfacet
  facet normal 1 -4.95540916745e-07 6.26660266789e-06
    outer loop
      vertex 94.6793136597 -8.62833595276 74.7820587158
      vertex 94.6793136597 -8.60579490662 74.4970016479
      vertex 94.6793136597 -7.82824087143 75.0958328247
    endloop
  endfacet
  facet normal 1 -5.40632026969e-06 -4.3290733629e-06
    outer loop
      vertex 94.6793136597 4.26674556732 78.5267410278
      vertex 94.6793136597 5.53137159348 78.5832138062
      vertex 94.6793136597 6.02168750763 79.9319992065
    endloop
  endfacet
  facet normal 1 1.50549831233e-05 -1.19931164591e-05
    outer loop
      vertex 94.6793136597 6.45564889908 72.9439544678
      vertex 94.6793136597 6.21769571304 73.1335144043
      vertex 94.6793136597 6.86762857437 72.2723999023
    endloop
  endfacet
  facet normal 1 0 -0
    outer loop
      vertex 94.6793136597 5.40447235107 66.6009216309
      vertex 94.6793136597 3.8001742363 68.6599121094
      vertex 94.6793136597 2.65934276581 65.9003601074
    endloop
  endfacet
  facet normal 1 0 0
    outer loop
      vertex 94.6793136597 -3.97174787521 75.6286239624
      vertex 94.6793136597 -1.90510046482 72.9707946777
      vertex 94.6793136597 -0.457787364721 75.4906005859
    endloop
  endfacet
  facet normal 1 3.84723563229e-07 3.1863737604e-06
    outer loop
      vertex 94.6793136597 -8.57946300507 78.0958786011
      vertex 94.6793136597 -6.99855089188 77.7527923584
      vertex 94.6793136597 -8.51395797729 78.6384048462
    endloop
  endfacet
  facet normal 1 1.62536719017e-06 9.25012227526e-06
    outer loop
      vertex 94.6793136597 -8.46274089813 78.9298858643
      vertex 94.6793136597 -8.51395797729 78.6384048462
      vertex 94.6793136597 -7.73166799545 79.9100570679
    endloop
  endfacet
  facet normal 1 -7.86684540799e-06 -1.62366248446e-07
    outer loop
      vertex 94.6793136597 11.4601831436 81.2910461426
      vertex 94.6793136597 8.55054759979 81.2309951782
      vertex 94.6793136597 10.1805410385 80.6075286865
    endloop
  endfacet
  facet normal 1 2.12738405025e-06 9.55469658948e-06
    outer loop
      vertex 94.6793136597 -8.31643104553 79.7136383057
      vertex 94.6793136597 -8.37113952637 79.4679260254
      vertex 94.6793136597 -7.73166799545 79.9100570679
    endloop
  endfacet
  facet normal 1 0 0
    outer loop
      vertex 94.6793136597 38.1750602722 79.0475006104
      vertex 94.6793136597 37.8893547058 82.094367981
      vertex 94.6793136597 35.3534698486 79.9634857178
    endloop
  endfacet
  facet normal 1 0 0
    outer loop
      vertex 94.6793136597 -7.6088104248 82.1558380127
      vertex 94.6793136597 -7.73695230484 81.8166656494
      vertex 94.6793136597 -6.46619796753 84.6859207153
    endloop
  endfacet
  facet normal 1 0 -0
    outer loop
      vertex 94.6793136597 24.5683326721 94.296043396
      vertex 94.6793136597 21.9962654114 96.2581634521
      vertex 94.6793136597 21.3879127502 93.568901062
    endloop
  endfacet
  facet normal 1 0 0
    outer loop
      vertex 94.6793136597 25.5552062988 74.4519271851
      vertex 94.6793136597 24.5680770874 76.8289718628
      vertex 94.6793136597 23.8277626038 74.8817443848
    endloop
  endfacet
  facet normal 1 1.36487733471e-05 -9.70088967733e-06
    outer loop
      vertex 94.6793136597 6.54916286469 72.877494812
      vertex 94.6793136597 6.45564889908 72.9439544678
      vertex 94.6793136597 6.86762857437 72.2723999023
    endloop
  endfacet
  facet normal 1 0 0
    outer loop
      vertex 94.6793136597 5.30959367752 95.6580505371
      vertex 94.6793136597 6.68154764175 96.3143157959
      vertex 94.6793136597 6.48590326309 96.2275695801
    endloop
  endfacet
  facet normal 1 1.4593517335e-05 -6.16906027062e-06
    outer loop
      vertex 94.6793136597 7.30467605591 72.4418716431
      vertex 94.6793136597 6.86762857437 72.2723999023
      vertex 94.6793136597 7.66581583023 72.2892074585
    endloop
  endfacet
  facet normal 1 0 0
    outer loop
      vertex 94.6793136597 14.4449090958 89.6583404541
      vertex 94.6793136597 12.9690856934 92.0648803711
      vertex 94.6793136597 11.1681680679 89.7151260376
    endloop
  endfacet
  facet normal 1 1.3581676285e-05 -6.19036882199e-06
    outer loop
      vertex 94.6793136597 7.66581583023 72.2892074585
      vertex 94.6793136597 6.86762857437 72.2723999023
      vertex 94.6793136597 7.67838859558 72.2834777832
    endloop
  endfacet
  facet normal 1 0 -0
    outer loop
      vertex 94.6793136597 28.2968044281 88.383644104
      vertex 94.6793136597 25.9941902161 90.9558639526
      vertex 94.6793136597 25.5642967224 87.7497558594
    endloop
  endfacet
  facet normal 1 0 0
    outer loop
      vertex 94.6793136597 21.3446960449 67.208984375
      vertex 94.6793136597 23.3411159515 67.9428253174
      vertex 94.6793136597 21.7721633911 69.0855026245
    endloop
  endfacet
  facet normal 1 1.45487632608e-07 -1.06504694486e-05
    outer loop
      vertex 94.6793136597 4.29281759262 76.6181106567
      vertex 94.6793136597 4.77024745941 77.1990203857
      vertex 94.6793136597 4.26674556732 78.5267410278
    endloop
  endfacet
  facet normal 1 0 0
    outer loop
      vertex 94.6793136597 8.79302120209 62.8096733093
      vertex 94.6793136597 10.2738647461 60.9385147095
      vertex 94.6793136597 10.9411478043 63.3433074951
    endloop
  endfacet
  facet normal 1 0 0
    outer loop
      vertex 94.6793136597 33.2809257507 90.6096343994
      vertex 94.6793136597 30.9374675751 88.7089233398
      vertex 94.6793136597 33.4759750366 87.3465576172
    endloop
  endfacet
  facet normal 1 1.46716620293e-05 6.66939467919e-06
    outer loop
      vertex 94.6793136597 14.0669326782 72.3409042358
      vertex 94.6793136597 15.3189687729 72.5577163696
      vertex 94.6793136597 14.4056825638 72.4948959351
    endloop
  endfacet
  facet normal 1 3.60381682185e-06 1.46861100347e-06
    outer loop
      vertex 94.6793136597 9.41355133057 97.5793151855
      vertex 94.6793136597 10.3310489655 96.5187988281
      vertex 94.6793136597 10.2088937759 97.9034347534
    endloop
  endfacet
  facet normal 1 1.20032173072e-05 -2.26826682592e-06
    outer loop
      vertex 94.6793136597 9.05972003937 71.8484191895
      vertex 94.6793136597 8.75222969055 71.4758605957
      vertex 94.6793136597 9.12424087524 71.836227417
    endloop
  endfacet
  facet normal 1 0 0
    outer loop
      vertex 94.6793136597 5.71931171417 82.9981231689
      vertex 94.6793136597 3.08432745934 81.6603622437
      vertex 94.6793136597 6.02168750763 79.9319992065
    endloop
  endfacet
  facet normal 1 -7.41603662391e-06 1.11110750822e-06
    outer loop
      vertex 94.6793136597 11.9723186493 80.5172653198
      vertex 94.6793136597 12.3634653091 80.458656311
      vertex 94.6793136597 11.4601831436 81.2910461426
    endloop
  endfacet
  facet normal 1 0 0
    outer loop
      vertex 94.6793136597 -1.22494995594 91.1104736328
      vertex 94.6793136597 -1.24072563648 91.0969314575
      vertex 94.6793136597 -1.36245393753 90.9798812866
    endloop
  endfacet
  facet normal 1 0 -0
    outer loop
      vertex 94.6793136597 23.2302303314 56.3479118347
      vertex 94.6793136597 19.9769878387 57.0183067322
      vertex 94.6793136597 20.8080692291 54.2073631287
    endloop
  endfacet
  facet normal 1 0 0
    outer loop
      vertex 94.6793136597 4.71291589737 60.0069160461
      vertex 94.6793136597 6.98794460297 57.5838890076
      vertex 94.6793136597 7.82896614075 60.4563217163
    endloop
  endfacet
  facet normal 1 0 -0
    outer loop
      vertex 94.6793136597 24.2962245941 98.961730957
      vertex 94.6793136597 22.3017463684 99.4289169312
      vertex 94.6793136597 25.5579395294 98.5770874023
    endloop
  endfacet
  facet normal 1 0 0
    outer loop
      vertex 94.6793136597 8.79302120209 62.8096733093
      vertex 94.6793136597 7.82896614075 60.4563217163
      vertex 94.6793136597 10.2738647461 60.9385147095
    endloop
  endfacet
  facet normal 1 0 0
    outer loop
      vertex 94.6793136597 15.6907215118 92.16355896
      vertex 94.6793136597 17.7788791656 89.7681427002
      vertex 94.6793136597 18.5350875854 92.7166976929
    endloop
  endfacet
  facet normal 1 0 0
    outer loop
      vertex 94.6793136597 -2.40833854675 81.2032012939
      vertex 94.6793136597 0.122122637928 80.9429397583
      vertex 94.6793136597 -1.64872443676 83.5322113037
    endloop
  endfacet
  facet normal 1 1.22254050439e-05 -2.05303467737e-06
    outer loop
      vertex 94.6793136597 9.12424087524 71.836227417
      vertex 94.6793136597 8.75222969055 71.4758605957
      vertex 94.6793136597 9.56143760681 71.762802124
    endloop
  endfacet
  facet normal 1 1.20455342767e-05 -2.11681708606e-06
    outer loop
      vertex 94.6793136597 9.56143760681 71.762802124
      vertex 94.6793136597 8.75222969055 71.4758605957
      vertex 94.6793136597 9.62805843353 71.7510986328
    endloop
  endfacet
  facet normal 1 9.03414587583e-08 -1.5113749896e-06
    outer loop
      vertex 94.6793136597 33.2809257507 90.6096343994
      vertex 94.6793136597 33.4759750366 87.3465576172
      vertex 94.6793136597 36.7261009216 90.1936264038
    endloop
  endfacet
  facet normal 1 0 0
    outer loop
      vertex 94.6793136597 1.40078902245 77.9370040894
      vertex 94.6793136597 -0.457787364721 75.4906005859
      vertex 94.6793136597 2.32997393608 75.1841430664
    endloop
  endfacet
  facet normal 1 -8.05689614936e-06 1.78039374532e-06
    outer loop
      vertex 94.6793136597 12.6369447708 80.3894042969
      vertex 94.6793136597 12.934346199 80.3236846924
      vertex 94.6793136597 11.4601831436 81.2910461426
    endloop
  endfacet
  facet normal 1 0 0
    outer loop
      vertex 94.6793136597 6.68154764175 96.3143157959
      vertex 94.6793136597 6.51209449768 96.2408752441
      vertex 94.6793136597 6.48590326309 96.2275695801
    endloop
  endfacet
  facet normal 1 0 0
    outer loop
      vertex 94.6793136597 13.199640274 71.224319458
      vertex 94.6793136597 15.9492149353 69.1170501709
      vertex 94.6793136597 15.3189687729 72.5577163696
    endloop
  endfacet
  facet normal 1 -1.76915875727e-06 9.94016772893e-07
    outer loop
      vertex 94.6793136597 3.13384079933 57.9721984863
      vertex 94.6793136597 5.47518825531 56.6566925049
      vertex 94.6793136597 4.71291589737 60.0069160461
    endloop
  endfacet
  facet normal 1 0 0
    outer loop
      vertex 94.6793136597 10.3974657059 86.3113555908
      vertex 94.6793136597 12.4330940247 84.5452041626
      vertex 94.6793136597 13.2276096344 87.0854110718
    endloop
  endfacet
  facet normal 1 1.17504771424e-06 -2.42678879658e-06
    outer loop
      vertex 94.6793136597 2.32997393608 75.1841430664
      vertex 94.6793136597 3.36231350899 73.0520782471
      vertex 94.6793136597 4.59034109116 74.9151611328
    endloop
  endfacet
  facet normal 1 1.28085248434e-05 -1.87703903975e-06
    outer loop
      vertex 94.6793136597 9.62805843353 71.7510986328
      vertex 94.6793136597 8.75222969055 71.4758605957
      vertex 94.6793136597 9.99763202667 71.696937561
    endloop
  endfacet
  facet normal 1 0 0
    outer loop
      vertex 94.6793136597 20.2650928497 88.6010971069
      vertex 94.6793136597 18.8139247894 87.0611953735
      vertex 94.6793136597 21.3190364838 86.6450500488
    endloop
  endfacet
  facet normal 1 0 0
    outer loop
      vertex 94.6793136597 13.1207647324 98.8086013794
      vertex 94.6793136597 12.7076206207 98.7053604126
      vertex 94.6793136597 12.3579101562 98.5978012085
    endloop
  endfacet
  facet normal 1 7.25517884348e-06 1.24291398151e-06
    outer loop
      vertex 94.6793136597 12.2176399231 71.7686004639
      vertex 94.6793136597 13.199640274 71.224319458
      vertex 94.6793136597 12.4616603851 71.8104019165
    endloop
  endfacet
  facet normal 1 0 0
    outer loop
      vertex 94.6793136597 20.7478542328 76.320274353
      vertex 94.6793136597 19.2654151917 74.6772079468
      vertex 94.6793136597 21.6389064789 73.9359664917
    endloop
  endfacet
  facet normal 1 0 -0
    outer loop
      vertex 94.6793136597 19.2490196228 99.7103271484
      vertex 94.6793136597 19.1558742523 99.7143859863
      vertex 94.6793136597 18.2630672455 99.7081985474
    endloop
  endfacet
  facet normal 1 0 0
    outer loop
      vertex 94.6793136597 14.9497613907 99.1760406494
      vertex 94.6793136597 14.4092464447 99.0905303955
      vertex 94.6793136597 14.3318252563 99.0723571777
    endloop
  endfacet
  facet normal 1 0 0
    outer loop
      vertex 94.6793136597 33.0765304565 84.2875213623
      vertex 94.6793136597 36.6455764771 85.4670791626
      vertex 94.6793136597 33.4759750366 87.3465576172
    endloop
  endfacet
  facet normal 1 0 0
    outer loop
      vertex 94.6793136597 10.8366308212 71.1269073486
      vertex 94.6793136597 11.5961265564 68.3151397705
      vertex 94.6793136597 13.199640274 71.224319458
    endloop
  endfacet
  facet normal 1 -2.73546129392e-06 5.91742264078e-07
    outer loop
      vertex 94.6793136597 17.9092025757 54.4644584656
      vertex 94.6793136597 15.0229225159 55.0888252258
      vertex 94.6793136597 15.8664512634 53.0165901184
    endloop
  endfacet
  facet normal 1 0 0
    outer loop
      vertex 94.6793136597 4.84719228745 74.9598770142
      vertex 94.6793136597 4.59034109116 74.9151611328
      vertex 94.6793136597 4.85103178024 74.9485473633
    endloop
  endfacet
  facet normal 1 6.9550360422e-06 1.48127844568e-06
    outer loop
      vertex 94.6793136597 12.4616603851 71.8104019165
      vertex 94.6793136597 13.199640274 71.224319458
      vertex 94.6793136597 12.6787843704 71.8566436768
    endloop
  endfacet
  facet normal 1 0 -0
    outer loop
      vertex 94.6793136597 20.7000541687 90.7655487061
      vertex 94.6793136597 18.5350875854 92.7166976929
      vertex 94.6793136597 17.7788791656 89.7681427002
    endloop
  endfacet
  facet normal 1 0 -0
    outer loop
      vertex 94.6793136597 19.1558742523 99.7143859863
      vertex 94.6793136597 18.7079162598 99.7245635986
      vertex 94.6793136597 18.2630672455 99.7081985474
    endloop
  endfacet
  facet normal 1 0 0
    outer loop
      vertex 94.6793136597 22.0107383728 80.3917388916
      vertex 94.6793136597 24.8773956299 79.5653839111
      vertex 94.6793136597 23.801864624 82.7880172729
    endloop
  endfacet
  facet normal 1 0 0
    outer loop
      vertex 94.6793136597 19.2490196228 99.7103271484
      vertex 94.6793136597 18.2630672455 99.7081985474
      vertex 94.6793136597 17.7084980011 99.6639328003
    endloop
  endfacet
  facet normal 1 0 0
    outer loop
      vertex 94.6793136597 20.0974082947 99.6942596436
      vertex 94.6793136597 19.6931972504 99.7152252197
      vertex 94.6793136597 19.2490196228 99.7103271484
    endloop
  endfacet
  facet normal 1 1.28904057419e-05 6.54686846246e-06
    outer loop
      vertex 94.6793136597 14.4056825638 72.4948959351
      vertex 94.6793136597 15.3189687729 72.5577163696
      vertex 94.6793136597 14.5623207092 72.5744476318
    endloop
  endfacet
  facet normal 1 0 0
    outer loop
      vertex 94.6793136597 21.1065196991 99.6039810181
      vertex 94.6793136597 20.9277019501 99.6249237061
      vertex 94.6793136597 20.8597774506 99.6308898926
    endloop
  endfacet
  facet normal 1 6.70251438351e-06 1.78784205218e-06
    outer loop
      vertex 94.6793136597 12.6787843704 71.8566436768
      vertex 94.6793136597 13.199640274 71.224319458
      vertex 94.6793136597 13.0199460983 71.9476470947
    endloop
  endfacet
  facet normal 1 0 -0
    outer loop
      vertex 94.6793136597 1.70842719078 86.0112457275
      vertex 94.6793136597 -0.630493342876 86.4232025146
      vertex 94.6793136597 0.91743761301 83.8307113647
    endloop
  endfacet
  facet normal 1 0 0
    outer loop
      vertex 94.6793136597 4.85103178024 74.9485473633
      vertex 94.6793136597 4.59034109116 74.9151611328
      vertex 94.6793136597 4.93150424957 74.7457122803
    endloop
  endfacet
  facet normal 1 0 0
    outer loop
      vertex 94.6793136597 18.5350875854 92.7166976929
      vertex 94.6793136597 20.7000541687 90.7655487061
      vertex 94.6793136597 21.3879127502 93.568901062
    endloop
  endfacet
  facet normal 1 -3.4689999211e-06 -6.34355956208e-07
    outer loop
      vertex 94.6793136597 20.8080692291 54.2073631287
      vertex 94.6793136597 21.8110084534 52.900604248
      vertex 94.6793136597 23.1345291138 53.1426277161
    endloop
  endfacet
  facet normal 1 0 -0
    outer loop
      vertex 94.6793136597 24.6371326447 98.8746490479
      vertex 94.6793136597 24.2962245941 98.961730957
      vertex 94.6793136597 25.5579395294 98.5770874023
    endloop
  endfacet
  facet normal 1 0 -0
    outer loop
      vertex 94.6793136597 36.4187469482 90.620010376
      vertex 94.6793136597 35.5276947021 91.6903991699
      vertex 94.6793136597 36.7261009216 90.1936264038
    endloop
  endfacet
  facet normal 1 -1.25820349695e-07 -2.04061893783e-06
    outer loop
      vertex 94.6793136597 41.0719871521 73.4138565063
      vertex 94.6793136597 41.1976852417 75.4524993896
      vertex 94.6793136597 38.6975898743 75.9899368286
    endloop
  endfacet
  facet normal 1 1.04764749267e-05 -9.56529561336e-07
    outer loop
      vertex 94.6793136597 10.2152004242 71.6770706177
      vertex 94.6793136597 9.99763202667 71.696937561
      vertex 94.6793136597 10.8366308212 71.1269073486
    endloop
  endfacet
  facet normal 1 0 -0
    outer loop
      vertex 94.6793136597 -0.630493342876 86.4232025146
      vertex 94.6793136597 -2.94540095329 88.4082260132
      vertex 94.6793136597 -3.59471225739 85.7320556641
    endloop
  endfacet
  facet normal 1 2.5988941843e-07 -1.83158397249e-06
    outer loop
      vertex 94.6793136597 41.1225738525 78.1654052734
      vertex 94.6793136597 40.7773971558 80.5980529785
      vertex 94.6793136597 38.1750602722 79.0475006104
    endloop
  endfacet
  facet normal 1 0 0
    outer loop
      vertex 94.6793136597 26.1665496826 71.5242233276
      vertex 94.6793136597 23.6536197662 70.1535797119
      vertex 94.6793136597 25.3541927338 68.6404190063
    endloop
  endfacet
  facet normal 1 1.23131087548e-06 -1.7975055016e-05
    outer loop
      vertex 94.6793136597 4.61855268478 76.0611953735
      vertex 94.6793136597 4.29281759262 76.6181106567
      vertex 94.6793136597 4.62082958221 76.0279541016
    endloop
  endfacet
  facet normal 1 -0 0
    outer loop
      vertex 94.6793136597 -1.97242641449 78.4439468384
      vertex 94.6793136597 0.122122637928 80.9429397583
      vertex 94.6793136597 -2.40833854675 81.2032012939
    endloop
  endfacet
  facet normal 1 0 0
    outer loop
      vertex 94.6793136597 10.2738647461 60.9385147095
      vertex 94.6793136597 7.82896614075 60.4563217163
      vertex 94.6793136597 9.52470302582 58.3689842224
    endloop
  endfacet
  facet normal 1 0 0
    outer loop
      vertex 94.6793136597 2.32997393608 75.1841430664
      vertex 94.6793136597 0.805934369564 72.9443511963
      vertex 94.6793136597 3.36231350899 73.0520782471
    endloop
  endfacet
  facet normal 1 0 0
    outer loop
      vertex 94.6793136597 26.1665496826 71.5242233276
      vertex 94.6793136597 29.3591556549 71.0239868164
      vertex 94.6793136597 28.4405651093 74.1860961914
    endloop
  endfacet
  facet normal 1 6.63334049023e-06 2.06628760679e-06
    outer loop
      vertex 94.6793136597 13.0199460983 71.9476470947
      vertex 94.6793136597 13.199640274 71.224319458
      vertex 94.6793136597 13.1325407028 71.9827194214
    endloop
  endfacet
  facet normal 1 0 0
    outer loop
      vertex 94.6793136597 32.3245658875 71.880241394
      vertex 94.6793136597 31.4148731232 74.7563323975
      vertex 94.6793136597 30.3370056152 72.9623184204
    endloop
  endfacet
  facet normal 1 -0 0
    outer loop
      vertex 94.6793136597 34.5483016968 73.6912460327
      vertex 94.6793136597 36.002658844 75.3327102661
      vertex 94.6793136597 33.6983680725 76.2482147217
    endloop
  endfacet
  facet normal 1 0 -0
    outer loop
      vertex 94.6793136597 24.8773956299 79.5653839111
      vertex 94.6793136597 22.0107383728 80.3917388916
      vertex 94.6793136597 22.7033977509 78.0000534058
    endloop
  endfacet
  facet normal 1 1.32994273372e-06 -1.66105587596e-06
    outer loop
      vertex 94.6793136597 33.2809257507 90.6096343994
      vertex 94.6793136597 36.7261009216 90.1936264038
      vertex 94.6793136597 35.5276947021 91.6903991699
    endloop
  endfacet
  facet normal 1 0 0
    outer loop
      vertex 94.6793136597 36.7261009216 90.1936264038
      vertex 94.6793136597 38.7385978699 86.7904434204
      vertex 94.6793136597 37.7548980713 88.5306777954
    endloop
  endfacet
  facet normal 1 0 0
    outer loop
      vertex 94.6793136597 25.9833679199 84.3911132812
      vertex 94.6793136597 26.5751018524 81.6489105225
      vertex 94.6793136597 28.3465976715 83.416847229
    endloop
  endfacet
  facet normal 1 1.69323857335e-06 6.52969617931e-07
    outer loop
      vertex 94.6793136597 22.3017463684 99.4289169312
      vertex 94.6793136597 21.9962654114 96.2581634521
      vertex 94.6793136597 24.0854110718 97.0638046265
    endloop
  endfacet
  facet normal 1 0 0
    outer loop
      vertex 94.6793136597 14.3747854233 58.2899513245
      vertex 94.6793136597 11.8933439255 55.9515151978
      vertex 94.6793136597 15.0229225159 55.0888252258
    endloop
  endfacet
  facet normal 1 0 0
    outer loop
      vertex 94.6793136597 25.0172634125 59.4587020874
      vertex 94.6793136597 27.2558288574 58.0458106995
      vertex 94.6793136597 28.1106987 60.1655273438
    endloop
  endfacet
  facet normal 1 0 0
    outer loop
      vertex 94.6793136597 25.5642967224 87.7497558594
      vertex 94.6793136597 23.5793781281 85.8288269043
      vertex 94.6793136597 25.9833679199 84.3911132812
    endloop
  endfacet
  facet normal 1 -0 0
    outer loop
      vertex 94.6793136597 28.4405651093 74.1860961914
      vertex 94.6793136597 29.3157958984 76.7337036133
      vertex 94.6793136597 27.0778427124 77.3628387451
    endloop
  endfacet
  facet normal 1 -0 0
    outer loop
      vertex 94.6793136597 31.5719718933 69.568862915
      vertex 94.6793136597 32.3245658875 71.880241394
      vertex 94.6793136597 29.3591556549 71.0239868164
    endloop
  endfacet
  facet normal 1 0 0
    outer loop
      vertex 94.6793136597 16.7358951569 75.2481384277
      vertex 94.6793136597 16.612701416 74.8746871948
      vertex 94.6793136597 16.9626235962 74.3261489868
    endloop
  endfacet
  facet normal 1 0 0
    outer loop
      vertex 94.6793136597 10.4946546555 93.1437301636
      vertex 94.6793136597 8.45850849152 91.5453948975
      vertex 94.6793136597 11.1681680679 89.7151260376
    endloop
  endfacet
  facet normal 1 0 0
    outer loop
      vertex 94.6793136597 4.58479309082 95.2742843628
      vertex 94.6793136597 4.2834610939 95.0956573486
      vertex 94.6793136597 6.68154764175 96.3143157959
    endloop
  endfacet
  facet normal 1 0 0
    outer loop
      vertex 94.6793136597 7.91997814178 88.0250320435
      vertex 94.6793136597 10.3974657059 86.3113555908
      vertex 94.6793136597 11.1681680679 89.7151260376
    endloop
  endfacet
  facet normal 1 0 0
    outer loop
      vertex 94.6793136597 31.5719718933 69.568862915
      vertex 94.6793136597 29.6232395172 68.2129974365
      vertex 94.6793136597 32.6392364502 67.1770935059
    endloop
  endfacet
  facet normal 1 0 0
    outer loop
      vertex 94.6793136597 8.75222969055 71.4758605957
      vertex 94.6793136597 6.56865119934 69.4484176636
      vertex 94.6793136597 9.2179517746 68.8408050537
    endloop
  endfacet
  facet normal 1 0 0
    outer loop
      vertex 94.6793136597 32.527141571 64.422492981
      vertex 94.6793136597 35.574848175 64.8921051025
      vertex 94.6793136597 32.6392364502 67.1770935059
    endloop
  endfacet
  facet normal 1 1.46779029819e-05 -6.20372520643e-06
    outer loop
      vertex 94.6793136597 6.86762857437 72.2723999023
      vertex 94.6793136597 8.75222969055 71.4758605957
      vertex 94.6793136597 8.02046775818 72.1373291016
    endloop
  endfacet
  facet normal 1 0 0
    outer loop
      vertex 94.6793136597 8.31188106537 94.9051361084
      vertex 94.6793136597 6.34339618683 93.4641571045
      vertex 94.6793136597 8.45850849152 91.5453948975
    endloop
  endfacet
  facet normal 1 -2.80747713077e-06 -4.33400282418e-06
    outer loop
      vertex 94.6793136597 5.32128334045 78.3133850098
      vertex 94.6793136597 4.26674556732 78.5267410278
      vertex 94.6793136597 5.14436388016 78.0402679443
    endloop
  endfacet
  facet normal 1 1.98011775865e-06 -1.05508672732e-06
    outer loop
      vertex 94.6793136597 27.8118972778 95.0913543701
      vertex 94.6793136597 29.5889205933 96.7551193237
      vertex 94.6793136597 27.6523990631 97.7869796753
    endloop
  endfacet
  facet normal 1 0 0
    outer loop
      vertex 94.6793136597 10.4946546555 93.1437301636
      vertex 94.6793136597 10.3310489655 96.5187988281
      vertex 94.6793136597 8.31188106537 94.9051361084
    endloop
  endfacet
  facet normal 1 0 0
    outer loop
      vertex 94.6793136597 2.27251625061 70.7939147949
      vertex 94.6793136597 0.97018456459 68.209815979
      vertex 94.6793136597 3.8001742363 68.6599121094
    endloop
  endfacet
  facet normal 1 0 0
    outer loop
      vertex 94.6793136597 19.3681583405 80.8745269775
      vertex 94.6793136597 19.914894104 78.5251464844
      vertex 94.6793136597 22.0107383728 80.3917388916
    endloop
  endfacet
  facet normal 1 0 -0
    outer loop
      vertex 94.6793136597 33.2809257507 90.6096343994
      vertex 94.6793136597 29.8551902771 92.0748443604
      vertex 94.6793136597 30.9374675751 88.7089233398
    endloop
  endfacet
  facet normal 1 0 0
    outer loop
      vertex 94.6793136597 19.914894104 78.5251464844
      vertex 94.6793136597 17.7071437836 76.4904937744
      vertex 94.6793136597 20.7478542328 76.320274353
    endloop
  endfacet
  facet normal 1 -0 0
    outer loop
      vertex 94.6793136597 5.71931171417 82.9981231689
      vertex 94.6793136597 7.96488952637 84.7205429077
      vertex 94.6793136597 5.69445371628 85.9740219116
    endloop
  endfacet
  facet normal 1 1.20337590488e-05 -2.01457260118e-06
    outer loop
      vertex 94.6793136597 8.75222969055 71.4758605957
      vertex 94.6793136597 10.8366308212 71.1269073486
      vertex 94.6793136597 9.99763202667 71.696937561
    endloop
  endfacet
  facet normal 1 0 0
    outer loop
      vertex 94.6793136597 6.11372470856 90.6473693848
      vertex 94.6793136597 3.24609184265 89.818862915
      vertex 94.6793136597 5.47650003433 88.2644195557
    endloop
  endfacet
  facet normal 1 -2.74661965705e-06 -1.48606404764e-05
    outer loop
      vertex 94.6793136597 4.69719219208 76.9239044189
      vertex 94.6793136597 4.29281759262 76.6181106567
      vertex 94.6793136597 4.64968252182 76.666847229
    endloop
  endfacet
  facet normal 1 -0 0
    outer loop
      vertex 94.6793136597 23.2537593842 62.7115707397
      vertex 94.6793136597 25.3326854706 64.5070114136
      vertex 94.6793136597 23.1794605255 65.6863174438
    endloop
  endfacet
  facet normal 1 -2.64265145233e-06 -2.26907263823e-06
    outer loop
      vertex 94.6793136597 32.80078125 57.9370002747
      vertex 94.6793136597 33.6871681213 58.6980819702
      vertex 94.6793136597 32.5535583496 59.6808547974
    endloop
  endfacet
  facet normal 1 0 0
    outer loop
      vertex 94.6793136597 23.5793781281 85.8288269043
      vertex 94.6793136597 22.7808895111 88.6783065796
      vertex 94.6793136597 21.3190364838 86.6450500488
    endloop
  endfacet
  facet normal 1 0 0
    outer loop
      vertex 94.6793136597 7.91997814178 88.0250320435
      vertex 94.6793136597 11.1681680679 89.7151260376
      vertex 94.6793136597 8.45850849152 91.5453948975
    endloop
  endfacet
  facet normal 1 0 -0
    outer loop
      vertex 94.6793136597 6.11372470856 90.6473693848
      vertex 94.6793136597 4.14840316772 92.9049606323
      vertex 94.6793136597 3.24609184265 89.818862915
    endloop
  endfacet
  facet normal 1 -3.13772443405e-06 1.52755433191e-06
    outer loop
      vertex 94.6793136597 8.54831027985 55.1767578125
      vertex 94.6793136597 6.98794460297 57.5838890076
      vertex 94.6793136597 6.68141460419 56.0856285095
    endloop
  endfacet
  facet normal 1 -1.58565455877e-06 1.97067265617e-06
    outer loop
      vertex 94.6793136597 -3.2690885067 63.2607765198
      vertex 94.6793136597 -2.67781639099 65.7860183716
      vertex 94.6793136597 -5.26214981079 65.73777771
    endloop
  endfacet
  facet normal 1 1.48101321429e-06 2.33980267694e-06
    outer loop
      vertex 94.6793136597 -3.59471225739 85.7320556641
      vertex 94.6793136597 -4.92982816696 87.1131820679
      vertex 94.6793136597 -6.46619796753 84.6859207153
    endloop
  endfacet
  facet normal 1 3.62473701898e-06 1.23148072362e-06
    outer loop
      vertex 94.6793136597 10.2088937759 97.9034347534
      vertex 94.6793136597 10.3310489655 96.5187988281
      vertex 94.6793136597 10.8973798752 98.1373443604
    endloop
  endfacet
  facet normal 1 0 -0
    outer loop
      vertex 94.6793136597 26.5751018524 81.6489105225
      vertex 94.6793136597 23.801864624 82.7880172729
      vertex 94.6793136597 24.8773956299 79.5653839111
    endloop
  endfacet
  facet normal 1 0 -0
    outer loop
      vertex 94.6793136597 14.7957000732 82.239616394
      vertex 94.6793136597 12.4330940247 84.5452041626
      vertex 94.6793136597 11.4601831436 81.2910461426
    endloop
  endfacet
  facet normal 1 -0 0
    outer loop
      vertex 94.6793136597 17.7071437836 76.4904937744
      vertex 94.6793136597 19.914894104 78.5251464844
      vertex 94.6793136597 17.1760082245 78.6896743774
    endloop
  endfacet
  facet normal 1 -0 0
    outer loop
      vertex 94.6793136597 21.3879127502 93.568901062
      vertex 94.6793136597 21.9962654114 96.2581634521
      vertex 94.6793136597 19.5358638763 95.4499740601
    endloop
  endfacet
  facet normal 1 2.77604954135e-06 -4.98060785503e-07
    outer loop
      vertex 94.6793136597 16.4257450104 99.4932785034
      vertex 94.6793136597 15.7481269836 97.7527236938
      vertex 94.6793136597 17.9729919434 97.353553772
    endloop
  endfacet
  facet normal 1 0 -0
    outer loop
      vertex 94.6793136597 22.7808895111 88.6783065796
      vertex 94.6793136597 20.7000541687 90.7655487061
      vertex 94.6793136597 20.2650928497 88.6010971069
    endloop
  endfacet
  facet normal 1 0 0
    outer loop
      vertex 94.6793136597 -5.11374521255 68.4036712646
      vertex 94.6793136597 -2.67781639099 65.7860183716
      vertex 94.6793136597 -1.613910079 68.3199157715
    endloop
  endfacet
  facet normal 1 -2.57310034613e-06 7.09292010015e-07
    outer loop
      vertex 94.6793136597 13.5370721817 53.4894065857
      vertex 94.6793136597 15.0229225159 55.0888252258
      vertex 94.6793136597 11.8933439255 55.9515151978
    endloop
  endfacet
  facet normal 1 2.00614704227e-06 -1.49500033331e-06
    outer loop
      vertex 94.6793136597 27.6523990631 97.7869796753
      vertex 94.6793136597 25.8011932373 96.5897521973
      vertex 94.6793136597 27.8118972778 95.0913543701
    endloop
  endfacet
  facet normal 1 0 -0
    outer loop
      vertex 94.6793136597 3.60827708244 87.0865478516
      vertex 94.6793136597 1.58179831505 87.7943649292
      vertex 94.6793136597 1.70842719078 86.0112457275
    endloop
  endfacet
  facet normal 1 -0 0
    outer loop
      vertex 94.6793136597 28.1106987 60.1655273438
      vertex 94.6793136597 30.7171363831 62.0001678467
      vertex 94.6793136597 27.9429035187 63.399559021
    endloop
  endfacet
  facet normal 1 0 0
    outer loop
      vertex 94.6793136597 27.3749370575 66.4931259155
      vertex 94.6793136597 30.1823768616 65.1895599365
      vertex 94.6793136597 29.6232395172 68.2129974365
    endloop
  endfacet
  facet normal 1 -0 0
    outer loop
      vertex 94.6793136597 23.1794605255 65.6863174438
      vertex 94.6793136597 23.3411159515 67.9428253174
      vertex 94.6793136597 21.3446960449 67.208984375
    endloop
  endfacet
  facet normal 1 1.11729559649e-05 6.58484896121e-06
    outer loop
      vertex 94.6793136597 14.5623207092 72.5744476318
      vertex 94.6793136597 15.3189687729 72.5577163696
      vertex 94.6793136597 14.7997379303 72.7143707275
    endloop
  endfacet
  facet normal 1 0 0
    outer loop
      vertex 94.6793136597 -1.64872443676 83.5322113037
      vertex 94.6793136597 -4.45283889771 82.8258132935
      vertex 94.6793136597 -2.40833854675 81.2032012939
    endloop
  endfacet
  facet normal 1 -0 0
    outer loop
      vertex 94.6793136597 18.5350875854 92.7166976929
      vertex 94.6793136597 19.5358638763 95.4499740601
      vertex 94.6793136597 16.3964099884 95.0010910034
    endloop
  endfacet
  facet normal 1 0 0
    outer loop
      vertex 94.6793136597 4.26674556732 78.5267410278
      vertex 94.6793136597 1.40078902245 77.9370040894
      vertex 94.6793136597 4.29281759262 76.6181106567
    endloop
  endfacet
  facet normal 1 1.04689743239e-05 6.79724553265e-06
    outer loop
      vertex 94.6793136597 14.7997379303 72.7143707275
      vertex 94.6793136597 15.3189687729 72.5577163696
      vertex 94.6793136597 15.0186462402 72.8565063477
    endloop
  endfacet
  facet normal 1 -3.16828663927e-06 1.37817266932e-06
    outer loop
      vertex 94.6793136597 6.48869657516 56.1694602966
      vertex 94.6793136597 6.68141460419 56.0856285095
      vertex 94.6793136597 6.98794460297 57.5838890076
    endloop
  endfacet
  facet normal 1 1.63857930602e-06 6.9459417773e-07
    outer loop
      vertex 94.6793136597 19.4676971436 72.2332611084
      vertex 94.6793136597 16.9626235962 74.3261489868
      vertex 94.6793136597 17.4784832001 71.3900299072
    endloop
  endfacet
  facet normal 1 0 0
    outer loop
      vertex 94.6793136597 23.6580600739 72.5791931152
      vertex 94.6793136597 25.5552062988 74.4519271851
      vertex 94.6793136597 23.8277626038 74.8817443848
    endloop
  endfacet
  facet normal 1 0 0
    outer loop
      vertex 94.6793136597 17.054189682 57.4102096558
      vertex 94.6793136597 19.9769878387 57.0183067322
      vertex 94.6793136597 18.8878669739 59.920715332
    endloop
  endfacet
  facet normal 1 0 0
    outer loop
      vertex 94.6793136597 23.1794605255 65.6863174438
      vertex 94.6793136597 20.9817180634 64.898727417
      vertex 94.6793136597 23.2537593842 62.7115707397
    endloop
  endfacet
  facet normal 1 0 0
    outer loop
      vertex 94.6793136597 3.08432745934 81.6603622437
      vertex 94.6793136597 5.71931171417 82.9981231689
      vertex 94.6793136597 3.40165543556 84.587600708
    endloop
  endfacet
  facet normal 1 0 0
    outer loop
      vertex 94.6793136597 23.6580600739 72.5791931152
      vertex 94.6793136597 21.5077075958 71.1145095825
      vertex 94.6793136597 23.6536197662 70.1535797119
    endloop
  endfacet
  facet normal 1 0 0
    outer loop
      vertex 94.6793136597 32.7220153809 94.5274276733
      vertex 94.6793136597 32.0142250061 95.136680603
      vertex 94.6793136597 31.4259681702 95.577583313
    endloop
  endfacet
  facet normal 1 0 0
    outer loop
      vertex 94.6793136597 12.5760154724 62.0066757202
      vertex 94.6793136597 10.2738647461 60.9385147095
      vertex 94.6793136597 12.0544939041 59.2692489624
    endloop
  endfacet
  facet normal 1 0 -0
    outer loop
      vertex 94.6793136597 4.93150424957 74.7457122803
      vertex 94.6793136597 4.59034109116 74.9151611328
      vertex 94.6793136597 4.94285154343 74.7191772461
    endloop
  endfacet
  facet normal 1 -9.7782492503e-07 -2.62157072939e-06
    outer loop
      vertex 94.6793136597 39.985294342 68.7138900757
      vertex 94.6793136597 38.1558303833 69.0956573486
      vertex 94.6793136597 39.1730537415 66.5362472534
    endloop
  endfacet
  facet normal 1 0 0
    outer loop
      vertex 94.6793136597 1.37223219872 62.4111251831
      vertex 94.6793136597 4.71291589737 60.0069160461
      vertex 94.6793136597 4.68192386627 63.7130737305
    endloop
  endfacet
  facet normal 1 9.61047021519e-07 -2.14930651055e-06
    outer loop
      vertex 94.6793136597 34.8257827759 92.5335693359
      vertex 94.6793136597 32.5506782532 92.2427749634
      vertex 94.6793136597 33.2809257507 90.6096343994
    endloop
  endfacet
  facet normal 1 0 0
    outer loop
      vertex 94.6793136597 33.6077766418 78.4301376343
      vertex 94.6793136597 31.5184879303 77.7917480469
      vertex 94.6793136597 33.6983680725 76.2482147217
    endloop
  endfacet
  facet normal 1 1.0260639101e-05 7.00451482771e-06
    outer loop
      vertex 94.6793136597 15.0186462402 72.8565063477
      vertex 94.6793136597 15.3189687729 72.5577163696
      vertex 94.6793136597 15.0468292236 72.8757400513
    endloop
  endfacet
  facet normal 1 0 0
    outer loop
      vertex 94.6793136597 14.7957000732 82.239616394
      vertex 94.6793136597 18.2039527893 83.0588302612
      vertex 94.6793136597 17.1730308533 85.2001647949
    endloop
  endfacet
  facet normal 1 0 0
    outer loop
      vertex 94.6793136597 3.08432745934 81.6603622437
      vertex 94.6793136597 2.0856487751 79.8446884155
      vertex 94.6793136597 4.26674556732 78.5267410278
    endloop
  endfacet
  facet normal 1 1.08275003186e-06 -6.42037605303e-07
    outer loop
      vertex 94.6793136597 36.7261009216 90.1936264038
      vertex 94.6793136597 33.4759750366 87.3465576172
      vertex 94.6793136597 36.6455764771 85.4670791626
    endloop
  endfacet
  facet normal 1 0 -0
    outer loop
      vertex 94.6793136597 2.27251625061 70.7939147949
      vertex 94.6793136597 0.805934369564 72.9443511963
      vertex 94.6793136597 -0.328386455774 70.5553894043
    endloop
  endfacet
  facet normal 1 -0 0
    outer loop
      vertex 94.6793136597 27.9429035187 63.399559021
      vertex 94.6793136597 30.1823768616 65.1895599365
      vertex 94.6793136597 27.3749370575 66.4931259155
    endloop
  endfacet
  facet normal 1 0 0
    outer loop
      vertex 94.6793136597 30.3261318207 85.7465896606
      vertex 94.6793136597 28.3465976715 83.416847229
      vertex 94.6793136597 30.9856109619 82.7789459229
    endloop
  endfacet
  facet normal 1 -5.51499340418e-07 -2.49936942964e-06
    outer loop
      vertex 94.6793136597 38.1558303833 69.0956573486
      vertex 94.6793136597 40.5665550232 70.6476364136
      vertex 94.6793136597 38.6402511597 71.2910308838
    endloop
  endfacet
  facet normal 1 -0 0
    outer loop
      vertex 94.6793136597 28.2968044281 88.383644104
      vertex 94.6793136597 29.8551902771 92.0748443604
      vertex 94.6793136597 25.9941902161 90.9558639526
    endloop
  endfacet
  facet normal 1 0 0
    outer loop
      vertex 94.6793136597 25.9833679199 84.3911132812
      vertex 94.6793136597 28.3465976715 83.416847229
      vertex 94.6793136597 27.7386569977 86.0553970337
    endloop
  endfacet
  facet normal 1 0 -0
    outer loop
      vertex 94.6793136597 21.3830337524 99.5703277588
      vertex 94.6793136597 19.2490196228 99.7103271484
      vertex 94.6793136597 22.3017463684 99.4289169312
    endloop
  endfacet
  facet normal 1 -6.06962703387e-06 -2.27963573707e-06
    outer loop
      vertex 94.6793136597 8.0935344696 80.2076721191
      vertex 94.6793136597 8.55054759979 81.2309951782
      vertex 94.6793136597 7.5978884697 80.0215148926
    endloop
  endfacet
  facet normal 1 8.87952808171e-07 -1.31088108901e-06
    outer loop
      vertex 94.6793136597 31.4259681702 95.577583313
      vertex 94.6793136597 27.8118972778 95.0913543701
      vertex 94.6793136597 29.8551902771 92.0748443604
    endloop
  endfacet
  facet normal 1 -0 0
    outer loop
      vertex 94.6793136597 7.62609100342 67.0689086914
      vertex 94.6793136597 9.2179517746 68.8408050537
      vertex 94.6793136597 6.56865119934 69.4484176636
    endloop
  endfacet
  facet normal 1 -2.995577006e-06 2.78457719105e-07
    outer loop
      vertex 94.6793136597 17.1012897491 52.8138923645
      vertex 94.6793136597 18.1344528198 52.7178535461
      vertex 94.6793136597 17.9092025757 54.4644584656
    endloop
  endfacet
  facet normal 1 0 0
    outer loop
      vertex 94.6793136597 17.3600788116 99.6282348633
      vertex 94.6793136597 16.6536808014 99.5307693481
      vertex 94.6793136597 19.2490196228 99.7103271484
    endloop
  endfacet
  facet normal 1 0 -0
    outer loop
      vertex 94.6793136597 29.3591556549 71.0239868164
      vertex 94.6793136597 26.1665496826 71.5242233276
      vertex 94.6793136597 27.4967956543 69.2186813354
    endloop
  endfacet
  facet normal 1 0 0
    outer loop
      vertex 94.6793136597 14.4733858109 98.5266723633
      vertex 94.6793136597 13.3617563248 96.812789917
      vertex 94.6793136597 15.7481269836 97.7527236938
    endloop
  endfacet
  facet normal 1 -0 0
    outer loop
      vertex 94.6793136597 16.3964099884 95.0010910034
      vertex 94.6793136597 17.9729919434 97.353553772
      vertex 94.6793136597 15.7481269836 97.7527236938
    endloop
  endfacet
  facet normal 1 -5.886175245e-07 1.88548642654e-06
    outer loop
      vertex 94.6793136597 -8.35901069641 72.8708190918
      vertex 94.6793136597 -7.25736188889 69.3419647217
      vertex 94.6793136597 -5.43658638 72.2917938232
    endloop
  endfacet
  facet normal 1 0 -0
    outer loop
      vertex 94.6793136597 10.3974657059 86.3113555908
      vertex 94.6793136597 7.91997814178 88.0250320435
      vertex 94.6793136597 7.96488952637 84.7205429077
    endloop
  endfacet
  facet normal 1 0 0
    outer loop
      vertex 94.6793136597 16.6536808014 99.5307693481
      vertex 94.6793136597 16.4257450104 99.4932785034
      vertex 94.6793136597 19.2490196228 99.7103271484
    endloop
  endfacet
  facet normal 1 -1.91507547243e-06 8.62679769398e-07
    outer loop
      vertex 94.6793136597 13.4744825363 80.1354751587
      vertex 94.6793136597 13.98716259 79.9045333862
      vertex 94.6793136597 14.7957000732 82.239616394
    endloop
  endfacet
  facet normal 1 -0 0
    outer loop
      vertex 94.6793136597 29.1027545929 79.9957427979
      vertex 94.6793136597 30.9856109619 82.7789459229
      vertex 94.6793136597 28.3465976715 83.416847229
    endloop
  endfacet
  facet normal 1 -2.6919458378e-06 -1.96661972041e-06
    outer loop
      vertex 94.6793136597 4.29281759262 76.6181106567
      vertex 94.6793136597 2.32997393608 75.1841430664
      vertex 94.6793136597 4.59034109116 74.9151611328
    endloop
  endfacet
  facet normal 1 0 0
    outer loop
      vertex 94.6793136597 2.27251625061 70.7939147949
      vertex 94.6793136597 3.8001742363 68.6599121094
      vertex 94.6793136597 4.69932508469 71.2622756958
    endloop
  endfacet
  facet normal 1 -2.63010201706e-06 -9.52904088081e-07
    outer loop
      vertex 94.6793136597 26.3211975098 54.1083488464
      vertex 94.6793136597 26.4591617584 56.1237983704
      vertex 94.6793136597 26.0078372955 53.9948196411
    endloop
  endfacet
  facet normal 1 0 0
    outer loop
      vertex 94.6793136597 4.71291589737 60.0069160461
      vertex 94.6793136597 7.82896614075 60.4563217163
      vertex 94.6793136597 6.54529809952 62.3427047729
    endloop
  endfacet
  facet normal 1 -2.64320487986e-06 -2.26516976909e-06
    outer loop
      vertex 94.6793136597 32.80078125 57.9370002747
      vertex 94.6793136597 32.5535583496 59.6808547974
      vertex 94.6793136597 32.014213562 57.262928009
    endloop
  endfacet
  facet normal 1 0 0
    outer loop
      vertex 94.6793136597 3.40165543556 84.587600708
      vertex 94.6793136597 5.69445371628 85.9740219116
      vertex 94.6793136597 3.60827708244 87.0865478516
    endloop
  endfacet
  facet normal 1 0 -0
    outer loop
      vertex 94.6793136597 8.55054759979 81.2309951782
      vertex 94.6793136597 5.71931171417 82.9981231689
      vertex 94.6793136597 6.02168750763 79.9319992065
    endloop
  endfacet
  facet normal 1 -0 0
    outer loop
      vertex 94.6793136597 3.08432745934 81.6603622437
      vertex 94.6793136597 3.40165543556 84.587600708
      vertex 94.6793136597 0.91743761301 83.8307113647
    endloop
  endfacet
  facet normal 1 0 -0
    outer loop
      vertex 94.6793136597 23.801864624 82.7880172729
      vertex 94.6793136597 20.9048271179 82.7939987183
      vertex 94.6793136597 22.0107383728 80.3917388916
    endloop
  endfacet
  facet normal 1 1.98621364689e-06 1.45395620166e-06
    outer loop
      vertex 94.6793136597 8.31188106537 94.9051361084
      vertex 94.6793136597 6.68154764175 96.3143157959
      vertex 94.6793136597 6.34339618683 93.4641571045
    endloop
  endfacet
  facet normal 1 0 0
    outer loop
      vertex 94.6793136597 15.9492149353 69.1170501709
      vertex 94.6793136597 19.3218708038 69.0615081787
      vertex 94.6793136597 17.4784832001 71.3900299072
    endloop
  endfacet
  facet normal 1 0 -0
    outer loop
      vertex 94.6793136597 20.2650928497 88.6010971069
      vertex 94.6793136597 17.7788791656 89.7681427002
      vertex 94.6793136597 18.8139247894 87.0611953735
    endloop
  endfacet
  facet normal 1 0 0
    outer loop
      vertex 94.6793136597 28.4405651093 74.1860961914
      vertex 94.6793136597 30.3370056152 72.9623184204
      vertex 94.6793136597 31.4148731232 74.7563323975
    endloop
  endfacet
  facet normal 1 0 0
    outer loop
      vertex 94.6793136597 8.31188106537 94.9051361084
      vertex 94.6793136597 8.45850849152 91.5453948975
      vertex 94.6793136597 10.4946546555 93.1437301636
    endloop
  endfacet
  facet normal 1 0 0
    outer loop
      vertex 94.6793136597 18.8878669739 59.920715332
      vertex 94.6793136597 17.558259964 62.3255119324
      vertex 94.6793136597 16.2026252747 60.0065460205
    endloop
  endfacet
  facet normal 1 0 0
    outer loop
      vertex 94.6793136597 23.2537593842 62.7115707397
      vertex 94.6793136597 25.0172634125 59.4587020874
      vertex 94.6793136597 25.9912757874 61.9698791504
    endloop
  endfacet
  facet normal 1 -6.04650097102e-07 -1.45875912949e-06
    outer loop
      vertex 94.6793136597 29.8718566895 55.807800293
      vertex 94.6793136597 27.2558288574 58.0458106995
      vertex 94.6793136597 26.4591617584 56.1237983704
    endloop
  endfacet
  facet normal 1 0 0
    outer loop
      vertex 94.6793136597 24.5683326721 94.296043396
      vertex 94.6793136597 25.9941902161 90.9558639526
      vertex 94.6793136597 26.7024974823 92.9825210571
    endloop
  endfacet
  facet normal 1 0 0
    outer loop
      vertex 94.6793136597 29.8551902771 92.0748443604
      vertex 94.6793136597 27.8118972778 95.0913543701
      vertex 94.6793136597 26.7024974823 92.9825210571
    endloop
  endfacet
  facet normal 1 9.9553471955e-06 7.36128413337e-06
    outer loop
      vertex 94.6793136597 15.0833797455 72.9027709961
      vertex 94.6793136597 15.0468292236 72.8757400513
      vertex 94.6793136597 15.3189687729 72.5577163696
    endloop
  endfacet
  facet normal 1 0 0
    outer loop
      vertex 94.6793136597 -1.613910079 68.3199157715
      vertex 94.6793136597 -2.75610256195 70.552986145
      vertex 94.6793136597 -5.11374521255 68.4036712646
    endloop
  endfacet
  facet normal 1 0 -0
    outer loop
      vertex 94.6793136597 9.79384326935 65.7119445801
      vertex 94.6793136597 7.62609100342 67.0689086914
      vertex 94.6793136597 7.12998390198 64.6423721313
    endloop
  endfacet
  facet normal 1 -8.5638012024e-06 2.16878879655e-06
    outer loop
      vertex 94.6793136597 12.3634653091 80.458656311
      vertex 94.6793136597 12.6369447708 80.3894042969
      vertex 94.6793136597 11.4601831436 81.2910461426
    endloop
  endfacet
  facet normal 1 2.506474857e-06 6.92611990871e-07
    outer loop
      vertex 94.6793136597 12.3579101562 98.5978012085
      vertex 94.6793136597 13.3617563248 96.812789917
      vertex 94.6793136597 13.1207647324 98.8086013794
    endloop
  endfacet
  facet normal 1 -1.7904797005e-06 2.66930464932e-06
    outer loop
      vertex 94.6793136597 -5.26214981079 65.73777771
      vertex 94.6793136597 -5.11374521255 68.4036712646
      vertex 94.6793136597 -5.57713508606 66.2073669434
    endloop
  endfacet
  facet normal 1 8.06944228771e-07 1.82201165444e-06
    outer loop
      vertex 94.6793136597 -4.45283889771 82.8258132935
      vertex 94.6793136597 -6.46619796753 84.6859207153
      vertex 94.6793136597 -7.73695230484 81.8166656494
    endloop
  endfacet
  facet normal 1 0 0
    outer loop
      vertex 94.6793136597 25.5642967224 87.7497558594
      vertex 94.6793136597 25.9833679199 84.3911132812
      vertex 94.6793136597 27.7386569977 86.0553970337
    endloop
  endfacet
  facet normal 1 0 0
    outer loop
      vertex 94.6793136597 20.2933006287 97.7117156982
      vertex 94.6793136597 17.9729919434 97.353553772
      vertex 94.6793136597 19.5358638763 95.4499740601
    endloop
  endfacet
  facet normal 1 6.59996248942e-06 2.4435485102e-06
    outer loop
      vertex 94.6793136597 13.1325407028 71.9827194214
      vertex 94.6793136597 13.199640274 71.224319458
      vertex 94.6793136597 13.5504922867 72.1374588013
    endloop
  endfacet
  facet normal 1 -2.53875100498e-06 8.4887705043e-07
    outer loop
      vertex 94.6793136597 10.8925876617 54.2499504089
      vertex 94.6793136597 11.3644227982 54.0921821594
      vertex 94.6793136597 11.8933439255 55.9515151978
    endloop
  endfacet
  facet normal 1 0 0
    outer loop
      vertex 94.6793136597 16.1419429779 74.011756897
      vertex 94.6793136597 16.1266803741 73.9866714478
      vertex 94.6793136597 16.9626235962 74.3261489868
    endloop
  endfacet
  facet normal 1 -5.96029713051e-06 4.21836512032e-06
    outer loop
      vertex 94.6793136597 15.2190494537 79.1954345703
      vertex 94.6793136597 15.4706497192 79.8846664429
      vertex 94.6793136597 14.7847557068 79.5027999878
    endloop
  endfacet
  facet normal 1 0 0
    outer loop
      vertex 94.6793136597 2.65934276581 65.9003601074
      vertex 94.6793136597 4.68192386627 63.7130737305
      vertex 94.6793136597 5.40447235107 66.6009216309
    endloop
  endfacet
  facet normal 1 0 0
    outer loop
      vertex 94.6793136597 23.5793781281 85.8288269043
      vertex 94.6793136597 23.801864624 82.7880172729
      vertex 94.6793136597 25.9833679199 84.3911132812
    endloop
  endfacet
  facet normal 1 1.00887355075e-05 9.89367981674e-06
    outer loop
      vertex 94.6793136597 15.4828615189 73.2308273315
      vertex 94.6793136597 15.3189687729 72.5577163696
      vertex 94.6793136597 15.5667409897 73.3130874634
    endloop
  endfacet
  facet normal 1 6.75102228342e-06 2.83670237877e-06
    outer loop
      vertex 94.6793136597 13.5504922867 72.1374588013
      vertex 94.6793136597 13.199640274 71.224319458
      vertex 94.6793136597 13.5769815445 72.1485900879
    endloop
  endfacet
  facet normal 1 3.17670674121e-06 6.0998513618e-07
    outer loop
      vertex 94.6793136597 5.45231485367 73.4533996582
      vertex 94.6793136597 4.59034109116 74.9151611328
      vertex 94.6793136597 3.36231350899 73.0520782471
    endloop
  endfacet
  facet normal 1 -0 0
    outer loop
      vertex 94.6793136597 20.2650928497 88.6010971069
      vertex 94.6793136597 20.7000541687 90.7655487061
      vertex 94.6793136597 17.7788791656 89.7681427002
    endloop
  endfacet
  facet normal 1 -2.97191900245e-06 9.50128153931e-08
    outer loop
      vertex 94.6793136597 19.1610450745 52.6850318909
      vertex 94.6793136597 17.9092025757 54.4644584656
      vertex 94.6793136597 18.1344528198 52.7178535461
    endloop
  endfacet
  facet normal 1 0 0
    outer loop
      vertex 94.6793136597 17.9729919434 97.353553772
      vertex 94.6793136597 16.3964099884 95.0010910034
      vertex 94.6793136597 19.5358638763 95.4499740601
    endloop
  endfacet
  facet normal 1 0 0
    outer loop
      vertex 94.6793136597 18.8878669739 59.920715332
      vertex 94.6793136597 21.6639347076 59.6633262634
      vertex 94.6793136597 20.2151565552 62.3555335999
    endloop
  endfacet
  facet normal 1 0 0
    outer loop
      vertex 94.6793136597 31.5719718933 69.568862915
      vertex 94.6793136597 32.6392364502 67.1770935059
      vertex 94.6793136597 33.6160087585 69.5563278198
    endloop
  endfacet
  facet normal 1 0 0
    outer loop
      vertex 94.6793136597 -5.43658638 72.2917938232
      vertex 94.6793136597 -5.11374521255 68.4036712646
      vertex 94.6793136597 -2.75610256195 70.552986145
    endloop
  endfacet
  facet normal 1 0 0
    outer loop
      vertex 94.6793136597 19.9769878387 57.0183067322
      vertex 94.6793136597 23.2302303314 56.3479118347
      vertex 94.6793136597 21.6639347076 59.6633262634
    endloop
  endfacet
  facet normal 1 9.28149256652e-06 3.82622260986e-07
    outer loop
      vertex 94.6793136597 10.8366308212 71.1269073486
      vertex 94.6793136597 13.199640274 71.224319458
      vertex 94.6793136597 11.8700809479 71.7264633179
    endloop
  endfacet
  facet normal 1 0 0
    outer loop
      vertex 94.6793136597 15.4706497192 79.8846664429
      vertex 94.6793136597 17.1760082245 78.6896743774
      vertex 94.6793136597 17.1780433655 81.1601333618
    endloop
  endfacet
  facet normal 1 0 0
    outer loop
      vertex 94.6793136597 34.5483016968 73.6912460327
      vertex 94.6793136597 37.9369735718 73.3467102051
      vertex 94.6793136597 36.002658844 75.3327102661
    endloop
  endfacet
  facet normal 1 -0 0
    outer loop
      vertex 94.6793136597 17.558259964 62.3255119324
      vertex 94.6793136597 18.7556838989 64.5841598511
      vertex 94.6793136597 16.1904373169 64.6222305298
    endloop
  endfacet
  facet normal 1 0 0
    outer loop
      vertex 94.6793136597 34.6216888428 82.4974517822
      vertex 94.6793136597 33.0765304565 84.2875213623
      vertex 94.6793136597 32.7360267639 82.5484924316
    endloop
  endfacet
  facet normal 1 0 0
    outer loop
      vertex 94.6793136597 31.5719718933 69.568862915
      vertex 94.6793136597 33.6160087585 69.5563278198
      vertex 94.6793136597 32.3245658875 71.880241394
    endloop
  endfacet
  facet normal 1 -6.81719620843e-06 3.74129740521e-06
    outer loop
      vertex 94.6793136597 14.7847557068 79.5027999878
      vertex 94.6793136597 15.4706497192 79.8846664429
      vertex 94.6793136597 14.307718277 79.7646026611
    endloop
  endfacet
  facet normal 1 0 -0
    outer loop
      vertex 94.6793136597 11.5961265564 68.3151397705
      vertex 94.6793136597 9.2179517746 68.8408050537
      vertex 94.6793136597 9.79384326935 65.7119445801
    endloop
  endfacet
  facet normal 1 0 0
    outer loop
      vertex 94.6793136597 29.3591556549 71.0239868164
      vertex 94.6793136597 27.4967956543 69.2186813354
      vertex 94.6793136597 29.6232395172 68.2129974365
    endloop
  endfacet
  facet normal 1 9.78984007816e-06 7.60369175623e-06
    outer loop
      vertex 94.6793136597 15.2268199921 73.014175415
      vertex 94.6793136597 15.0833797455 72.9027709961
      vertex 94.6793136597 15.3189687729 72.5577163696
    endloop
  endfacet
  facet normal 1 -7.20340904081e-06 5.36637003279e-07
    outer loop
      vertex 94.6793136597 10.7752180099 80.6244506836
      vertex 94.6793136597 11.2820882797 80.5866851807
      vertex 94.6793136597 11.4601831436 81.2910461426
    endloop
  endfacet
  facet normal 1 0 0
    outer loop
      vertex 94.6793136597 33.0765304565 84.2875213623
      vertex 94.6793136597 34.6216888428 82.4974517822
      vertex 94.6793136597 36.6455764771 85.4670791626
    endloop
  endfacet
  facet normal 1 2.27327041102e-06 1.41621981697e-07
    outer loop
      vertex 94.6793136597 29.8551902771 92.0748443604
      vertex 94.6793136597 32.5506782532 92.2427749634
      vertex 94.6793136597 32.7220153809 94.5274276733
    endloop
  endfacet
  facet normal 1 0 0
    outer loop
      vertex 94.6793136597 25.9912757874 61.9698791504
      vertex 94.6793136597 28.1106987 60.1655273438
      vertex 94.6793136597 27.9429035187 63.399559021
    endloop
  endfacet
  facet normal 1 0 0
    outer loop
      vertex 94.6793136597 26.5751018524 81.6489105225
      vertex 94.6793136597 26.8957691193 79.6114273071
      vertex 94.6793136597 29.1027545929 79.9957427979
    endloop
  endfacet
  facet normal 1 0 0
    outer loop
      vertex 94.6793136597 18.2039527893 83.0588302612
      vertex 94.6793136597 19.3681583405 80.8745269775
      vertex 94.6793136597 20.9048271179 82.7939987183
    endloop
  endfacet
  facet normal 1 0 0
    outer loop
      vertex 94.6793136597 19.4969539642 66.5189590454
      vertex 94.6793136597 18.7556838989 64.5841598511
      vertex 94.6793136597 20.9817180634 64.898727417
    endloop
  endfacet
  facet normal 1 1.06306231373e-06 -1.79766516339e-06
    outer loop
      vertex 94.6793136597 36.7261009216 90.1936264038
      vertex 94.6793136597 36.6455764771 85.4670791626
      vertex 94.6793136597 38.7385978699 86.7904434204
    endloop
  endfacet
  facet normal 1 -0 0
    outer loop
      vertex 94.6793136597 27.3749370575 66.4931259155
      vertex 94.6793136597 27.4967956543 69.2186813354
      vertex 94.6793136597 25.3541927338 68.6404190063
    endloop
  endfacet
  facet normal 1 -2.46487525146e-06 9.74486511041e-07
    outer loop
      vertex 94.6793136597 10.8925876617 54.2499504089
      vertex 94.6793136597 11.8933439255 55.9515151978
      vertex 94.6793136597 8.54831027985 55.1767578125
    endloop
  endfacet
  facet normal 1 1.57883823704e-06 2.23860683946e-06
    outer loop
      vertex 94.6793136597 -4.92982816696 87.1131820679
      vertex 94.6793136597 -3.59471225739 85.7320556641
      vertex 94.6793136597 -4.72892045975 87.3980407715
    endloop
  endfacet
  facet normal 1 -0 0
    outer loop
      vertex 94.6793136597 33.0765304565 84.2875213623
      vertex 94.6793136597 33.4759750366 87.3465576172
      vertex 94.6793136597 30.3261318207 85.7465896606
    endloop
  endfacet
  facet normal 1 0 0
    outer loop
      vertex 94.6793136597 38.1558303833 69.0956573486
      vertex 94.6793136597 35.4848823547 68.1934814453
      vertex 94.6793136597 37.3607597351 66.9215545654
    endloop
  endfacet
  facet normal 1 -1.78868071998e-06 -5.53575205231e-07
    outer loop
      vertex 94.6793136597 6.98794460297 57.5838890076
      vertex 94.6793136597 8.54831027985 55.1767578125
      vertex 94.6793136597 9.52470302582 58.3689842224
    endloop
  endfacet
  facet normal 1 5.75911869305e-08 -2.08004667002e-06
    outer loop
      vertex 94.6793136597 41.1225738525 78.1654052734
      vertex 94.6793136597 38.6975898743 75.9899368286
      vertex 94.6793136597 41.1976852417 75.4524993896
    endloop
  endfacet
  facet normal 1 -0 0
    outer loop
      vertex 94.6793136597 0.805934369564 72.9443511963
      vertex 94.6793136597 2.32997393608 75.1841430664
      vertex 94.6793136597 -0.457787364721 75.4906005859
    endloop
  endfacet
  facet normal 1 7.7931845226e-06 9.44722785334e-07
    outer loop
      vertex 94.6793136597 12.2176399231 71.7686004639
      vertex 94.6793136597 11.8700809479 71.7264633179
      vertex 94.6793136597 13.199640274 71.224319458
    endloop
  endfacet
  facet normal 1 -6.28004681857e-06 -6.73256909067e-06
    outer loop
      vertex 94.6793136597 5.7758026123 78.8452606201
      vertex 94.6793136597 6.02168750763 79.9319992065
      vertex 94.6793136597 5.53137159348 78.5832138062
    endloop
  endfacet
  facet normal 1 0 0
    outer loop
      vertex 94.6793136597 7.12998390198 64.6423721313
      vertex 94.6793136597 8.79302120209 62.8096733093
      vertex 94.6793136597 9.79384326935 65.7119445801
    endloop
  endfacet
  facet normal 1 1.02153217085e-05 -7.25326003703e-07
    outer loop
      vertex 94.6793136597 10.4103746414 71.6632156372
      vertex 94.6793136597 10.2152004242 71.6770706177
      vertex 94.6793136597 10.8366308212 71.1269073486
    endloop
  endfacet
  facet normal 1 -0 0
    outer loop
      vertex 94.6793136597 26.1665496826 71.5242233276
      vertex 94.6793136597 28.4405651093 74.1860961914
      vertex 94.6793136597 25.5552062988 74.4519271851
    endloop
  endfacet
  facet normal 1 0 0
    outer loop
      vertex 94.6793136597 4.68192386627 63.7130737305
      vertex 94.6793136597 6.54529809952 62.3427047729
      vertex 94.6793136597 7.12998390198 64.6423721313
    endloop
  endfacet
  facet normal 1 0 0
    outer loop
      vertex 94.6793136597 5.47650003433 88.2644195557
      vertex 94.6793136597 7.91997814178 88.0250320435
      vertex 94.6793136597 6.11372470856 90.6473693848
    endloop
  endfacet
  facet normal 1 0 0
    outer loop
      vertex 94.6793136597 30.3261318207 85.7465896606
      vertex 94.6793136597 28.2968044281 88.383644104
      vertex 94.6793136597 27.7386569977 86.0553970337
    endloop
  endfacet
  facet normal 1 -2.16701778299e-06 2.08844153349e-06
    outer loop
      vertex 94.6793136597 -3.2690885067 63.2607765198
      vertex 94.6793136597 -1.36469221115 61.4254341125
      vertex 94.6793136597 -1.34496974945 63.7919006348
    endloop
  endfacet
  facet normal 1 0 0
    outer loop
      vertex 94.6793136597 25.3541927338 68.6404190063
      vertex 94.6793136597 27.4967956543 69.2186813354
      vertex 94.6793136597 26.1665496826 71.5242233276
    endloop
  endfacet
  facet normal 1 -6.2388007791e-06 -8.0986347939e-07
    outer loop
      vertex 94.6793136597 9.1409072876 80.4790420532
      vertex 94.6793136597 9.70718383789 80.5525512695
      vertex 94.6793136597 8.55054759979 81.2309951782
    endloop
  endfacet
  facet normal 1 0 0
    outer loop
      vertex 94.6793136597 30.7171363831 62.0001678467
      vertex 94.6793136597 30.5219078064 59.0073280334
      vertex 94.6793136597 32.5535583496 59.6808547974
    endloop
  endfacet
  facet normal 1 0 0
    outer loop
      vertex 94.6793136597 -1.613910079 68.3199157715
      vertex 94.6793136597 -0.0969577506185 65.740776062
      vertex 94.6793136597 0.97018456459 68.209815979
    endloop
  endfacet
  facet normal 1 0 0
    outer loop
      vertex 94.6793136597 5.69445371628 85.9740219116
      vertex 94.6793136597 7.96488952637 84.7205429077
      vertex 94.6793136597 7.91997814178 88.0250320435
    endloop
  endfacet
  facet normal 1 1.04980108517e-05 1.11414210551e-05
    outer loop
      vertex 94.6793136597 15.5667409897 73.3130874634
      vertex 94.6793136597 15.3189687729 72.5577163696
      vertex 94.6793136597 15.8309898376 73.5935287476
    endloop
  endfacet
  facet normal 1 -4.77434070945e-07 -1.65913866113e-06
    outer loop
      vertex 94.6793136597 41.0719871521 73.4138565063
      vertex 94.6793136597 38.6975898743 75.9899368286
      vertex 94.6793136597 37.9369735718 73.3467102051
    endloop
  endfacet
  facet normal 1 0 0
    outer loop
      vertex 94.6793136597 13.2276096344 87.0854110718
      vertex 94.6793136597 14.8128480911 85.380317688
      vertex 94.6793136597 16.0924987793 87.4195709229
    endloop
  endfacet
  facet normal 1 0 0
    outer loop
      vertex 94.6793136597 4.68192386627 63.7130737305
      vertex 94.6793136597 4.71291589737 60.0069160461
      vertex 94.6793136597 6.54529809952 62.3427047729
    endloop
  endfacet
  facet normal 1 0 0
    outer loop
      vertex 94.6793136597 0.805934369564 72.9443511963
      vertex 94.6793136597 -0.457787364721 75.4906005859
      vertex 94.6793136597 -1.90510046482 72.9707946777
    endloop
  endfacet
  facet normal 1 1.93008054339e-06 9.80830009212e-07
    outer loop
      vertex 94.6793136597 6.68154764175 96.3143157959
      vertex 94.6793136597 4.2834610939 95.0956573486
      vertex 94.6793136597 6.34339618683 93.4641571045
    endloop
  endfacet
  facet normal 1 1.12360976345e-06 3.59819591722e-06
    outer loop
      vertex 94.6793136597 -7.82824087143 75.0958328247
      vertex 94.6793136597 -6.99855089188 77.7527923584
      vertex 94.6793136597 -8.67456245422 76.986289978
    endloop
  endfacet
  facet normal 1 -0 0
    outer loop
      vertex 94.6793136597 27.0778427124 77.3628387451
      vertex 94.6793136597 29.1027545929 79.9957427979
      vertex 94.6793136597 26.8957691193 79.6114273071
    endloop
  endfacet
  facet normal 1 0 0
    outer loop
      vertex 94.6793136597 5.40447235107 66.6009216309
      vertex 94.6793136597 7.12998390198 64.6423721313
      vertex 94.6793136597 7.62609100342 67.0689086914
    endloop
  endfacet
  facet normal 1 0 0
    outer loop
      vertex 94.6793136597 3.13384079933 57.9721984863
      vertex 94.6793136597 3.51002812386 57.7407875061
      vertex 94.6793136597 5.47518825531 56.6566925049
    endloop
  endfacet
  facet normal 1 0 0
    outer loop
      vertex 94.6793136597 8.75222969055 71.4758605957
      vertex 94.6793136597 9.2179517746 68.8408050537
      vertex 94.6793136597 10.8366308212 71.1269073486
    endloop
  endfacet
  facet normal 1 -0 0
    outer loop
      vertex 94.6793136597 -1.613910079 68.3199157715
      vertex 94.6793136597 -0.328386455774 70.5553894043
      vertex 94.6793136597 -2.75610256195 70.552986145
    endloop
  endfacet
  facet normal 1 -0 0
    outer loop
      vertex 94.6793136597 12.9690856934 92.0648803711
      vertex 94.6793136597 14.0555438995 94.0337295532
      vertex 94.6793136597 12.2097043991 94.4393997192
    endloop
  endfacet
  facet normal 1 6.66375171932e-06 2.62293906417e-06
    outer loop
      vertex 94.6793136597 13.5769815445 72.1485900879
      vertex 94.6793136597 13.199640274 71.224319458
      vertex 94.6793136597 13.9980163574 72.3143157959
    endloop
  endfacet
  facet normal 1 0 0
    outer loop
      vertex 94.6793136597 -0.630493342876 86.4232025146
      vertex 94.6793136597 -3.59471225739 85.7320556641
      vertex 94.6793136597 -1.64872443676 83.5322113037
    endloop
  endfacet
  facet normal 1 -1.83486179139e-07 2.21685377255e-06
    outer loop
      vertex 94.6793136597 19.4676971436 72.2332611084
      vertex 94.6793136597 19.2654151917 74.6772079468
      vertex 94.6793136597 16.9626235962 74.3261489868
    endloop
  endfacet
  facet normal 1 1.62159321917e-05 -1.35312920975e-05
    outer loop
      vertex 94.6793136597 5.45231485367 73.4533996582
      vertex 94.6793136597 6.86762857437 72.2723999023
      vertex 94.6793136597 6.21769571304 73.1335144043
    endloop
  endfacet
  facet normal 1 0 0
    outer loop
      vertex 94.6793136597 32.527141571 64.422492981
      vertex 94.6793136597 33.694858551 62.1879463196
      vertex 94.6793136597 35.574848175 64.8921051025
    endloop
  endfacet
  facet normal 1 0 0
    outer loop
      vertex 94.6793136597 15.6907215118 92.16355896
      vertex 94.6793136597 14.4449090958 89.6583404541
      vertex 94.6793136597 17.7788791656 89.7681427002
    endloop
  endfacet
  facet normal 1 8.92870957614e-07 -1.90527282484e-06
    outer loop
      vertex 94.6793136597 38.7385978699 86.7904434204
      vertex 94.6793136597 36.6455764771 85.4670791626
      vertex 94.6793136597 39.1730537415 85.8633728027
    endloop
  endfacet
  facet normal 1 -0 0
    outer loop
      vertex 94.6793136597 3.60827708244 87.0865478516
      vertex 94.6793136597 5.47650003433 88.2644195557
      vertex 94.6793136597 3.24609184265 89.818862915
    endloop
  endfacet
  facet normal 1 -2.57685769611e-06 7.14919792699e-07
    outer loop
      vertex 94.6793136597 13.5370721817 53.4894065857
      vertex 94.6793136597 11.8933439255 55.9515151978
      vertex 94.6793136597 11.3644227982 54.0921821594
    endloop
  endfacet
  facet normal 1 0 -0
    outer loop
      vertex 94.6793136597 4.94285154343 74.7191772461
      vertex 94.6793136597 4.59034109116 74.9151611328
      vertex 94.6793136597 5.0521197319 74.4932250977
    endloop
  endfacet
  facet normal 1 -5.78858907829e-06 -1.65034862221e-06
    outer loop
      vertex 94.6793136597 8.0935344696 80.2076721191
      vertex 94.6793136597 8.2166891098 80.2427825928
      vertex 94.6793136597 8.55054759979 81.2309951782
    endloop
  endfacet
  facet normal 1 0 -0
    outer loop
      vertex 94.6793136597 20.7478542328 76.320274353
      vertex 94.6793136597 17.7071437836 76.4904937744
      vertex 94.6793136597 19.2654151917 74.6772079468
    endloop
  endfacet
  facet normal 1 5.16249019711e-06 3.4838051306e-06
    outer loop
      vertex 94.6793136597 1.87091457844 93.582824707
      vertex 94.6793136597 1.44328510761 93.2942428589
      vertex 94.6793136597 1.74673604965 92.4976882935
    endloop
  endfacet
  facet normal 1 0 0
    outer loop
      vertex 94.6793136597 1.74673604965 92.4976882935
      vertex 94.6793136597 -0.347467899323 90.1524887085
      vertex 94.6793136597 3.24609184265 89.818862915
    endloop
  endfacet
  facet normal 1 0 0
    outer loop
      vertex 94.6793136597 1.37223219872 62.4111251831
      vertex 94.6793136597 -0.0969577506185 65.740776062
      vertex 94.6793136597 -1.34496974945 63.7919006348
    endloop
  endfacet
  facet normal 1 0 0
    outer loop
      vertex 94.6793136597 5.45231485367 73.4533996582
      vertex 94.6793136597 3.36231350899 73.0520782471
      vertex 94.6793136597 4.69932508469 71.2622756958
    endloop
  endfacet
  facet normal 1 -1.19485468986e-06 -1.7186698642e-06
    outer loop
      vertex 94.6793136597 36.4187431335 61.7796020508
      vertex 94.6793136597 35.574848175 64.8921051025
      vertex 94.6793136597 33.694858551 62.1879463196
    endloop
  endfacet
  facet normal 1 9.67258347373e-06 8.18452281237e-06
    outer loop
      vertex 94.6793136597 15.4828615189 73.2308273315
      vertex 94.6793136597 15.2268199921 73.014175415
      vertex 94.6793136597 15.3189687729 72.5577163696
    endloop
  endfacet
  facet normal 1 0 0
    outer loop
      vertex 94.6793136597 20.8080692291 54.2073631287
      vertex 94.6793136597 19.9769878387 57.0183067322
      vertex 94.6793136597 17.9092025757 54.4644584656
    endloop
  endfacet
  facet normal 1 -0 0
    outer loop
      vertex 94.6793136597 1.40078902245 77.9370040894
      vertex 94.6793136597 2.0856487751 79.8446884155
      vertex 94.6793136597 0.122122637928 80.9429397583
    endloop
  endfacet
  facet normal 1 0 0
    outer loop
      vertex 94.6793136597 0.801717460155 59.5818519592
      vertex 94.6793136597 1.02230858803 59.4132003784
      vertex 94.6793136597 1.69455647469 58.9247398376
    endloop
  endfacet
  facet normal 1 0 0
    outer loop
      vertex 94.6793136597 35.7771759033 77.4555587769
      vertex 94.6793136597 35.3534698486 79.9634857178
      vertex 94.6793136597 33.6077766418 78.4301376343
    endloop
  endfacet
  facet normal 1 9.05445358512e-06 5.69668827666e-06
    outer loop
      vertex 94.6793136597 15.3189687729 72.5577163696
      vertex 94.6793136597 14.0669326782 72.3409042358
      vertex 94.6793136597 13.199640274 71.224319458
    endloop
  endfacet
  facet normal 1 0 -0
    outer loop
      vertex 94.6793136597 19.3681583405 80.8745269775
      vertex 94.6793136597 17.1780433655 81.1601333618
      vertex 94.6793136597 17.1760082245 78.6896743774
    endloop
  endfacet
  facet normal 1 -0 0
    outer loop
      vertex 94.6793136597 25.5552062988 74.4519271851
      vertex 94.6793136597 27.0778427124 77.3628387451
      vertex 94.6793136597 24.5680770874 76.8289718628
    endloop
  endfacet
  facet normal 1 1.44613113662e-05 -6.17834894001e-06
    outer loop
      vertex 94.6793136597 8.02046775818 72.1373291016
      vertex 94.6793136597 7.67838859558 72.2834777832
      vertex 94.6793136597 6.86762857437 72.2723999023
    endloop
  endfacet
  facet normal 1 2.71091789728e-06 8.37489278638e-06
    outer loop
      vertex 94.6793136597 -8.0007390976 80.9856796265
      vertex 94.6793136597 -7.73166799545 79.9100570679
      vertex 94.6793136597 -7.89584064484 81.3097457886
    endloop
  endfacet
  facet normal 1 0 0
    outer loop
      vertex 94.6793136597 16.612701416 74.8746871948
      vertex 94.6793136597 16.5889816284 74.8251113892
      vertex 94.6793136597 16.9626235962 74.3261489868
    endloop
  endfacet
  facet normal 1 0 0
    outer loop
      vertex 94.6793136597 17.558259964 62.3255119324
      vertex 94.6793136597 16.1904373169 64.6222305298
      vertex 94.6793136597 15.008430481 62.478679657
    endloop
  endfacet
  facet normal 1 0 0
    outer loop
      vertex 94.6793136597 13.7440538406 67.9860534668
      vertex 94.6793136597 13.199640274 71.224319458
      vertex 94.6793136597 11.5961265564 68.3151397705
    endloop
  endfacet
  facet normal 1 0 -0
    outer loop
      vertex 94.6793136597 12.4330940247 84.5452041626
      vertex 94.6793136597 10.3974657059 86.3113555908
      vertex 94.6793136597 10.1501913071 83.5777435303
    endloop
  endfacet
  facet normal 1 0 -0
    outer loop
      vertex 94.6793136597 26.1665496826 71.5242233276
      vertex 94.6793136597 23.6580600739 72.5791931152
      vertex 94.6793136597 23.6536197662 70.1535797119
    endloop
  endfacet
  facet normal 1 0 0
    outer loop
      vertex 94.6793136597 20.9048271179 82.7939987183
      vertex 94.6793136597 19.781463623 84.9655303955
      vertex 94.6793136597 18.2039527893 83.0588302612
    endloop
  endfacet
  facet normal 1 0 0
    outer loop
      vertex 94.6793136597 16.3964099884 95.0010910034
      vertex 94.6793136597 15.7481269836 97.7527236938
      vertex 94.6793136597 13.3617563248 96.812789917
    endloop
  endfacet
  facet normal 1 0 -0
    outer loop
      vertex 94.6793136597 15.1910171509 66.6712112427
      vertex 94.6793136597 13.7440538406 67.9860534668
      vertex 94.6793136597 13.1076574326 65.0395355225
    endloop
  endfacet
  facet normal 1 2.97826454698e-06 2.3621175842e-06
    outer loop
      vertex 94.6793136597 -0.261830866337 91.9561080933
      vertex 94.6793136597 -0.395661920309 91.8499603271
      vertex 94.6793136597 -0.347467899323 90.1524887085
    endloop
  endfacet
  facet normal 1 -0 0
    outer loop
      vertex 94.6793136597 -6.99855089188 77.7527923584
      vertex 94.6793136597 -4.88082361221 79.9481124878
      vertex 94.6793136597 -7.73166799545 79.9100570679
    endloop
  endfacet
  facet normal 1 0 0
    outer loop
      vertex 94.6793136597 13.3617563248 96.812789917
      vertex 94.6793136597 12.2097043991 94.4393997192
      vertex 94.6793136597 14.0555438995 94.0337295532
    endloop
  endfacet
  facet normal 1 0 0
    outer loop
      vertex 94.6793136597 17.1730308533 85.2001647949
      vertex 94.6793136597 18.2039527893 83.0588302612
      vertex 94.6793136597 19.781463623 84.9655303955
    endloop
  endfacet
  facet normal 1 1.30210464704e-05 1.62455107784e-05
    outer loop
      vertex 94.6793136597 15.8309898376 73.5935287476
      vertex 94.6793136597 15.3189687729 72.5577163696
      vertex 94.6793136597 15.8727893829 73.6456832886
    endloop
  endfacet
  facet normal 1 0 0
    outer loop
      vertex 94.6793136597 16.1419429779 74.011756897
      vertex 94.6793136597 16.9626235962 74.3261489868
      vertex 94.6793136597 16.3961162567 74.4415359497
    endloop
  endfacet
  facet normal 1 0 0
    outer loop
      vertex 94.6793136597 27.3749370575 66.4931259155
      vertex 94.6793136597 25.3541927338 68.6404190063
      vertex 94.6793136597 24.9836883545 66.613571167
    endloop
  endfacet
  facet normal 1 0 0
    outer loop
      vertex 94.6793136597 25.3541927338 68.6404190063
      vertex 94.6793136597 23.3411159515 67.9428253174
      vertex 94.6793136597 24.9836883545 66.613571167
    endloop
  endfacet
  facet normal 1 0 -0
    outer loop
      vertex 94.6793136597 17.1730308533 85.2001647949
      vertex 94.6793136597 14.8128480911 85.380317688
      vertex 94.6793136597 14.7957000732 82.239616394
    endloop
  endfacet
  facet normal 1 0 -0
    outer loop
      vertex 94.6793136597 35.8624610901 70.9877548218
      vertex 94.6793136597 32.3245658875 71.880241394
      vertex 94.6793136597 33.6160087585 69.5563278198
    endloop
  endfacet
  facet normal 1 0 0
    outer loop
      vertex 94.6793136597 23.801864624 82.7880172729
      vertex 94.6793136597 21.9820289612 84.4756393433
      vertex 94.6793136597 20.9048271179 82.7939987183
    endloop
  endfacet
  facet normal 1 -0 0
    outer loop
      vertex 94.6793136597 10.4946546555 93.1437301636
      vertex 94.6793136597 12.2097043991 94.4393997192
      vertex 94.6793136597 10.3310489655 96.5187988281
    endloop
  endfacet
  facet normal 1 -6.21321578365e-06 -4.25092048317e-06
    outer loop
      vertex 94.6793136597 6.76821517944 79.6107635498
      vertex 94.6793136597 6.02168750763 79.9319992065
      vertex 94.6793136597 6.41754627228 79.37084198
    endloop
  endfacet
  facet normal 1 -2.2091505798e-06 -1.47872342495e-05
    outer loop
      vertex 94.6793136597 4.64968252182 76.666847229
      vertex 94.6793136597 4.29281759262 76.6181106567
      vertex 94.6793136597 4.64721155167 76.6503067017
    endloop
  endfacet
  facet normal 1 1.29486898004e-05 -7.90428566688e-06
    outer loop
      vertex 94.6793136597 6.81698322296 72.7025375366
      vertex 94.6793136597 6.69553279877 72.7766723633
      vertex 94.6793136597 6.86762857437 72.2723999023
    endloop
  endfacet
  facet normal 1 0 0
    outer loop
      vertex 94.6793136597 13.3617563248 96.812789917
      vertex 94.6793136597 10.3310489655 96.5187988281
      vertex 94.6793136597 12.2097043991 94.4393997192
    endloop
  endfacet
  facet normal 1 -1.65647259109e-06 -1.46388299527e-06
    outer loop
      vertex 94.6793136597 20.8080692291 54.2073631287
      vertex 94.6793136597 23.1345291138 53.1426277161
      vertex 94.6793136597 23.2302303314 56.3479118347
    endloop
  endfacet
  facet normal 1 0 0
    outer loop
      vertex 94.6793136597 18.5350875854 92.7166976929
      vertex 94.6793136597 21.3879127502 93.568901062
      vertex 94.6793136597 19.5358638763 95.4499740601
    endloop
  endfacet
  facet normal 1 0 -0
    outer loop
      vertex 94.6793136597 27.3749370575 66.4931259155
      vertex 94.6793136597 24.9836883545 66.613571167
      vertex 94.6793136597 25.3326854706 64.5070114136
    endloop
  endfacet
  facet normal 1 1.34014662763e-05 -9.23100196815e-06
    outer loop
      vertex 94.6793136597 6.69553279877 72.7766723633
      vertex 94.6793136597 6.54916286469 72.877494812
      vertex 94.6793136597 6.86762857437 72.2723999023
    endloop
  endfacet
  facet normal 1 4.76430204799e-06 4.60721867057e-06
    outer loop
      vertex 94.6793136597 -2.03548240662 90.3731613159
      vertex 94.6793136597 -2.74270343781 89.6892623901
      vertex 94.6793136597 -2.94540095329 88.4082260132
    endloop
  endfacet
  facet normal 1 0 0
    outer loop
      vertex 94.6793136597 23.6536197662 70.1535797119
      vertex 94.6793136597 23.3411159515 67.9428253174
      vertex 94.6793136597 25.3541927338 68.6404190063
    endloop
  endfacet
  facet normal 1 0 0
    outer loop
      vertex 94.6793136597 -4.88082361221 79.9481124878
      vertex 94.6793136597 -2.40833854675 81.2032012939
      vertex 94.6793136597 -4.45283889771 82.8258132935
    endloop
  endfacet
  facet normal 1 0 0
    outer loop
      vertex 94.6793136597 37.8893547058 82.094367981
      vertex 94.6793136597 36.6455764771 85.4670791626
      vertex 94.6793136597 34.6216888428 82.4974517822
    endloop
  endfacet
  facet normal 1 0 0
    outer loop
      vertex 94.6793136597 8.55054759979 81.2309951782
      vertex 94.6793136597 11.4601831436 81.2910461426
      vertex 94.6793136597 10.1501913071 83.5777435303
    endloop
  endfacet
  facet normal 1 0 0
    outer loop
      vertex 94.6793136597 23.1953735352 91.3759765625
      vertex 94.6793136597 22.7808895111 88.6783065796
      vertex 94.6793136597 24.3827915192 89.7359390259
    endloop
  endfacet
  facet normal 1 0 0
    outer loop
      vertex 94.6793136597 12.0544939041 59.2692489624
      vertex 94.6793136597 13.916138649 60.2599525452
      vertex 94.6793136597 12.5760154724 62.0066757202
    endloop
  endfacet
  facet normal 1 -0 0
    outer loop
      vertex 94.6793136597 23.6580600739 72.5791931152
      vertex 94.6793136597 23.8277626038 74.8817443848
      vertex 94.6793136597 21.6389064789 73.9359664917
    endloop
  endfacet
  facet normal 1 0 -0
    outer loop
      vertex 94.6793136597 15.6907215118 92.16355896
      vertex 94.6793136597 14.0555438995 94.0337295532
      vertex 94.6793136597 12.9690856934 92.0648803711
    endloop
  endfacet
  facet normal 1 -0 0
    outer loop
      vertex 94.6793136597 21.6389064789 73.9359664917
      vertex 94.6793136597 22.6418190002 75.9915237427
      vertex 94.6793136597 20.7478542328 76.320274353
    endloop
  endfacet
  facet normal 1 0 0
    outer loop
      vertex 94.6793136597 19.3218708038 69.0615081787
      vertex 94.6793136597 21.5077075958 71.1145095825
      vertex 94.6793136597 19.4676971436 72.2332611084
    endloop
  endfacet
  facet normal 1 0 0
    outer loop
      vertex 94.6793136597 29.8551902771 92.0748443604
      vertex 94.6793136597 33.2809257507 90.6096343994
      vertex 94.6793136597 32.5506782532 92.2427749634
    endloop
  endfacet
  facet normal 1 0 0
    outer loop
      vertex 94.6793136597 16.1266803741 73.9866714478
      vertex 94.6793136597 15.8727893829 73.6456832886
      vertex 94.6793136597 16.9626235962 74.3261489868
    endloop
  endfacet
  facet normal 1 0 -0
    outer loop
      vertex 94.6793136597 -1.64872443676 83.5322113037
      vertex 94.6793136597 -3.59471225739 85.7320556641
      vertex 94.6793136597 -4.45283889771 82.8258132935
    endloop
  endfacet
  facet normal 1 -0 0
    outer loop
      vertex 94.6793136597 29.6232395172 68.2129974365
      vertex 94.6793136597 31.5719718933 69.568862915
      vertex 94.6793136597 29.3591556549 71.0239868164
    endloop
  endfacet
  facet normal 1 0 0
    outer loop
      vertex 94.6793136597 27.3749370575 66.4931259155
      vertex 94.6793136597 29.6232395172 68.2129974365
      vertex 94.6793136597 27.4967956543 69.2186813354
    endloop
  endfacet
  facet normal 1 0 0
    outer loop
      vertex 94.6793136597 16.0924987793 87.4195709229
      vertex 94.6793136597 17.1730308533 85.2001647949
      vertex 94.6793136597 18.8139247894 87.0611953735
    endloop
  endfacet
  facet normal 1 0 0
    outer loop
      vertex 94.6793136597 12.9690856934 92.0648803711
      vertex 94.6793136597 12.2097043991 94.4393997192
      vertex 94.6793136597 10.4946546555 93.1437301636
    endloop
  endfacet
  facet normal 1 0 0
    outer loop
      vertex 94.6793136597 37.9369735718 73.3467102051
      vertex 94.6793136597 35.8624610901 70.9877548218
      vertex 94.6793136597 38.6402511597 71.2910308838
    endloop
  endfacet
  facet normal 1 -2.7463142942e-06 6.18403987573e-07
    outer loop
      vertex 94.6793136597 15.8664512634 53.0165901184
      vertex 94.6793136597 15.0229225159 55.0888252258
      vertex 94.6793136597 14.950053215 53.2229423523
    endloop
  endfacet
  facet normal 1 -0 0
    outer loop
      vertex 94.6793136597 2.27251625061 70.7939147949
      vertex 94.6793136597 3.36231350899 73.0520782471
      vertex 94.6793136597 0.805934369564 72.9443511963
    endloop
  endfacet
  facet normal 1 0 0
    outer loop
      vertex 94.6793136597 16.7358951569 75.2481384277
      vertex 94.6793136597 16.9626235962 74.3261489868
      vertex 94.6793136597 16.7610702515 75.3279876709
    endloop
  endfacet
  facet normal 1 1.36775934152e-05 -1.30518119477e-05
    outer loop
      vertex 94.6793136597 5.91528558731 73.3895568848
      vertex 94.6793136597 5.71248292923 73.5830764771
      vertex 94.6793136597 5.45231485367 73.4533996582
    endloop
  endfacet
  facet normal 1 0 0
    outer loop
      vertex 94.6793136597 29.1027545929 79.9957427979
      vertex 94.6793136597 29.3157958984 76.7337036133
      vertex 94.6793136597 31.5184879303 77.7917480469
    endloop
  endfacet
  facet normal 1 -0 0
    outer loop
      vertex 94.6793136597 32.3245658875 71.880241394
      vertex 94.6793136597 34.5483016968 73.6912460327
      vertex 94.6793136597 31.4148731232 74.7563323975
    endloop
  endfacet
  facet normal 1 1.50644962105e-06 -1.28581530134e-06
    outer loop
      vertex 94.6793136597 20.2933006287 97.7117156982
      vertex 94.6793136597 21.9962654114 96.2581634521
      vertex 94.6793136597 22.3017463684 99.4289169312
    endloop
  endfacet
  facet normal 1 0 0
    outer loop
      vertex 94.6793136597 29.1027545929 79.9957427979
      vertex 94.6793136597 32.4545516968 80.5447158813
      vertex 94.6793136597 30.9856109619 82.7789459229
    endloop
  endfacet
  facet normal 1 4.24578502134e-06 5.30321585757e-06
    outer loop
      vertex 94.6793136597 -4.29267644882 87.9429321289
      vertex 94.6793136597 -4.72892045975 87.3980407715
      vertex 94.6793136597 -2.94540095329 88.4082260132
    endloop
  endfacet
  facet normal 1 -7.01496992406e-06 -3.90591503674e-06
    outer loop
      vertex 94.6793136597 7.16118812561 79.8295669556
      vertex 94.6793136597 6.02168750763 79.9319992065
      vertex 94.6793136597 6.76821517944 79.6107635498
    endloop
  endfacet
  facet normal 1 8.15270141175e-07 3.36017592417e-06
    outer loop
      vertex 94.6793136597 -2.94540095329 88.4082260132
      vertex 94.6793136597 -4.72892045975 87.3980407715
      vertex 94.6793136597 -3.59471225739 85.7320556641
    endloop
  endfacet
  facet normal 1 1.27249222714e-05 -1.35266645884e-05
    outer loop
      vertex 94.6793136597 5.71248292923 73.5830764771
      vertex 94.6793136597 5.6445183754 73.6553268433
      vertex 94.6793136597 5.45231485367 73.4533996582
    endloop
  endfacet
  facet normal 1 0 0
    outer loop
      vertex 94.6793136597 21.6389064789 73.9359664917
      vertex 94.6793136597 21.5077075958 71.1145095825
      vertex 94.6793136597 23.6580600739 72.5791931152
    endloop
  endfacet
  facet normal 1 0 0
    outer loop
      vertex 94.6793136597 -1.64872443676 83.5322113037
      vertex 94.6793136597 0.91743761301 83.8307113647
      vertex 94.6793136597 -0.630493342876 86.4232025146
    endloop
  endfacet
  facet normal 1 0 0
    outer loop
      vertex 94.6793136597 6.11372470856 90.6473693848
      vertex 94.6793136597 8.45850849152 91.5453948975
      vertex 94.6793136597 6.34339618683 93.4641571045
    endloop
  endfacet
  facet normal 1 9.77553099801e-06 -1.71990151898e-07
    outer loop
      vertex 94.6793136597 10.4103746414 71.6632156372
      vertex 94.6793136597 10.8366308212 71.1269073486
      vertex 94.6793136597 10.6732664108 71.6585922241
    endloop
  endfacet
  facet normal 1 0 0
    outer loop
      vertex 94.6793136597 0.91743761301 83.8307113647
      vertex 94.6793136597 -1.64872443676 83.5322113037
      vertex 94.6793136597 0.122122637928 80.9429397583
    endloop
  endfacet
  facet normal 1 1.24205671455e-05 -1.38464156407e-05
    outer loop
      vertex 94.6793136597 5.6445183754 73.6553268433
      vertex 94.6793136597 5.53144407272 73.7813796997
      vertex 94.6793136597 5.45231485367 73.4533996582
    endloop
  endfacet
  facet normal 1 0 0
    outer loop
      vertex 94.6793136597 -3.97174787521 75.6286239624
      vertex 94.6793136597 -4.19942474365 77.8907546997
      vertex 94.6793136597 -6.99855089188 77.7527923584
    endloop
  endfacet
  facet normal 1 0 0
    outer loop
      vertex 94.6793136597 0.122122637928 80.9429397583
      vertex 94.6793136597 -1.97242641449 78.4439468384
      vertex 94.6793136597 1.40078902245 77.9370040894
    endloop
  endfacet
  facet normal 1 -0 0
    outer loop
      vertex 94.6793136597 31.5184879303 77.7917480469
      vertex 94.6793136597 32.4545516968 80.5447158813
      vertex 94.6793136597 29.1027545929 79.9957427979
    endloop
  endfacet
  facet normal 1 0 0
    outer loop
      vertex 94.6793136597 37.680015564 63.7432403564
      vertex 94.6793136597 36.4187431335 61.7796020508
      vertex 94.6793136597 36.9455032349 62.5103645325
    endloop
  endfacet
  facet normal 1 0 0
    outer loop
      vertex 94.6793136597 12.4330940247 84.5452041626
      vertex 94.6793136597 14.7957000732 82.239616394
      vertex 94.6793136597 14.8128480911 85.380317688
    endloop
  endfacet
  facet normal 1 0 0
    outer loop
      vertex 94.6793136597 32.4545516968 80.5447158813
      vertex 94.6793136597 31.5184879303 77.7917480469
      vertex 94.6793136597 33.6077766418 78.4301376343
    endloop
  endfacet
  facet normal 1 0 0
    outer loop
      vertex 94.6793136597 24.8773956299 79.5653839111
      vertex 94.6793136597 22.7033977509 78.0000534058
      vertex 94.6793136597 24.5680770874 76.8289718628
    endloop
  endfacet
  facet normal 1 1.18270681924e-05 -2.481690899e-06
    outer loop
      vertex 94.6793136597 8.68924808502 71.9261550903
      vertex 94.6793136597 8.75222969055 71.4758605957
      vertex 94.6793136597 9.05972003937 71.8484191895
    endloop
  endfacet
  facet normal 1 0 0
    outer loop
      vertex 94.6793136597 26.5751018524 81.6489105225
      vertex 94.6793136597 25.9833679199 84.3911132812
      vertex 94.6793136597 23.801864624 82.7880172729
    endloop
  endfacet
  facet normal 1 0 0
    outer loop
      vertex 94.6793136597 35.7771759033 77.4555587769
      vertex 94.6793136597 33.6983680725 76.2482147217
      vertex 94.6793136597 36.002658844 75.3327102661
    endloop
  endfacet
  facet normal 1 0 0
    outer loop
      vertex 94.6793136597 16.2026252747 60.0065460205
      vertex 94.6793136597 15.008430481 62.478679657
      vertex 94.6793136597 13.916138649 60.2599525452
    endloop
  endfacet
  facet normal 1 0 0
    outer loop
      vertex 94.6793136597 16.7610702515 75.3279876709
      vertex 94.6793136597 16.9626235962 74.3261489868
      vertex 94.6793136597 16.7994308472 75.5114593506
    endloop
  endfacet
  facet normal 1 0 0
    outer loop
      vertex 94.6793136597 -0.0969577506185 65.740776062
      vertex 94.6793136597 1.37223219872 62.4111251831
      vertex 94.6793136597 2.65934276581 65.9003601074
    endloop
  endfacet
  facet normal 1 0 0
    outer loop
      vertex 94.6793136597 -1.613910079 68.3199157715
      vertex 94.6793136597 -2.67781639099 65.7860183716
      vertex 94.6793136597 -0.0969577506185 65.740776062
    endloop
  endfacet
  facet normal 1 0 -0
    outer loop
      vertex 94.6793136597 7.62609100342 67.0689086914
      vertex 94.6793136597 6.56865119934 69.4484176636
      vertex 94.6793136597 5.40447235107 66.6009216309
    endloop
  endfacet
  facet normal 1 0 0
    outer loop
      vertex 94.6793136597 16.3961162567 74.4415359497
      vertex 94.6793136597 16.9626235962 74.3261489868
      vertex 94.6793136597 16.5889816284 74.8251113892
    endloop
  endfacet
  facet normal 1 0 0
    outer loop
      vertex 94.6793136597 -6.01893234253 85.4750137329
      vertex 94.6793136597 -6.25193786621 85.0902404785
      vertex 94.6793136597 -4.92982816696 87.1131820679
    endloop
  endfacet
  facet normal 1 0 0
    outer loop
      vertex 94.6793136597 -5.43658638 72.2917938232
      vertex 94.6793136597 -2.75610256195 70.552986145
      vertex 94.6793136597 -1.90510046482 72.9707946777
    endloop
  endfacet
  facet normal 1 0 0
    outer loop
      vertex 94.6793136597 3.8001742363 68.6599121094
      vertex 94.6793136597 5.40447235107 66.6009216309
      vertex 94.6793136597 6.56865119934 69.4484176636
    endloop
  endfacet
  facet normal 1 0 0
    outer loop
      vertex 94.6793136597 -6.25193786621 85.0902404785
      vertex 94.6793136597 -6.46619796753 84.6859207153
      vertex 94.6793136597 -4.92982816696 87.1131820679
    endloop
  endfacet
  facet normal 1 -1.59212800099e-06 1.18328819099e-06
    outer loop
      vertex 94.6793136597 1.37223219872 62.4111251831
      vertex 94.6793136597 0.554475665092 59.7720603943
      vertex 94.6793136597 1.69455647469 58.9247398376
    endloop
  endfacet
  facet normal 1 0 0
    outer loop
      vertex 94.6793136597 29.1027545929 79.9957427979
      vertex 94.6793136597 28.3465976715 83.416847229
      vertex 94.6793136597 26.5751018524 81.6489105225
    endloop
  endfacet
  facet normal 1 1.33323483169e-05 -2.08250985452e-05
    outer loop
      vertex 94.6793136597 5.25833749771 74.1441268921
      vertex 94.6793136597 5.19585180283 74.2417221069
      vertex 94.6793136597 5.45231485367 73.4533996582
    endloop
  endfacet
  facet normal 1 0 0
    outer loop
      vertex 94.6793136597 30.7171363831 62.0001678467
      vertex 94.6793136597 28.1106987 60.1655273438
      vertex 94.6793136597 30.5219078064 59.0073280334
    endloop
  endfacet
  facet normal 1 3.1544839203e-06 5.34924367912e-07
    outer loop
      vertex 94.6793136597 1.74673604965 92.4976882935
      vertex 94.6793136597 4.14840316772 92.9049606323
      vertex 94.6793136597 3.04223966599 94.3561172485
    endloop
  endfacet
  facet normal 1 0 0
    outer loop
      vertex 94.6793136597 34.6216888428 82.4974517822
      vertex 94.6793136597 32.4545516968 80.5447158813
      vertex 94.6793136597 35.3534698486 79.9634857178
    endloop
  endfacet
  facet normal 1 0 0
    outer loop
      vertex 94.6793136597 0.91743761301 83.8307113647
      vertex 94.6793136597 3.40165543556 84.587600708
      vertex 94.6793136597 1.70842719078 86.0112457275
    endloop
  endfacet
  facet normal 1 0 0
    outer loop
      vertex 94.6793136597 -0.630493342876 86.4232025146
      vertex 94.6793136597 1.70842719078 86.0112457275
      vertex 94.6793136597 1.58179831505 87.7943649292
    endloop
  endfacet
  facet normal 1 0 0
    outer loop
      vertex 94.6793136597 5.71931171417 82.9981231689
      vertex 94.6793136597 8.55054759979 81.2309951782
      vertex 94.6793136597 7.96488952637 84.7205429077
    endloop
  endfacet
  facet normal 1 1.02751437225e-05 -1.14277409011e-05
    outer loop
      vertex 94.6793136597 5.45231485367 73.4533996582
      vertex 94.6793136597 5.19585180283 74.2417221069
      vertex 94.6793136597 4.59034109116 74.9151611328
    endloop
  endfacet
  facet normal 1 0 0
    outer loop
      vertex 94.6793136597 35.8624610901 70.9877548218
      vertex 94.6793136597 33.6160087585 69.5563278198
      vertex 94.6793136597 35.4848823547 68.1934814453
    endloop
  endfacet
  facet normal 1 0 -0
    outer loop
      vertex 94.6793136597 6.56865119934 69.4484176636
      vertex 94.6793136597 4.69932508469 71.2622756958
      vertex 94.6793136597 3.8001742363 68.6599121094
    endloop
  endfacet
  facet normal 1 0 0
    outer loop
      vertex 94.6793136597 16.7994308472 75.5114593506
      vertex 94.6793136597 16.9626235962 74.3261489868
      vertex 94.6793136597 16.8086299896 75.5572738647
    endloop
  endfacet
  facet normal 1 0 0
    outer loop
      vertex 94.6793136597 1.70842719078 86.0112457275
      vertex 94.6793136597 3.40165543556 84.587600708
      vertex 94.6793136597 3.60827708244 87.0865478516
    endloop
  endfacet
  facet normal 1 0 0
    outer loop
      vertex 94.6793136597 2.27251625061 70.7939147949
      vertex 94.6793136597 4.69932508469 71.2622756958
      vertex 94.6793136597 3.36231350899 73.0520782471
    endloop
  endfacet
  facet normal 1 0 0
    outer loop
      vertex 94.6793136597 5.08603239059 74.4284744263
      vertex 94.6793136597 5.0521197319 74.4932250977
      vertex 94.6793136597 4.59034109116 74.9151611328
    endloop
  endfacet
  facet normal 1 -9.67871642388e-07 -2.64661389338e-06
    outer loop
      vertex 94.6793136597 38.1558303833 69.0956573486
      vertex 94.6793136597 37.3607597351 66.9215545654
      vertex 94.6793136597 39.1730537415 66.5362472534
    endloop
  endfacet
  facet normal 1 -1.9770570816e-06 2.31795206673e-06
    outer loop
      vertex 94.6793136597 -5.43658638 72.2917938232
      vertex 94.6793136597 -7.82824087143 75.0958328247
      vertex 94.6793136597 -8.4118976593 73.1654434204
    endloop
  endfacet
  facet normal 1 0 0
    outer loop
      vertex 94.6793136597 21.9962654114 96.2581634521
      vertex 94.6793136597 24.5683326721 94.296043396
      vertex 94.6793136597 24.0854110718 97.0638046265
    endloop
  endfacet
  facet normal 1 -4.62128753043e-07 -2.52921972788e-06
    outer loop
      vertex 94.6793136597 40.8783912659 72.3543243408
      vertex 94.6793136597 38.6402511597 71.2910308838
      vertex 94.6793136597 40.5665550232 70.6476364136
    endloop
  endfacet
  facet normal 1 -2.12468285099e-06 -4.86262160848e-06
    outer loop
      vertex 94.6793136597 4.86873626709 77.4714736938
      vertex 94.6793136597 4.99340724945 77.7567977905
      vertex 94.6793136597 4.26674556732 78.5267410278
    endloop
  endfacet
  facet normal 1 0 0
    outer loop
      vertex 94.6793136597 -7.27599620819 83.0000152588
      vertex 94.6793136597 -7.43096971512 82.6421432495
      vertex 94.6793136597 -6.46619796753 84.6859207153
    endloop
  endfacet
  facet normal 1 0 0
    outer loop
      vertex 94.6793136597 14.4449090958 89.6583404541
      vertex 94.6793136597 13.2276096344 87.0854110718
      vertex 94.6793136597 16.0924987793 87.4195709229
    endloop
  endfacet
  facet normal 1 0 0
    outer loop
      vertex 94.6793136597 -7.43096971512 82.6421432495
      vertex 94.6793136597 -7.6088104248 82.1558380127
      vertex 94.6793136597 -6.46619796753 84.6859207153
    endloop
  endfacet
  facet normal 1 4.89487661071e-07 -2.04352659239e-06
    outer loop
      vertex 94.6793136597 40.2438201904 82.8256454468
      vertex 94.6793136597 37.8893547058 82.094367981
      vertex 94.6793136597 40.7773971558 80.5980529785
    endloop
  endfacet
  facet normal 1 9.71643385128e-06 2.03452348302e-08
    outer loop
      vertex 94.6793136597 10.6732664108 71.6585922241
      vertex 94.6793136597 10.8366308212 71.1269073486
      vertex 94.6793136597 10.8159923553 71.6588897705
    endloop
  endfacet
  facet normal 1 -1.6820234805e-06 -1.91139565686e-06
    outer loop
      vertex 94.6793136597 35.574848175 64.8921051025
      vertex 94.6793136597 38.5429077148 65.1916046143
      vertex 94.6793136597 37.3607597351 66.9215545654
    endloop
  endfacet
  facet normal 1 -1.90009609469e-06 -5.25631458004e-06
    outer loop
      vertex 94.6793136597 4.86873626709 77.4714736938
      vertex 94.6793136597 4.26674556732 78.5267410278
      vertex 94.6793136597 4.77024745941 77.1990203857
    endloop
  endfacet
  facet normal 1 2.72213787866e-06 -1.03194827261e-06
    outer loop
      vertex 94.6793136597 27.6523990631 97.7869796753
      vertex 94.6793136597 25.7788829803 98.497215271
      vertex 94.6793136597 25.8011932373 96.5897521973
    endloop
  endfacet
  facet normal 1 -5.92500953189e-07 -1.46915272126e-06
    outer loop
      vertex 94.6793136597 29.8718566895 55.807800293
      vertex 94.6793136597 28.1106987 60.1655273438
      vertex 94.6793136597 27.2558288574 58.0458106995
    endloop
  endfacet
  facet normal 1 0 0
    outer loop
      vertex 94.6793136597 23.2537593842 62.7115707397
      vertex 94.6793136597 20.2151565552 62.3555335999
      vertex 94.6793136597 21.6639347076 59.6633262634
    endloop
  endfacet
  facet normal 1 2.68752933152e-06 8.57429586176e-06
    outer loop
      vertex 94.6793136597 -7.73695230484 81.8166656494
      vertex 94.6793136597 -7.89584064484 81.3097457886
      vertex 94.6793136597 -7.73166799545 79.9100570679
    endloop
  endfacet
  facet normal 1 0 0
    outer loop
      vertex 94.6793136597 24.8773956299 79.5653839111
      vertex 94.6793136597 24.5680770874 76.8289718628
      vertex 94.6793136597 27.0778427124 77.3628387451
    endloop
  endfacet
  facet normal 1 -1.21561117794e-06 -2.59394255409e-06
    outer loop
      vertex 94.6793136597 39.1730537415 66.5362472534
      vertex 94.6793136597 37.3607597351 66.9215545654
      vertex 94.6793136597 38.5429077148 65.1916046143
    endloop
  endfacet
  facet normal 1 7.98274072622e-07 -1.92010497813e-06
    outer loop
      vertex 94.6793136597 39.1730537415 85.8633728027
      vertex 94.6793136597 36.6455764771 85.4670791626
      vertex 94.6793136597 39.5749893188 84.8965911865
    endloop
  endfacet
  facet normal 1 0 0
    outer loop
      vertex 94.6793136597 23.2537593842 62.7115707397
      vertex 94.6793136597 21.6639347076 59.6633262634
      vertex 94.6793136597 25.0172634125 59.4587020874
    endloop
  endfacet
  facet normal 1 -1.23410814012e-06 1.25954932173e-06
    outer loop
      vertex 94.6793136597 11.8933439255 55.9515151978
      vertex 94.6793136597 9.52470302582 58.3689842224
      vertex 94.6793136597 8.54831027985 55.1767578125
    endloop
  endfacet
  facet normal 1 -8.23527625471e-06 3.59489172297e-06
    outer loop
      vertex 94.6793136597 14.307718277 79.7646026611
      vertex 94.6793136597 15.4706497192 79.8846664429
      vertex 94.6793136597 13.98716259 79.9045333862
    endloop
  endfacet
  facet normal 1 0 0
    outer loop
      vertex 94.6793136597 14.3747854233 58.2899513245
      vertex 94.6793136597 17.054189682 57.4102096558
      vertex 94.6793136597 16.2026252747 60.0065460205
    endloop
  endfacet
  facet normal 1 0 0
    outer loop
      vertex 94.6793136597 30.1823768616 65.1895599365
      vertex 94.6793136597 27.9429035187 63.399559021
      vertex 94.6793136597 30.7171363831 62.0001678467
    endloop
  endfacet
  facet normal 1 0 0
    outer loop
      vertex 94.6793136597 23.2302303314 56.3479118347
      vertex 94.6793136597 26.4591617584 56.1237983704
      vertex 94.6793136597 25.0172634125 59.4587020874
    endloop
  endfacet
  facet normal 1 7.01109968304e-07 -1.90118259979e-06
    outer loop
      vertex 94.6793136597 37.8893547058 82.094367981
      vertex 94.6793136597 39.5749893188 84.8965911865
      vertex 94.6793136597 36.6455764771 85.4670791626
    endloop
  endfacet
  facet normal 1 0 0
    outer loop
      vertex 94.6793136597 21.3879127502 93.568901062
      vertex 94.6793136597 23.1953735352 91.3759765625
      vertex 94.6793136597 24.5683326721 94.296043396
    endloop
  endfacet
  facet normal 1 0 -0
    outer loop
      vertex 94.6793136597 23.1794605255 65.6863174438
      vertex 94.6793136597 21.3446960449 67.208984375
      vertex 94.6793136597 20.9817180634 64.898727417
    endloop
  endfacet
  facet normal 1 0 0
    outer loop
      vertex 94.6793136597 14.4449090958 89.6583404541
      vertex 94.6793136597 16.0924987793 87.4195709229
      vertex 94.6793136597 17.7788791656 89.7681427002
    endloop
  endfacet
  facet normal 1 0 0
    outer loop
      vertex 94.6793136597 7.96488952637 84.7205429077
      vertex 94.6793136597 10.1501913071 83.5777435303
      vertex 94.6793136597 10.3974657059 86.3113555908
    endloop
  endfacet
  facet normal 1 0 -0
    outer loop
      vertex 94.6793136597 4.68192386627 63.7130737305
      vertex 94.6793136597 2.65934276581 65.9003601074
      vertex 94.6793136597 1.37223219872 62.4111251831
    endloop
  endfacet
  facet normal 1 2.31306762544e-06 1.1714394077e-06
    outer loop
      vertex 94.6793136597 6.68154764175 96.3143157959
      vertex 94.6793136597 8.31188106537 94.9051361084
      vertex 94.6793136597 7.72047805786 96.8404769897
    endloop
  endfacet
  facet normal 1 -0 0
    outer loop
      vertex 94.6793136597 0.97018456459 68.209815979
      vertex 94.6793136597 2.27251625061 70.7939147949
      vertex 94.6793136597 -0.328386455774 70.5553894043
    endloop
  endfacet
  facet normal 1 -2.63317042482e-06 -9.97729785013e-07
    outer loop
      vertex 94.6793136597 27.8891391754 54.702457428
      vertex 94.6793136597 26.4591617584 56.1237983704
      vertex 94.6793136597 26.3211975098 54.1083488464
    endloop
  endfacet
  facet normal 1 -5.56600343771e-06 -1.75999139174e-05
    outer loop
      vertex 94.6793136597 4.76671695709 77.1878585815
      vertex 94.6793136597 4.77024745941 77.1990203857
      vertex 94.6793136597 4.29281759262 76.6181106567
    endloop
  endfacet
  facet normal 1 0 0
    outer loop
      vertex 94.6793136597 34.6216888428 82.4974517822
      vertex 94.6793136597 35.3534698486 79.9634857178
      vertex 94.6793136597 37.8893547058 82.094367981
    endloop
  endfacet
  facet normal 1 6.44434123842e-07 -1.99540136236e-06
    outer loop
      vertex 94.6793136597 37.8893547058 82.094367981
      vertex 94.6793136597 40.2438201904 82.8256454468
      vertex 94.6793136597 39.5749893188 84.8965911865
    endloop
  endfacet
  facet normal 1 3.56124837708e-06 -2.16219336835e-06
    outer loop
      vertex 94.6793136597 14.4733858109 98.5266723633
      vertex 94.6793136597 15.7481269836 97.7527236938
      vertex 94.6793136597 15.5515289307 99.3236465454
    endloop
  endfacet
  facet normal 1 0 0
    outer loop
      vertex 94.6793136597 38.6975898743 75.9899368286
      vertex 94.6793136597 36.002658844 75.3327102661
      vertex 94.6793136597 37.9369735718 73.3467102051
    endloop
  endfacet
  facet normal 1 -0 0
    outer loop
      vertex 94.6793136597 11.8933439255 55.9515151978
      vertex 94.6793136597 12.0544939041 59.2692489624
      vertex 94.6793136597 9.52470302582 58.3689842224
    endloop
  endfacet
  facet normal 1 0 0
    outer loop
      vertex 94.6793136597 19.3681583405 80.8745269775
      vertex 94.6793136597 17.1760082245 78.6896743774
      vertex 94.6793136597 19.914894104 78.5251464844
    endloop
  endfacet
  facet normal 1 2.45311611025e-07 1.64943241998e-06
    outer loop
      vertex 94.6793136597 -4.45283889771 82.8258132935
      vertex 94.6793136597 -7.73695230484 81.8166656494
      vertex 94.6793136597 -4.88082361221 79.9481124878
    endloop
  endfacet
  facet normal 1 0 0
    outer loop
      vertex 94.6793136597 -4.88082361221 79.9481124878
      vertex 94.6793136597 -6.99855089188 77.7527923584
      vertex 94.6793136597 -4.19942474365 77.8907546997
    endloop
  endfacet
  facet normal 1 0 -0
    outer loop
      vertex 94.6793136597 4.754799366 75.2389907837
      vertex 94.6793136597 4.68781614304 75.5066757202
      vertex 94.6793136597 4.59034109116 74.9151611328
    endloop
  endfacet
  facet normal 1 0 0
    outer loop
      vertex 94.6793136597 13.1076574326 65.0395355225
      vertex 94.6793136597 16.1904373169 64.6222305298
      vertex 94.6793136597 15.1910171509 66.6712112427
    endloop
  endfacet
  facet normal 1 1.55988038841e-06 9.16232238524e-06
    outer loop
      vertex 94.6793136597 -8.37113952637 79.4679260254
      vertex 94.6793136597 -8.46274089813 78.9298858643
      vertex 94.6793136597 -7.73166799545 79.9100570679
    endloop
  endfacet
  facet normal 1 -1.07556650164e-06 -2.36269215748e-06
    outer loop
      vertex 94.6793136597 32.5535583496 59.6808547974
      vertex 94.6793136597 34.8257751465 59.8660430908
      vertex 94.6793136597 33.694858551 62.1879463196
    endloop
  endfacet
  facet normal 1 0 0
    outer loop
      vertex 94.6793136597 38.6975898743 75.9899368286
      vertex 94.6793136597 38.1750602722 79.0475006104
      vertex 94.6793136597 35.7771759033 77.4555587769
    endloop
  endfacet
  facet normal 1 0 0
    outer loop
      vertex 94.6793136597 16.8086299896 75.5572738647
      vertex 94.6793136597 16.9626235962 74.3261489868
      vertex 94.6793136597 16.8427848816 75.9282989502
    endloop
  endfacet
  facet normal 1 0 0
    outer loop
      vertex 94.6793136597 6.86762857437 72.2723999023
      vertex 94.6793136597 6.56865119934 69.4484176636
      vertex 94.6793136597 8.75222969055 71.4758605957
    endloop
  endfacet
  facet normal 1 6.61070544083e-06 2.55051713793e-06
    outer loop
      vertex 94.6793136597 13.9980163574 72.3143157959
      vertex 94.6793136597 13.199640274 71.224319458
      vertex 94.6793136597 14.0669326782 72.3409042358
    endloop
  endfacet
  facet normal 1 0 0
    outer loop
      vertex 94.6793136597 6.98794460297 57.5838890076
      vertex 94.6793136597 9.52470302582 58.3689842224
      vertex 94.6793136597 7.82896614075 60.4563217163
    endloop
  endfacet
  facet normal 1 0 -0
    outer loop
      vertex 94.6793136597 5.08603239059 74.4284744263
      vertex 94.6793136597 4.59034109116 74.9151611328
      vertex 94.6793136597 5.19585180283 74.2417221069
    endloop
  endfacet
  facet normal 1 5.63538435472e-07 6.34711295788e-06
    outer loop
      vertex 94.6793136597 16.8517875671 76.0296859741
      vertex 94.6793136597 16.8427848816 75.9282989502
      vertex 94.6793136597 17.7071437836 76.4904937744
    endloop
  endfacet
  facet normal 1 -0 0
    outer loop
      vertex 94.6793136597 35.8624610901 70.9877548218
      vertex 94.6793136597 37.9369735718 73.3467102051
      vertex 94.6793136597 34.5483016968 73.6912460327
    endloop
  endfacet
  facet normal 1 0 0
    outer loop
      vertex 94.6793136597 31.5184879303 77.7917480469
      vertex 94.6793136597 31.4148731232 74.7563323975
      vertex 94.6793136597 33.6983680725 76.2482147217
    endloop
  endfacet
  facet normal 1 -1.44653711232e-06 4.25657299274e-06
    outer loop
      vertex 94.6793136597 -7.73166799545 79.9100570679
      vertex 94.6793136597 -8.51395797729 78.6384048462
      vertex 94.6793136597 -6.99855089188 77.7527923584
    endloop
  endfacet
  facet normal 1 0 -0
    outer loop
      vertex 94.6793136597 4.68781614304 75.5066757202
      vertex 94.6793136597 4.68134212494 75.5356369019
      vertex 94.6793136597 4.59034109116 74.9151611328
    endloop
  endfacet
  facet normal 1 -2.89895160677e-06 4.75863089378e-07
    outer loop
      vertex 94.6793136597 17.9092025757 54.4644584656
      vertex 94.6793136597 15.8664512634 53.0165901184
      vertex 94.6793136597 17.1012897491 52.8138923645
    endloop
  endfacet
  facet normal 1 0 0
    outer loop
      vertex 94.6793136597 19.914894104 78.5251464844
      vertex 94.6793136597 20.7478542328 76.320274353
      vertex 94.6793136597 22.7033977509 78.0000534058
    endloop
  endfacet
  facet normal 1 -9.34914581308e-08 -1.57314425451e-05
    outer loop
      vertex 94.6793136597 4.61823654175 76.0826568604
      vertex 94.6793136597 4.61986017227 76.3558883667
      vertex 94.6793136597 4.29281759262 76.6181106567
    endloop
  endfacet
  facet normal 1 -1.47201183154e-06 7.07067329131e-07
    outer loop
      vertex 94.6793136597 29.8718566895 55.807800293
      vertex 94.6793136597 30.5219078064 59.0073280334
      vertex 94.6793136597 28.1106987 60.1655273438
    endloop
  endfacet
  facet normal 1 -4.80556138882e-07 6.27247936791e-06
    outer loop
      vertex 94.6793136597 -8.67058181763 75.3334655762
      vertex 94.6793136597 -8.62833595276 74.7820587158
      vertex 94.6793136597 -7.82824087143 75.0958328247
    endloop
  endfacet
  facet normal 1 0 0
    outer loop
      vertex 94.6793136597 33.694858551 62.1879463196
      vertex 94.6793136597 30.7171363831 62.0001678467
      vertex 94.6793136597 32.5535583496 59.6808547974
    endloop
  endfacet
  facet normal 1 0 0
    outer loop
      vertex 94.6793136597 -1.97242641449 78.4439468384
      vertex 94.6793136597 -3.97174787521 75.6286239624
      vertex 94.6793136597 -0.457787364721 75.4906005859
    endloop
  endfacet
  facet normal 1 -2.07786783335e-07 2.50246830547e-06
    outer loop
      vertex 94.6793136597 -5.11374521255 68.4036712646
      vertex 94.6793136597 -5.43658638 72.2917938232
      vertex 94.6793136597 -7.25736188889 69.3419647217
    endloop
  endfacet
  facet normal 1 0 0
    outer loop
      vertex 94.6793136597 32.3245658875 71.880241394
      vertex 94.6793136597 35.8624610901 70.9877548218
      vertex 94.6793136597 34.5483016968 73.6912460327
    endloop
  endfacet
  facet normal 1 2.71736530522e-06 -2.50495247656e-07
    outer loop
      vertex 94.6793136597 22.3017463684 99.4289169312
      vertex 94.6793136597 19.2490196228 99.7103271484
      vertex 94.6793136597 20.2933006287 97.7117156982
    endloop
  endfacet
  facet normal 1 0 -0
    outer loop
      vertex 94.6793136597 23.5793781281 85.8288269043
      vertex 94.6793136597 21.3190364838 86.6450500488
      vertex 94.6793136597 21.9820289612 84.4756393433
    endloop
  endfacet
  facet normal 1 0 0
    outer loop
      vertex 94.6793136597 10.2738647461 60.9385147095
      vertex 94.6793136597 9.52470302582 58.3689842224
      vertex 94.6793136597 12.0544939041 59.2692489624
    endloop
  endfacet
  facet normal 1 -7.59312001719e-07 6.06346156928e-06
    outer loop
      vertex 94.6793136597 -8.60579490662 74.4970016479
      vertex 94.6793136597 -8.54065608978 73.9768371582
      vertex 94.6793136597 -7.82824087143 75.0958328247
    endloop
  endfacet
  facet normal 1 0 0
    outer loop
      vertex 94.6793136597 4.14840316772 92.9049606323
      vertex 94.6793136597 6.11372470856 90.6473693848
      vertex 94.6793136597 6.34339618683 93.4641571045
    endloop
  endfacet
  facet normal 1 0 0
    outer loop
      vertex 94.6793136597 10.4946546555 93.1437301636
      vertex 94.6793136597 11.1681680679 89.7151260376
      vertex 94.6793136597 12.9690856934 92.0648803711
    endloop
  endfacet
  facet normal 1 0 -0
    outer loop
      vertex 94.6793136597 15.008430481 62.478679657
      vertex 94.6793136597 13.1076574326 65.0395355225
      vertex 94.6793136597 12.5760154724 62.0066757202
    endloop
  endfacet
  facet normal 1 0 0
    outer loop
      vertex 94.6793136597 28.2968044281 88.383644104
      vertex 94.6793136597 30.9374675751 88.7089233398
      vertex 94.6793136597 29.8551902771 92.0748443604
    endloop
  endfacet
  facet normal 1 0 0
    outer loop
      vertex 94.6793136597 21.6389064789 73.9359664917
      vertex 94.6793136597 19.4676971436 72.2332611084
      vertex 94.6793136597 21.5077075958 71.1145095825
    endloop
  endfacet
  facet normal 1 -6.73883619129e-07 -1.35175050673e-05
    outer loop
      vertex 94.6793136597 4.59034109116 74.9151611328
      vertex 94.6793136597 4.63588809967 75.8287811279
      vertex 94.6793136597 4.29281759262 76.6181106567
    endloop
  endfacet
  facet normal 1 6.79700008277e-07 -1.98675957108e-06
    outer loop
      vertex 94.6793136597 40.8783912659 72.3543243408
      vertex 94.6793136597 37.9369735718 73.3467102051
      vertex 94.6793136597 38.6402511597 71.2910308838
    endloop
  endfacet
  facet normal 1 0 -0
    outer loop
      vertex 94.6793136597 10.9411478043 63.3433074951
      vertex 94.6793136597 9.79384326935 65.7119445801
      vertex 94.6793136597 8.79302120209 62.8096733093
    endloop
  endfacet
  facet normal 1 -2.03649619834e-06 2.16897774408e-06
    outer loop
      vertex 94.6793136597 6.98794460297 57.5838890076
      vertex 94.6793136597 4.71291589737 60.0069160461
      vertex 94.6793136597 5.47518825531 56.6566925049
    endloop
  endfacet
  facet normal 1 -3.2922508808e-07 1.83409258625e-06
    outer loop
      vertex 94.6793136597 -8.35901069641 72.8708190918
      vertex 94.6793136597 -5.43658638 72.2917938232
      vertex 94.6793136597 -8.4118976593 73.1654434204
    endloop
  endfacet
  facet normal 1 0 0
    outer loop
      vertex 94.6793136597 30.9856109619 82.7789459229
      vertex 94.6793136597 32.4545516968 80.5447158813
      vertex 94.6793136597 32.7360267639 82.5484924316
    endloop
  endfacet
  facet normal 1 0 0
    outer loop
      vertex 94.6793136597 4.67794418335 75.5599212646
      vertex 94.6793136597 4.59034109116 74.9151611328
      vertex 94.6793136597 4.68134212494 75.5356369019
    endloop
  endfacet
  facet normal 1 -2.01573925551e-06 7.02364957306e-07
    outer loop
      vertex 94.6793136597 13.4744825363 80.1354751587
      vertex 94.6793136597 14.7957000732 82.239616394
      vertex 94.6793136597 12.934346199 80.3236846924
    endloop
  endfacet
  facet normal 1 0 0
    outer loop
      vertex 94.6793136597 27.0778427124 77.3628387451
      vertex 94.6793136597 25.5552062988 74.4519271851
      vertex 94.6793136597 28.4405651093 74.1860961914
    endloop
  endfacet
  facet normal 1 0 -0
    outer loop
      vertex 94.6793136597 34.6216888428 82.4974517822
      vertex 94.6793136597 32.7360267639 82.5484924316
      vertex 94.6793136597 32.4545516968 80.5447158813
    endloop
  endfacet
  facet normal 1 0 0
    outer loop
      vertex 94.6793136597 8.79302120209 62.8096733093
      vertex 94.6793136597 6.54529809952 62.3427047729
      vertex 94.6793136597 7.82896614075 60.4563217163
    endloop
  endfacet
  facet normal 1 0 -0
    outer loop
      vertex 94.6793136597 -0.0969577506185 65.740776062
      vertex 94.6793136597 -2.67781639099 65.7860183716
      vertex 94.6793136597 -1.34496974945 63.7919006348
    endloop
  endfacet
  facet normal 1 0 0
    outer loop
      vertex 94.6793136597 13.1076574326 65.0395355225
      vertex 94.6793136597 15.008430481 62.478679657
      vertex 94.6793136597 16.1904373169 64.6222305298
    endloop
  endfacet
  facet normal 1 2.51631854553e-06 9.30671558308e-06
    outer loop
      vertex 94.6793136597 -8.22261810303 80.1485977173
      vertex 94.6793136597 -7.73166799545 79.9100570679
      vertex 94.6793136597 -8.13819217682 80.4608459473
    endloop
  endfacet
  facet normal 1 -1.37766892294e-06 5.70427846469e-06
    outer loop
      vertex 94.6793136597 17.7071437836 76.4904937744
      vertex 94.6793136597 17.1760082245 78.6896743774
      vertex 94.6793136597 16.6097259521 77.2821350098
    endloop
  endfacet
  facet normal 1 0 0
    outer loop
      vertex 94.6793136597 -4.68104314804 64.9385147095
      vertex 94.6793136597 -5.26214981079 65.73777771
      vertex 94.6793136597 -5.05444097519 65.4445877075
    endloop
  endfacet
  facet normal 1 0 0
    outer loop
      vertex 94.6793136597 0.97018456459 68.209815979
      vertex 94.6793136597 -0.328386455774 70.5553894043
      vertex 94.6793136597 -1.613910079 68.3199157715
    endloop
  endfacet
  facet normal 1 0 0
    outer loop
      vertex 94.6793136597 34.5483016968 73.6912460327
      vertex 94.6793136597 33.6983680725 76.2482147217
      vertex 94.6793136597 31.4148731232 74.7563323975
    endloop
  endfacet
  facet normal 1 5.18031902175e-06 3.63960316463e-06
    outer loop
      vertex 94.6793136597 1.87091457844 93.582824707
      vertex 94.6793136597 1.74673604965 92.4976882935
      vertex 94.6793136597 2.43944478035 93.9822616577
    endloop
  endfacet
  facet normal 1 2.05557330446e-06 9.53057588049e-06
    outer loop
      vertex 94.6793136597 -8.31643104553 79.7136383057
      vertex 94.6793136597 -7.73166799545 79.9100570679
      vertex 94.6793136597 -8.22261810303 80.1485977173
    endloop
  endfacet
  facet normal 1 0 -0
    outer loop
      vertex 94.6793136597 32.3245658875 71.880241394
      vertex 94.6793136597 30.3370056152 72.9623184204
      vertex 94.6793136597 29.3591556549 71.0239868164
    endloop
  endfacet
  facet normal 1 -0 0
    outer loop
      vertex 94.6793136597 8.55054759979 81.2309951782
      vertex 94.6793136597 10.1501913071 83.5777435303
      vertex 94.6793136597 7.96488952637 84.7205429077
    endloop
  endfacet
  facet normal 1 -4.26583170565e-07 5.70311976844e-06
    outer loop
      vertex 94.6793136597 16.9626235962 74.3261489868
      vertex 94.6793136597 17.7071437836 76.4904937744
      vertex 94.6793136597 16.8427848816 75.9282989502
    endloop
  endfacet
  facet normal 1 0 0
    outer loop
      vertex 94.6793136597 19.3218708038 69.0615081787
      vertex 94.6793136597 21.7721633911 69.0855026245
      vertex 94.6793136597 21.5077075958 71.1145095825
    endloop
  endfacet
  facet normal 1 -2.70055534202e-06 3.66872495761e-06
    outer loop
      vertex 94.6793136597 16.1400318146 78.1828689575
      vertex 94.6793136597 17.1760082245 78.6896743774
      vertex 94.6793136597 15.8457365036 78.5826721191
    endloop
  endfacet
  facet normal 1 0 0
    outer loop
      vertex 94.6793136597 19.3218708038 69.0615081787
      vertex 94.6793136597 17.4372558594 66.6428756714
      vertex 94.6793136597 19.4969539642 66.5189590454
    endloop
  endfacet
  facet normal 1 8.97730114957e-06 1.91172512132e-06
    outer loop
      vertex 94.6793136597 13.2193784714 98.8354568481
      vertex 94.6793136597 14.4733858109 98.5266723633
      vertex 94.6793136597 14.3318252563 99.0723571777
    endloop
  endfacet
  facet normal 1 0 0
    outer loop
      vertex 94.6793136597 12.4330940247 84.5452041626
      vertex 94.6793136597 14.8128480911 85.380317688
      vertex 94.6793136597 13.2276096344 87.0854110718
    endloop
  endfacet
  facet normal 1 -0 0
    outer loop
      vertex 94.6793136597 -3.14386582375 63.1263160706
      vertex 94.6793136597 -1.36469221115 61.4254341125
      vertex 94.6793136597 -3.2690885067 63.2607765198
    endloop
  endfacet
  facet normal 1 0 0
    outer loop
      vertex 94.6793136597 -4.57086706161 64.795135498
      vertex 94.6793136597 -5.26214981079 65.73777771
      vertex 94.6793136597 -4.68104314804 64.9385147095
    endloop
  endfacet
  facet normal 1 0 -0
    outer loop
      vertex 94.6793136597 21.1065196991 99.6039810181
      vertex 94.6793136597 19.2490196228 99.7103271484
      vertex 94.6793136597 21.3830337524 99.5703277588
    endloop
  endfacet
  facet normal 1 0 0
    outer loop
      vertex 94.6793136597 20.2650928497 88.6010971069
      vertex 94.6793136597 21.3190364838 86.6450500488
      vertex 94.6793136597 22.7808895111 88.6783065796
    endloop
  endfacet
  facet normal 1 0 0
    outer loop
      vertex 94.6793136597 11.8933439255 55.9515151978
      vertex 94.6793136597 14.3747854233 58.2899513245
      vertex 94.6793136597 12.0544939041 59.2692489624
    endloop
  endfacet
  facet normal 1 0 0
    outer loop
      vertex 94.6793136597 -4.38630533218 64.5606918335
      vertex 94.6793136597 -5.26214981079 65.73777771
      vertex 94.6793136597 -4.57086706161 64.795135498
    endloop
  endfacet
  facet normal 1 0 0
    outer loop
      vertex 94.6793136597 -3.94295191765 64.0209197998
      vertex 94.6793136597 -5.26214981079 65.73777771
      vertex 94.6793136597 -4.38630533218 64.5606918335
    endloop
  endfacet
  facet normal 1 0 -0
    outer loop
      vertex 94.6793136597 23.6536197662 70.1535797119
      vertex 94.6793136597 21.5077075958 71.1145095825
      vertex 94.6793136597 21.7721633911 69.0855026245
    endloop
  endfacet
  facet normal 1 0 0
    outer loop
      vertex 94.6793136597 5.45231485367 73.4533996582
      vertex 94.6793136597 4.69932508469 71.2622756958
      vertex 94.6793136597 6.86762857437 72.2723999023
    endloop
  endfacet
  facet normal 1 -1.82962457984e-06 1.9661188162e-06
    outer loop
      vertex 94.6793136597 -5.11374521255 68.4036712646
      vertex 94.6793136597 -5.26214981079 65.73777771
      vertex 94.6793136597 -2.67781639099 65.7860183716
    endloop
  endfacet
  facet normal 1 0 0
    outer loop
      vertex 94.6793136597 -1.90510046482 72.9707946777
      vertex 94.6793136597 -2.75610256195 70.552986145
      vertex 94.6793136597 -0.328386455774 70.5553894043
    endloop
  endfacet
  facet normal 1 -0 0
    outer loop
      vertex 94.6793136597 20.2151565552 62.3555335999
      vertex 94.6793136597 20.9817180634 64.898727417
      vertex 94.6793136597 18.7556838989 64.5841598511
    endloop
  endfacet
  facet normal 1 0 -0
    outer loop
      vertex 94.6793136597 25.8011932373 96.5897521973
      vertex 94.6793136597 24.0854110718 97.0638046265
      vertex 94.6793136597 24.5683326721 94.296043396
    endloop
  endfacet
  facet normal 1 0 -0
    outer loop
      vertex 94.6793136597 20.8597774506 99.6308898926
      vertex 94.6793136597 19.2490196228 99.7103271484
      vertex 94.6793136597 21.1065196991 99.6039810181
    endloop
  endfacet
  facet normal 1 0 0
    outer loop
      vertex 94.6793136597 30.3261318207 85.7465896606
      vertex 94.6793136597 30.9856109619 82.7789459229
      vertex 94.6793136597 33.0765304565 84.2875213623
    endloop
  endfacet
  facet normal 1 0 -0
    outer loop
      vertex 94.6793136597 27.8118972778 95.0913543701
      vertex 94.6793136597 25.8011932373 96.5897521973
      vertex 94.6793136597 24.5683326721 94.296043396
    endloop
  endfacet
  facet normal 1 -5.90758827457e-06 1.21235825645e-05
    outer loop
      vertex 94.6793136597 -6.71057462692 68.162361145
      vertex 94.6793136597 -5.98443841934 67.5472183228
      vertex 94.6793136597 -6.89730262756 68.5455703735
    endloop
  endfacet
  facet normal 1 0 0
    outer loop
      vertex 94.6793136597 23.1794605255 65.6863174438
      vertex 94.6793136597 24.9836883545 66.613571167
      vertex 94.6793136597 23.3411159515 67.9428253174
    endloop
  endfacet
  facet normal 1 7.94903917267e-06 2.1649223072e-06
    outer loop
      vertex 94.6793136597 13.1207647324 98.8086013794
      vertex 94.6793136597 14.4733858109 98.5266723633
      vertex 94.6793136597 13.2193784714 98.8354568481
    endloop
  endfacet
  facet normal 1 6.96514644005e-06 4.34884668721e-06
    outer loop
      vertex 94.6793136597 15.3189687729 72.5577163696
      vertex 94.6793136597 16.9626235962 74.3261489868
      vertex 94.6793136597 15.8727893829 73.6456832886
    endloop
  endfacet
  facet normal 1 2.18359377868e-06 3.36661537403e-06
    outer loop
      vertex 94.6793136597 14.4733858109 98.5266723633
      vertex 94.6793136597 13.1207647324 98.8086013794
      vertex 94.6793136597 13.3617563248 96.812789917
    endloop
  endfacet
  facet normal 1 0 -0
    outer loop
      vertex 94.6793136597 20.0974082947 99.6942596436
      vertex 94.6793136597 19.2490196228 99.7103271484
      vertex 94.6793136597 20.8597774506 99.6308898926
    endloop
  endfacet
  facet normal 1 -6.76194713378e-06 1.28473466248e-05
    outer loop
      vertex 94.6793136597 -6.49761724472 67.7577590942
      vertex 94.6793136597 -5.98443841934 67.5472183228
      vertex 94.6793136597 -6.71057462692 68.162361145
    endloop
  endfacet
  facet normal 1 -1.40455904329e-06 -1.6872326114e-06
    outer loop
      vertex 94.6793136597 36.4187431335 61.7796020508
      vertex 94.6793136597 33.694858551 62.1879463196
      vertex 94.6793136597 34.8257751465 59.8660430908
    endloop
  endfacet
  facet normal 1 1.76413792019e-07 -1.88132150925e-06
    outer loop
      vertex 94.6793136597 38.1750602722 79.0475006104
      vertex 94.6793136597 40.7773971558 80.5980529785
      vertex 94.6793136597 37.8893547058 82.094367981
    endloop
  endfacet
  facet normal 1 -0 0
    outer loop
      vertex 94.6793136597 -5.43658638 72.2917938232
      vertex 94.6793136597 -3.97174787521 75.6286239624
      vertex 94.6793136597 -7.82824087143 75.0958328247
    endloop
  endfacet
  facet normal 1 5.03037472299e-06 3.8306056922e-06
    outer loop
      vertex 94.6793136597 0.769319713116 92.7810287476
      vertex 94.6793136597 1.74673604965 92.4976882935
      vertex 94.6793136597 1.44328510761 93.2942428589
    endloop
  endfacet
  facet normal 1 0 0
    outer loop
      vertex 94.6793136597 10.3974657059 86.3113555908
      vertex 94.6793136597 13.2276096344 87.0854110718
      vertex 94.6793136597 11.1681680679 89.7151260376
    endloop
  endfacet
  facet normal 1 3.02080343317e-06 2.93030296916e-07
    outer loop
      vertex 94.6793136597 11.4632520676 98.339881897
      vertex 94.6793136597 10.3310489655 96.5187988281
      vertex 94.6793136597 13.3617563248 96.812789917
    endloop
  endfacet
  facet normal 1 -7.0879946179e-06 1.2981108739e-05
    outer loop
      vertex 94.6793136597 -6.2747168541 67.3495330811
      vertex 94.6793136597 -5.98443841934 67.5472183228
      vertex 94.6793136597 -6.49761724472 67.7577590942
    endloop
  endfacet
  facet normal 1 0 0
    outer loop
      vertex 94.6793136597 26.1665496826 71.5242233276
      vertex 94.6793136597 25.5552062988 74.4519271851
      vertex 94.6793136597 23.6580600739 72.5791931152
    endloop
  endfacet
  facet normal 1 -2.33007585848e-06 -1.29899410695e-06
    outer loop
      vertex 94.6793136597 27.8891391754 54.702457428
      vertex 94.6793136597 29.8718566895 55.807800293
      vertex 94.6793136597 26.4591617584 56.1237983704
    endloop
  endfacet
  facet normal 1 3.81780319003e-06 2.5632859888e-06
    outer loop
      vertex 94.6793136597 -2.94540095329 88.4082260132
      vertex 94.6793136597 -0.347467899323 90.1524887085
      vertex 94.6793136597 -2.03548240662 90.3731613159
    endloop
  endfacet
  facet normal 1 -7.4443955782e-06 1.2738384612e-05
    outer loop
      vertex 94.6793136597 -6.05782413483 66.9784011841
      vertex 94.6793136597 -5.98443841934 67.5472183228
      vertex 94.6793136597 -6.2747168541 67.3495330811
    endloop
  endfacet
  facet normal 1 -1.70566113411e-06 1.98479597202e-06
    outer loop
      vertex 94.6793136597 16.9626235962 74.3261489868
      vertex 94.6793136597 19.2654151917 74.6772079468
      vertex 94.6793136597 17.7071437836 76.4904937744
    endloop
  endfacet
  facet normal 1 5.17486205354e-06 3.7887216422e-06
    outer loop
      vertex 94.6793136597 0.498302698135 92.5826034546
      vertex 94.6793136597 1.74673604965 92.4976882935
      vertex 94.6793136597 0.769319713116 92.7810287476
    endloop
  endfacet
  facet normal 1 2.72605961982e-06 2.68147255156e-06
    outer loop
      vertex 94.6793136597 -5.98443841934 67.5472183228
      vertex 94.6793136597 -5.11374521255 68.4036712646
      vertex 94.6793136597 -6.89730262756 68.5455703735
    endloop
  endfacet
  facet normal 1 -0 0
    outer loop
      vertex 94.6793136597 38.1558303833 69.0956573486
      vertex 94.6793136597 38.6402511597 71.2910308838
      vertex 94.6793136597 35.8624610901 70.9877548218
    endloop
  endfacet
  facet normal 1 0 -0
    outer loop
      vertex 94.6793136597 -1.90510046482 72.9707946777
      vertex 94.6793136597 -3.97174787521 75.6286239624
      vertex 94.6793136597 -5.43658638 72.2917938232
    endloop
  endfacet
  facet normal 1 0 0
    outer loop
      vertex 94.6793136597 14.7957000732 82.239616394
      vertex 94.6793136597 17.1780433655 81.1601333618
      vertex 94.6793136597 18.2039527893 83.0588302612
    endloop
  endfacet
  facet normal 1 0 0
    outer loop
      vertex 94.6793136597 0.122122637928 80.9429397583
      vertex 94.6793136597 3.08432745934 81.6603622437
      vertex 94.6793136597 0.91743761301 83.8307113647
    endloop
  endfacet
  facet normal 1 4.64094000563e-06 3.82503594665e-06
    outer loop
      vertex 94.6793136597 -0.261830866337 91.9561080933
      vertex 94.6793136597 1.74673604965 92.4976882935
      vertex 94.6793136597 0.498302698135 92.5826034546
    endloop
  endfacet
  facet normal 1 0 0
    outer loop
      vertex 94.6793136597 16.0924987793 87.4195709229
      vertex 94.6793136597 18.8139247894 87.0611953735
      vertex 94.6793136597 17.7788791656 89.7681427002
    endloop
  endfacet
  facet normal 1 4.8795091061e-06 5.33531920155e-06
    outer loop
      vertex 94.6793136597 -2.84892630577 89.5731124878
      vertex 94.6793136597 -2.94540095329 88.4082260132
      vertex 94.6793136597 -2.74270343781 89.6892623901
    endloop
  endfacet
  facet normal 1 0 0
    outer loop
      vertex 94.6793136597 25.0172634125 59.4587020874
      vertex 94.6793136597 26.4591617584 56.1237983704
      vertex 94.6793136597 27.2558288574 58.0458106995
    endloop
  endfacet
  facet normal 1 -0 0
    outer loop
      vertex 94.6793136597 1.58179831505 87.7943649292
      vertex 94.6793136597 3.24609184265 89.818862915
      vertex 94.6793136597 -0.347467899323 90.1524887085
    endloop
  endfacet
  facet normal 1 3.02706325783e-06 3.3898725178e-06
    outer loop
      vertex 94.6793136597 1.74673604965 92.4976882935
      vertex 94.6793136597 -0.261830866337 91.9561080933
      vertex 94.6793136597 -0.347467899323 90.1524887085
    endloop
  endfacet
  facet normal 1 0 0
    outer loop
      vertex 94.6793136597 19.3218708038 69.0615081787
      vertex 94.6793136597 19.4969539642 66.5189590454
      vertex 94.6793136597 21.3446960449 67.208984375
    endloop
  endfacet
  facet normal 1 -1.27872453959e-06 2.97123301607e-06
    outer loop
      vertex 94.6793136597 -7.25736188889 69.3419647217
      vertex 94.6793136597 -7.10169172287 68.980255127
      vertex 94.6793136597 -5.11374521255 68.4036712646
    endloop
  endfacet
  facet normal 1 2.11249857784e-06 -2.00213253265e-06
    outer loop
      vertex 94.6793136597 34.8257827759 92.5335693359
      vertex 94.6793136597 32.7220153809 94.5274276733
      vertex 94.6793136597 32.5506782532 92.2427749634
    endloop
  endfacet
  facet normal 1 4.86090948471e-06 5.11074085807e-06
    outer loop
      vertex 94.6793136597 -3.45184898376 88.9392089844
      vertex 94.6793136597 -2.94540095329 88.4082260132
      vertex 94.6793136597 -2.84892630577 89.5731124878
    endloop
  endfacet
  facet normal 1 -0 0
    outer loop
      vertex 94.6793136597 -8.17068099976 72.0395736694
      vertex 94.6793136597 -7.25736188889 69.3419647217
      vertex 94.6793136597 -8.241106987 72.3441009521
    endloop
  endfacet
  facet normal 1 0 0
    outer loop
      vertex 94.6793136597 17.558259964 62.3255119324
      vertex 94.6793136597 18.8878669739 59.920715332
      vertex 94.6793136597 20.2151565552 62.3555335999
    endloop
  endfacet
  facet normal 1 -2.033916644e-06 4.11057635574e-06
    outer loop
      vertex 94.6793136597 16.5981311798 77.3159942627
      vertex 94.6793136597 17.1760082245 78.6896743774
      vertex 94.6793136597 16.3787345886 77.7593994141
    endloop
  endfacet
  facet normal 1 -0 0
    outer loop
      vertex 94.6793136597 -8.02916431427 71.5242080688
      vertex 94.6793136597 -7.25736188889 69.3419647217
      vertex 94.6793136597 -8.17068099976 72.0395736694
    endloop
  endfacet
  facet normal 1 0 0
    outer loop
      vertex 94.6793136597 23.6536197662 70.1535797119
      vertex 94.6793136597 21.7721633911 69.0855026245
      vertex 94.6793136597 23.3411159515 67.9428253174
    endloop
  endfacet
  facet normal 1 3.96676199443e-07 3.18377988151e-06
    outer loop
      vertex 94.6793136597 -8.61489486694 77.8114929199
      vertex 94.6793136597 -6.99855089188 77.7527923584
      vertex 94.6793136597 -8.57946300507 78.0958786011
    endloop
  endfacet
  facet normal 1 0 -0
    outer loop
      vertex 94.6793136597 21.6639347076 59.6633262634
      vertex 94.6793136597 18.8878669739 59.920715332
      vertex 94.6793136597 19.9769878387 57.0183067322
    endloop
  endfacet
  facet normal 1 -1.67848679666e-06 1.11085228127e-06
    outer loop
      vertex 94.6793136597 4.71291589737 60.0069160461
      vertex 94.6793136597 1.69455647469 58.9247398376
      vertex 94.6793136597 3.13384079933 57.9721984863
    endloop
  endfacet
  facet normal 1 0 0
    outer loop
      vertex 94.6793136597 22.6418190002 75.9915237427
      vertex 94.6793136597 21.6389064789 73.9359664917
      vertex 94.6793136597 23.8277626038 74.8817443848
    endloop
  endfacet
  facet normal 1 -0 0
    outer loop
      vertex 94.6793136597 -7.93907880783 71.20677948
      vertex 94.6793136597 -7.25736188889 69.3419647217
      vertex 94.6793136597 -8.02916431427 71.5242080688
    endloop
  endfacet
  facet normal 1 0 0
    outer loop
      vertex 94.6793136597 35.4848823547 68.1934814453
      vertex 94.6793136597 32.6392364502 67.1770935059
      vertex 94.6793136597 35.574848175 64.8921051025
    endloop
  endfacet
  facet normal 1 4.56165980722e-06 5.42448515262e-06
    outer loop
      vertex 94.6793136597 -3.60007929802 88.7629394531
      vertex 94.6793136597 -2.94540095329 88.4082260132
      vertex 94.6793136597 -3.45184898376 88.9392089844
    endloop
  endfacet
  facet normal 1 0 -0
    outer loop
      vertex 94.6793136597 1.58179831505 87.7943649292
      vertex 94.6793136597 -0.347467899323 90.1524887085
      vertex 94.6793136597 -0.630493342876 86.4232025146
    endloop
  endfacet
  facet normal 1 -0 0
    outer loop
      vertex 94.6793136597 -3.97174787521 75.6286239624
      vertex 94.6793136597 -1.97242641449 78.4439468384
      vertex 94.6793136597 -4.19942474365 77.8907546997
    endloop
  endfacet
  facet normal 1 -0 0
    outer loop
      vertex 94.6793136597 -7.77549123764 70.7054443359
      vertex 94.6793136597 -7.25736188889 69.3419647217
      vertex 94.6793136597 -7.93907880783 71.20677948
    endloop
  endfacet
  facet normal 1 0 -0
    outer loop
      vertex 94.6793136597 35.4848823547 68.1934814453
      vertex 94.6793136597 33.6160087585 69.5563278198
      vertex 94.6793136597 32.6392364502 67.1770935059
    endloop
  endfacet
  facet normal 1 4.6818777264e-06 5.35934987056e-06
    outer loop
      vertex 94.6793136597 -4.11334180832 88.1754074097
      vertex 94.6793136597 -2.94540095329 88.4082260132
      vertex 94.6793136597 -3.60007929802 88.7629394531
    endloop
  endfacet
  facet normal 1 0 0
    outer loop
      vertex 94.6793136597 15.1910171509 66.6712112427
      vertex 94.6793136597 17.4372558594 66.6428756714
      vertex 94.6793136597 15.9492149353 69.1170501709
    endloop
  endfacet
  facet normal 1 0 0
    outer loop
      vertex 94.6793136597 26.5751018524 81.6489105225
      vertex 94.6793136597 24.8773956299 79.5653839111
      vertex 94.6793136597 26.8957691193 79.6114273071
    endloop
  endfacet
  facet normal 1 0 0
    outer loop
      vertex 94.6793136597 17.558259964 62.3255119324
      vertex 94.6793136597 20.2151565552 62.3555335999
      vertex 94.6793136597 18.7556838989 64.5841598511
    endloop
  endfacet
  facet normal 1 4.03486183131e-06 5.23037215316e-06
    outer loop
      vertex 94.6793136597 -4.29267644882 87.9429321289
      vertex 94.6793136597 -2.94540095329 88.4082260132
      vertex 94.6793136597 -4.11334180832 88.1754074097
    endloop
  endfacet
  facet normal 1 -1.87431840004e-06 -1.27307032471e-06
    outer loop
      vertex 94.6793136597 29.8718566895 55.807800293
      vertex 94.6793136597 32.014213562 57.262928009
      vertex 94.6793136597 30.5219078064 59.0073280334
    endloop
  endfacet
  facet normal 1 2.97013389172e-06 2.6484983664e-06
    outer loop
      vertex 94.6793136597 -1.22494995594 91.1104736328
      vertex 94.6793136597 -0.347467899323 90.1524887085
      vertex 94.6793136597 -0.395661920309 91.8499603271
    endloop
  endfacet
  facet normal 1 -0 -0
    outer loop
      vertex 94.6793136597 24.2958374023 53.4340286255
      vertex 94.6793136597 26.0078372955 53.9948196411
      vertex 94.6793136597 23.1345291138 53.1426277161
    endloop
  endfacet
  facet normal 1 0 -0
    outer loop
      vertex 94.6793136597 19.3218708038 69.0615081787
      vertex 94.6793136597 15.9492149353 69.1170501709
      vertex 94.6793136597 17.4372558594 66.6428756714
    endloop
  endfacet
  facet normal 1 0 0
    outer loop
      vertex 94.6793136597 9.79384326935 65.7119445801
      vertex 94.6793136597 13.1076574326 65.0395355225
      vertex 94.6793136597 11.5961265564 68.3151397705
    endloop
  endfacet
  facet normal 1 2.28163187899e-07 3.18989964398e-06
    outer loop
      vertex 94.6793136597 -8.61489486694 77.8114929199
      vertex 94.6793136597 -8.65389728546 77.266204834
      vertex 94.6793136597 -6.99855089188 77.7527923584
    endloop
  endfacet
  facet normal 1 0 0
    outer loop
      vertex 94.6793136597 23.801864624 82.7880172729
      vertex 94.6793136597 23.5793781281 85.8288269043
      vertex 94.6793136597 21.9820289612 84.4756393433
    endloop
  endfacet
  facet normal 1 0 -0
    outer loop
      vertex 94.6793136597 16.2026252747 60.0065460205
      vertex 94.6793136597 13.916138649 60.2599525452
      vertex 94.6793136597 14.3747854233 58.2899513245
    endloop
  endfacet
  facet normal 1 0 0
    outer loop
      vertex 94.6793136597 17.3600788116 99.6282348633
      vertex 94.6793136597 19.2490196228 99.7103271484
      vertex 94.6793136597 17.7084980011 99.6639328003
    endloop
  endfacet
  facet normal 1 0 -0
    outer loop
      vertex 94.6793136597 23.2537593842 62.7115707397
      vertex 94.6793136597 20.9817180634 64.898727417
      vertex 94.6793136597 20.2151565552 62.3555335999
    endloop
  endfacet
  facet normal 1 -4.97457631354e-06 3.48581147591e-06
    outer loop
      vertex 94.6793136597 15.8457365036 78.5826721191
      vertex 94.6793136597 17.1760082245 78.6896743774
      vertex 94.6793136597 15.4706497192 79.8846664429
    endloop
  endfacet
  facet normal 1 1.08247616026e-06 -8.77105833297e-07
    outer loop
      vertex 94.6793136597 32.7220153809 94.5274276733
      vertex 94.6793136597 31.4259681702 95.577583313
      vertex 94.6793136597 29.8551902771 92.0748443604
    endloop
  endfacet
  facet normal 1 0 0
    outer loop
      vertex 94.6793136597 19.3218708038 69.0615081787
      vertex 94.6793136597 21.3446960449 67.208984375
      vertex 94.6793136597 21.7721633911 69.0855026245
    endloop
  endfacet
  facet normal 1 2.35657651615e-07 3.19210266753e-06
    outer loop
      vertex 94.6793136597 -8.65389728546 77.266204834
      vertex 94.6793136597 -8.67456245422 76.986289978
      vertex 94.6793136597 -6.99855089188 77.7527923584
    endloop
  endfacet
  facet normal 1 0 0
    outer loop
      vertex 94.6793136597 -2.94540095329 88.4082260132
      vertex 94.6793136597 -0.630493342876 86.4232025146
      vertex 94.6793136597 -0.347467899323 90.1524887085
    endloop
  endfacet
  facet normal 1 0 0
    outer loop
      vertex 94.6793136597 -2.40833854675 81.2032012939
      vertex 94.6793136597 -4.88082361221 79.9481124878
      vertex 94.6793136597 -1.97242641449 78.4439468384
    endloop
  endfacet
  facet normal 1 2.88565888695e-06 2.74072363027e-06
    outer loop
      vertex 94.6793136597 -1.36245393753 90.9798812866
      vertex 94.6793136597 -0.347467899323 90.1524887085
      vertex 94.6793136597 -1.22494995594 91.1104736328
    endloop
  endfacet
  facet normal 1 1.30098840145e-07 5.81743870498e-06
    outer loop
      vertex 94.6793136597 -8.68678474426 76.4397354126
      vertex 94.6793136597 -7.82824087143 75.0958328247
      vertex 94.6793136597 -8.67456245422 76.986289978
    endloop
  endfacet
  facet normal 1 0 0
    outer loop
      vertex 94.6793136597 25.9912757874 61.9698791504
      vertex 94.6793136597 25.3326854706 64.5070114136
      vertex 94.6793136597 23.2537593842 62.7115707397
    endloop
  endfacet
  facet normal 1 2.98212262351e-06 2.66208871835e-06
    outer loop
      vertex 94.6793136597 -1.98373699188 90.4252700806
      vertex 94.6793136597 -0.347467899323 90.1524887085
      vertex 94.6793136597 -1.36245393753 90.9798812866
    endloop
  endfacet
  facet normal 1 2.69174211098e-06 2.71049839284e-06
    outer loop
      vertex 94.6793136597 -2.03548240662 90.3731613159
      vertex 94.6793136597 -0.347467899323 90.1524887085
      vertex 94.6793136597 -1.98373699188 90.4252700806
    endloop
  endfacet
  facet normal 1 2.3934417186e-06 3.69449821847e-07
    outer loop
      vertex 94.6793136597 19.2490196228 99.7103271484
      vertex 94.6793136597 17.9729919434 97.353553772
      vertex 94.6793136597 20.2933006287 97.7117156982
    endloop
  endfacet
  facet normal 1 0 -0
    outer loop
      vertex 94.6793136597 32.6392364502 67.1770935059
      vertex 94.6793136597 29.6232395172 68.2129974365
      vertex 94.6793136597 30.1823768616 65.1895599365
    endloop
  endfacet
  facet normal 1 0 0
    outer loop
      vertex 94.6793136597 9.79384326935 65.7119445801
      vertex 94.6793136597 10.9411478043 63.3433074951
      vertex 94.6793136597 13.1076574326 65.0395355225
    endloop
  endfacet
  facet normal 1 1.34147967401e-07 5.8111004364e-06
    outer loop
      vertex 94.6793136597 -8.69320011139 76.1618347168
      vertex 94.6793136597 -7.82824087143 75.0958328247
      vertex 94.6793136597 -8.68678474426 76.4397354126
    endloop
  endfacet
  facet normal 1 0 0
    outer loop
      vertex 94.6793136597 27.3749370575 66.4931259155
      vertex 94.6793136597 25.3326854706 64.5070114136
      vertex 94.6793136597 27.9429035187 63.399559021
    endloop
  endfacet
  facet normal 1 0 0
    outer loop
      vertex 94.6793136597 -6.89582014084 83.8431015015
      vertex 94.6793136597 -6.46619796753 84.6859207153
      vertex 94.6793136597 -6.68959188461 84.2785263062
    endloop
  endfacet
  facet normal 1 2.71119370154e-06 3.61926453252e-08
    outer loop
      vertex 94.6793136597 -7.73166799545 79.9100570679
      vertex 94.6793136597 -4.88082361221 79.9481124878
      vertex 94.6793136597 -7.73695230484 81.8166656494
    endloop
  endfacet
  facet normal 1 -0 0
    outer loop
      vertex 94.6793136597 25.9912757874 61.9698791504
      vertex 94.6793136597 27.9429035187 63.399559021
      vertex 94.6793136597 25.3326854706 64.5070114136
    endloop
  endfacet
  facet normal 1 -1.66959978287e-07 6.1821961026e-06
    outer loop
      vertex 94.6793136597 -8.67838096619 75.6131057739
      vertex 94.6793136597 -7.82824087143 75.0958328247
      vertex 94.6793136597 -8.69320011139 76.1618347168
    endloop
  endfacet
  facet normal 1 0 0
    outer loop
      vertex 94.6793136597 12.0544939041 59.2692489624
      vertex 94.6793136597 14.3747854233 58.2899513245
      vertex 94.6793136597 13.916138649 60.2599525452
    endloop
  endfacet
  facet normal 1 0 0
    outer loop
      vertex 94.6793136597 19.914894104 78.5251464844
      vertex 94.6793136597 22.7033977509 78.0000534058
      vertex 94.6793136597 22.0107383728 80.3917388916
    endloop
  endfacet
  facet normal 1 -2.2047040602e-06 3.91129788113e-06
    outer loop
      vertex 94.6793136597 16.3787345886 77.7593994141
      vertex 94.6793136597 17.1760082245 78.6896743774
      vertex 94.6793136597 16.1400318146 78.1828689575
    endloop
  endfacet
  facet normal 1 -1.72517118813e-07 6.1855776039e-06
    outer loop
      vertex 94.6793136597 -8.67058181763 75.3334655762
      vertex 94.6793136597 -7.82824087143 75.0958328247
      vertex 94.6793136597 -8.67838096619 75.6131057739
    endloop
  endfacet
  facet normal 1 -1.00256784208e-06 3.49803303834e-06
    outer loop
      vertex 94.6793136597 14.7957000732 82.239616394
      vertex 94.6793136597 13.98716259 79.9045333862
      vertex 94.6793136597 15.4706497192 79.8846664429
    endloop
  endfacet
  facet normal 1 0 0
    outer loop
      vertex 94.6793136597 -7.08216571808 83.4626159668
      vertex 94.6793136597 -6.46619796753 84.6859207153
      vertex 94.6793136597 -6.89582014084 83.8431015015
    endloop
  endfacet
  facet normal 1 0 0
    outer loop
      vertex 94.6793136597 3.40165543556 84.587600708
      vertex 94.6793136597 5.71931171417 82.9981231689
      vertex 94.6793136597 5.69445371628 85.9740219116
    endloop
  endfacet
  facet normal 1 0 0
    outer loop
      vertex 94.6793136597 -7.27599620819 83.0000152588
      vertex 94.6793136597 -6.46619796753 84.6859207153
      vertex 94.6793136597 -7.08216571808 83.4626159668
    endloop
  endfacet
  facet normal 1 0 0
    outer loop
      vertex 94.6793136597 33.6077766418 78.4301376343
      vertex 94.6793136597 33.6983680725 76.2482147217
      vertex 94.6793136597 35.7771759033 77.4555587769
    endloop
  endfacet
  facet normal 1 0 0
    outer loop
      vertex 94.6793136597 19.781463623 84.9655303955
      vertex 94.6793136597 20.9048271179 82.7939987183
      vertex 94.6793136597 21.9820289612 84.4756393433
    endloop
  endfacet
  facet normal 1 -0 0
    outer loop
      vertex 94.6793136597 6.56865119934 69.4484176636
      vertex 94.6793136597 6.86762857437 72.2723999023
      vertex 94.6793136597 4.69932508469 71.2622756958
    endloop
  endfacet
  facet normal 1 -0 0
    outer loop
      vertex 94.6793136597 31.4148731232 74.7563323975
      vertex 94.6793136597 31.5184879303 77.7917480469
      vertex 94.6793136597 29.3157958984 76.7337036133
    endloop
  endfacet
  facet normal 1 0 0
    outer loop
      vertex 94.6793136597 20.2933006287 97.7117156982
      vertex 94.6793136597 19.5358638763 95.4499740601
      vertex 94.6793136597 21.9962654114 96.2581634521
    endloop
  endfacet
  facet normal 1 0 0
    outer loop
      vertex 94.6793136597 11.5961265564 68.3151397705
      vertex 94.6793136597 10.8366308212 71.1269073486
      vertex 94.6793136597 9.2179517746 68.8408050537
    endloop
  endfacet
  facet normal 1 0 0
    outer loop
      vertex 94.6793136597 27.0778427124 77.3628387451
      vertex 94.6793136597 26.8957691193 79.6114273071
      vertex 94.6793136597 24.8773956299 79.5653839111
    endloop
  endfacet
  facet normal 1 5.95630410771e-07 2.01724105864e-06
    outer loop
      vertex 94.6793136597 -6.46619796753 84.6859207153
      vertex 94.6793136597 -4.45283889771 82.8258132935
      vertex 94.6793136597 -3.59471225739 85.7320556641
    endloop
  endfacet
  facet normal 1 0 0
    outer loop
      vertex 94.6793136597 19.781463623 84.9655303955
      vertex 94.6793136597 18.8139247894 87.0611953735
      vertex 94.6793136597 17.1730308533 85.2001647949
    endloop
  endfacet
  facet normal 1 0 0
    outer loop
      vertex 94.6793136597 15.6907215118 92.16355896
      vertex 94.6793136597 12.9690856934 92.0648803711
      vertex 94.6793136597 14.4449090958 89.6583404541
    endloop
  endfacet
  facet normal 1 0 0
    outer loop
      vertex 94.6793136597 15.6907215118 92.16355896
      vertex 94.6793136597 18.5350875854 92.7166976929
      vertex 94.6793136597 16.3964099884 95.0010910034
    endloop
  endfacet
  facet normal 1 0 0
    outer loop
      vertex 94.6793136597 -5.51415014267 86.2734375
      vertex 94.6793136597 -4.92982816696 87.1131820679
      vertex 94.6793136597 -5.30004262924 86.6069641113
    endloop
  endfacet
  facet normal 1 0 -0
    outer loop
      vertex 94.6793136597 17.4372558594 66.6428756714
      vertex 94.6793136597 15.1910171509 66.6712112427
      vertex 94.6793136597 16.1904373169 64.6222305298
    endloop
  endfacet
  facet normal 1 0 0
    outer loop
      vertex 94.6793136597 19.4676971436 72.2332611084
      vertex 94.6793136597 17.4784832001 71.3900299072
      vertex 94.6793136597 19.3218708038 69.0615081787
    endloop
  endfacet
  facet normal 1 0 0
    outer loop
      vertex 94.6793136597 1.40078902245 77.9370040894
      vertex 94.6793136597 2.32997393608 75.1841430664
      vertex 94.6793136597 4.29281759262 76.6181106567
    endloop
  endfacet
  facet normal 1 -0 0
    outer loop
      vertex 94.6793136597 23.5793781281 85.8288269043
      vertex 94.6793136597 25.5642967224 87.7497558594
      vertex 94.6793136597 22.7808895111 88.6783065796
    endloop
  endfacet
  facet normal 1 0 -0
    outer loop
      vertex 94.6793136597 18.8878669739 59.920715332
      vertex 94.6793136597 16.2026252747 60.0065460205
      vertex 94.6793136597 17.054189682 57.4102096558
    endloop
  endfacet
  facet normal 1 0 0
    outer loop
      vertex 94.6793136597 -5.82774734497 85.8019714355
      vertex 94.6793136597 -4.92982816696 87.1131820679
      vertex 94.6793136597 -5.51415014267 86.2734375
    endloop
  endfacet
  facet normal 1 1.84434065886e-06 -1.18220998502e-06
    outer loop
      vertex 94.6793136597 27.8118972778 95.0913543701
      vertex 94.6793136597 31.4259681702 95.577583313
      vertex 94.6793136597 29.5889205933 96.7551193237
    endloop
  endfacet
  facet normal 1 0 -0
    outer loop
      vertex 94.6793136597 15.9492149353 69.1170501709
      vertex 94.6793136597 13.199640274 71.224319458
      vertex 94.6793136597 13.7440538406 67.9860534668
    endloop
  endfacet
  facet normal 1 0 0
    outer loop
      vertex 94.6793136597 -6.01893234253 85.4750137329
      vertex 94.6793136597 -4.92982816696 87.1131820679
      vertex 94.6793136597 -5.82774734497 85.8019714355
    endloop
  endfacet
  facet normal 1 0 0
    outer loop
      vertex 94.6793136597 -4.88082361221 79.9481124878
      vertex 94.6793136597 -4.19942474365 77.8907546997
      vertex 94.6793136597 -1.97242641449 78.4439468384
    endloop
  endfacet
  facet normal 1 0 -0
    outer loop
      vertex 94.6793136597 14.4449090958 89.6583404541
      vertex 94.6793136597 11.1681680679 89.7151260376
      vertex 94.6793136597 13.2276096344 87.0854110718
    endloop
  endfacet
  facet normal 1 0 0
    outer loop
      vertex 94.6793136597 20.7000541687 90.7655487061
      vertex 94.6793136597 22.7808895111 88.6783065796
      vertex 94.6793136597 23.1953735352 91.3759765625
    endloop
  endfacet
  facet normal 1 0 0
    outer loop
      vertex 94.6793136597 28.4405651093 74.1860961914
      vertex 94.6793136597 29.3591556549 71.0239868164
      vertex 94.6793136597 30.3370056152 72.9623184204
    endloop
  endfacet
  facet normal 1 0 0
    outer loop
      vertex 94.6793136597 25.5642967224 87.7497558594
      vertex 94.6793136597 24.3827915192 89.7359390259
      vertex 94.6793136597 22.7808895111 88.6783065796
    endloop
  endfacet
  facet normal 1 0 -0
    outer loop
      vertex 94.6793136597 16.3964099884 95.0010910034
      vertex 94.6793136597 13.3617563248 96.812789917
      vertex 94.6793136597 14.0555438995 94.0337295532
    endloop
  endfacet
  facet normal 1 0 0
    outer loop
      vertex 94.6793136597 10.9411478043 63.3433074951
      vertex 94.6793136597 12.5760154724 62.0066757202
      vertex 94.6793136597 13.1076574326 65.0395355225
    endloop
  endfacet
  facet normal 1 0 0
    outer loop
      vertex 94.6793136597 17.4372558594 66.6428756714
      vertex 94.6793136597 16.1904373169 64.6222305298
      vertex 94.6793136597 18.7556838989 64.5841598511
    endloop
  endfacet
  facet normal 1 0 -0
    outer loop
      vertex 94.6793136597 30.3261318207 85.7465896606
      vertex 94.6793136597 27.7386569977 86.0553970337
      vertex 94.6793136597 28.3465976715 83.416847229
    endloop
  endfacet
  facet normal 1 -0 0
    outer loop
      vertex 94.6793136597 27.7386569977 86.0553970337
      vertex 94.6793136597 28.2968044281 88.383644104
      vertex 94.6793136597 25.5642967224 87.7497558594
    endloop
  endfacet
endsolid "corpo-base"
