solid "colo-endo"
  facet normal 0.0304335020483 0.65865033865 0.751833438873
    outer loop
      vertex 102.97479248 10.6547336578 74.2144851685
      vertex 102.702224731 10.4616603851 74.006690979
      vertex 129.99609375 11.5631752014 74.0029067993
    endloop
  endfacet
  facet normal 0.0311994962394 0.620647728443 0.783468604088
    outer loop
      vertex 129.99609375 11.5631752014 74.0029067993
      vertex 103.013183594 10.6820335388 74.2470169067
      vertex 102.97479248 10.6547336578 74.2144851685
    endloop
  endfacet
  facet normal -0.0347647592425 0.666190266609 0.744971096516
    outer loop
      vertex 101.492385864 10.8973140717 74.4083938599
      vertex 102.97479248 10.6547336578 74.2144851685
      vertex 103.013183594 10.6820335388 74.2470169067
    endloop
  endfacet
  facet normal -0.0501667559147 0.596171736717 0.801288068295
    outer loop
      vertex 101.492385864 10.8973140717 74.4083938599
      vertex 103.013183594 10.6820335388 74.2470169067
      vertex 101.527053833 10.9191265106 74.4406280518
    endloop
  endfacet
  facet normal -0.182084336877 0.677831828594 0.71231263876
    outer loop
      vertex 100.036743164 11.3131971359 74.4544067383
      vertex 101.492385864 10.8973140717 74.4083938599
      vertex 101.527053833 10.9191265106 74.4406280518
    endloop
  endfacet
  facet normal -0.197046130896 0.611187696457 0.766565382481
    outer loop
      vertex 100.036743164 11.3131971359 74.4544067383
      vertex 101.527053833 10.9191265106 74.4406280518
      vertex 100.0677948 11.3321456909 74.4881820679
    endloop
  endfacet
  facet normal -0.325706273317 0.672332465649 0.664743900299
    outer loop
      vertex 98.6412506104 11.8928489685 74.3514785767
      vertex 100.036743164 11.3131971359 74.4544067383
      vertex 100.0677948 11.3321456909 74.4881820679
    endloop
  endfacet
  facet normal -0.339098215103 0.613538265228 0.713150203228
    outer loop
      vertex 98.6412506104 11.8928489685 74.3514785767
      vertex 100.0677948 11.3321456909 74.4881820679
      vertex 98.6689910889 11.9115829468 74.3885879517
    endloop
  endfacet
  facet normal -0.46229454875 0.650070667267 0.603068709373
    outer loop
      vertex 97.3379364014 12.6229705811 74.1019668579
      vertex 98.6412506104 11.8928489685 74.3514785767
      vertex 98.6689910889 11.9115829468 74.3885879517
    endloop
  endfacet
  facet normal -0.473301917315 0.602132499218 0.642978787422
    outer loop
      vertex 97.3379364014 12.6229705811 74.1019668579
      vertex 98.6689910889 11.9115829468 74.3885879517
      vertex 97.3628692627 12.6440925598 74.1441192627
    endloop
  endfacet
  facet normal -0.588409841061 0.612514019012 0.527826189995
    outer loop
      vertex 96.1566772461 13.4868106842 73.7115936279
      vertex 97.3379364014 12.6229705811 74.1019668579
      vertex 97.3628692627 12.6440925598 74.1441192627
    endloop
  endfacet
  facet normal -0.596776306629 0.576194763184 0.558442115784
    outer loop
      vertex 96.1566772461 13.4868106842 73.7115936279
      vertex 97.3628692627 12.6440925598 74.1441192627
      vertex 96.1794891357 13.5128126144 73.7604217529
    endloop
  endfacet
  facet normal -0.700836539268 0.561622679234 0.439781934023
    outer loop
      vertex 95.1245880127 14.4645576477 73.1893081665
      vertex 96.1566772461 13.4868106842 73.7115936279
      vertex 96.1794891357 13.5128126144 73.7604217529
    endloop
  endfacet
  facet normal -0.706831872463 0.535673737526 0.461998254061
    outer loop
      vertex 95.1245880127 14.4645576477 73.1893081665
      vertex 96.1794891357 13.5128126144 73.7604217529
      vertex 95.1461029053 14.4977474213 73.2463226318
    endloop
  endfacet
  facet normal -0.796843707561 0.498998492956 0.340647310019
    outer loop
      vertex 95.1245880127 14.4645576477 73.1893081665
      vertex 95.1461029053 14.4977474213 73.2463226318
      vertex 94.6793136597 15.0186462402 72.8565063477
    endloop
  endfacet
  facet normal -0.793640077114 0.510267615318 0.331304132938
    outer loop
      vertex 95.1245880127 14.4645576477 73.1893081665
      vertex 94.6793136597 15.0186462402 72.8565063477
      vertex 94.6793136597 14.7997379303 72.7143707275
    endloop
  endfacet
  facet normal -0.792870283127 0.524996936321 0.309410631657
    outer loop
      vertex 94.9702758789 14.2211837769 72.8128204346
      vertex 95.1245880127 14.4645576477 73.1893081665
      vertex 94.6793136597 14.7997379303 72.7143707275
    endloop
  endfacet
  facet normal -0.792870044708 0.524997413158 0.30941042304
    outer loop
      vertex 94.9702758789 14.2211837769 72.8128204346
      vertex 94.6793136597 14.7997379303 72.7143707275
      vertex 94.6793136597 14.5623207092 72.5744476318
    endloop
  endfacet
  facet normal -0.783614873886 0.553901731968 0.281319469213
    outer loop
      vertex 94.9702758789 14.2211837769 72.8128204346
      vertex 94.6793136597 14.5623207092 72.5744476318
      vertex 94.6793136597 14.4056825638 72.4948959351
    endloop
  endfacet
  facet normal -0.782596349716 0.566723227501 0.257619440556
    outer loop
      vertex 94.7973480225 13.9377346039 72.4451751709
      vertex 94.9702758789 14.2211837769 72.8128204346
      vertex 94.6793136597 14.4056825638 72.4948959351
    endloop
  endfacet
  facet normal -0.782595932484 0.566723763943 0.257619410753
    outer loop
      vertex 94.7973480225 13.9377346039 72.4451751709
      vertex 94.6793136597 14.4056825638 72.4948959351
      vertex 94.6793136597 14.0669326782 72.3409042358
    endloop
  endfacet
  facet normal -0.772915661335 0.591977477074 0.228394493461
    outer loop
      vertex 94.7973480225 13.9377346039 72.4451751709
      vertex 94.6793136597 14.0669326782 72.3409042358
      vertex 94.6793136597 13.9980163574 72.3143157959
    endloop
  endfacet
  facet normal -0.771790742874 0.602442800999 0.203474119306
    outer loop
      vertex 94.7973480225 13.9377346039 72.4451751709
      vertex 94.6793136597 13.9980163574 72.3143157959
      vertex 94.6793136597 13.7366399765 72.2260360718
    endloop
  endfacet
  facet normal -0.679767847061 0.659891366959 0.320092171431
    outer loop
      vertex 95.810333252 13.0664997101 73.0660629272
      vertex 94.7973480225 13.9377346039 72.4451751709
      vertex 94.6793136597 13.7366399765 72.2260360718
    endloop
  endfacet
  facet normal -0.679767906666 0.659891247749 0.320092380047
    outer loop
      vertex 95.810333252 13.0664997101 73.0660629272
      vertex 94.6793136597 13.7366399765 72.2260360718
      vertex 94.6793136597 13.5769815445 72.1485900879
    endloop
  endfacet
  facet normal -0.678127765656 0.67755818367 0.284706294537
    outer loop
      vertex 95.6076049805 12.79961586 72.7510223389
      vertex 95.810333252 13.0664997101 73.0660629272
      vertex 94.6793136597 13.5769815445 72.1485900879
    endloop
  endfacet
  facet normal -0.678126692772 0.677560567856 0.284703195095
    outer loop
      vertex 95.6076049805 12.79961586 72.7510223389
      vertex 94.6793136597 13.5769815445 72.1485900879
      vertex 94.6793136597 13.5504922867 72.1374588013
    endloop
  endfacet
  facet normal -0.669244587421 0.696817219257 0.257987320423
    outer loop
      vertex 95.6076049805 12.79961586 72.7510223389
      vertex 94.6793136597 13.5504922867 72.1374588013
      vertex 94.6793136597 13.1325407028 71.9827194214
    endloop
  endfacet
  facet normal -0.667672395706 0.710769414902 0.221405550838
    outer loop
      vertex 95.3844146729 12.4895544052 72.4447784424
      vertex 95.6076049805 12.79961586 72.7510223389
      vertex 94.6793136597 13.1325407028 71.9827194214
    endloop
  endfacet
  facet normal -0.667672157288 0.710769832134 0.221405014396
    outer loop
      vertex 95.3844146729 12.4895544052 72.4447784424
      vertex 94.6793136597 13.1325407028 71.9827194214
      vertex 94.6793136597 13.0199460983 71.9476470947
    endloop
  endfacet
  facet normal -0.658546984196 0.727116405964 0.193952485919
    outer loop
      vertex 95.3844146729 12.4895544052 72.4447784424
      vertex 94.6793136597 13.0199460983 71.9476470947
      vertex 94.6793136597 12.6787843704 71.8566436768
    endloop
  endfacet
  facet normal -0.657101809978 0.737266004086 0.157022282481
    outer loop
      vertex 95.1452636719 12.1397018433 72.157119751
      vertex 95.3844146729 12.4895544052 72.4447784424
      vertex 94.6793136597 12.6787843704 71.8566436768
    endloop
  endfacet
  facet normal -0.657101869583 0.737265944481 0.157022356987
    outer loop
      vertex 95.1452636719 12.1397018433 72.157119751
      vertex 94.6793136597 12.6787843704 71.8566436768
      vertex 94.6793136597 12.4616603851 71.8104019165
    endloop
  endfacet
  facet normal -0.647690296173 0.750963568687 0.128650605679
    outer loop
      vertex 95.1452636719 12.1397018433 72.157119751
      vertex 94.6793136597 12.4616603851 71.8104019165
      vertex 94.6793136597 12.2176399231 71.7686004639
    endloop
  endfacet
  facet normal -0.64671510458 0.75718832016 0.0917901173234
    outer loop
      vertex 94.885848999 11.7412595749 71.8872528076
      vertex 95.1452636719 12.1397018433 72.157119751
      vertex 94.6793136597 12.2176399231 71.7686004639
    endloop
  endfacet
  facet normal -0.646714389324 0.757188975811 0.0917896553874
    outer loop
      vertex 94.885848999 11.7412595749 71.8872528076
      vertex 94.6793136597 12.2176399231 71.7686004639
      vertex 94.6793136597 11.8700809479 71.7264633179
    endloop
  endfacet
  facet normal -0.637062191963 0.768276333809 0.0624758079648
    outer loop
      vertex 94.885848999 11.7412595749 71.8872528076
      vertex 94.6793136597 11.8700809479 71.7264633179
      vertex 94.6793136597 11.7564439774 71.7172241211
    endloop
  endfacet
  facet normal -0.636490762234 0.770849704742 0.0258883889765
    outer loop
      vertex 94.885848999 11.7412595749 71.8872528076
      vertex 94.6793136597 11.7564439774 71.7172241211
      vertex 94.6793136597 11.4110994339 71.7056274414
    endloop
  endfacet
  facet normal -0.535399496555 0.835355579853 0.124613277614
    outer loop
      vertex 95.9646759033 11.1581039429 72.4917068481
      vertex 94.885848999 11.7412595749 71.8872528076
      vertex 94.6793136597 11.4110994339 71.7056274414
    endloop
  endfacet
  facet normal -0.53539955616 0.835355341434 0.124614425004
    outer loop
      vertex 95.9646759033 11.1581039429 72.4917068481
      vertex 94.6793136597 11.4110994339 71.7056274414
      vertex 94.6793136597 11.2964830399 71.6885299683
    endloop
  endfacet
  facet normal -0.534200310707 0.842067062855 0.0745188221335
    outer loop
      vertex 95.672668457 10.7829656601 72.2732620239
      vertex 95.9646759033 11.1581039429 72.4917068481
      vertex 94.6793136597 11.2964830399 71.6885299683
    endloop
  endfacet
  facet normal -0.534196913242 0.842070162296 0.0745086371899
    outer loop
      vertex 95.672668457 10.7829656601 72.2732620239
      vertex 94.6793136597 11.2964830399 71.6885299683
      vertex 94.6793136597 11.2707290649 71.6862487793
    endloop
  endfacet
  facet normal -0.526548445225 0.848610281944 0.0510613135993
    outer loop
      vertex 95.672668457 10.7829656601 72.2732620239
      vertex 94.6793136597 11.2707290649 71.6862487793
      vertex 94.6793136597 10.8159923553 71.6588897705
    endloop
  endfacet
  facet normal -0.52604919672 0.850452244282 0.00178060075268
    outer loop
      vertex 95.3677825928 10.3728895187 72.0838165283
      vertex 95.672668457 10.7829656601 72.2732620239
      vertex 94.6793136597 10.8159923553 71.6588897705
    endloop
  endfacet
  facet normal -0.526049315929 0.850452184677 0.00178076152224
    outer loop
      vertex 95.3677825928 10.3728895187 72.0838165283
      vertex 94.6793136597 10.8159923553 71.6588897705
      vertex 94.6793136597 10.6732664108 71.6585922241
    endloop
  endfacet
  facet normal -0.520677268505 0.853621482849 -0.0150185693055
    outer loop
      vertex 95.3677825928 10.3728895187 72.0838165283
      vertex 94.6793136597 10.6732664108 71.6585922241
      vertex 94.6793136597 10.4103746414 71.6632156372
    endloop
  endfacet
  facet normal -0.517969846725 0.853250682354 -0.0605843253434
    outer loop
      vertex 95.1291046143 10.0392303467 71.9626159668
      vertex 95.3677825928 10.3728895187 72.0838165283
      vertex 94.6793136597 10.4103746414 71.6632156372
    endloop
  endfacet
  facet normal -0.517970085144 0.853250622749 -0.0605839788914
    outer loop
      vertex 95.1291046143 10.0392303467 71.9626159668
      vertex 94.6793136597 10.4103746414 71.6632156372
      vertex 94.6793136597 10.2152004242 71.6770706177
    endloop
  endfacet
  facet normal -0.512367427349 0.855209171772 -0.0780828297138
    outer loop
      vertex 95.1291046143 10.0392303467 71.9626159668
      vertex 94.6793136597 10.2152004242 71.6770706177
      vertex 94.6793136597 9.99763202667 71.696937561
    endloop
  endfacet
  facet normal -0.513130247593 0.84924018383 -0.124452657998
    outer loop
      vertex 94.814956665 9.58345985413 71.83959198
      vertex 95.1291046143 10.0392303467 71.9626159668
      vertex 94.6793136597 9.99763202667 71.696937561
    endloop
  endfacet
  facet normal -0.513129889965 0.849240362644 -0.124452844262
    outer loop
      vertex 94.814956665 9.58345985413 71.83959198
      vertex 94.6793136597 9.99763202667 71.696937561
      vertex 94.6793136597 9.62805843353 71.7510986328
    endloop
  endfacet
  facet normal -0.505362272263 0.84988373518 -0.149353981018
    outer loop
      vertex 94.814956665 9.58345985413 71.83959198
      vertex 94.6793136597 9.62805843353 71.7510986328
      vertex 94.6793136597 9.56143760681 71.762802124
    endloop
  endfacet
  facet normal -0.506927788258 0.839992642403 -0.193485468626
    outer loop
      vertex 94.814956665 9.58345985413 71.83959198
      vertex 94.6793136597 9.56143760681 71.762802124
      vertex 94.6793136597 9.37854671478 71.8049316406
    endloop
  endfacet
  facet normal -0.401281327009 0.909098446369 -0.111862882972
    outer loop
      vertex 95.9000549316 9.23206424713 72.3618011475
      vertex 94.814956665 9.58345985413 71.83959198
      vertex 94.6793136597 9.37854671478 71.8049316406
    endloop
  endfacet
  facet normal -0.401281356812 0.909098446369 -0.111862689257
    outer loop
      vertex 95.9000549316 9.23206424713 72.3618011475
      vertex 94.6793136597 9.37854671478 71.8049316406
      vertex 94.6793136597 9.12424087524 71.836227417
    endloop
  endfacet
  facet normal -0.402317464352 0.899578928947 -0.169995218515
    outer loop
      vertex 95.5662841797 8.81798267365 72.2907791138
      vertex 95.9000549316 9.23206424713 72.3618011475
      vertex 94.6793136597 9.12424087524 71.836227417
    endloop
  endfacet
  facet normal -0.402317583561 0.899578988552 -0.169994845986
    outer loop
      vertex 95.5662841797 8.81798267365 72.2907791138
      vertex 94.6793136597 9.12424087524 71.836227417
      vertex 94.6793136597 9.05972003937 71.8484191895
    endloop
  endfacet
  facet normal -0.3966794312 0.898392498493 -0.188510984182
    outer loop
      vertex 95.5662841797 8.81798267365 72.2907791138
      vertex 94.6793136597 9.05972003937 71.8484191895
      vertex 94.6793136597 8.68924808502 71.9261550903
    endloop
  endfacet
  facet normal -0.398791909218 0.884142935276 -0.243426218629
    outer loop
      vertex 95.2361602783 8.39057445526 72.259552002
      vertex 95.5662841797 8.81798267365 72.2907791138
      vertex 94.6793136597 8.68924808502 71.9261550903
    endloop
  endfacet
  facet normal -0.398791760206 0.884142875671 -0.243426501751
    outer loop
      vertex 95.2361602783 8.39057445526 72.259552002
      vertex 94.6793136597 8.68924808502 71.9261550903
      vertex 94.6793136597 8.51138401031 71.9751205444
    endloop
  endfacet
  facet normal -0.395934253931 0.882688581944 -0.253173708916
    outer loop
      vertex 95.2361602783 8.39057445526 72.259552002
      vertex 94.6793136597 8.51138401031 71.9751205444
      vertex 94.6793136597 8.34195137024 72.0237197876
    endloop
  endfacet
  facet normal -0.394016742706 0.868127942085 -0.301835507154
    outer loop
      vertex 95.0167541504 8.0968503952 72.2620925903
      vertex 95.2361602783 8.39057445526 72.259552002
      vertex 94.6793136597 8.34195137024 72.0237197876
    endloop
  endfacet
  facet normal -0.39401692152 0.868127942085 -0.301835209131
    outer loop
      vertex 95.0167541504 8.0968503952 72.2620925903
      vertex 94.6793136597 8.34195137024 72.0237197876
      vertex 94.6793136597 8.15673160553 72.0881195068
    endloop
  endfacet
  facet normal -0.390857487917 0.865723788738 -0.312654316425
    outer loop
      vertex 95.0167541504 8.0968503952 72.2620925903
      vertex 94.6793136597 8.15673160553 72.0881195068
      vertex 94.6793136597 8.02046775818 72.1373291016
    endloop
  endfacet
  facet normal -0.394200056791 0.845126092434 -0.361065387726
    outer loop
      vertex 94.7112731934 7.67458581924 72.3000106812
      vertex 95.0167541504 8.0968503952 72.2620925903
      vertex 94.6793136597 8.02046775818 72.1373291016
    endloop
  endfacet
  facet normal -0.394196808338 0.845127224922 -0.361066222191
    outer loop
      vertex 94.7112731934 7.67458581924 72.3000106812
      vertex 94.6793136597 8.02046775818 72.1373291016
      vertex 94.6793136597 7.67838859558 72.2834777832
    endloop
  endfacet
  facet normal -0.388279050589 0.838547766209 -0.382200241089
    outer loop
      vertex 94.7112731934 7.67458581924 72.3000106812
      vertex 94.6793136597 7.67838859558 72.2834777832
      vertex 94.6793136597 7.66581583023 72.2892074585
    endloop
  endfacet
  facet normal -0.392446279526 0.814915657043 -0.426495522261
    outer loop
      vertex 94.7112731934 7.67458581924 72.3000106812
      vertex 94.6793136597 7.66581583023 72.2892074585
      vertex 94.6793136597 7.62875890732 72.3086013794
    endloop
  endfacet
  facet normal -0.284433633089 0.886654317379 -0.364611685276
    outer loop
      vertex 95.7794036865 7.50445175171 72.7126235962
      vertex 94.7112731934 7.67458581924 72.3000106812
      vertex 94.6793136597 7.62875890732 72.3086013794
    endloop
  endfacet
  facet normal -0.284434199333 0.886655032635 -0.364609390497
    outer loop
      vertex 95.7794036865 7.50445175171 72.7126235962
      vertex 94.6793136597 7.62875890732 72.3086013794
      vertex 94.6793136597 7.30467605591 72.4418716431
    endloop
  endfacet
  facet normal -0.288153171539 0.859908044338 -0.421338260174
    outer loop
      vertex 95.474105835 7.14197540283 72.7879257202
      vertex 95.7794036865 7.50445175171 72.7126235962
      vertex 94.6793136597 7.30467605591 72.4418716431
    endloop
  endfacet
  facet normal -0.288153260946 0.859908103943 -0.421338021755
    outer loop
      vertex 95.474105835 7.14197540283 72.7879257202
      vertex 94.6793136597 7.30467605591 72.4418716431
      vertex 94.6793136597 7.22925519943 72.4788284302
    endloop
  endfacet
  facet normal -0.283682644367 0.853090643883 -0.437904715538
    outer loop
      vertex 95.474105835 7.14197540283 72.7879257202
      vertex 94.6793136597 7.22925519943 72.4788284302
      vertex 94.6793136597 6.96652793884 72.6136856079
    endloop
  endfacet
  facet normal -0.288419216871 0.823185026646 -0.489061117172
    outer loop
      vertex 95.1861877441 6.78697443008 72.8979568481
      vertex 95.474105835 7.14197540283 72.7879257202
      vertex 94.6793136597 6.96652793884 72.6136856079
    endloop
  endfacet
  facet normal -0.288418710232 0.823184669018 -0.489062011242
    outer loop
      vertex 95.1861877441 6.78697443008 72.8979568481
      vertex 94.6793136597 6.96652793884 72.6136856079
      vertex 94.6793136597 6.81698322296 72.7025375366
    endloop
  endfacet
  facet normal -0.285790920258 0.817940473557 -0.499296456575
    outer loop
      vertex 95.1861877441 6.78697443008 72.8979568481
      vertex 94.6793136597 6.81698322296 72.7025375366
      vertex 94.6793136597 6.69553279877 72.7766723633
    endloop
  endfacet
  facet normal -0.286812782288 0.788940012455 -0.543426215649
    outer loop
      vertex 94.993637085 6.54187917709 72.9967803955
      vertex 95.1861877441 6.78697443008 72.8979568481
      vertex 94.6793136597 6.69553279877 72.7766723633
    endloop
  endfacet
  facet normal -0.286812871695 0.78894007206 -0.543426156044
    outer loop
      vertex 94.993637085 6.54187917709 72.9967803955
      vertex 94.6793136597 6.69553279877 72.7766723633
      vertex 94.6793136597 6.54916286469 72.877494812
    endloop
  endfacet
  facet normal -0.283744484186 0.781593203545 -0.555518805981
    outer loop
      vertex 94.993637085 6.54187917709 72.9967803955
      vertex 94.6793136597 6.54916286469 72.877494812
      vertex 94.6793136597 6.45564889908 72.9439544678
    endloop
  endfacet
  facet normal -0.289431840181 0.748679220676 -0.596413135529
    outer loop
      vertex 94.7479400635 6.21943473816 73.1586608887
      vertex 94.993637085 6.54187917709 72.9967803955
      vertex 94.6793136597 6.45564889908 72.9439544678
    endloop
  endfacet
  facet normal -0.289430230856 0.748679339886 -0.596413731575
    outer loop
      vertex 94.7479400635 6.21943473816 73.1586608887
      vertex 94.6793136597 6.45564889908 72.9439544678
      vertex 94.6793136597 6.21769571304 73.1335144043
    endloop
  endfacet
  facet normal -0.284204214811 0.732915878296 -0.618111848831
    outer loop
      vertex 94.7479400635 6.21943473816 73.1586608887
      vertex 94.6793136597 6.21769571304 73.1335144043
      vertex 94.6793136597 6.19859838486 73.1496200562
    endloop
  endfacet
  facet normal -0.290415614843 0.699333846569 -0.653139293194
    outer loop
      vertex 94.7479400635 6.21943473816 73.1586608887
      vertex 94.6793136597 6.19859838486 73.1496200562
      vertex 94.6793136597 6.12625789642 73.2171859741
    endloop
  endfacet
  facet normal -0.180726081133 0.767438352108 -0.615123152733
    outer loop
      vertex 95.8003082275 6.1733546257 73.4434204102
      vertex 94.7479400635 6.21943473816 73.1586608887
      vertex 94.6793136597 6.12625789642 73.2171859741
    endloop
  endfacet
  facet normal -0.18072617054 0.767438948154 -0.615122318268
    outer loop
      vertex 95.8003082275 6.1733546257 73.4434204102
      vertex 94.6793136597 6.12625789642 73.2171859741
      vertex 94.6793136597 5.94718980789 73.360710144
    endloop
  endfacet
  facet normal -0.186692640185 0.728743493557 -0.65884655714
    outer loop
      vertex 95.568862915 5.9115524292 73.6208190918
      vertex 95.8003082275 6.1733546257 73.4434204102
      vertex 94.6793136597 5.94718980789 73.360710144
    endloop
  endfacet
  facet normal -0.186692237854 0.728742301464 -0.658847987652
    outer loop
      vertex 95.568862915 5.9115524292 73.6208190918
      vertex 94.6793136597 5.94718980789 73.360710144
      vertex 94.6793136597 5.91528558731 73.3895568848
    endloop
  endfacet
  facet normal -0.182091459632 0.711367964745 -0.678821265697
    outer loop
      vertex 95.568862915 5.9115524292 73.6208190918
      vertex 94.6793136597 5.91528558731 73.3895568848
      vertex 94.6793136597 5.71248292923 73.5830764771
    endloop
  endfacet
  facet normal -0.188619986176 0.672892868519 -0.715288519859
    outer loop
      vertex 95.3604125977 5.66727876663 73.822052002
      vertex 95.568862915 5.9115524292 73.6208190918
      vertex 94.6793136597 5.71248292923 73.5830764771
    endloop
  endfacet
  facet normal -0.18861989677 0.672892689705 -0.715288758278
    outer loop
      vertex 95.3604125977 5.66727876663 73.822052002
      vertex 94.6793136597 5.71248292923 73.5830764771
      vertex 94.6793136597 5.6445183754 73.6553268433
    endloop
  endfacet
  facet normal -0.185077577829 0.656203985214 -0.731534421444
    outer loop
      vertex 95.3604125977 5.66727876663 73.822052002
      vertex 94.6793136597 5.6445183754 73.6553268433
      vertex 94.6793136597 5.53144407272 73.7813796997
    endloop
  endfacet
  facet normal -0.1888410151 0.620567142963 -0.76107519865
    outer loop
      vertex 95.2175598145 5.49481344223 73.9900970459
      vertex 95.3604125977 5.66727876663 73.822052002
      vertex 94.6793136597 5.53144407272 73.7813796997
    endloop
  endfacet
  facet normal -0.188840940595 0.620566964149 -0.761075377464
    outer loop
      vertex 95.2175598145 5.49481344223 73.9900970459
      vertex 94.6793136597 5.53144407272 73.7813796997
      vertex 94.6793136597 5.46239614487 73.866065979
    endloop
  endfacet
  facet normal -0.184990808368 0.59918987751 -0.778941512108
    outer loop
      vertex 95.2175598145 5.49481344223 73.9900970459
      vertex 94.6793136597 5.46239614487 73.866065979
      vertex 94.6793136597 5.36103582382 73.997833252
    endloop
  endfacet
  facet normal -0.191552758217 0.563922822475 -0.803304791451
    outer loop
      vertex 95.0546722412 5.29277896881 74.2225646973
      vertex 95.2175598145 5.49481344223 73.9900970459
      vertex 94.6793136597 5.36103582382 73.997833252
    endloop
  endfacet
  facet normal -0.191553115845 0.563923299313 -0.803304374218
    outer loop
      vertex 95.0546722412 5.29277896881 74.2225646973
      vertex 94.6793136597 5.36103582382 73.997833252
      vertex 94.6793136597 5.25833749771 74.1441268921
    endloop
  endfacet
  facet normal -0.18661314249 0.529705166817 -0.827398300171
    outer loop
      vertex 95.0546722412 5.29277896881 74.2225646973
      vertex 94.6793136597 5.25833749771 74.1441268921
      vertex 94.6793136597 5.19585180283 74.2417221069
    endloop
  endfacet
  facet normal -0.193014368415 0.497368276119 -0.845795631409
    outer loop
      vertex 94.9144897461 5.1141667366 74.4719009399
      vertex 95.0546722412 5.29277896881 74.2225646973
      vertex 94.6793136597 5.19585180283 74.2417221069
    endloop
  endfacet
  facet normal -0.193013861775 0.497367888689 -0.845795989037
    outer loop
      vertex 94.9144897461 5.1141667366 74.4719009399
      vertex 94.6793136597 5.19585180283 74.2417221069
      vertex 94.6793136597 5.08603239059 74.4284744263
    endloop
  endfacet
  facet normal -0.188215911388 0.455692946911 -0.870010733604
    outer loop
      vertex 94.9144897461 5.1141667366 74.4719009399
      vertex 94.6793136597 5.08603239059 74.4284744263
      vertex 94.6793136597 5.0521197319 74.4932250977
    endloop
  endfacet
  facet normal -0.194267272949 0.427061140537 -0.883107602596
    outer loop
      vertex 94.7957458496 4.95957708359 74.7375564575
      vertex 94.9144897461 5.1141667366 74.4719009399
      vertex 94.6793136597 5.0521197319 74.4932250977
    endloop
  endfacet
  facet normal -0.194268211722 0.427061468363 -0.883107244968
    outer loop
      vertex 94.7957458496 4.95957708359 74.7375564575
      vertex 94.6793136597 5.0521197319 74.4932250977
      vertex 94.6793136597 4.94285154343 74.7191772461
    endloop
  endfacet
  facet normal -0.190583378077 0.385970234871 -0.902610063553
    outer loop
      vertex 94.7957458496 4.95957708359 74.7375564575
      vertex 94.6793136597 4.94285154343 74.7191772461
      vertex 94.6793136597 4.93150424957 74.7457122803
    endloop
  endfacet
  facet normal -0.194488465786 0.361740350723 -0.911766529083
    outer loop
      vertex 94.7180786133 4.857213974 74.9538040161
      vertex 94.7957458496 4.95957708359 74.7375564575
      vertex 94.6793136597 4.93150424957 74.7457122803
    endloop
  endfacet
  facet normal -0.194488480687 0.361740350723 -0.911766529083
    outer loop
      vertex 94.7180786133 4.857213974 74.9538040161
      vertex 94.6793136597 4.93150424957 74.7457122803
      vertex 94.6793136597 4.85103178024 74.9485473633
    endloop
  endfacet
  facet normal -0.190994918346 0.314916163683 -0.929703593254
    outer loop
      vertex 94.7180786133 4.857213974 74.9538040161
      vertex 94.6793136597 4.85103178024 74.9485473633
      vertex 94.6793136597 4.84719228745 74.9598770142
    endloop
  endfacet
  facet normal -0.195724725723 0.294250518084 -0.935472309589
    outer loop
      vertex 94.7180786133 4.857213974 74.9538040161
      vertex 94.6793136597 4.84719228745 74.9598770142
      vertex 94.6793136597 4.80599832535 75.0908432007
    endloop
  endfacet
  facet normal -0.0936092361808 0.325202643871 -0.940999746323
    outer loop
      vertex 95.6775054932 4.82768106461 75.3154296875
      vertex 94.7180786133 4.857213974 74.9538040161
      vertex 94.6793136597 4.80599832535 75.0908432007
    endloop
  endfacet
  facet normal -0.0936094820499 0.32520377636 -0.94099932909
    outer loop
      vertex 95.6775054932 4.82768106461 75.3154296875
      vertex 94.6793136597 4.80599832535 75.0908432007
      vertex 94.6793136597 4.754799366 75.2389907837
    endloop
  endfacet
  facet normal -0.0890635550022 0.241781070828 -0.966234743595
    outer loop
      vertex 95.6775054932 4.82768106461 75.3154296875
      vertex 94.6793136597 4.754799366 75.2389907837
      vertex 94.6793136597 4.68781614304 75.5066757202
    endloop
  endfacet
  facet normal -0.0929843857884 0.224149703979 -0.970108687878
    outer loop
      vertex 95.6167755127 4.75981235504 75.5839691162
      vertex 95.6775054932 4.82768106461 75.3154296875
      vertex 94.6793136597 4.68781614304 75.5066757202
    endloop
  endfacet
  facet normal -0.0925356894732 0.217195406556 -0.971732139587
    outer loop
      vertex 95.6167755127 4.75981235504 75.5839691162
      vertex 94.6793136597 4.68781614304 75.5066757202
      vertex 94.6793136597 4.68134212494 75.5356369019
    endloop
  endfacet
  facet normal -0.0896797627211 0.138051688671 -0.986356556416
    outer loop
      vertex 94.6793136597 4.68134212494 75.5356369019
      vertex 94.6793136597 4.67794418335 75.5599212646
      vertex 95.6167755127 4.75981235504 75.5839691162
    endloop
  endfacet
  facet normal -0.0900836884975 0.172338917851 -0.980909883976
    outer loop
      vertex 95.6027832031 4.74465513229 75.6629257202
      vertex 95.6167755127 4.75981235504 75.5839691162
      vertex 94.6793136597 4.67794418335 75.5599212646
    endloop
  endfacet
  facet normal -0.086002856493 0.13142824173 -0.987588047981
    outer loop
      vertex 95.575012207 4.71605920792 75.8596343994
      vertex 95.6027832031 4.74465513229 75.6629257202
      vertex 94.6793136597 4.67794418335 75.5599212646
    endloop
  endfacet
  facet normal -0.0933447778225 0.153867632151 -0.983672440052
    outer loop
      vertex 95.575012207 4.71605920792 75.8596343994
      vertex 94.6793136597 4.67794418335 75.5599212646
      vertex 94.6793136597 4.63588809967 75.8287811279
    endloop
  endfacet
  facet normal -0.0914634466171 0.0750741362572 -0.992974460125
    outer loop
      vertex 95.575012207 4.71605920792 75.8596343994
      vertex 94.6793136597 4.63588809967 75.8287811279
      vertex 94.6793136597 4.62082958221 76.0279541016
    endloop
  endfacet
  facet normal -0.0928245261312 0.0680463165045 -0.993354558945
    outer loop
      vertex 95.5555419922 4.69936656952 76.076751709
      vertex 95.575012207 4.71605920792 75.8596343994
      vertex 94.6793136597 4.62082958221 76.0279541016
    endloop
  endfacet
  facet normal -0.0928245037794 0.0680458694696 -0.993354618549
    outer loop
      vertex 95.5555419922 4.69936656952 76.076751709
      vertex 94.6793136597 4.62082958221 76.0279541016
      vertex 94.6793136597 4.61855268478 76.0611953735
    endloop
  endfacet
  facet normal -0.0920877978206 0.0146599672735 -0.995642960072
    outer loop
      vertex 94.6793136597 4.61855268478 76.0611953735
      vertex 94.6793136597 4.61823654175 76.0826568604
      vertex 95.5555419922 4.69936656952 76.076751709
    endloop
  endfacet
  facet normal -0.0923416987062 -0.0268284734339 -0.995365858078
    outer loop
      vertex 94.6793136597 4.61823654175 76.0826568604
      vertex 94.6793136597 4.61882686615 76.1045684814
      vertex 95.5555419922 4.69936656952 76.076751709
    endloop
  endfacet
  facet normal -0.0910567864776 0.0147215453908 -0.995736896992
    outer loop
      vertex 95.5490570068 4.69675064087 76.2135772705
      vertex 95.5555419922 4.69936656952 76.076751709
      vertex 94.6793136597 4.61882686615 76.1045684814
    endloop
  endfacet
  facet normal -0.0887262672186 -0.00409490102902 -0.996047616005
    outer loop
      vertex 94.6793136597 4.61882686615 76.1045684814
      vertex 94.6793136597 4.61986017227 76.3558883667
      vertex 95.5490570068 4.69675064087 76.2135772705
    endloop
  endfacet
  facet normal -0.0924006849527 -0.0269236396998 -0.995357811451
    outer loop
      vertex 95.5470275879 4.7003288269 76.3528213501
      vertex 95.5490570068 4.69675064087 76.2135772705
      vertex 94.6793136597 4.61986017227 76.3558883667
    endloop
  endfacet
  facet normal -0.0922680050135 -0.0925537794828 -0.991423428059
    outer loop
      vertex 95.5470275879 4.7003288269 76.3528213501
      vertex 94.6793136597 4.61986017227 76.3558883667
      vertex 94.6793136597 4.6433596611 76.6076126099
    endloop
  endfacet
  facet normal -0.0913903042674 -0.0894835218787 -0.991786539555
    outer loop
      vertex 95.5570373535 4.72609233856 76.6281433105
      vertex 95.5470275879 4.7003288269 76.3528213501
      vertex 94.6793136597 4.6433596611 76.6076126099
    endloop
  endfacet
  facet normal -0.091390684247 -0.0894715562463 -0.991787552834
    outer loop
      vertex 95.5570373535 4.72609233856 76.6281433105
      vertex 94.6793136597 4.6433596611 76.6076126099
      vertex 94.6793136597 4.64721155167 76.6503067017
    endloop
  endfacet
  facet normal -0.0922195091844 -0.147120192647 -0.984810233116
    outer loop
      vertex 95.5663146973 4.74317216873 76.7366638184
      vertex 95.5570373535 4.72609233856 76.6281433105
      vertex 94.6793136597 4.64721155167 76.6503067017
    endloop
  endfacet
  facet normal -0.0922188162804 -0.147126376629 -0.984809398651
    outer loop
      vertex 95.5663146973 4.74317216873 76.7366638184
      vertex 94.6793136597 4.64721155167 76.6503067017
      vertex 94.6793136597 4.64968252182 76.666847229
    endloop
  endfacet
  facet normal -0.0889851599932 -0.181025907397 -0.979444384575
    outer loop
      vertex 95.5663146973 4.74317216873 76.7366638184
      vertex 94.6793136597 4.64968252182 76.666847229
      vertex 94.6793136597 4.69719219208 76.9239044189
    endloop
  endfacet
  facet normal -0.0905002877116 -0.18858833611 -0.977877378464
    outer loop
      vertex 95.5865936279 4.77697467804 76.9022064209
      vertex 95.5663146973 4.74317216873 76.7366638184
      vertex 94.6793136597 4.69719219208 76.9239044189
    endloop
  endfacet
  facet normal -0.0905003175139 -0.188592344522 -0.977876603603
    outer loop
      vertex 95.5865936279 4.77697467804 76.9022064209
      vertex 94.6793136597 4.69719219208 76.9239044189
      vertex 94.6793136597 4.70127153397 76.9450531006
    endloop
  endfacet
  facet normal -0.0924834236503 -0.260198146105 -0.961115896702
    outer loop
      vertex 95.5865936279 4.77697467804 76.9022064209
      vertex 94.6793136597 4.70127153397 76.9450531006
      vertex 94.6793136597 4.7615442276 77.1676864624
    endloop
  endfacet
  facet normal -0.0888164266944 -0.247450873256 -0.964821100235
    outer loop
      vertex 95.6267242432 4.83805036545 77.1259384155
      vertex 95.5865936279 4.77697467804 76.9022064209
      vertex 94.6793136597 4.7615442276 77.1676864624
    endloop
  endfacet
  facet normal -0.0888163298368 -0.247446760535 -0.964822113514
    outer loop
      vertex 95.6267242432 4.83805036545 77.1259384155
      vertex 94.6793136597 4.7615442276 77.1676864624
      vertex 94.6793136597 4.76671695709 77.1878585815
    endloop
  endfacet
  facet normal -0.0911144241691 -0.300270617008 -0.94949233532
    outer loop
      vertex 95.6579437256 4.88286399841 77.2581710815
      vertex 95.6267242432 4.83805036545 77.1259384155
      vertex 94.6793136597 4.76671695709 77.1878585815
    endloop
  endfacet
  facet normal -0.0911136344075 -0.300277918577 -0.949490129948
    outer loop
      vertex 95.6579437256 4.88286399841 77.2581710815
      vertex 94.6793136597 4.76671695709 77.1878585815
      vertex 94.6793136597 4.77024745941 77.1990203857
    endloop
  endfacet
  facet normal -0.0873388797045 -0.338659137487 -0.936846792698
    outer loop
      vertex 95.6579437256 4.88286399841 77.2581710815
      vertex 94.6793136597 4.77024745941 77.1990203857
      vertex 94.6793136597 4.86873626709 77.4714736938
    endloop
  endfacet
  facet normal -0.0876352787018 -0.34005433321 -0.936313569546
    outer loop
      vertex 95.6937408447 4.93236064911 77.3852310181
      vertex 95.6579437256 4.88286399841 77.2581710815
      vertex 94.6793136597 4.86873626709 77.4714736938
    endloop
  endfacet
  facet normal -0.0921661108732 -0.417035371065 -0.904205143452
    outer loop
      vertex 94.6793136597 4.86873626709 77.4714736938
      vertex 94.6793136597 4.90116167068 77.5417785645
      vertex 95.6937408447 4.93236064911 77.3852310181
    endloop
  endfacet
  facet normal -0.0923749357462 -0.418530493975 -0.903492689133
    outer loop
      vertex 94.7460784912 5.00279331207 77.7464370728
      vertex 95.6937408447 4.93236064911 77.3852310181
      vertex 94.6793136597 4.90116167068 77.5417785645
    endloop
  endfacet
  facet normal -0.187030017376 -0.387298583984 -0.902784347534
    outer loop
      vertex 94.7460784912 5.00279331207 77.7464370728
      vertex 94.6793136597 4.90116167068 77.5417785645
      vertex 94.6793136597 4.99340724945 77.7567977905
    endloop
  endfacet
  facet normal -0.194773718715 -0.480262368917 -0.855225861073
    outer loop
      vertex 94.7460784912 5.00279331207 77.7464370728
      vertex 94.6793136597 4.99340724945 77.7567977905
      vertex 94.6793136597 5.00601673126 77.7792510986
    endloop
  endfacet
  facet normal -0.184321328998 -0.460292905569 -0.86842161417
    outer loop
      vertex 94.8582611084 5.16504430771 78.0076293945
      vertex 94.7460784912 5.00279331207 77.7464370728
      vertex 94.6793136597 5.00601673126 77.7792510986
    endloop
  endfacet
  facet normal -0.184318989515 -0.460294514894 -0.868421256542
    outer loop
      vertex 94.8582611084 5.16504430771 78.0076293945
      vertex 94.6793136597 5.00601673126 77.7792510986
      vertex 94.6793136597 5.14436388016 78.0402679443
    endloop
  endfacet
  facet normal -0.194312080741 -0.55118304491 -0.811443209648
    outer loop
      vertex 94.8582611084 5.16504430771 78.0076293945
      vertex 94.6793136597 5.14436388016 78.0402679443
      vertex 94.6793136597 5.18390798569 78.098487854
    endloop
  endfacet
  facet normal -0.181576639414 -0.529651939869 -0.828552186489
    outer loop
      vertex 94.991317749 5.34843730927 78.2489013672
      vertex 94.8582611084 5.16504430771 78.0076293945
      vertex 94.6793136597 5.18390798569 78.098487854
    endloop
  endfacet
  facet normal -0.1815764606 -0.529652178288 -0.82855206728
    outer loop
      vertex 94.991317749 5.34843730927 78.2489013672
      vertex 94.6793136597 5.18390798569 78.098487854
      vertex 94.6793136597 5.32128334045 78.3133850098
    endloop
  endfacet
  facet normal -0.193960130215 -0.617463111877 -0.762311458588
    outer loop
      vertex 94.991317749 5.34843730927 78.2489013672
      vertex 94.6793136597 5.32128334045 78.3133850098
      vertex 94.6793136597 5.4030623436 78.414352417
    endloop
  endfacet
  facet normal -0.17850138247 -0.595285177231 -0.783436536789
    outer loop
      vertex 95.1498413086 5.55698537827 78.4758300781
      vertex 94.991317749 5.34843730927 78.2489013672
      vertex 94.6793136597 5.4030623436 78.414352417
    endloop
  endfacet
  facet normal -0.178501352668 -0.59528529644 -0.783436477184
    outer loop
      vertex 95.1498413086 5.55698537827 78.4758300781
      vertex 94.6793136597 5.4030623436 78.414352417
      vertex 94.6793136597 5.53137159348 78.5832138062
    endloop
  endfacet
  facet normal -0.193582624197 -0.679420590401 -0.707752346992
    outer loop
      vertex 95.1498413086 5.55698537827 78.4758300781
      vertex 94.6793136597 5.53137159348 78.5832138062
      vertex 94.6793136597 5.67409515381 78.7318878174
    endloop
  endfacet
  facet normal -0.175381362438 -0.657436788082 -0.732815265656
    outer loop
      vertex 95.3336029053 5.78789043427 78.6841888428
      vertex 95.1498413086 5.55698537827 78.4758300781
      vertex 94.6793136597 5.67409515381 78.7318878174
    endloop
  endfacet
  facet normal -0.175381407142 -0.657436192036 -0.732815802097
    outer loop
      vertex 95.3336029053 5.78789043427 78.6841888428
      vertex 94.6793136597 5.67409515381 78.7318878174
      vertex 94.6793136597 5.7758026123 78.8452606201
    endloop
  endfacet
  facet normal -0.193299338222 -0.736576676369 -0.648143589497
    outer loop
      vertex 95.3336029053 5.78789043427 78.6841888428
      vertex 94.6793136597 5.7758026123 78.8452606201
      vertex 94.6793136597 6.00370979309 79.0457992554
    endloop
  endfacet
  facet normal -0.172175243497 -0.715570926666 -0.676988840103
    outer loop
      vertex 95.5441436768 6.04064702988 78.8726577759
      vertex 95.3336029053 5.78789043427 78.6841888428
      vertex 94.6793136597 6.00370979309 79.0457992554
    endloop
  endfacet
  facet normal -0.172175467014 -0.715572416782 -0.676987290382
    outer loop
      vertex 95.5441436768 6.04064702988 78.8726577759
      vertex 94.6793136597 6.00370979309 79.0457992554
      vertex 94.6793136597 6.05834245682 79.0974884033
    endloop
  endfacet
  facet normal -0.18697488308 -0.767479479313 -0.613201141357
    outer loop
      vertex 95.5441436768 6.04064702988 78.8726577759
      vertex 94.6793136597 6.05834245682 79.0974884033
      vertex 94.6793136597 6.0941529274 79.1260986328
    endloop
  endfacet
  facet normal -0.196868568659 -0.793387055397 -0.57600325346
    outer loop
      vertex 94.6793136597 6.0941529274 79.1260986328
      vertex 94.6793136597 6.30514144897 79.2792816162
      vertex 95.5441436768 6.04064702988 78.8726577759
    endloop
  endfacet
  facet normal -0.196319997311 -0.792835533619 -0.576949119568
    outer loop
      vertex 94.7610321045 6.41727685928 79.3406448364
      vertex 95.5441436768 6.04064702988 78.8726577759
      vertex 94.6793136597 6.30514144897 79.2792816162
    endloop
  endfacet
  facet normal -0.273560613394 -0.745748698711 -0.607473015785
    outer loop
      vertex 94.7610321045 6.41727685928 79.3406448364
      vertex 94.6793136597 6.30514144897 79.2792816162
      vertex 94.6793136597 6.41754627228 79.37084198
    endloop
  endfacet
  facet normal -0.295497834682 -0.804296433926 -0.515546560287
    outer loop
      vertex 94.7610321045 6.41727685928 79.3406448364
      vertex 94.6793136597 6.41754627228 79.37084198
      vertex 94.6793136597 6.45792961121 79.3967285156
    endloop
  endfacet
  facet normal -0.271809488535 -0.792167782784 -0.54643368721
    outer loop
      vertex 95.0142822266 6.75045251846 79.4835739136
      vertex 94.7610321045 6.41727685928 79.3406448364
      vertex 94.6793136597 6.45792961121 79.3967285156
    endloop
  endfacet
  facet normal -0.271808922291 -0.792168319225 -0.546433210373
    outer loop
      vertex 95.0142822266 6.75045251846 79.4835739136
      vertex 94.6793136597 6.45792961121 79.3967285156
      vertex 94.6793136597 6.76821517944 79.6107635498
    endloop
  endfacet
  facet normal -0.296350747347 -0.843146383762 -0.448642879725
    outer loop
      vertex 95.0142822266 6.75045251846 79.4835739136
      vertex 94.6793136597 6.76821517944 79.6107635498
      vertex 94.6793136597 6.94880962372 79.7068557739
    endloop
  endfacet
  facet normal -0.270441919565 -0.833594799042 -0.481643915176
    outer loop
      vertex 95.2898864746 7.09813404083 79.5950469971
      vertex 95.0142822266 6.75045251846 79.4835739136
      vertex 94.6793136597 6.94880962372 79.7068557739
    endloop
  endfacet
  facet normal -0.270442068577 -0.833594083786 -0.481645107269
    outer loop
      vertex 95.2898864746 7.09813404083 79.5950469971
      vertex 94.6793136597 6.94880962372 79.7068557739
      vertex 94.6793136597 7.16118812561 79.8295669556
    endloop
  endfacet
  facet normal -0.29760864377 -0.87653696537 -0.378301441669
    outer loop
      vertex 95.2898864746 7.09813404083 79.5950469971
      vertex 94.6793136597 7.16118812561 79.8295669556
      vertex 94.6793136597 7.51766395569 79.9834136963
    endloop
  endfacet
  facet normal -0.269474029541 -0.869901120663 -0.413105010986
    outer loop
      vertex 95.5879974365 7.4586353302 79.6738967896
      vertex 95.2898864746 7.09813404083 79.5950469971
      vertex 94.6793136597 7.51766395569 79.9834136963
    endloop
  endfacet
  facet normal -0.269473612309 -0.869900345802 -0.413107007742
    outer loop
      vertex 95.5879974365 7.4586353302 79.6738967896
      vertex 94.6793136597 7.51766395569 79.9834136963
      vertex 94.6793136597 7.5978884697 80.0215148926
    endloop
  endfacet
  facet normal -0.299619376659 -0.904633045197 -0.303096234798
    outer loop
      vertex 94.6793136597 7.5978884697 80.0215148926
      vertex 94.6793136597 7.83136129379 80.0997390747
      vertex 95.5879974365 7.4586353302 79.6738967896
    endloop
  endfacet
  facet normal -0.299618780613 -0.904632806778 -0.303097456694
    outer loop
      vertex 94.8457641602 8.06446456909 80.1227111816
      vertex 95.5879974365 7.4586353302 79.6738967896
      vertex 94.6793136597 7.83136129379 80.0997390747
    endloop
  endfacet
  facet normal -0.375776618719 -0.856935501099 -0.352779686451
    outer loop
      vertex 94.8457641602 8.06446456909 80.1227111816
      vertex 94.6793136597 7.83136129379 80.0997390747
      vertex 94.6793136597 8.0935344696 80.2076721191
    endloop
  endfacet
  facet normal -0.405008971691 -0.879275202751 -0.250684678555
    outer loop
      vertex 94.8457641602 8.06446456909 80.1227111816
      vertex 94.6793136597 8.0935344696 80.2076721191
      vertex 94.6793136597 8.2166891098 80.2427825928
    endloop
  endfacet
  facet normal -0.378246903419 -0.88174021244 -0.281892627478
    outer loop
      vertex 95.1620178223 8.48883914948 80.122718811
      vertex 94.8457641602 8.06446456909 80.1227111816
      vertex 94.6793136597 8.2166891098 80.2427825928
    endloop
  endfacet
  facet normal -0.378246456385 -0.881740748882 -0.281891614199
    outer loop
      vertex 95.1620178223 8.48883914948 80.122718811
      vertex 94.6793136597 8.2166891098 80.2427825928
      vertex 94.6793136597 8.60076904297 80.3655700684
    endloop
  endfacet
  facet normal -0.409017205238 -0.895004034042 -0.177968114614
    outer loop
      vertex 95.1620178223 8.48883914948 80.122718811
      vertex 94.6793136597 8.60076904297 80.3655700684
      vertex 94.6793136597 8.96404838562 80.4378128052
    endloop
  endfacet
  facet normal -0.381065219641 -0.900397539139 -0.209937155247
    outer loop
      vertex 95.4889373779 8.90908241272 80.0823440552
      vertex 95.1620178223 8.48883914948 80.122718811
      vertex 94.6793136597 8.96404838562 80.4378128052
    endloop
  endfacet
  facet normal -0.381065279245 -0.900397598743 -0.209936782718
    outer loop
      vertex 95.4889373779 8.90908241272 80.0823440552
      vertex 94.6793136597 8.96404838562 80.4378128052
      vertex 94.6793136597 9.1409072876 80.4790420532
    endloop
  endfacet
  facet normal -0.413737207651 -0.904556691647 -0.10295021534
    outer loop
      vertex 94.6793136597 9.1409072876 80.4790420532
      vertex 94.6793136597 9.59203720093 80.5303878784
      vertex 95.4889373779 8.90908241272 80.0823440552
    endloop
  endfacet
  facet normal -0.413738697767 -0.904556214809 -0.10294816643
    outer loop
      vertex 94.7418823242 9.685546875 80.5124130249
      vertex 95.4889373779 8.90908241272 80.0823440552
      vertex 94.6793136597 9.59203720093 80.5303878784
    endloop
  endfacet
  facet normal -0.491657376289 -0.855091452599 -0.164595410228
    outer loop
      vertex 94.7418823242 9.685546875 80.5124130249
      vertex 94.6793136597 9.59203720093 80.5303878784
      vertex 94.6793136597 9.70718383789 80.5525512695
    endloop
  endfacet
  facet normal -0.520166397095 -0.850831389427 -0.0742484256625
    outer loop
      vertex 94.7418823242 9.685546875 80.5124130249
      vertex 94.6793136597 9.70718383789 80.5525512695
      vertex 94.6793136597 9.74866008759 80.5561752319
    endloop
  endfacet
  facet normal -0.498725771904 -0.86069637537 -0.102344319224
    outer loop
      vertex 94.9984741211 10.0540847778 80.4075546265
      vertex 94.7418823242 9.685546875 80.5124130249
      vertex 94.6793136597 9.74866008759 80.5561752319
    endloop
  endfacet
  facet normal -0.498725473881 -0.860696554184 -0.102343924344
    outer loop
      vertex 94.9984741211 10.0540847778 80.4075546265
      vertex 94.6793136597 9.74866008759 80.5561752319
      vertex 94.6793136597 10.1805410385 80.6075286865
    endloop
  endfacet
  facet normal -0.528042256832 -0.849157989025 -0.0101045286283
    outer loop
      vertex 94.9984741211 10.0540847778 80.4075546265
      vertex 94.6793136597 10.1805410385 80.6075286865
      vertex 94.6793136597 10.4519443512 80.6107559204
    endloop
  endfacet
  facet normal -0.503890156746 -0.862994253635 -0.0365460403264
    outer loop
      vertex 95.3127288818 10.4872570038 80.2424087524
      vertex 94.9984741211 10.0540847778 80.4075546265
      vertex 94.6793136597 10.4519443512 80.6107559204
    endloop
  endfacet
  facet normal -0.503890097141 -0.86299431324 -0.0365455262363
    outer loop
      vertex 95.3127288818 10.4872570038 80.2424087524
      vertex 94.6793136597 10.4519443512 80.6107559204
      vertex 94.6793136597 10.7752180099 80.6244506836
    endloop
  endfacet
  facet normal -0.536203205585 -0.841756343842 0.0627088695765
    outer loop
      vertex 95.3127288818 10.4872570038 80.2424087524
      vertex 94.6793136597 10.7752180099 80.6244506836
      vertex 94.6793136597 11.2820882797 80.5866851807
    endloop
  endfacet
  facet normal -0.511781692505 -0.858358621597 0.0360556580126
    outer loop
      vertex 95.6205749512 10.8919248581 80.0418624878
      vertex 95.3127288818 10.4872570038 80.2424087524
      vertex 94.6793136597 11.2820882797 80.5866851807
    endloop
  endfacet
  facet normal -0.5117816329 -0.858358621597 0.0360554680228
    outer loop
      vertex 95.6205749512 10.8919248581 80.0418624878
      vertex 94.6793136597 11.2820882797 80.5866851807
      vertex 94.6793136597 11.370464325 80.5829772949
    endloop
  endfacet
  facet normal -0.544875562191 -0.827386140823 0.136172011495
    outer loop
      vertex 94.6793136597 11.370464325 80.5829772949
      vertex 94.6793136597 11.6148262024 80.542755127
      vertex 95.6205749512 10.8919248581 80.0418624878
    endloop
  endfacet
  facet normal -0.544875860214 -0.8273858428 0.136172577739
    outer loop
      vertex 94.8416595459 11.8673591614 80.39427948
      vertex 95.6205749512 10.8919248581 80.0418624878
      vertex 94.6793136597 11.6148262024 80.542755127
    endloop
  endfacet
  facet normal -0.625454187393 -0.778284490108 0.0555007755756
    outer loop
      vertex 94.8416595459 11.8673591614 80.39427948
      vertex 94.6793136597 11.6148262024 80.542755127
      vertex 94.6793136597 11.9723186493 80.5172653198
    endloop
  endfacet
  facet normal -0.651107609272 -0.747563660145 0.13117736578
    outer loop
      vertex 94.8416595459 11.8673591614 80.39427948
      vertex 94.6793136597 11.9723186493 80.5172653198
      vertex 94.6793136597 12.057387352 80.5023345947
    endloop
  endfacet
  facet normal -0.636041879654 -0.763916313648 0.10900734365
    outer loop
      vertex 95.0171203613 12.1301412582 80.2106933594
      vertex 94.8416595459 11.8673591614 80.39427948
      vertex 94.6793136597 12.057387352 80.5023345947
    endloop
  endfacet
  facet normal -0.63604170084 -0.763916313648 0.10900824517
    outer loop
      vertex 95.0171203613 12.1301412582 80.2106933594
      vertex 94.6793136597 12.057387352 80.5023345947
      vertex 94.6793136597 12.3634653091 80.458656311
    endloop
  endfacet
  facet normal -0.661113500595 -0.727324545383 0.184195458889
    outer loop
      vertex 95.0171203613 12.1301412582 80.2106933594
      vertex 94.6793136597 12.3634653091 80.458656311
      vertex 94.6793136597 12.6369447708 80.3894042969
    endloop
  endfacet
  facet normal -0.643315553665 -0.747566640377 0.165194585919
    outer loop
      vertex 95.2687530518 12.4904279709 79.9145355225
      vertex 95.0171203613 12.1301412582 80.2106933594
      vertex 94.6793136597 12.6369447708 80.3894042969
    endloop
  endfacet
  facet normal -0.643315553665 -0.747566401958 0.165195435286
    outer loop
      vertex 95.2687530518 12.4904279709 79.9145355225
      vertex 94.6793136597 12.6369447708 80.3894042969
      vertex 94.6793136597 12.934346199 80.3236846924
    endloop
  endfacet
  facet normal -0.662545144558 -0.716054499149 0.219772338867
    outer loop
      vertex 95.2687530518 12.4904279709 79.9145355225
      vertex 94.6793136597 12.934346199 80.3236846924
      vertex 95.5028991699 12.807100296 79.600692749
    endloop
  endfacet
  facet normal -0.568760335445 -0.754578530788 0.327296286821
    outer loop
      vertex 95.5028991699 12.807100296 79.600692749
      vertex 96.3777160645 11.795835495 79.3799362183
      vertex 95.2687530518 12.4904279709 79.9145355225
    endloop
  endfacet
  facet normal -0.535694658756 -0.812507450581 0.229919195175
    outer loop
      vertex 95.2687530518 12.4904279709 79.9145355225
      vertex 96.3777160645 11.795835495 79.3799362183
      vertex 96.107635498 11.4901990891 79.644493103
    endloop
  endfacet
  facet normal -0.559735298157 -0.787901461124 0.256724923849
    outer loop
      vertex 95.2687530518 12.4904279709 79.9145355225
      vertex 96.107635498 11.4901990891 79.644493103
      vertex 95.0171203613 12.1301412582 80.2106933594
    endloop
  endfacet
  facet normal -0.530111312866 -0.831116974354 0.168007567525
    outer loop
      vertex 95.0171203613 12.1301412582 80.2106933594
      vertex 96.107635498 11.4901990891 79.644493103
      vertex 95.919921875 11.266119957 79.8095169067
    endloop
  endfacet
  facet normal -0.550559878349 -0.810774147511 0.19881939888
    outer loop
      vertex 95.0171203613 12.1301412582 80.2106933594
      vertex 95.919921875 11.266119957 79.8095169067
      vertex 94.8416595459 11.8673591614 80.39427948
    endloop
  endfacet
  facet normal -0.520371735096 -0.846882283688 0.10956132412
    outer loop
      vertex 94.8416595459 11.8673591614 80.39427948
      vertex 95.919921875 11.266119957 79.8095169067
      vertex 95.6205749512 10.8919248581 80.0418624878
    endloop
  endfacet
  facet normal -0.436668425798 -0.878040969372 0.19586917758
    outer loop
      vertex 95.919921875 11.266119957 79.8095169067
      vertex 96.7650756836 10.3736782074 79.5882873535
      vertex 95.6205749512 10.8919248581 80.0418624878
    endloop
  endfacet
  facet normal -0.399030387402 -0.913271427155 0.0819151327014
    outer loop
      vertex 95.6205749512 10.8919248581 80.0418624878
      vertex 96.7650756836 10.3736782074 79.5882873535
      vertex 96.4341125488 10.0202970505 79.7645874023
    endloop
  endfacet
  facet normal -0.43000882864 -0.895269334316 0.116555720568
    outer loop
      vertex 95.6205749512 10.8919248581 80.0418624878
      vertex 96.4341125488 10.0202970505 79.7645874023
      vertex 95.3127288818 10.4872570038 80.2424087524
    endloop
  endfacet
  facet normal -0.393237948418 -0.919429957867 0.003529347945
    outer loop
      vertex 95.3127288818 10.4872570038 80.2424087524
      vertex 96.4341125488 10.0202970505 79.7645874023
      vertex 96.0977935791 9.64222240448 79.9098815918
    endloop
  endfacet
  facet normal -0.423776388168 -0.904986739159 0.0375841259956
    outer loop
      vertex 95.3127288818 10.4872570038 80.2424087524
      vertex 96.0977935791 9.64222240448 79.9098815918
      vertex 94.9984741211 10.0540847778 80.4075546265
    endloop
  endfacet
  facet normal -0.390153557062 -0.91822385788 -0.068155258894
    outer loop
      vertex 94.9984741211 10.0540847778 80.4075546265
      vertex 96.0977935791 9.64222240448 79.9098815918
      vertex 95.8242797852 9.3207244873 80.0022354126
    endloop
  endfacet
  facet normal -0.417260020971 -0.90821993351 -0.0321027524769
    outer loop
      vertex 94.9984741211 10.0540847778 80.4075546265
      vertex 95.8242797852 9.3207244873 80.0022354126
      vertex 94.7418823242 9.685546875 80.5124130249
    endloop
  endfacet
  facet normal -0.384633272886 -0.913047194481 -0.135654225945
    outer loop
      vertex 94.7418823242 9.685546875 80.5124130249
      vertex 95.8242797852 9.3207244873 80.0022354126
      vertex 95.4889373779 8.90908241272 80.0823440552
    endloop
  endfacet
  facet normal -0.306662976742 -0.949594497681 -0.0650237351656
    outer loop
      vertex 95.8242797852 9.3207244873 80.0022354126
      vertex 96.6033630371 8.58386230469 79.7001800537
      vertex 95.4889373779 8.90908241272 80.0823440552
    endloop
  endfacet
  facet normal -0.270106881857 -0.944927990437 -0.184806451201
    outer loop
      vertex 95.4889373779 8.90908241272 80.0823440552
      vertex 96.6033630371 8.58386230469 79.7001800537
      vertex 96.256149292 8.21557044983 79.7274017334
    endloop
  endfacet
  facet normal -0.303752690554 -0.941522359848 -0.14584210515
    outer loop
      vertex 95.4889373779 8.90908241272 80.0823440552
      vertex 96.256149292 8.21557044983 79.7274017334
      vertex 95.1620178223 8.48883914948 80.122718811
    endloop
  endfacet
  facet normal -0.26928126812 -0.92664295435 -0.262336403131
    outer loop
      vertex 95.1620178223 8.48883914948 80.122718811
      vertex 96.256149292 8.21557044983 79.7274017334
      vertex 95.9216461182 7.84493732452 79.7196807861
    endloop
  endfacet
  facet normal -0.301324516535 -0.926699578762 -0.224569499493
    outer loop
      vertex 95.1620178223 8.48883914948 80.122718811
      vertex 95.9216461182 7.84493732452 79.7196807861
      vertex 94.8457641602 8.06446456909 80.1227111816
    endloop
  endfacet
  facet normal -0.268624424934 -0.901668131351 -0.338873952627
    outer loop
      vertex 94.8457641602 8.06446456909 80.1227111816
      vertex 95.9216461182 7.84493732452 79.7196807861
      vertex 95.5879974365 7.4586353302 79.6738967896
    endloop
  endfacet
  facet normal -0.19370059669 -0.940618038177 -0.278779029846
    outer loop
      vertex 95.9216461182 7.84493732452 79.7196807861
      vertex 96.6773529053 7.25049591064 79.387878418
      vertex 95.5879974365 7.4586353302 79.6738967896
    endloop
  endfacet
  facet normal -0.160473436117 -0.902327895164 -0.400065749884
    outer loop
      vertex 95.5879974365 7.4586353302 79.6738967896
      vertex 96.6773529053 7.25049591064 79.387878418
      vertex 96.3642425537 6.93664836884 79.3044128418
    endloop
  endfacet
  facet normal -0.192992150784 -0.913049757481 -0.359296798706
    outer loop
      vertex 95.5879974365 7.4586353302 79.6738967896
      vertex 96.3642425537 6.93664836884 79.3044128418
      vertex 95.2898864746 7.09813404083 79.5950469971
    endloop
  endfacet
  facet normal -0.163014784455 -0.865633547306 -0.473396986723
    outer loop
      vertex 95.2898864746 7.09813404083 79.5950469971
      vertex 96.3642425537 6.93664836884 79.3044128418
      vertex 96.0759124756 6.63520145416 79.1938552856
    endloop
  endfacet
  facet normal -0.19283246994 -0.879602193832 -0.434874206781
    outer loop
      vertex 95.2898864746 7.09813404083 79.5950469971
      vertex 96.0759124756 6.63520145416 79.1938552856
      vertex 95.0142822266 6.75045251846 79.4835739136
    endloop
  endfacet
  facet normal -0.165761038661 -0.823338091373 -0.542805373669
    outer loop
      vertex 95.0142822266 6.75045251846 79.4835739136
      vertex 96.0759124756 6.63520145416 79.1938552856
      vertex 95.8120880127 6.34721183777 79.0571060181
    endloop
  endfacet
  facet normal -0.192837819457 -0.840112924576 -0.50697517395
    outer loop
      vertex 95.0142822266 6.75045251846 79.4835739136
      vertex 95.8120880127 6.34721183777 79.0571060181
      vertex 94.7610321045 6.41727685928 79.3406448364
    endloop
  endfacet
  facet normal -0.168673262 -0.775575637817 -0.608302414417
    outer loop
      vertex 94.7610321045 6.41727685928 79.3406448364
      vertex 95.8120880127 6.34721183777 79.0571060181
      vertex 95.5725097656 6.07384967804 78.8948059082
    endloop
  endfacet
  facet normal -0.148934483528 -0.759161651134 -0.633634030819
    outer loop
      vertex 95.5725097656 6.07384967804 78.8948059082
      vertex 95.5441436768 6.04064702988 78.8726577759
      vertex 94.7610321045 6.41727685928 79.3406448364
    endloop
  endfacet
  facet normal -0.083289295435 -0.794699907303 -0.601261138916
    outer loop
      vertex 95.5725097656 6.07384967804 78.8948059082
      vertex 96.6007232666 5.9464764595 78.6906738281
      vertex 95.5441436768 6.04064702988 78.8726577759
    endloop
  endfacet
  facet normal -0.0689950436354 -0.744309544563 -0.664261221886
    outer loop
      vertex 95.5441436768 6.04064702988 78.8726577759
      vertex 96.6007232666 5.9464764595 78.6906738281
      vertex 96.4667358398 5.81335496902 78.5842895508
    endloop
  endfacet
  facet normal -0.0818075090647 -0.765124976635 -0.638663709164
    outer loop
      vertex 95.5441436768 6.04064702988 78.8726577759
      vertex 96.4667358398 5.81335496902 78.5842895508
      vertex 95.3336029053 5.78789043427 78.6841888428
    endloop
  endfacet
  facet normal -0.0784123316407 -0.711383521557 -0.698416054249
    outer loop
      vertex 95.3336029053 5.78789043427 78.6841888428
      vertex 96.4667358398 5.81335496902 78.5842895508
      vertex 96.383392334 5.72847890854 78.5101470947
    endloop
  endfacet
  facet normal -0.0704593509436 -0.675541639328 -0.733947515488
    outer loop
      vertex 95.3336029053 5.78789043427 78.6841888428
      vertex 96.383392334 5.72847890854 78.5101470947
      vertex 96.1944885254 5.52934551239 78.3134994507
    endloop
  endfacet
  facet normal -0.0904853343964 -0.702495932579 -0.70591211319
    outer loop
      vertex 95.3336029053 5.78789043427 78.6841888428
      vertex 96.1944885254 5.52934551239 78.3134994507
      vertex 95.1498413086 5.55698537827 78.4758300781
    endloop
  endfacet
  facet normal -0.0764803886414 -0.624517679214 -0.777256965637
    outer loop
      vertex 95.1498413086 5.55698537827 78.4758300781
      vertex 96.1944885254 5.52934551239 78.3134994507
      vertex 96.0996704102 5.42524957657 78.1955566406
    endloop
  endfacet
  facet normal -0.0837170928717 -0.641948342323 -0.762163877487
    outer loop
      vertex 95.1498413086 5.55698537827 78.4758300781
      vertex 96.0996704102 5.42524957657 78.1955566406
      vertex 94.991317749 5.34843730927 78.2489013672
    endloop
  endfacet
  facet normal -0.0840513631701 -0.588770389557 -0.803918361664
    outer loop
      vertex 94.991317749 5.34843730927 78.2489013672
      vertex 96.0996704102 5.42524957657 78.1955566406
      vertex 96.0322723389 5.34928607941 78.1014556885
    endloop
  endfacet
  facet normal -0.0778072401881 -0.544507741928 -0.835139095783
    outer loop
      vertex 94.991317749 5.34843730927 78.2489013672
      vertex 96.0322723389 5.34928607941 78.1014556885
      vertex 95.8967437744 5.19061756134 77.8774642944
    endloop
  endfacet
  facet normal -0.0915625840425 -0.57010024786 -0.816456973553
    outer loop
      vertex 94.991317749 5.34843730927 78.2489013672
      vertex 95.8967437744 5.19061756134 77.8774642944
      vertex 94.8582611084 5.16504430771 78.0076293945
    endloop
  endfacet
  facet normal -0.0826976597309 -0.489200145006 -0.86824208498
    outer loop
      vertex 94.8582611084 5.16504430771 78.0076293945
      vertex 95.8967437744 5.19061756134 77.8774642944
      vertex 95.8326568604 5.11226987839 77.7492446899
    endloop
  endfacet
  facet normal -0.0855995044112 -0.498948812485 -0.862393677235
    outer loop
      vertex 94.8582611084 5.16504430771 78.0076293945
      vertex 95.8326568604 5.11226987839 77.7492446899
      vertex 94.7460784912 5.00279331207 77.7464370728
    endloop
  endfacet
  facet normal -0.0883302390575 -0.450765699148 -0.888261258602
    outer loop
      vertex 94.7460784912 5.00279331207 77.7464370728
      vertex 95.8326568604 5.11226987839 77.7492446899
      vertex 95.7830505371 5.0498342514 77.6359329224
    endloop
  endfacet
  facet normal -0.0838678926229 -0.398157835007 -0.913474977016
    outer loop
      vertex 94.7460784912 5.00279331207 77.7464370728
      vertex 95.7830505371 5.0498342514 77.6359329224
      vertex 95.6937408447 4.93236064911 77.3852310181
    endloop
  endfacet
  facet normal -0.0370982699096 -0.413147062063 -0.909908354282
    outer loop
      vertex 95.7830505371 5.0498342514 77.6359329224
      vertex 130.209945679 6.2816529274 77.2575302124
      vertex 95.6937408447 4.93236064911 77.3852310181
    endloop
  endfacet
  facet normal -0.0378460772336 -0.353448688984 -0.934688031673
    outer loop
      vertex 130.209945679 6.2816529274 77.2575302124
      vertex 95.6579437256 4.88286399841 77.2581710815
      vertex 95.6937408447 4.93236064911 77.3852310181
    endloop
  endfacet
  facet normal -0.0384292975068 -0.312582165003 -0.949113070965
    outer loop
      vertex 130.209945679 6.2816529274 77.2575302124
      vertex 95.6267242432 4.83805036545 77.1259384155
      vertex 95.6579437256 4.88286399841 77.2581710815
    endloop
  endfacet
  facet normal -0.039403680712 -0.251975804567 -0.966930985451
    outer loop
      vertex 130.215438843 6.14607095718 76.7363891602
      vertex 95.6267242432 4.83805036545 77.1259384155
      vertex 130.209945679 6.2816529274 77.2575302124
    endloop
  endfacet
  facet normal 0.0390872769058 -0.251204520464 -0.967144489288
    outer loop
      vertex 130.685821533 6.12868118286 76.7426300049
      vertex 130.215438843 6.14607095718 76.7363891602
      vertex 130.209945679 6.2816529274 77.2575302124
    endloop
  endfacet
  facet normal 0.0390798076987 -0.25121101737 -0.967143118382
    outer loop
      vertex 130.685821533 6.12868118286 76.7426300049
      vertex 130.209945679 6.2816529274 77.2575302124
      vertex 130.680267334 6.26584529877 77.2698364258
    endloop
  endfacet
  facet normal 0.194377422333 -0.245067298412 -0.949820756912
    outer loop
      vertex 131.147583008 6.03897714615 76.7612075806
      vertex 130.685821533 6.12868118286 76.7426300049
      vertex 130.680267334 6.26584529877 77.2698364258
    endloop
  endfacet
  facet normal 0.194387242198 -0.245058402419 -0.949821054935
    outer loop
      vertex 131.147583008 6.03897714615 76.7612075806
      vertex 130.680267334 6.26584529877 77.2698364258
      vertex 131.141830444 6.18083000183 77.3064498901
    endloop
  endfacet
  facet normal 0.345000505447 -0.232912644744 -0.909244954586
    outer loop
      vertex 131.589324951 5.87916183472 76.7916488647
      vertex 131.147583008 6.03897714615 76.7612075806
      vertex 131.141830444 6.18083000183 77.3064498901
    endloop
  endfacet
  facet normal 0.344999521971 -0.232913583517 -0.909245073795
    outer loop
      vertex 131.589324951 5.87916183472 76.7916488647
      vertex 131.141830444 6.18083000183 77.3064498901
      vertex 131.583267212 6.02870559692 77.3664627075
    endloop
  endfacet
  facet normal 0.487283438444 -0.215051040053 -0.846349775791
    outer loop
      vertex 131.589324951 5.87916183472 76.7916488647
      vertex 131.583267212 6.02870559692 77.3664627075
      vertex 131.871139526 5.76941251755 76.9982833862
    endloop
  endfacet
  facet normal 0.487283676863 -0.215051472187 -0.846349537373
    outer loop
      vertex 131.589324951 5.87916183472 76.7916488647
      vertex 131.871139526 5.76941251755 76.9982833862
      vertex 131.871139526 5.72415351868 76.8201599121
    endloop
  endfacet
  facet normal 0.486293524504 -0.0723966434598 -0.870791196823
    outer loop
      vertex 131.589324951 5.87916183472 76.7916488647
      vertex 131.871139526 5.72415351868 76.8201599121
      vertex 131.871139526 5.6882109642 76.387840271
    endloop
  endfacet
  facet normal 0.486310273409 -0.0723811164498 -0.870783150196
    outer loop
      vertex 131.591369629 5.8288269043 76.1998138428
      vertex 131.589324951 5.87916183472 76.7916488647
      vertex 131.871139526 5.6882109642 76.387840271
    endloop
  endfacet
  facet normal 0.486309379339 -0.0723792612553 -0.870783805847
    outer loop
      vertex 131.591369629 5.8288269043 76.1998138428
      vertex 131.871139526 5.6882109642 76.387840271
      vertex 131.871139526 5.67258214951 76.1998138428
    endloop
  endfacet
  facet normal 0.486308813095 0.0723945945501 -0.870782852173
    outer loop
      vertex 131.591369629 5.8288269043 76.1998138428
      vertex 131.871139526 5.67258214951 76.1998138428
      vertex 131.871139526 5.70861816406 75.7663574219
    endloop
  endfacet
  facet normal 0.486293405294 0.0723819732666 -0.870792508125
    outer loop
      vertex 131.589324951 5.87916183472 75.6079788208
      vertex 131.591369629 5.8288269043 76.1998138428
      vertex 131.871139526 5.70861816406 75.7663574219
    endloop
  endfacet
  facet normal 0.486292928457 0.072383031249 -0.870792686939
    outer loop
      vertex 131.589324951 5.87916183472 75.6079788208
      vertex 131.871139526 5.70861816406 75.7663574219
      vertex 131.871139526 5.72415351868 75.5794677734
    endloop
  endfacet
  facet normal 0.487283498049 0.215057179332 -0.846348166466
    outer loop
      vertex 131.589324951 5.87916183472 75.6079788208
      vertex 131.871139526 5.72415351868 75.5794677734
      vertex 131.871139526 5.83320522308 75.1502990723
    endloop
  endfacet
  facet normal 0.48727619648 0.215052127838 -0.846353650093
    outer loop
      vertex 131.583267212 6.02870559692 75.033164978
      vertex 131.589324951 5.87916183472 75.6079788208
      vertex 131.871139526 5.83320522308 75.1502990723
    endloop
  endfacet
  facet normal 0.487277299166 0.215049430728 -0.846353709698
    outer loop
      vertex 131.583267212 6.02870559692 75.033164978
      vertex 131.871139526 5.83320522308 75.1502990723
      vertex 131.871139526 5.87756967545 74.975692749
    endloop
  endfacet
  facet normal 0.489228457212 0.351540625095 -0.798169612885
    outer loop
      vertex 131.583267212 6.02870559692 75.033164978
      vertex 131.871139526 5.87756967545 74.975692749
      vertex 131.871139526 6.06192588806 74.5571136475
    endloop
  endfacet
  facet normal 0.489233106375 0.351543158293 -0.798165619373
    outer loop
      vertex 131.573364258 6.27316522598 74.4919128418
      vertex 131.583267212 6.02870559692 75.033164978
      vertex 131.871139526 6.06192588806 74.5571136475
    endloop
  endfacet
  facet normal 0.489232540131 0.351544678211 -0.79816532135
    outer loop
      vertex 131.573364258 6.27316522598 74.4919128418
      vertex 131.871139526 6.06192588806 74.5571136475
      vertex 131.871139526 6.12904024124 74.4047393799
    endloop
  endfacet
  facet normal 0.49208894372 0.477939277887 -0.727614223957
    outer loop
      vertex 131.573364258 6.27316522598 74.4919128418
      vertex 131.871139526 6.12904024124 74.4047393799
      vertex 131.871139526 6.39169025421 74.0048751831
    endloop
  endfacet
  facet normal 0.492092221975 0.477940559387 -0.72761118412
    outer loop
      vertex 131.559921265 6.60550451279 73.9998016357
      vertex 131.573364258 6.27316522598 74.4919128418
      vertex 131.871139526 6.39169025421 74.0048751831
    endloop
  endfacet
  facet normal 0.492091983557 0.477941334248 -0.727610886097
    outer loop
      vertex 131.559921265 6.60550451279 73.9998016357
      vertex 131.871139526 6.39169025421 74.0048751831
      vertex 131.871139526 6.47229814529 73.8821640015
    endloop
  endfacet
  facet normal 0.495771497488 0.590553581715 -0.636755108833
    outer loop
      vertex 131.559921265 6.60550451279 73.9998016357
      vertex 131.871139526 6.47229814529 73.8821640015
      vertex 131.871139526 6.81605148315 73.5115127563
    endloop
  endfacet
  facet normal 0.495767116547 0.59055262804 -0.636759400368
    outer loop
      vertex 131.543289185 7.01616334915 73.5709762573
      vertex 131.559921265 6.60550451279 73.9998016357
      vertex 131.871139526 6.81605148315 73.5115127563
    endloop
  endfacet
  facet normal 0.495766967535 0.590553224087 -0.636758983135
    outer loop
      vertex 131.543289185 7.01616334915 73.5709762573
      vertex 131.871139526 6.81605148315 73.5115127563
      vertex 131.871139526 6.89863395691 73.4224700928
    endloop
  endfacet
  facet normal 0.500164687634 0.686189889908 -0.52818441391
    outer loop
      vertex 131.543289185 7.01616334915 73.5709762573
      vertex 131.871139526 6.89863395691 73.4224700928
      vertex 131.871139526 7.32503700256 73.09425354
    endloop
  endfacet
  facet normal 0.500177919865 0.68619042635 -0.528171181679
    outer loop
      vertex 131.523971558 7.49333238602 73.2177734375
      vertex 131.543289185 7.01616334915 73.5709762573
      vertex 131.871139526 7.32503700256 73.09425354
    endloop
  endfacet
  facet normal 0.500177621841 0.68619209528 -0.52816927433
    outer loop
      vertex 131.523971558 7.49333238602 73.2177734375
      vertex 131.871139526 7.32503700256 73.09425354
      vertex 131.871139526 7.39709424973 73.0387878418
    endloop
  endfacet
  facet normal 0.505164146423 0.76208794117 -0.405007570982
    outer loop
      vertex 131.523971558 7.49333238602 73.2177734375
      vertex 131.871139526 7.39709424973 73.0387878418
      vertex 131.871139526 7.90502500534 72.7688522339
    endloop
  endfacet
  facet normal 0.505156219006 0.762089014053 -0.405015438795
    outer loop
      vertex 131.502502441 8.02327537537 72.9503631592
      vertex 131.523971558 7.49333238602 73.2177734375
      vertex 131.871139526 7.90502500534 72.7688522339
    endloop
  endfacet
  facet normal 0.50515627861 0.762088835239 -0.405015796423
    outer loop
      vertex 131.502502441 8.02327537537 72.9503631592
      vertex 131.871139526 7.90502500534 72.7688522339
      vertex 131.871139526 7.95460510254 72.7425003052
    endloop
  endfacet
  facet normal 0.510590314865 0.816073179245 -0.27078050375
    outer loop
      vertex 131.502502441 8.02327537537 72.9503631592
      vertex 131.871139526 7.95460510254 72.7425003052
      vertex 131.479537964 8.59075260162 72.7764358521
    endloop
  endfacet
  facet normal 0.370250403881 0.883849680424 -0.28587475419
    outer loop
      vertex 131.479537964 8.59075260162 72.7764358521
      vertex 131.065231323 8.0727930069 73.1175231934
      vertex 131.502502441 8.02327537537 72.9503631592
    endloop
  endfacet
  facet normal 0.364363908768 0.825388371944 -0.431245863438
    outer loop
      vertex 131.502502441 8.02327537537 72.9503631592
      vertex 131.065231323 8.0727930069 73.1175231934
      vertex 131.085586548 7.57010793686 73.3711776733
    endloop
  endfacet
  facet normal 0.364356607199 0.82538819313 -0.431252390146
    outer loop
      vertex 131.502502441 8.02327537537 72.9503631592
      vertex 131.085586548 7.57010793686 73.3711776733
      vertex 131.523971558 7.49333238602 73.2177734375
    endloop
  endfacet
  facet normal 0.358954161406 0.743192374706 -0.564638853073
    outer loop
      vertex 131.523971558 7.49333238602 73.2177734375
      vertex 131.085586548 7.57010793686 73.3711776733
      vertex 131.103912354 7.11749315262 73.706199646
    endloop
  endfacet
  facet normal 0.358946472406 0.743190944195 -0.564645588398
    outer loop
      vertex 131.523971558 7.49333238602 73.2177734375
      vertex 131.103912354 7.11749315262 73.706199646
      vertex 131.543289185 7.01616334915 73.5709762573
    endloop
  endfacet
  facet normal 0.354186922312 0.639599323273 -0.682249486446
    outer loop
      vertex 131.543289185 7.01616334915 73.5709762573
      vertex 131.103912354 7.11749315262 73.706199646
      vertex 131.119689941 6.72795581818 74.1129760742
    endloop
  endfacet
  facet normal 0.354194104671 0.639601707458 -0.682243466377
    outer loop
      vertex 131.543289185 7.01616334915 73.5709762573
      vertex 131.119689941 6.72795581818 74.1129760742
      vertex 131.559921265 6.60550451279 73.9998016357
    endloop
  endfacet
  facet normal 0.350208848715 0.517621934414 -0.780654430389
    outer loop
      vertex 131.559921265 6.60550451279 73.9998016357
      vertex 131.119689941 6.72795581818 74.1129760742
      vertex 131.132446289 6.41271734238 74.5797729492
    endloop
  endfacet
  facet normal 0.350223988295 0.517629206181 -0.780642807484
    outer loop
      vertex 131.559921265 6.60550451279 73.9998016357
      vertex 131.132446289 6.41271734238 74.5797729492
      vertex 131.573364258 6.27316522598 74.4919128418
    endloop
  endfacet
  facet normal 0.347131043673 0.380754292011 -0.857045054436
    outer loop
      vertex 131.573364258 6.27316522598 74.4919128418
      vertex 131.132446289 6.41271734238 74.5797729492
      vertex 131.141830444 6.18083000183 75.0931777954
    endloop
  endfacet
  facet normal 0.347112327814 0.380742788315 -0.857057750225
    outer loop
      vertex 131.573364258 6.27316522598 74.4919128418
      vertex 131.141830444 6.18083000183 75.0931777954
      vertex 131.583267212 6.02870559692 75.033164978
    endloop
  endfacet
  facet normal 0.344999432564 0.23291271925 -0.909245312214
    outer loop
      vertex 131.583267212 6.02870559692 75.033164978
      vertex 131.141830444 6.18083000183 75.0931777954
      vertex 131.147583008 6.03897714615 75.638420105
    endloop
  endfacet
  facet normal 0.345000505447 0.23291349411 -0.909244716167
    outer loop
      vertex 131.583267212 6.02870559692 75.033164978
      vertex 131.147583008 6.03897714615 75.638420105
      vertex 131.589324951 5.87916183472 75.6079788208
    endloop
  endfacet
  facet normal 0.343929558992 0.0783914104104 -0.935717523098
    outer loop
      vertex 131.589324951 5.87916183472 75.6079788208
      vertex 131.147583008 6.03897714615 75.638420105
      vertex 131.149520874 5.99123287201 76.1998138428
    endloop
  endfacet
  facet normal 0.343933612108 0.0783947631717 -0.935715734959
    outer loop
      vertex 131.589324951 5.87916183472 75.6079788208
      vertex 131.149520874 5.99123287201 76.1998138428
      vertex 131.591369629 5.8288269043 76.1998138428
    endloop
  endfacet
  facet normal 0.343933701515 -0.0783912688494 -0.935715973377
    outer loop
      vertex 131.591369629 5.8288269043 76.1998138428
      vertex 131.149520874 5.99123287201 76.1998138428
      vertex 131.147583008 6.03897714615 76.7612075806
    endloop
  endfacet
  facet normal 0.343929678202 -0.0783948972821 -0.93571716547
    outer loop
      vertex 131.591369629 5.8288269043 76.1998138428
      vertex 131.147583008 6.03897714615 76.7612075806
      vertex 131.589324951 5.87916183472 76.7916488647
    endloop
  endfacet
  facet normal 0.193247705698 -0.0824802070856 -0.977676987648
    outer loop
      vertex 131.149520874 5.99123287201 76.1998138428
      vertex 130.685821533 6.12868118286 76.7426300049
      vertex 131.147583008 6.03897714615 76.7612075806
    endloop
  endfacet
  facet normal 0.193258136511 -0.0824709758162 -0.97767573595
    outer loop
      vertex 131.149520874 5.99123287201 76.1998138428
      vertex 130.687683105 6.08252477646 76.1998138428
      vertex 130.685821533 6.12868118286 76.7426300049
    endloop
  endfacet
  facet normal 0.0379316098988 -0.0845359712839 -0.995698153973
    outer loop
      vertex 130.687683105 6.08252477646 76.1998138428
      vertex 130.215438843 6.14607095718 76.7363891602
      vertex 130.685821533 6.12868118286 76.7426300049
    endloop
  endfacet
  facet normal 0.0379235185683 -0.0845430567861 -0.995697855949
    outer loop
      vertex 130.687683105 6.08252477646 76.1998138428
      vertex 130.217285156 6.100440979 76.1998138428
      vertex 130.215438843 6.14607095718 76.7363891602
    endloop
  endfacet
  facet normal -0.0405244790018 -0.0848022773862 -0.995573401451
    outer loop
      vertex 95.5570373535 4.72609233856 76.6281433105
      vertex 130.215438843 6.14607095718 76.7363891602
      vertex 130.217285156 6.100440979 76.1998138428
    endloop
  endfacet
  facet normal -0.0405847541988 -0.0916287526488 -0.994965851307
    outer loop
      vertex 95.5570373535 4.72609233856 76.6281433105
      vertex 130.217285156 6.100440979 76.1998138428
      vertex 95.5470275879 4.7003288269 76.3528213501
    endloop
  endfacet
  facet normal -0.040452554822 -0.0262551028281 -0.998836457729
    outer loop
      vertex 95.5470275879 4.7003288269 76.3528213501
      vertex 130.217285156 6.100440979 76.1998138428
      vertex 95.5490570068 4.69675064087 76.2135772705
    endloop
  endfacet
  facet normal -0.0404433086514 0.0171824935824 -0.999034106731
    outer loop
      vertex 130.217285156 6.100440979 76.1998138428
      vertex 95.5555419922 4.69936656952 76.076751709
      vertex 95.5490570068 4.69675064087 76.2135772705
    endloop
  endfacet
  facet normal -0.0405393503606 0.0729782581329 -0.996509253979
    outer loop
      vertex 130.217285156 6.100440979 76.1998138428
      vertex 95.575012207 4.71605920792 75.8596343994
      vertex 95.5555419922 4.69936656952 76.076751709
    endloop
  endfacet
  facet normal -0.0406179055572 0.0848022773862 -0.995569586754
    outer loop
      vertex 130.215438843 6.14607095718 75.6632385254
      vertex 95.575012207 4.71605920792 75.8596343994
      vertex 130.217285156 6.100440979 76.1998138428
    endloop
  endfacet
  facet normal 0.0379330478609 0.0845429897308 -0.995697498322
    outer loop
      vertex 130.685821533 6.12868118286 75.6569900513
      vertex 130.215438843 6.14607095718 75.6632385254
      vertex 130.217285156 6.100440979 76.1998138428
    endloop
  endfacet
  facet normal 0.0379235446453 0.0845348462462 -0.995698571205
    outer loop
      vertex 130.685821533 6.12868118286 75.6569900513
      vertex 130.217285156 6.100440979 76.1998138428
      vertex 130.687683105 6.08252477646 76.1998138428
    endloop
  endfacet
  facet normal 0.193246170878 0.0824700593948 -0.977678179741
    outer loop
      vertex 131.147583008 6.03897714615 75.638420105
      vertex 130.685821533 6.12868118286 75.6569900513
      vertex 130.687683105 6.08252477646 76.1998138428
    endloop
  endfacet
  facet normal 0.1932580024 0.0824799984694 -0.977675020695
    outer loop
      vertex 131.147583008 6.03897714615 75.638420105
      vertex 130.687683105 6.08252477646 76.1998138428
      vertex 131.149520874 5.99123287201 76.1998138428
    endloop
  endfacet
  facet normal 0.194373607635 0.245059177279 -0.949823617935
    outer loop
      vertex 131.141830444 6.18083000183 75.0931777954
      vertex 130.685821533 6.12868118286 75.6569900513
      vertex 131.147583008 6.03897714615 75.638420105
    endloop
  endfacet
  facet normal 0.194387629628 0.245070010424 -0.949817955494
    outer loop
      vertex 131.141830444 6.18083000183 75.0931777954
      vertex 130.680267334 6.26584529877 75.1297912598
      vertex 130.685821533 6.12868118286 75.6569900513
    endloop
  endfacet
  facet normal 0.0390913821757 0.251214176416 -0.967141807079
    outer loop
      vertex 130.680267334 6.26584529877 75.1297912598
      vertex 130.215438843 6.14607095718 75.6632385254
      vertex 130.685821533 6.12868118286 75.6569900513
    endloop
  endfacet
  facet normal 0.03907969594 0.251204669476 -0.967144787312
    outer loop
      vertex 130.680267334 6.26584529877 75.1297912598
      vertex 130.209945679 6.2816529274 75.1420974731
      vertex 130.215438843 6.14607095718 75.6632385254
    endloop
  endfacet
  facet normal -0.0394473224878 0.251975804567 -0.966929197311
    outer loop
      vertex 95.6775054932 4.82768106461 75.3154296875
      vertex 130.215438843 6.14607095718 75.6632385254
      vertex 130.209945679 6.2816529274 75.1420974731
    endloop
  endfacet
  facet normal -0.0385150834918 0.306053549051 -0.95123487711
    outer loop
      vertex 95.6775054932 4.82768106461 75.3154296875
      vertex 130.209945679 6.2816529274 75.1420974731
      vertex 95.7286834717 4.88572788239 75.141456604
    endloop
  endfacet
  facet normal -0.0814280509949 0.293814718723 -0.952387750149
    outer loop
      vertex 95.6775054932 4.82768106461 75.3154296875
      vertex 95.7286834717 4.88572788239 75.141456604
      vertex 94.7180786133 4.857213974 74.9538040161
    endloop
  endfacet
  facet normal -0.0879900529981 0.331116080284 -0.939478516579
    outer loop
      vertex 94.7180786133 4.857213974 74.9538040161
      vertex 95.7286834717 4.88572788239 75.141456604
      vertex 95.7581481934 4.91916847229 75.0544052124
    endloop
  endfacet
  facet normal -0.0910974964499 0.373234689236 -0.923253536224
    outer loop
      vertex 94.7180786133 4.857213974 74.9538040161
      vertex 95.7581481934 4.91916847229 75.0544052124
      vertex 95.8368377686 5.00790071487 74.8541183472
    endloop
  endfacet
  facet normal -0.0871760249138 0.400467544794 -0.912154614925
    outer loop
      vertex 95.8368377686 5.00790071487 74.8541183472
      vertex 94.7957458496 4.95957708359 74.7375564575
      vertex 94.7180786133 4.857213974 74.9538040161
    endloop
  endfacet
  facet normal -0.093300126493 0.469281822443 -0.878105700016
    outer loop
      vertex 95.8368377686 5.00790071487 74.8541183472
      vertex 94.9144897461 5.1141667366 74.4719009399
      vertex 94.7957458496 4.95957708359 74.7375564575
    endloop
  endfacet
  facet normal -0.0787292718887 0.438846856356 -0.895106196404
    outer loop
      vertex 95.9342193604 5.11614656448 74.6508026123
      vertex 94.9144897461 5.1141667366 74.4719009399
      vertex 95.8368377686 5.00790071487 74.8541183472
    endloop
  endfacet
  facet normal -0.0360019505024 0.456153601408 -0.889172494411
    outer loop
      vertex 130.200973511 6.50328540802 74.6513824463
      vertex 95.9342193604 5.11614656448 74.6508026123
      vertex 95.8368377686 5.00790071487 74.8541183472
    endloop
  endfacet
  facet normal -0.0371899046004 0.411895930767 -0.91047167778
    outer loop
      vertex 130.200973511 6.50328540802 74.6513824463
      vertex 95.8368377686 5.00790071487 74.8541183472
      vertex 130.209945679 6.2816529274 75.1420974731
    endloop
  endfacet
  facet normal 0.0413622558117 0.410635262728 -0.910861074924
    outer loop
      vertex 130.671188354 6.49005699158 74.6333618164
      vertex 130.200973511 6.50328540802 74.6513824463
      vertex 130.209945679 6.2816529274 75.1420974731
    endloop
  endfacet
  facet normal 0.0413595400751 0.410633206367 -0.910862088203
    outer loop
      vertex 130.671188354 6.49005699158 74.6333618164
      vertex 130.209945679 6.2816529274 75.1420974731
      vertex 130.680267334 6.26584529877 75.1297912598
    endloop
  endfacet
  facet normal 0.196592628956 0.400593161583 -0.894917011261
    outer loop
      vertex 131.132446289 6.41271734238 74.5797729492
      vertex 130.671188354 6.49005699158 74.6333618164
      vertex 130.680267334 6.26584529877 75.1297912598
    endloop
  endfacet
  facet normal 0.196611493826 0.400606006384 -0.89490711689
    outer loop
      vertex 131.132446289 6.41271734238 74.5797729492
      vertex 130.680267334 6.26584529877 75.1297912598
      vertex 131.141830444 6.18083000183 75.0931777954
    endloop
  endfacet
  facet normal 0.199846178293 0.544609606266 -0.814531683922
    outer loop
      vertex 131.119689941 6.72795581818 74.1129760742
      vertex 130.671188354 6.49005699158 74.6333618164
      vertex 131.132446289 6.41271734238 74.5797729492
    endloop
  endfacet
  facet normal 0.199862241745 0.544618844986 -0.814521610737
    outer loop
      vertex 131.119689941 6.72795581818 74.1129760742
      vertex 130.658843994 6.79487323761 74.1820144653
      vertex 130.671188354 6.49005699158 74.6333618164
    endloop
  endfacet
  facet normal 0.0447019711137 0.558271229267 -0.828453361988
    outer loop
      vertex 130.658843994 6.79487323761 74.1820144653
      vertex 130.200973511 6.50328540802 74.6513824463
      vertex 130.671188354 6.49005699158 74.6333618164
    endloop
  endfacet
  facet normal 0.0446904189885 0.558263599873 -0.828459143639
    outer loop
      vertex 130.658843994 6.79487323761 74.1820144653
      vertex 130.188766479 6.80459690094 74.2052154541
      vertex 130.200973511 6.50328540802 74.6513824463
    endloop
  endfacet
  facet normal -0.0335163772106 0.559977710247 -0.827829480171
    outer loop
      vertex 130.188766479 6.80459690094 74.2052154541
      vertex 96.228225708 5.43015527725 74.2044448853
      vertex 130.200973511 6.50328540802 74.6513824463
    endloop
  endfacet
  facet normal -0.0331266075373 0.601466476917 -0.798210978508
    outer loop
      vertex 130.200973511 6.50328540802 74.6513824463
      vertex 96.228225708 5.43015527725 74.2044448853
      vertex 96.1004486084 5.29602575302 74.3754119873
    endloop
  endfacet
  facet normal -0.0341643281281 0.538539469242 -0.841907382011
    outer loop
      vertex 130.200973511 6.50328540802 74.6513824463
      vertex 96.1004486084 5.29602575302 74.3754119873
      vertex 95.9574890137 5.14169359207 74.6076126099
    endloop
  endfacet
  facet normal -0.0351599156857 0.494694560766 -0.86835539341
    outer loop
      vertex 95.9574890137 5.14169359207 74.6076126099
      vertex 95.9342193604 5.11614656448 74.6508026123
      vertex 130.200973511 6.50328540802 74.6513824463
    endloop
  endfacet
  facet normal -0.0847002714872 0.473082333803 -0.876937270164
    outer loop
      vertex 95.9574890137 5.14169359207 74.6076126099
      vertex 94.9144897461 5.1141667366 74.4719009399
      vertex 95.9342193604 5.11614656448 74.6508026123
    endloop
  endfacet
  facet normal -0.089240565896 0.512637913227 -0.853954613209
    outer loop
      vertex 96.1004486084 5.29602575302 74.3754119873
      vertex 94.9144897461 5.1141667366 74.4719009399
      vertex 95.9574890137 5.14169359207 74.6076126099
    endloop
  endfacet
  facet normal -0.0828437656164 0.549146831036 -0.831609725952
    outer loop
      vertex 96.1004486084 5.29602575302 74.3754119873
      vertex 95.0546722412 5.29277896881 74.2225646973
      vertex 94.9144897461 5.1141667366 74.4719009399
    endloop
  endfacet
  facet normal -0.0923899114132 0.615500032902 -0.782702863216
    outer loop
      vertex 95.2175598145 5.49481344223 73.9900970459
      vertex 95.0546722412 5.29277896881 74.2225646973
      vertex 96.1004486084 5.29602575302 74.3754119873
    endloop
  endfacet
  facet normal -0.0716085061431 0.581986129284 -0.810039758682
    outer loop
      vertex 96.1004486084 5.29602575302 74.3754119873
      vertex 96.228225708 5.43015527725 74.2044448853
      vertex 95.2175598145 5.49481344223 73.9900970459
    endloop
  endfacet
  facet normal -0.0790752843022 0.610550224781 -0.788020014763
    outer loop
      vertex 95.2175598145 5.49481344223 73.9900970459
      vertex 96.228225708 5.43015527725 74.2044448853
      vertex 96.2671661377 5.47035169601 74.1576080322
    endloop
  endfacet
  facet normal -0.0841410532594 0.638884484768 -0.764687418938
    outer loop
      vertex 95.2175598145 5.49481344223 73.9900970459
      vertex 96.2671661377 5.47035169601 74.1576080322
      vertex 96.4138946533 5.61907434464 73.9989242554
    endloop
  endfacet
  facet normal -0.0807446688414 0.679634094238 -0.729093849659
    outer loop
      vertex 96.4138946533 5.61907434464 73.9989242554
      vertex 95.3604125977 5.66727876663 73.822052002
      vertex 95.2175598145 5.49481344223 73.9900970459
    endloop
  endfacet
  facet normal -0.0834483504295 0.692362189293 -0.716708421707
    outer loop
      vertex 96.6287689209 5.8297419548 73.8067474365
      vertex 95.3604125977 5.66727876663 73.822052002
      vertex 96.4138946533 5.61907434464 73.9989242554
    endloop
  endfacet
  facet normal -0.0286205913872 0.72377550602 -0.689441740513
    outer loop
      vertex 130.188766479 6.80459690094 74.2052154541
      vertex 96.6287689209 5.8297419548 73.8067474365
      vertex 96.4138946533 5.61907434464 73.9989242554
    endloop
  endfacet
  facet normal -0.0301655847579 0.668533027172 -0.743070423603
    outer loop
      vertex 130.188766479 6.80459690094 74.2052154541
      vertex 96.4138946533 5.61907434464 73.9989242554
      vertex 96.2671661377 5.47035169601 74.1576080322
    endloop
  endfacet
  facet normal -0.0312248058617 0.635868728161 -0.771165311337
    outer loop
      vertex 96.2671661377 5.47035169601 74.1576080322
      vertex 96.228225708 5.43015527725 74.2044448853
      vertex 130.188766479 6.80459690094 74.2052154541
    endloop
  endfacet
  facet normal -0.0291699077934 0.691941022873 -0.721364498138
    outer loop
      vertex 130.173690796 7.17691516876 73.8164291382
      vertex 96.6287689209 5.8297419548 73.8067474365
      vertex 130.188766479 6.80459690094 74.2052154541
    endloop
  endfacet
  facet normal 0.0489959493279 0.689822852612 -0.722318410873
    outer loop
      vertex 130.643600464 7.17151832581 73.7887039185
      vertex 130.173690796 7.17691516876 73.8164291382
      vertex 130.188766479 6.80459690094 74.2052154541
    endloop
  endfacet
  facet normal 0.0489880032837 0.689818382263 -0.722323179245
    outer loop
      vertex 130.643600464 7.17151832581 73.7887039185
      vertex 130.188766479 6.80459690094 74.2052154541
      vertex 130.658843994 6.79487323761 74.1820144653
    endloop
  endfacet
  facet normal 0.204062029719 0.672949075699 -0.710983991623
    outer loop
      vertex 131.103912354 7.11749315262 73.706199646
      vertex 130.643600464 7.17151832581 73.7887039185
      vertex 130.658843994 6.79487323761 74.1820144653
    endloop
  endfacet
  facet normal 0.204053223133 0.672945082188 -0.710990309715
    outer loop
      vertex 131.103912354 7.11749315262 73.706199646
      vertex 130.658843994 6.79487323761 74.1820144653
      vertex 131.119689941 6.72795581818 74.1129760742
    endloop
  endfacet
  facet normal 0.209074363112 0.781937420368 -0.587249338627
    outer loop
      vertex 131.085586548 7.57010793686 73.3711776733
      vertex 130.643600464 7.17151832581 73.7887039185
      vertex 131.103912354 7.11749315262 73.706199646
    endloop
  endfacet
  facet normal 0.209070727229 0.78193628788 -0.587252140045
    outer loop
      vertex 131.085586548 7.57010793686 73.3711776733
      vertex 130.62588501 7.60916233063 73.4647598267
      vertex 130.643600464 7.17151832581 73.7887039185
    endloop
  endfacet
  facet normal 0.0541306361556 0.801537573338 -0.59548920393
    outer loop
      vertex 130.62588501 7.60916233063 73.4647598267
      vertex 130.173690796 7.17691516876 73.8164291382
      vertex 130.643600464 7.17151832581 73.7887039185
    endloop
  endfacet
  facet normal 0.0541234053671 0.801534414291 -0.595494151115
    outer loop
      vertex 130.62588501 7.60916233063 73.4647598267
      vertex 130.156173706 7.60952425003 73.4962081909
      vertex 130.173690796 7.17691516876 73.8164291382
    endloop
  endfacet
  facet normal -0.0240556430072 0.803994417191 -0.594150066376
    outer loop
      vertex 130.156173706 7.60952425003 73.4962081909
      vertex 97.1054229736 6.27180528641 73.4958953857
      vertex 130.173690796 7.17691516876 73.8164291382
    endloop
  endfacet
  facet normal -0.0232961773872 0.830073356628 -0.557167410851
    outer loop
      vertex 130.173690796 7.17691516876 73.8164291382
      vertex 97.1054229736 6.27180528641 73.4958953857
      vertex 96.8682250977 6.05579328537 73.6342315674
    endloop
  endfacet
  facet normal -0.0252557136118 0.781610131264 -0.623255729675
    outer loop
      vertex 130.173690796 7.17691516876 73.8164291382
      vertex 96.8682250977 6.05579328537 73.6342315674
      vertex 96.6287689209 5.8297419548 73.8067474365
    endloop
  endfacet
  facet normal -0.0807024240494 0.749280452728 -0.657317221165
    outer loop
      vertex 96.8682250977 6.05579328537 73.6342315674
      vertex 95.568862915 5.9115524292 73.6208190918
      vertex 96.6287689209 5.8297419548 73.8067474365
    endloop
  endfacet
  facet normal -0.0772408023477 0.736171662807 -0.672372758389
    outer loop
      vertex 96.6287689209 5.8297419548 73.8067474365
      vertex 95.568862915 5.9115524292 73.6208190918
      vertex 95.3604125977 5.66727876663 73.822052002
    endloop
  endfacet
  facet normal -0.0752497836947 0.793347239494 -0.604100704193
    outer loop
      vertex 96.8682250977 6.05579328537 73.6342315674
      vertex 95.8003082275 6.1733546257 73.4434204102
      vertex 95.568862915 5.9115524292 73.6208190918
    endloop
  endfacet
  facet normal -0.0896512940526 0.835636258125 -0.541917562485
    outer loop
      vertex 96.0556640625 6.45185470581 73.2902069092
      vertex 95.8003082275 6.1733546257 73.4434204102
      vertex 96.8682250977 6.05579328537 73.6342315674
    endloop
  endfacet
  facet normal -0.0586979798973 0.810146927834 -0.583280801773
    outer loop
      vertex 96.8682250977 6.05579328537 73.6342315674
      vertex 97.1054229736 6.27180528641 73.4958953857
      vertex 96.0556640625 6.45185470581 73.2902069092
    endloop
  endfacet
  facet normal -0.0668940842152 0.828317046165 -0.556251764297
    outer loop
      vertex 96.0556640625 6.45185470581 73.2902069092
      vertex 97.1054229736 6.27180528641 73.4958953857
      vertex 97.1334381104 6.29685115814 73.481338501
    endloop
  endfacet
  facet normal -0.0727657228708 0.842800617218 -0.533284425735
    outer loop
      vertex 96.0556640625 6.45185470581 73.2902069092
      vertex 97.1334381104 6.29685115814 73.481338501
      vertex 97.3427124023 6.48112869263 73.3828048706
    endloop
  endfacet
  facet normal -0.0740145966411 0.881055474281 -0.467186331749
    outer loop
      vertex 97.3427124023 6.48112869263 73.3828048706
      vertex 96.2565002441 6.66396903992 73.1946029663
      vertex 96.0556640625 6.45185470581 73.2902069092
    endloop
  endfacet
  facet normal -0.180957332253 0.821059882641 -0.541401088238
    outer loop
      vertex 94.993637085 6.54187917709 72.9967803955
      vertex 96.0556640625 6.45185470581 73.2902069092
      vertex 96.2565002441 6.66396903992 73.1946029663
    endloop
  endfacet
  facet normal -0.180927410722 0.854614913464 -0.486722320318
    outer loop
      vertex 94.993637085 6.54187917709 72.9967803955
      vertex 96.2565002441 6.66396903992 73.1946029663
      vertex 95.1861877441 6.78697443008 72.8979568481
    endloop
  endfacet
  facet normal -0.181666120887 0.85608869791 -0.483848750591
    outer loop
      vertex 95.1861877441 6.78697443008 72.8979568481
      vertex 96.2565002441 6.66396903992 73.1946029663
      vertex 96.5579071045 6.97209978104 73.0844116211
    endloop
  endfacet
  facet normal -0.177649304271 0.889998972416 -0.419931620359
    outer loop
      vertex 95.1861877441 6.78697443008 72.8979568481
      vertex 96.5579071045 6.97209978104 73.0844116211
      vertex 95.474105835 7.14197540283 72.7879257202
    endloop
  endfacet
  facet normal -0.179862350225 0.893384277821 -0.411720871925
    outer loop
      vertex 95.474105835 7.14197540283 72.7879257202
      vertex 96.5579071045 6.97209978104 73.0844116211
      vertex 96.8788604736 7.28812408447 73.0033874512
    endloop
  endfacet
  facet normal -0.177080541849 0.923254072666 -0.340946406126
    outer loop
      vertex 95.474105835 7.14197540283 72.7879257202
      vertex 96.8788604736 7.28812408447 73.0033874512
      vertex 95.7794036865 7.50445175171 72.7126235962
    endloop
  endfacet
  facet normal -0.178314581513 0.924635410309 -0.336531192064
    outer loop
      vertex 95.7794036865 7.50445175171 72.7126235962
      vertex 96.8788604736 7.28812408447 73.0033874512
      vertex 97.2188110352 7.61074924469 72.9515228271
    endloop
  endfacet
  facet normal -0.176740437746 0.949443995953 -0.259458810091
    outer loop
      vertex 95.7794036865 7.50445175171 72.7126235962
      vertex 97.2188110352 7.61074924469 72.9515228271
      vertex 96.1014862061 7.87243318558 72.6720199585
    endloop
  endfacet
  facet normal -0.288332074881 0.891002833843 -0.350682973862
    outer loop
      vertex 94.7112731934 7.67458581924 72.3000106812
      vertex 95.7794036865 7.50445175171 72.7126235962
      vertex 96.1014862061 7.87243318558 72.6720199585
    endloop
  endfacet
  facet normal -0.285616874695 0.91383010149 -0.28868252039
    outer loop
      vertex 94.7112731934 7.67458581924 72.3000106812
      vertex 96.1014862061 7.87243318558 72.6720199585
      vertex 95.0167541504 8.0968503952 72.2620925903
    endloop
  endfacet
  facet normal -0.28631785512 0.914367556572 -0.286276131868
    outer loop
      vertex 95.0167541504 8.0968503952 72.2620925903
      vertex 96.1014862061 7.87243318558 72.6720199585
      vertex 96.3336029053 8.12899875641 72.6643753052
    endloop
  endfacet
  facet normal -0.289712965488 0.930421292782 -0.224460601807
    outer loop
      vertex 95.0167541504 8.0968503952 72.2620925903
      vertex 96.3336029053 8.12899875641 72.6643753052
      vertex 95.2361602783 8.39057445526 72.259552002
    endloop
  endfacet
  facet normal -0.289850741625 0.930491507053 -0.223991289735
    outer loop
      vertex 95.2361602783 8.39057445526 72.259552002
      vertex 96.3336029053 8.12899875641 72.6643753052
      vertex 96.6841430664 8.50340557098 72.6834411621
    endloop
  endfacet
  facet normal -0.288633137941 0.944990634918 -0.153894945979
    outer loop
      vertex 95.2361602783 8.39057445526 72.259552002
      vertex 96.6841430664 8.50340557098 72.6834411621
      vertex 95.5662841797 8.81798267365 72.2907791138
    endloop
  endfacet
  facet normal -0.291278451681 0.94555491209 -0.145199164748
    outer loop
      vertex 95.5662841797 8.81798267365 72.2907791138
      vertex 96.6841430664 8.50340557098 72.6834411621
      vertex 97.0402374268 8.86783599854 72.7371749878
    endloop
  endfacet
  facet normal -0.291324436665 0.953970968723 -0.0712001174688
    outer loop
      vertex 95.5662841797 8.81798267365 72.2907791138
      vertex 97.0402374268 8.86783599854 72.7371749878
      vertex 95.9000549316 9.23206424713 72.3618011475
    endloop
  endfacet
  facet normal -0.293316036463 0.953816473484 -0.0648064240813
    outer loop
      vertex 95.9000549316 9.23206424713 72.3618011475
      vertex 97.0402374268 8.86783599854 72.7371749878
      vertex 97.3994598389 9.2197561264 72.8237304688
    endloop
  endfacet
  facet normal -0.294491678476 0.955571949482 0.0125269573182
    outer loop
      vertex 95.9000549316 9.23206424713 72.3618011475
      vertex 97.3994598389 9.2197561264 72.8237304688
      vertex 96.2350769043 9.62958908081 72.4702606201
    endloop
  endfacet
  facet normal -0.406614005566 0.908672213554 -0.0947622731328
    outer loop
      vertex 94.814956665 9.58345985413 71.83959198
      vertex 95.9000549316 9.23206424713 72.3618011475
      vertex 96.2350769043 9.62958908081 72.4702606201
    endloop
  endfacet
  facet normal -0.406555712223 0.913001179695 -0.0337836928666
    outer loop
      vertex 94.814956665 9.58345985413 71.83959198
      vertex 96.2350769043 9.62958908081 72.4702606201
      vertex 95.1291046143 10.0392303467 71.9626159668
    endloop
  endfacet
  facet normal -0.409345179796 0.91203546524 -0.0250558145344
    outer loop
      vertex 95.1291046143 10.0392303467 71.9626159668
      vertex 96.2350769043 9.62958908081 72.4702606201
      vertex 96.4906921387 9.92074871063 72.5769882202
    endloop
  endfacet
  facet normal -0.413544088602 0.909823894501 0.0346657671034
    outer loop
      vertex 95.1291046143 10.0392303467 71.9626159668
      vertex 96.4906921387 9.92074871063 72.5769882202
      vertex 95.3677825928 10.3728895187 72.0838165283
    endloop
  endfacet
  facet normal -0.415901005268 0.90843808651 0.0420309007168
    outer loop
      vertex 95.3677825928 10.3728895187 72.0838165283
      vertex 96.4906921387 9.92074871063 72.5769882202
      vertex 96.8186035156 10.2787532806 72.7436752319
    endloop
  endfacet
  facet normal -0.417372375727 0.902460694313 0.106606528163
    outer loop
      vertex 95.3677825928 10.3728895187 72.0838165283
      vertex 96.8186035156 10.2787532806 72.7436752319
      vertex 95.672668457 10.7829656601 72.2732620239
    endloop
  endfacet
  facet normal -0.421889215708 0.898608624935 0.120465941727
    outer loop
      vertex 95.672668457 10.7829656601 72.2732620239
      vertex 96.8186035156 10.2787532806 72.7436752319
      vertex 97.134185791 10.6064367294 72.9357681274
    endloop
  endfacet
  facet normal -0.424203783274 0.886282801628 0.185887008905
    outer loop
      vertex 95.672668457 10.7829656601 72.2732620239
      vertex 97.134185791 10.6064367294 72.9357681274
      vertex 95.9646759033 11.1581039429 72.4917068481
    endloop
  endfacet
  facet normal -0.42835444212 0.88153719902 0.198506161571
    outer loop
      vertex 95.9646759033 11.1581039429 72.4917068481
      vertex 97.134185791 10.6064367294 72.9357681274
      vertex 97.4360198975 10.903339386 73.1492919922
    endloop
  endfacet
  facet normal -0.431290119886 0.8626947999 0.26409560442
    outer loop
      vertex 95.9646759033 11.1581039429 72.4917068481
      vertex 97.4360198975 10.903339386 73.1492919922
      vertex 96.2425537109 11.497751236 72.7346038818
    endloop
  endfacet
  facet normal -0.542834639549 0.826839864254 0.14719492197
    outer loop
      vertex 94.885848999 11.7412595749 71.8872528076
      vertex 95.9646759033 11.1581039429 72.4917068481
      vertex 96.2425537109 11.497751236 72.7346038818
    endloop
  endfacet
  facet normal -0.544556975365 0.815127968788 0.19754524529
    outer loop
      vertex 94.885848999 11.7412595749 71.8872528076
      vertex 96.2425537109 11.497751236 72.7346038818
      vertex 95.1452636719 12.1397018433 72.157119751
    endloop
  endfacet
  facet normal -0.551635682583 0.80485111475 0.218889862299
    outer loop
      vertex 95.1452636719 12.1397018433 72.157119751
      vertex 96.2425537109 11.497751236 72.7346038818
      vertex 96.4998168945 11.794093132 72.9915237427
    endloop
  endfacet
  facet normal -0.553971529007 0.787843644619 0.269105881453
    outer loop
      vertex 95.1452636719 12.1397018433 72.157119751
      vertex 96.4998168945 11.794093132 72.9915237427
      vertex 95.3844146729 12.4895544052 72.4447784424
    endloop
  endfacet
  facet normal -0.560713112354 0.775791466236 0.289393186569
    outer loop
      vertex 95.3844146729 12.4895544052 72.4447784424
      vertex 96.4998168945 11.794093132 72.9915237427
      vertex 96.7408599854 12.0548238754 73.2630004883
    endloop
  endfacet
  facet normal -0.563207089901 0.753612518311 0.33891877532
    outer loop
      vertex 95.3844146729 12.4895544052 72.4447784424
      vertex 96.7408599854 12.0548238754 73.2630004883
      vertex 95.6076049805 12.79961586 72.7510223389
    endloop
  endfacet
  facet normal -0.569732964039 0.739486157894 0.358558982611
    outer loop
      vertex 95.6076049805 12.79961586 72.7510223389
      vertex 96.7408599854 12.0548238754 73.2630004883
      vertex 96.9606323242 12.2773723602 73.5402297974
    endloop
  endfacet
  facet normal -0.572303891182 0.712374866009 0.40618994832
    outer loop
      vertex 95.6076049805 12.79961586 72.7510223389
      vertex 96.9606323242 12.2773723602 73.5402297974
      vertex 95.810333252 13.0664997101 73.0660629272
    endloop
  endfacet
  facet normal -0.578575134277 0.6960734725 0.425126522779
    outer loop
      vertex 95.810333252 13.0664997101 73.0660629272
      vertex 96.9606323242 12.2773723602 73.5402297974
      vertex 97.1595306396 12.4655532837 73.8204879761
    endloop
  endfacet
  facet normal -0.580927550793 0.664637684822 0.469872266054
    outer loop
      vertex 95.810333252 13.0664997101 73.0660629272
      vertex 97.1595306396 12.4655532837 73.8204879761
      vertex 95.9931945801 13.2942800522 73.3869247437
    endloop
  endfacet
  facet normal -0.688282430172 0.637730300426 0.345785200596
    outer loop
      vertex 94.7973480225 13.9377346039 72.4451751709
      vertex 95.810333252 13.0664997101 73.0660629272
      vertex 95.9931945801 13.2942800522 73.3869247437
    endloop
  endfacet
  facet normal -0.689768671989 0.616791844368 0.379192531109
    outer loop
      vertex 94.7973480225 13.9377346039 72.4451751709
      vertex 95.9931945801 13.2942800522 73.3869247437
      vertex 94.9702758789 14.2211837769 72.8128204346
    endloop
  endfacet
  facet normal -0.69800055027 0.591138720512 0.404166132212
    outer loop
      vertex 94.9702758789 14.2211837769 72.8128204346
      vertex 95.9931945801 13.2942800522 73.3869247437
      vertex 96.1566772461 13.4868106842 73.7115936279
    endloop
  endfacet
  facet normal -0.699128627777 0.567615330219 0.434778034687
    outer loop
      vertex 94.9702758789 14.2211837769 72.8128204346
      vertex 96.1566772461 13.4868106842 73.7115936279
      vertex 95.1245880127 14.4645576477 73.1893081665
    endloop
  endfacet
  facet normal -0.588968276978 0.610548257828 0.529478192329
    outer loop
      vertex 95.9931945801 13.2942800522 73.3869247437
      vertex 97.3379364014 12.6229705811 74.1019668579
      vertex 96.1566772461 13.4868106842 73.7115936279
    endloop
  endfacet
  facet normal -0.587109982967 0.645392000675 0.488642066717
    outer loop
      vertex 95.9931945801 13.2942800522 73.3869247437
      vertex 97.1595306396 12.4655532837 73.8204879761
      vertex 97.3379364014 12.6229705811 74.1019668579
    endloop
  endfacet
  facet normal -0.465670913458 0.638078033924 0.613194108009
    outer loop
      vertex 97.1595306396 12.4655532837 73.8204879761
      vertex 98.6412506104 11.8928489685 74.3514785767
      vertex 97.3379364014 12.6229705811 74.1019668579
    endloop
  endfacet
  facet normal -0.462835669518 0.685959756374 0.561464488506
    outer loop
      vertex 97.1595306396 12.4655532837 73.8204879761
      vertex 98.4432220459 11.7535190582 74.1038208008
      vertex 98.6412506104 11.8928489685 74.3514785767
    endloop
  endfacet
  facet normal -0.3319029212 0.649993896484 0.683628857136
    outer loop
      vertex 98.4432220459 11.7535190582 74.1038208008
      vertex 100.036743164 11.3131971359 74.4544067383
      vertex 98.6412506104 11.8928489685 74.3514785767
    endloop
  endfacet
  facet normal -0.328265726566 0.710930943489 0.621947586536
    outer loop
      vertex 98.4432220459 11.7535190582 74.1038208008
      vertex 99.8155670166 11.1741056442 74.2305984497
      vertex 100.036743164 11.3131971359 74.4544067383
    endloop
  endfacet
  facet normal -0.190473735332 0.647051513195 0.738271057606
    outer loop
      vertex 99.8155670166 11.1741056442 74.2305984497
      vertex 101.492385864 10.8973140717 74.4083938599
      vertex 100.036743164 11.3131971359 74.4544067383
    endloop
  endfacet
  facet normal -0.186762750149 0.718704521656 0.669763803482
    outer loop
      vertex 99.8155670166 11.1741056442 74.2305984497
      vertex 101.245895386 10.7402534485 74.1979751587
      vertex 101.492385864 10.8973140717 74.4083938599
    endloop
  endfacet
  facet normal -0.0443548373878 0.630422055721 0.774984300137
    outer loop
      vertex 101.245895386 10.7402534485 74.1979751587
      vertex 102.97479248 10.6547336578 74.2144851685
      vertex 101.492385864 10.8973140717 74.4083938599
    endloop
  endfacet
  facet normal -0.0415997803211 0.708831608295 0.704149961472
    outer loop
      vertex 101.245895386 10.7402534485 74.1979751587
      vertex 102.702224731 10.4616603851 74.006690979
      vertex 102.97479248 10.6547336578 74.2144851685
    endloop
  endfacet
  facet normal -0.0460849031806 0.694657027721 0.717863321304
    outer loop
      vertex 100.973968506 10.5628795624 73.996635437
      vertex 102.702224731 10.4616603851 74.006690979
      vertex 101.245895386 10.7402534485 74.1979751587
    endloop
  endfacet
  facet normal -0.184379771352 0.778061926365 0.60051959753
    outer loop
      vertex 99.5707702637 11.0118284225 74.0106201172
      vertex 100.973968506 10.5628795624 73.996635437
      vertex 101.245895386 10.7402534485 74.1979751587
    endloop
  endfacet
  facet normal -0.189337819815 0.710598409176 0.67764377594
    outer loop
      vertex 99.5707702637 11.0118284225 74.0106201172
      vertex 101.245895386 10.7402534485 74.1979751587
      vertex 99.8155670166 11.1741056442 74.2305984497
    endloop
  endfacet
  facet normal -0.323518693447 0.76788765192 0.552887141705
    outer loop
      vertex 98.223236084 11.5874919891 73.8573760986
      vertex 99.5707702637 11.0118284225 74.0106201172
      vertex 99.8155670166 11.1741056442 74.2305984497
    endloop
  endfacet
  facet normal -0.328087061644 0.71149033308 0.621401965618
    outer loop
      vertex 98.223236084 11.5874919891 73.8573760986
      vertex 99.8155670166 11.1741056442 74.2305984497
      vertex 98.4432220459 11.7535190582 74.1038208008
    endloop
  endfacet
  facet normal -0.455996066332 0.740064680576 0.494339853525
    outer loop
      vertex 96.9606323242 12.2773723602 73.5402297974
      vertex 98.223236084 11.5874919891 73.8573760986
      vertex 98.4432220459 11.7535190582 74.1038208008
    endloop
  endfacet
  facet normal -0.459510952234 0.696323692799 0.551346540451
    outer loop
      vertex 96.9606323242 12.2773723602 73.5402297974
      vertex 98.4432220459 11.7535190582 74.1038208008
      vertex 97.1595306396 12.4655532837 73.8204879761
    endloop
  endfacet
  facet normal -0.45286116004 0.748220860958 0.484852850437
    outer loop
      vertex 96.7408599854 12.0548238754 73.2630004883
      vertex 98.223236084 11.5874919891 73.8573760986
      vertex 96.9606323242 12.2773723602 73.5402297974
    endloop
  endfacet
  facet normal -0.449017137289 0.78659516573 0.423853397369
    outer loop
      vertex 96.7408599854 12.0548238754 73.2630004883
      vertex 97.9811706543 11.3916835785 73.6136856079
      vertex 98.223236084 11.5874919891 73.8573760986
    endloop
  endfacet
  facet normal -0.323894917965 0.766905128956 0.554029405117
    outer loop
      vertex 97.9811706543 11.3916835785 73.6136856079
      vertex 99.5707702637 11.0118284225 74.0106201172
      vertex 98.223236084 11.5874919891 73.8573760986
    endloop
  endfacet
  facet normal -0.318795084953 0.817243516445 0.480086147785
    outer loop
      vertex 97.9811706543 11.3916835785 73.6136856079
      vertex 99.3024902344 10.824133873 73.7957077026
      vertex 99.5707702637 11.0118284225 74.0106201172
    endloop
  endfacet
  facet normal -0.187966734171 0.768643558025 0.611437320709
    outer loop
      vertex 99.3024902344 10.824133873 73.7957077026
      vertex 100.973968506 10.5628795624 73.996635437
      vertex 99.5707702637 11.0118284225 74.0106201172
    endloop
  endfacet
  facet normal -0.182167708874 0.83003616333 0.527119457722
    outer loop
      vertex 99.3024902344 10.824133873 73.7957077026
      vertex 100.677032471 10.3640966415 73.805229187
      vertex 100.973968506 10.5628795624 73.996635437
    endloop
  endfacet
  facet normal -0.0477563776076 0.754214286804 0.654889404774
    outer loop
      vertex 100.677032471 10.3640966415 73.805229187
      vertex 102.402374268 10.2503881454 73.8157424927
      vertex 100.973968506 10.5628795624 73.996635437
    endloop
  endfacet
  facet normal -0.0417674779892 0.770013034344 0.636659562588
    outer loop
      vertex 100.973968506 10.5628795624 73.996635437
      vertex 102.402374268 10.2503881454 73.8157424927
      vertex 102.702224731 10.4616603851 74.006690979
    endloop
  endfacet
  facet normal 0.0271638333797 0.722134292126 0.691219329834
    outer loop
      vertex 102.702224731 10.4616603851 74.006690979
      vertex 102.402374268 10.2503881454 73.8157424927
      vertex 130.012451172 11.1592540741 73.6471176147
    endloop
  endfacet
  facet normal 0.026745563373 0.750670015812 0.660135805607
    outer loop
      vertex 129.99609375 11.5631752014 74.0029067993
      vertex 102.702224731 10.4616603851 74.006690979
      vertex 130.012451172 11.1592540741 73.6471176147
    endloop
  endfacet
  facet normal 0.104762166739 0.748372554779 0.65495300293
    outer loop
      vertex 130.463928223 11.6088027954 73.9773483276
      vertex 129.99609375 11.5631752014 74.0029067993
      vertex 130.012451172 11.1592540741 73.6471176147
    endloop
  endfacet
  facet normal 0.104763969779 0.748371422291 0.654953956604
    outer loop
      vertex 130.463928223 11.6088027954 73.9773483276
      vertex 130.012451172 11.1592540741 73.6471176147
      vertex 130.48046875 11.2001876831 73.6174240112
    endloop
  endfacet
  facet normal 0.258447706699 0.730071902275 0.632613480091
    outer loop
      vertex 130.918106079 11.7065944672 73.9013061523
      vertex 130.463928223 11.6088027954 73.9773483276
      vertex 130.48046875 11.2001876831 73.6174240112
    endloop
  endfacet
  facet normal 0.258447319269 0.730072200298 0.632613301277
    outer loop
      vertex 130.918106079 11.7065944672 73.9013061523
      vertex 130.48046875 11.2001876831 73.6174240112
      vertex 130.935211182 11.2839984894 73.5290679932
    endloop
  endfacet
  facet normal 0.405911535025 0.693888604641 0.594772577286
    outer loop
      vertex 131.347396851 11.8541488647 73.7766571045
      vertex 130.918106079 11.7065944672 73.9013061523
      vertex 130.935211182 11.2839984894 73.5290679932
    endloop
  endfacet
  facet normal 0.405903548002 0.693895637989 0.594769835472
    outer loop
      vertex 131.347396851 11.8541488647 73.7766571045
      vertex 130.935211182 11.2839984894 73.5290679932
      vertex 131.365432739 11.4086294174 73.3842315674
    endloop
  endfacet
  facet normal 0.543505609035 0.640686154366 0.542330920696
    outer loop
      vertex 131.741271973 12.0478191376 73.6064605713
      vertex 131.347396851 11.8541488647 73.7766571045
      vertex 131.365432739 11.4086294174 73.3842315674
    endloop
  endfacet
  facet normal 0.543510317802 0.640681326389 0.54233199358
    outer loop
      vertex 131.741271973 12.0478191376 73.6064605713
      vertex 131.365432739 11.4086294174 73.3842315674
      vertex 131.760574341 11.5710096359 73.1864700317
    endloop
  endfacet
  facet normal 0.667925238609 0.571674823761 0.476512044668
    outer loop
      vertex 131.741271973 12.0478191376 73.6064605713
      vertex 131.760574341 11.5710096359 73.1864700317
      vertex 131.871139526 11.8099117279 73.2564239502
    endloop
  endfacet
  facet normal 0.667925179005 0.571674883366 0.476512134075
    outer loop
      vertex 131.741271973 12.0478191376 73.6064605713
      vertex 131.871139526 11.8099117279 73.2564239502
      vertex 131.871139526 12.1353397369 73.5276794434
    endloop
  endfacet
  facet normal 0.671540498734 0.478422492743 0.565813779831
    outer loop
      vertex 131.741271973 12.0478191376 73.6064605713
      vertex 131.871139526 12.1353397369 73.5276794434
      vertex 131.871139526 12.3091487885 73.7332382202
    endloop
  endfacet
  facet normal 0.671539306641 0.478424042463 0.56581389904
    outer loop
      vertex 131.725112915 12.4468479156 74.10105896
      vertex 131.741271973 12.0478191376 73.6064605713
      vertex 131.871139526 12.3091487885 73.7332382202
    endloop
  endfacet
  facet normal 0.671539187431 0.478424042463 0.56581401825
    outer loop
      vertex 131.725112915 12.4468479156 74.10105896
      vertex 131.871139526 12.3091487885 73.7332382202
      vertex 131.871139526 12.5593137741 74.0290985107
    endloop
  endfacet
  facet normal 0.674465417862 0.371403038502 0.638087928295
    outer loop
      vertex 131.725112915 12.4468479156 74.10105896
      vertex 131.871139526 12.5593137741 74.0290985107
      vertex 131.871139526 12.7104225159 74.2887115479
    endloop
  endfacet
  facet normal 0.674452602863 0.371418952942 0.638092160225
    outer loop
      vertex 131.71257019 12.7566223145 74.6560287476
      vertex 131.725112915 12.4468479156 74.10105896
      vertex 131.871139526 12.7104225159 74.2887115479
    endloop
  endfacet
  facet normal 0.674452543259 0.37141892314 0.63809221983
    outer loop
      vertex 131.71257019 12.7566223145 74.6560287476
      vertex 131.871139526 12.7104225159 74.2887115479
      vertex 131.871139526 12.8906736374 74.5983810425
    endloop
  endfacet
  facet normal 0.676605582237 0.253717154264 0.69125431776
    outer loop
      vertex 131.71257019 12.7566223145 74.6560287476
      vertex 131.871139526 12.8906736374 74.5983810425
      vertex 131.871139526 13.0020093918 74.9017181396
    endloop
  endfacet
  facet normal 0.676607072353 0.253715336323 0.691253483295
    outer loop
      vertex 131.703994751 12.9682226181 75.2554092407
      vertex 131.71257019 12.7566223145 74.6560287476
      vertex 131.871139526 13.0020093918 74.9017181396
    endloop
  endfacet
  facet normal 0.676607012749 0.25371530652 0.6912535429
    outer loop
      vertex 131.703994751 12.9682226181 75.2554092407
      vertex 131.871139526 13.0020093918 74.9017181396
      vertex 131.871139526 13.1181573868 75.2181625366
    endloop
  endfacet
  facet normal 0.677924871445 0.128702029586 0.723777353764
    outer loop
      vertex 131.703994751 12.9682226181 75.2554092407
      vertex 131.871139526 13.1181573868 75.2181625366
      vertex 131.871139526 13.1771306992 75.5498123169
    endloop
  endfacet
  facet normal 0.677936971188 0.128688827157 0.723768353462
    outer loop
      vertex 131.699661255 13.0755691528 75.8819656372
      vertex 131.703994751 12.9682226181 75.2554092407
      vertex 131.871139526 13.1771306992 75.5498123169
    endloop
  endfacet
  facet normal 0.677936911583 0.128688767552 0.723768472672
    outer loop
      vertex 131.699661255 13.0755691528 75.8819656372
      vertex 131.871139526 13.1771306992 75.5498123169
      vertex 131.871139526 13.2339000702 75.8690948486
    endloop
  endfacet
  facet normal 0.678379952908 0 0.734711229801
    outer loop
      vertex 131.699661255 13.0755691528 75.8819656372
      vertex 131.871139526 13.2339000702 75.8690948486
      vertex 131.871139526 13.2339000702 76.2104949951
    endloop
  endfacet
  facet normal 0.678379952908 0 0.734711229801
    outer loop
      vertex 131.699661255 13.0755691528 76.5176544189
      vertex 131.699661255 13.0755691528 75.8819656372
      vertex 131.871139526 13.2339000702 76.2104949951
    endloop
  endfacet
  facet normal 0.678379893303 -9.27135062057e-08 0.734711289406
    outer loop
      vertex 131.699661255 13.0755691528 76.5176544189
      vertex 131.871139526 13.2339000702 76.2104949951
      vertex 131.871139526 13.2339000702 76.5305328369
    endloop
  endfacet
  facet normal 0.677937746048 -0.128700211644 0.723765611649
    outer loop
      vertex 131.699661255 13.0755691528 76.5176544189
      vertex 131.871139526 13.2339000702 76.5305328369
      vertex 131.871139526 13.1748981476 76.8623352051
    endloop
  endfacet
  facet normal 0.677925765514 -0.128690496087 0.723778545856
    outer loop
      vertex 131.703994751 12.9682226181 77.1442108154
      vertex 131.699661255 13.0755691528 76.5176544189
      vertex 131.871139526 13.1748981476 76.8623352051
    endloop
  endfacet
  facet normal 0.67792570591 -0.128690555692 0.723778605461
    outer loop
      vertex 131.703994751 12.9682226181 77.1442108154
      vertex 131.871139526 13.1748981476 76.8623352051
      vertex 131.871139526 13.1181564331 77.1814575195
    endloop
  endfacet
  facet normal 0.676609694958 -0.253716021776 0.691250681877
    outer loop
      vertex 131.703994751 12.9682226181 77.1442108154
      vertex 131.871139526 13.1181564331 77.1814575195
      vertex 131.871139526 13.0064764023 77.4857330322
    endloop
  endfacet
  facet normal 0.676604926586 -0.253713071346 0.691256403923
    outer loop
      vertex 131.71257019 12.7566223145 77.743598938
      vertex 131.703994751 12.9682226181 77.1442108154
      vertex 131.871139526 13.0064764023 77.4857330322
    endloop
  endfacet
  facet normal 0.676604926586 -0.253713041544 0.691256403923
    outer loop
      vertex 131.71257019 12.7566223145 77.743598938
      vertex 131.871139526 13.0064764023 77.4857330322
      vertex 131.871139526 12.8906736374 77.8012466431
    endloop
  endfacet
  facet normal 0.674452841282 -0.371408581734 0.63809800148
    outer loop
      vertex 131.71257019 12.7566223145 77.743598938
      vertex 131.871139526 12.8906736374 77.8012466431
      vertex 131.871139526 12.738035202 78.0634841919
    endloop
  endfacet
  facet normal 0.674465060234 -0.371413707733 0.63808208704
    outer loop
      vertex 131.725112915 12.4468479156 78.2985687256
      vertex 131.71257019 12.7566223145 77.743598938
      vertex 131.871139526 12.738035202 78.0634841919
    endloop
  endfacet
  facet normal 0.674465000629 -0.371413707733 0.63808208704
    outer loop
      vertex 131.725112915 12.4468479156 78.2985687256
      vertex 131.871139526 12.738035202 78.0634841919
      vertex 131.871139526 12.5593128204 78.3705291748
    endloop
  endfacet
  facet normal 0.671538710594 -0.478423774242 0.565814852715
    outer loop
      vertex 131.725112915 12.4468479156 78.2985687256
      vertex 131.871139526 12.5593128204 78.3705291748
      vertex 131.871139526 12.3812170029 78.5811538696
    endloop
  endfacet
  facet normal 0.671545267105 -0.478425115347 0.565805912018
    outer loop
      vertex 131.741271973 12.0478191376 78.7931594849
      vertex 131.725112915 12.4468479156 78.2985687256
      vertex 131.871139526 12.3812170029 78.5811538696
    endloop
  endfacet
  facet normal 0.671545267105 -0.478425115347 0.565805912018
    outer loop
      vertex 131.741271973 12.0478191376 78.7931594849
      vertex 131.871139526 12.3812170029 78.5811538696
      vertex 131.871139526 12.1353397369 78.8719406128
    endloop
  endfacet
  facet normal 0.667930603027 -0.57167416811 0.476505309343
    outer loop
      vertex 131.741271973 12.0478191376 78.7931594849
      vertex 131.871139526 12.1353397369 78.8719406128
      vertex 131.871139526 11.9492015839 79.02709198
    endloop
  endfacet
  facet normal 0.667926251888 -0.571674287319 0.47651129961
    outer loop
      vertex 131.760574341 11.5710096359 79.2131500244
      vertex 131.741271973 12.0478191376 78.7931594849
      vertex 131.871139526 11.9492015839 79.02709198
    endloop
  endfacet
  facet normal 0.667925596237 -0.571675002575 0.476511448622
    outer loop
      vertex 131.760574341 11.5710096359 79.2131500244
      vertex 131.871139526 11.9492015839 79.02709198
      vertex 131.871139526 11.6329126358 79.290725708
    endloop
  endfacet
  facet normal 0.663723111153 -0.64848780632 0.3727401793
    outer loop
      vertex 131.760574341 11.5710096359 79.2131500244
      vertex 131.871139526 11.6329126358 79.290725708
      vertex 131.871139526 11.4560565948 79.3923797607
    endloop
  endfacet
  facet normal 0.663732111454 -0.648485541344 0.372728019953
    outer loop
      vertex 131.782485962 11.0301380157 79.5464477539
      vertex 131.760574341 11.5710096359 79.2131500244
      vertex 131.871139526 11.4560565948 79.3923797607
    endloop
  endfacet
  facet normal 0.663731634617 -0.648486018181 0.372728079557
    outer loop
      vertex 131.782485962 11.0301380157 79.5464477539
      vertex 131.871139526 11.4560565948 79.3923797607
      vertex 131.871139526 11.0684137344 79.6151885986
    endloop
  endfacet
  facet normal 0.659065485001 -0.706631720066 0.25749617815
    outer loop
      vertex 131.782485962 11.0301380157 79.5464477539
      vertex 131.871139526 11.0684137344 79.6151885986
      vertex 131.871139526 10.9162559509 79.6706314087
    endloop
  endfacet
  facet normal 0.659046947956 -0.706640303135 0.257519990206
    outer loop
      vertex 131.806335449 10.4407634735 79.7834777832
      vertex 131.782485962 11.0301380157 79.5464477539
      vertex 131.871139526 10.9162559509 79.6706314087
    endloop
  endfacet
  facet normal 0.659045040607 -0.70664203167 0.257520139217
    outer loop
      vertex 131.806335449 10.4407634735 79.7834777832
      vertex 131.871139526 10.9162559509 79.6706314087
      vertex 131.871139526 10.4597873688 79.8369827271
    endloop
  endfacet
  facet normal 0.654047966003 -0.744472682476 0.134095832705
    outer loop
      vertex 131.806335449 10.4407634735 79.7834777832
      vertex 131.871139526 10.4597873688 79.8369827271
      vertex 131.871139526 10.3442773819 79.8577880859
    endloop
  endfacet
  facet normal 0.65405279398 -0.744469463825 0.134090095758
    outer loop
      vertex 131.831481934 9.81984710693 79.9174041748
      vertex 131.806335449 10.4407634735 79.7834777832
      vertex 131.871139526 10.3442773819 79.8577880859
    endloop
  endfacet
  facet normal 0.654051840305 -0.74447029829 0.134090125561
    outer loop
      vertex 131.831481934 9.81984710693 79.9174041748
      vertex 131.871139526 10.3442773819 79.8577880859
      vertex 131.871139526 9.8257818222 79.9511795044
    endloop
  endfacet
  facet normal 0.648867428303 -0.76087731123 0.00606849230826
    outer loop
      vertex 131.831481934 9.81984710693 79.9174041748
      vertex 131.871139526 9.8257818222 79.9511795044
      vertex 131.871139526 9.75444507599 79.9517440796
    endloop
  endfacet
  facet normal 0.648864746094 -0.760879576206 0.00607132865116
    outer loop
      vertex 131.857177734 9.18524074554 79.9443817139
      vertex 131.831481934 9.81984710693 79.9174041748
      vertex 131.871139526 9.75444507599 79.9517440796
    endloop
  endfacet
  facet normal 0.648860812187 -0.760882914066 0.00607118895277
    outer loop
      vertex 131.857177734 9.18524074554 79.9443817139
      vertex 131.871139526 9.75444507599 79.9517440796
      vertex 131.871139526 9.18529987335 79.9562911987
    endloop
  endfacet
  facet normal 0.643639862537 -0.755400657654 -0.122872330248
    outer loop
      vertex 131.857177734 9.18524074554 79.9443817139
      vertex 131.871139526 9.18529987335 79.9562911987
      vertex 131.871139526 9.16063404083 79.9522781372
    endloop
  endfacet
  facet normal 0.521709561348 -0.852828264236 -0.0224287267774
    outer loop
      vertex 131.857177734 9.18524074554 79.9443817139
      vertex 131.871139526 9.16063404083 79.9522781372
      vertex 131.455703735 9.17943477631 79.6986312866
    endloop
  endfacet
  facet normal 0.522176146507 -0.852704167366 0.0150889726356
    outer loop
      vertex 131.857177734 9.18524074554 79.9443817139
      vertex 131.455703735 9.17943477631 79.6986312866
      vertex 131.431686401 9.77239227295 79.6734313965
    endloop
  endfacet
  facet normal 0.522159159184 -0.852714240551 0.0151059450582
    outer loop
      vertex 131.857177734 9.18524074554 79.9443817139
      vertex 131.431686401 9.77239227295 79.6734313965
      vertex 131.831481934 9.81984710693 79.9174041748
    endloop
  endfacet
  facet normal 0.527968645096 -0.834325909615 0.158585548401
    outer loop
      vertex 131.831481934 9.81984710693 79.9174041748
      vertex 131.431686401 9.77239227295 79.6734313965
      vertex 131.408203125 10.352560997 79.5482940674
    endloop
  endfacet
  facet normal 0.527977466583 -0.834322154522 0.158575952053
    outer loop
      vertex 131.831481934 9.81984710693 79.9174041748
      vertex 131.408203125 10.352560997 79.5482940674
      vertex 131.806335449 10.4407634735 79.7834777832
    endloop
  endfacet
  facet normal 0.533577263355 -0.791932463646 0.296880990267
    outer loop
      vertex 131.806335449 10.4407634735 79.7834777832
      vertex 131.408203125 10.352560997 79.5482940674
      vertex 131.385894775 10.9032535553 79.3268203735
    endloop
  endfacet
  facet normal 0.533558666706 -0.791936933994 0.29690232873
    outer loop
      vertex 131.806335449 10.4407634735 79.7834777832
      vertex 131.385894775 10.9032535553 79.3268203735
      vertex 131.782485962 11.0301380157 79.5464477539
    endloop
  endfacet
  facet normal 0.53878736496 -0.726769685745 0.426044583321
    outer loop
      vertex 131.782485962 11.0301380157 79.5464477539
      vertex 131.385894775 10.9032535553 79.3268203735
      vertex 131.365432739 11.4086294174 79.0153884888
    endloop
  endfacet
  facet normal 0.538801133633 -0.72676897049 0.42602840066
    outer loop
      vertex 131.782485962 11.0301380157 79.5464477539
      vertex 131.365432739 11.4086294174 79.0153884888
      vertex 131.760574341 11.5710096359 79.2131500244
    endloop
  endfacet
  facet normal 0.543510019779 -0.640689432621 0.542322695255
    outer loop
      vertex 131.760574341 11.5710096359 79.2131500244
      vertex 131.365432739 11.4086294174 79.0153884888
      vertex 131.347396851 11.8541488647 78.6229705811
    endloop
  endfacet
  facet normal 0.543497025967 -0.640687584877 0.542337834835
    outer loop
      vertex 131.760574341 11.5710096359 79.2131500244
      vertex 131.347396851 11.8541488647 78.6229705811
      vertex 131.741271973 12.0478191376 78.7931594849
    endloop
  endfacet
  facet normal 0.547549903393 -0.536171317101 0.64242464304
    outer loop
      vertex 131.741271973 12.0478191376 78.7931594849
      vertex 131.347396851 11.8541488647 78.6229705811
      vertex 131.332305908 12.2269887924 78.1608352661
    endloop
  endfacet
  facet normal 0.547564387321 -0.536176085472 0.642408311367
    outer loop
      vertex 131.741271973 12.0478191376 78.7931594849
      vertex 131.332305908 12.2269887924 78.1608352661
      vertex 131.725112915 12.4468479156 78.2985687256
    endloop
  endfacet
  facet normal 0.550844728947 -0.416236013174 0.723406970501
    outer loop
      vertex 131.725112915 12.4468479156 78.2985687256
      vertex 131.332305908 12.2269887924 78.1608352661
      vertex 131.320587158 12.5164327621 77.6422805786
    endloop
  endfacet
  facet normal 0.550853967667 -0.416240692139 0.723397254944
    outer loop
      vertex 131.725112915 12.4468479156 78.2985687256
      vertex 131.320587158 12.5164327621 77.6422805786
      vertex 131.71257019 12.7566223145 77.743598938
    endloop
  endfacet
  facet normal 0.553265988827 -0.284328788519 0.782977581024
    outer loop
      vertex 131.71257019 12.7566223145 77.743598938
      vertex 131.320587158 12.5164327621 77.6422805786
      vertex 131.312576294 12.7141475677 77.0822372437
    endloop
  endfacet
  facet normal 0.553265571594 -0.284328520298 0.782977938652
    outer loop
      vertex 131.71257019 12.7566223145 77.743598938
      vertex 131.312576294 12.7141475677 77.0822372437
      vertex 131.703994751 12.9682226181 77.1442108154
    endloop
  endfacet
  facet normal 0.55474281311 -0.144241020083 0.819423556328
    outer loop
      vertex 131.703994751 12.9682226181 77.1442108154
      vertex 131.312576294 12.7141475677 77.0822372437
      vertex 131.308517456 12.8144493103 76.4968032837
    endloop
  endfacet
  facet normal 0.554726243019 -0.144227683544 0.819437146187
    outer loop
      vertex 131.703994751 12.9682226181 77.1442108154
      vertex 131.308517456 12.8144493103 76.4968032837
      vertex 131.699661255 13.0755691528 76.5176544189
    endloop
  endfacet
  facet normal 0.555224537849 -7.24134885529e-17 0.831700503826
    outer loop
      vertex 131.699661255 13.0755691528 76.5176544189
      vertex 131.308517456 12.8144493103 76.4968032837
      vertex 131.308517456 12.8144493103 75.9028244019
    endloop
  endfacet
  facet normal 0.555224537849 0 0.831700503826
    outer loop
      vertex 131.699661255 13.0755691528 76.5176544189
      vertex 131.308517456 12.8144493103 75.9028244019
      vertex 131.699661255 13.0755691528 75.8819656372
    endloop
  endfacet
  facet normal 0.554727494717 0.14424264431 0.819433629513
    outer loop
      vertex 131.699661255 13.0755691528 75.8819656372
      vertex 131.308517456 12.8144493103 75.9028244019
      vertex 131.312576294 12.7141475677 75.3173904419
    endloop
  endfacet
  facet normal 0.554744303226 0.144225761294 0.819425225258
    outer loop
      vertex 131.699661255 13.0755691528 75.8819656372
      vertex 131.312576294 12.7141475677 75.3173904419
      vertex 131.703994751 12.9682226181 75.2554092407
    endloop
  endfacet
  facet normal 0.55326962471 0.284324675798 0.782976508141
    outer loop
      vertex 131.703994751 12.9682226181 75.2554092407
      vertex 131.312576294 12.7141475677 75.3173904419
      vertex 131.320587158 12.5164327621 74.7573394775
    endloop
  endfacet
  facet normal 0.553262233734 0.284332484007 0.782978892326
    outer loop
      vertex 131.703994751 12.9682226181 75.2554092407
      vertex 131.320587158 12.5164327621 74.7573394775
      vertex 131.71257019 12.7566223145 74.6560287476
    endloop
  endfacet
  facet normal 0.550848543644 0.416239470243 0.72340208292
    outer loop
      vertex 131.71257019 12.7566223145 74.6560287476
      vertex 131.320587158 12.5164327621 74.7573394775
      vertex 131.332305908 12.2269887924 74.2387924194
    endloop
  endfacet
  facet normal 0.550844967365 0.416243344545 0.723402559757
    outer loop
      vertex 131.71257019 12.7566223145 74.6560287476
      vertex 131.332305908 12.2269887924 74.2387924194
      vertex 131.725112915 12.4468479156 74.10105896
    endloop
  endfacet
  facet normal 0.5475654006 0.536165237427 0.642416477203
    outer loop
      vertex 131.725112915 12.4468479156 74.10105896
      vertex 131.332305908 12.2269887924 74.2387924194
      vertex 131.347396851 11.8541488647 73.7766571045
    endloop
  endfacet
  facet normal 0.547557353973 0.536173939705 0.642416119576
    outer loop
      vertex 131.725112915 12.4468479156 74.10105896
      vertex 131.347396851 11.8541488647 73.7766571045
      vertex 131.741271973 12.0478191376 73.6064605713
    endloop
  endfacet
  facet normal 0.410302042961 0.580695867538 0.703167498112
    outer loop
      vertex 131.332305908 12.2269887924 74.2387924194
      vertex 130.918106079 11.7065944672 73.9013061523
      vertex 131.347396851 11.8541488647 73.7766571045
    endloop
  endfacet
  facet normal 0.410286843777 0.580710113049 0.703164637089
    outer loop
      vertex 131.332305908 12.2269887924 74.2387924194
      vertex 130.903778076 12.0602588654 74.3396682739
      vertex 130.918106079 11.7065944672 73.9013061523
    endloop
  endfacet
  facet normal 0.263064265251 0.610986292362 0.746654450893
    outer loop
      vertex 130.903778076 12.0602588654 74.3396682739
      vertex 130.463928223 11.6088027954 73.9773483276
      vertex 130.918106079 11.7065944672 73.9013061523
    endloop
  endfacet
  facet normal 0.263069868088 0.610981702805 0.746656239033
    outer loop
      vertex 130.903778076 12.0602588654 74.3396682739
      vertex 130.450088501 11.9507665634 74.4012069702
      vertex 130.463928223 11.6088027954 73.9773483276
    endloop
  endfacet
  facet normal 0.109494537115 0.626298367977 0.771855771542
    outer loop
      vertex 130.450088501 11.9507665634 74.4012069702
      vertex 129.99609375 11.5631752014 74.0029067993
      vertex 130.463928223 11.6088027954 73.9773483276
    endloop
  endfacet
  facet normal 0.109496660531 0.626296818256 0.771856665611
    outer loop
      vertex 130.450088501 11.9507665634 74.4012069702
      vertex 129.982406616 11.9012031555 74.4218902588
      vertex 129.99609375 11.5631752014 74.0029067993
    endloop
  endfacet
  facet normal 0.0314729958773 0.628219485283 0.777399361134
    outer loop
      vertex 129.982406616 11.9012031555 74.4218902588
      vertex 103.201141357 10.8161010742 74.4208221436
      vertex 129.99609375 11.5631752014 74.0029067993
    endloop
  endfacet
  facet normal 0.0317020453513 0.58874642849 0.807695865631
    outer loop
      vertex 129.99609375 11.5631752014 74.0029067993
      vertex 103.201141357 10.8161010742 74.4208221436
      vertex 103.013183594 10.6820335388 74.2470169067
    endloop
  endfacet
  facet normal -0.0398435778916 0.636946439743 0.7698777318
    outer loop
      vertex 101.527053833 10.9191265106 74.4406280518
      vertex 103.013183594 10.6820335388 74.2470169067
      vertex 103.201141357 10.8161010742 74.4208221436
    endloop
  endfacet
  facet normal -0.0446359179914 0.553435206413 0.831695318222
    outer loop
      vertex 101.527053833 10.9191265106 74.4406280518
      vertex 103.201141357 10.8161010742 74.4208221436
      vertex 101.739303589 11.0512523651 74.6563034058
    endloop
  endfacet
  facet normal -0.189433932304 0.64170986414 0.743184506893
    outer loop
      vertex 100.0677948 11.3321456909 74.4881820679
      vertex 101.527053833 10.9191265106 74.4406280518
      vertex 101.739303589 11.0512523651 74.6563034058
    endloop
  endfacet
  facet normal -0.191629678011 0.568366706371 0.800148367882
    outer loop
      vertex 100.0677948 11.3321456909 74.4881820679
      vertex 101.739303589 11.0512523651 74.6563034058
      vertex 100.257598877 11.444858551 74.7108535767
    endloop
  endfacet
  facet normal -0.33345630765 0.636343300343 0.695610582829
    outer loop
      vertex 98.6689910889 11.9115829468 74.3885879517
      vertex 100.0677948 11.3321456909 74.4881820679
      vertex 100.257598877 11.444858551 74.7108535767
    endloop
  endfacet
  facet normal -0.335874289274 0.572879374027 0.747661471367
    outer loop
      vertex 98.6689910889 11.9115829468 74.3885879517
      vertex 100.257598877 11.444858551 74.7108535767
      vertex 98.8382873535 12.0215969086 74.6314239502
    endloop
  endfacet
  facet normal -0.470211535692 0.614711105824 0.633270382881
    outer loop
      vertex 97.3628692627 12.6440925598 74.1441192627
      vertex 98.6689910889 11.9115829468 74.3885879517
      vertex 98.8382873535 12.0215969086 74.6314239502
    endloop
  endfacet
  facet normal -0.472119420767 0.564210951328 0.677325069904
    outer loop
      vertex 97.3628692627 12.6440925598 74.1441192627
      vertex 98.8382873535 12.0215969086 74.6314239502
      vertex 97.5148010254 12.7679014206 74.419883728
    endloop
  endfacet
  facet normal -0.596229195595 0.578435957432 0.55670696497
    outer loop
      vertex 96.1794891357 13.5128126144 73.7604217529
      vertex 97.3628692627 12.6440925598 74.1441192627
      vertex 97.5148010254 12.7679014206 74.419883728
    endloop
  endfacet
  facet normal -0.597405791283 0.541325867176 0.591669380665
    outer loop
      vertex 96.1794891357 13.5128126144 73.7604217529
      vertex 97.5148010254 12.7679014206 74.419883728
      vertex 96.3182525635 13.6662054062 74.0812225342
    endloop
  endfacet
  facet normal -0.708315372467 0.529566645622 0.466742426157
    outer loop
      vertex 95.1461029053 14.4977474213 73.2463226318
      vertex 96.1794891357 13.5128126144 73.7604217529
      vertex 96.3182525635 13.6662054062 74.0812225342
    endloop
  endfacet
  facet normal -0.708956599236 0.50420665741 0.493108689785
    outer loop
      vertex 95.1461029053 14.4977474213 73.2463226318
      vertex 96.3182525635 13.6662054062 74.0812225342
      vertex 95.2768249512 14.6953725815 73.6233978271
    endloop
  endfacet
  facet normal -0.803731501102 0.469905287027 0.364972263575
    outer loop
      vertex 95.1461029053 14.4977474213 73.2463226318
      vertex 95.2768249512 14.6953725815 73.6233978271
      vertex 94.6793136597 15.2268199921 73.014175415
    endloop
  endfacet
  facet normal -0.803731322289 0.469905674458 0.364972054958
    outer loop
      vertex 95.1461029053 14.4977474213 73.2463226318
      vertex 94.6793136597 15.2268199921 73.014175415
      vertex 94.6793136597 15.0833797455 72.9027709961
    endloop
  endfacet
  facet normal -0.800937116146 0.481430262327 0.355984091759
    outer loop
      vertex 95.1461029053 14.4977474213 73.2463226318
      vertex 94.6793136597 15.0833797455 72.9027709961
      vertex 94.6793136597 15.0468292236 72.8757400513
    endloop
  endfacet
  facet normal -0.796843528748 0.498999506235 0.340646356344
    outer loop
      vertex 94.6793136597 15.0468292236 72.8757400513
      vertex 94.6793136597 15.0186462402 72.8565063477
      vertex 95.1461029053 14.4977474213 73.2463226318
    endloop
  endfacet
  facet normal -0.804160654545 0.453765332699 0.383956640959
    outer loop
      vertex 95.2768249512 14.6953725815 73.6233978271
      vertex 94.6793136597 15.4828615189 73.2308273315
      vertex 94.6793136597 15.2268199921 73.014175415
    endloop
  endfacet
  facet normal -0.812128484249 0.416589230299 0.40853485465
    outer loop
      vertex 95.2768249512 14.6953725815 73.6233978271
      vertex 94.6793136597 15.5667409897 73.3130874634
      vertex 94.6793136597 15.4828615189 73.2308273315
    endloop
  endfacet
  facet normal -0.812128722668 0.416588246822 0.40853536129
    outer loop
      vertex 95.2768249512 14.6953725815 73.6233978271
      vertex 95.387878418 14.8577709198 73.9991531372
      vertex 94.6793136597 15.5667409897 73.3130874634
    endloop
  endfacet
  facet normal -0.812198996544 0.40007019043 0.42458999157
    outer loop
      vertex 95.387878418 14.8577709198 73.9991531372
      vertex 94.6793136597 15.8309898376 73.5935287476
      vertex 94.6793136597 15.5667409897 73.3130874634
    endloop
  endfacet
  facet normal -0.819455385208 0.358453005552 0.447218447924
    outer loop
      vertex 95.387878418 14.8577709198 73.9991531372
      vertex 94.6793136597 15.8727893829 73.6456832886
      vertex 94.6793136597 15.8309898376 73.5935287476
    endloop
  endfacet
  facet normal -0.819455623627 0.358451545238 0.447219163179
    outer loop
      vertex 95.387878418 14.8577709198 73.9991531372
      vertex 95.4799957275 14.9888372421 74.3732681274
      vertex 94.6793136597 15.8727893829 73.6456832886
    endloop
  endfacet
  facet normal -0.819159507751 0.342538505793 0.460049033165
    outer loop
      vertex 95.4799957275 14.9888372421 74.3732681274
      vertex 94.6793136597 16.1266803741 73.9866714478
      vertex 94.6793136597 15.8727893829 73.6456832886
    endloop
  endfacet
  facet normal -0.825930714607 0.29302880168 0.481635332108
    outer loop
      vertex 95.4799957275 14.9888372421 74.3732681274
      vertex 94.6793136597 16.1419429779 74.011756897
      vertex 94.6793136597 16.1266803741 73.9866714478
    endloop
  endfacet
  facet normal -0.825930893421 0.293027311563 0.481635928154
    outer loop
      vertex 95.4799957275 14.9888372421 74.3732681274
      vertex 95.5593261719 15.0995731354 74.7788925171
      vertex 94.6793136597 16.1419429779 74.011756897
    endloop
  endfacet
  facet normal -0.825099647045 0.278784781694 0.491415947676
    outer loop
      vertex 95.5593261719 15.0995731354 74.7788925171
      vertex 94.6793136597 16.3418045044 74.3640594482
      vertex 94.6793136597 16.1419429779 74.011756897
    endloop
  endfacet
  facet normal -0.825099468231 0.278786182404 0.491415381432
    outer loop
      vertex 95.5593261719 15.0995731354 74.7788925171
      vertex 94.6928100586 16.3676376343 74.4495391846
      vertex 94.6793136597 16.3418045044 74.3640594482
    endloop
  endfacet
  facet normal -0.901973307133 0.249019265175 0.352751493454
    outer loop
      vertex 94.6928100586 16.3676376343 74.4495391846
      vertex 94.6793136597 16.3893585205 74.4314193726
      vertex 94.6793136597 16.3418045044 74.3640594482
    endloop
  endfacet
  facet normal -0.901564657688 0.240282148123 0.359785556793
    outer loop
      vertex 94.6928100586 16.3676376343 74.4495391846
      vertex 94.6793136597 16.3961162567 74.4415359497
      vertex 94.6793136597 16.3893585205 74.4314193726
    endloop
  endfacet
  facet normal -0.906822741032 0.189352869987 0.376587331295
    outer loop
      vertex 94.6928100586 16.3676376343 74.4495391846
      vertex 94.6793136597 16.5889816284 74.8251113892
      vertex 94.6793136597 16.3961162567 74.4415359497
    endloop
  endfacet
  facet normal -0.906824827194 0.189350530505 0.376583456993
    outer loop
      vertex 94.6928100586 16.3676376343 74.4495391846
      vertex 94.7452392578 16.4697856903 74.9038009644
      vertex 94.6793136597 16.5889816284 74.8251113892
    endloop
  endfacet
  facet normal -0.906418919563 0.182299390435 0.381013929844
    outer loop
      vertex 94.7452392578 16.4697856903 74.9038009644
      vertex 94.6793136597 16.612701416 74.8746871948
      vertex 94.6793136597 16.5889816284 74.8251113892
    endloop
  endfacet
  facet normal -0.910146772861 0.129785567522 0.393431812525
    outer loop
      vertex 94.7452392578 16.4697856903 74.9038009644
      vertex 94.6793136597 16.7358951569 75.2481384277
      vertex 94.6793136597 16.612701416 74.8746871948
    endloop
  endfacet
  facet normal -0.910146772861 0.129785507917 0.393431723118
    outer loop
      vertex 94.7452392578 16.4697856903 74.9038009644
      vertex 94.7795562744 16.5397434235 75.3565063477
      vertex 94.6793136597 16.7358951569 75.2481384277
    endloop
  endfacet
  facet normal -0.909742891788 0.124837823212 0.39595875144
    outer loop
      vertex 94.7795562744 16.5397434235 75.3565063477
      vertex 94.6793136597 16.7610702515 75.3279876709
      vertex 94.6793136597 16.7358951569 75.2481384277
    endloop
  endfacet
  facet normal -0.911723911762 0.0840706154704 0.402108967304
    outer loop
      vertex 94.7795562744 16.5397434235 75.3565063477
      vertex 94.6793136597 16.7994308472 75.5114593506
      vertex 94.6793136597 16.7610702515 75.3279876709
    endloop
  endfacet
  facet normal -0.911723792553 0.0840710401535 0.40210917592
    outer loop
      vertex 94.7795562744 16.5397434235 75.3565063477
      vertex 94.7899932861 16.5628032684 75.5799865723
      vertex 94.6793136597 16.7994308472 75.5114593506
    endloop
  endfacet
  facet normal -0.91162610054 0.0809174105525 0.402976721525
    outer loop
      vertex 94.7899932861 16.5628032684 75.5799865723
      vertex 94.6793136597 16.8086299896 75.5572738647
      vertex 94.6793136597 16.7994308472 75.5114593506
    endloop
  endfacet
  facet normal -0.912489831448 0.0375024937093 0.407376796007
    outer loop
      vertex 94.7899932861 16.5628032684 75.5799865723
      vertex 94.6793136597 16.8427848816 75.9282989502
      vertex 94.6793136597 16.8086299896 75.5572738647
    endloop
  endfacet
  facet normal -0.912489891052 0.0375023446977 0.407376617193
    outer loop
      vertex 94.7899932861 16.5628032684 75.5799865723
      vertex 94.7980651855 16.5865726471 76.03465271
      vertex 94.6793136597 16.8427848816 75.9282989502
    endloop
  endfacet
  facet normal -0.912334740162 0.0362107902765 0.407840818167
    outer loop
      vertex 94.7980651855 16.5865726471 76.03465271
      vertex 94.6793136597 16.8517875671 76.0296859741
      vertex 94.6793136597 16.8427848816 75.9282989502
    endloop
  endfacet
  facet normal -0.912211537361 -0.0252902787179 0.408938288689
    outer loop
      vertex 94.7980651855 16.5865726471 76.03465271
      vertex 94.6793136597 16.8285942078 76.4047012329
      vertex 94.6793136597 16.8517875671 76.0296859741
    endloop
  endfacet
  facet normal -0.91221165657 -0.0252904817462 0.408938020468
    outer loop
      vertex 94.7980651855 16.5865726471 76.03465271
      vertex 94.7886962891 16.5795154572 76.4868087769
      vertex 94.6793136597 16.8285942078 76.4047012329
    endloop
  endfacet
  facet normal -0.912403106689 -0.0239788740873 0.408589720726
    outer loop
      vertex 94.7886962891 16.5795154572 76.4868087769
      vertex 94.6793136597 16.8230018616 76.4999847412
      vertex 94.6793136597 16.8285942078 76.4047012329
    endloop
  endfacet
  facet normal -0.910460472107 -0.087225496769 0.404293715954
    outer loop
      vertex 94.7886962891 16.5795154572 76.4868087769
      vertex 94.6793136597 16.7386417389 76.8909988403
      vertex 94.6793136597 16.8230018616 76.4999847412
    endloop
  endfacet
  facet normal -0.910460650921 -0.0872256606817 0.404293358326
    outer loop
      vertex 94.7886962891 16.5795154572 76.4868087769
      vertex 94.7619628906 16.541721344 76.9410018921
      vertex 94.6793136597 16.7386417389 76.8909988403
    endloop
  endfacet
  facet normal -0.91115128994 -0.0832526013255 0.403574377298
    outer loop
      vertex 94.7619628906 16.541721344 76.9410018921
      vertex 94.6793136597 16.7235469818 76.9641799927
      vertex 94.6793136597 16.7386417389 76.8909988403
    endloop
  endfacet
  facet normal -0.907884836197 -0.141290709376 0.394692331553
    outer loop
      vertex 94.7619628906 16.541721344 76.9410018921
      vertex 94.6793136597 16.6097259521 77.2821350098
      vertex 94.6793136597 16.7235469818 76.9641799927
    endloop
  endfacet
  facet normal -0.907885193825 -0.141290962696 0.394691437483
    outer loop
      vertex 94.7619628906 16.541721344 76.9410018921
      vertex 94.7289428711 16.4905796051 77.2960510254
      vertex 94.6793136597 16.6097259521 77.2821350098
    endloop
  endfacet
  facet normal -0.908956050873 -0.135056242347 0.394409269094
    outer loop
      vertex 94.7289428711 16.4905796051 77.2960510254
      vertex 94.6793136597 16.5981311798 77.3159942627
      vertex 94.6793136597 16.6097259521 77.2821350098
    endloop
  endfacet
  facet normal -0.903867304325 -0.194513231516 0.381036072969
    outer loop
      vertex 94.7289428711 16.4905796051 77.2960510254
      vertex 94.6793136597 16.4103527069 77.6838378906
      vertex 94.6793136597 16.5981311798 77.3159942627
    endloop
  endfacet
  facet normal -0.830131232738 -0.2128611058 0.515337109566
    outer loop
      vertex 94.7289428711 16.4905796051 77.2960510254
      vertex 95.5362548828 15.1240110397 77.4561080933
      vertex 94.6793136597 16.4103527069 77.6838378906
    endloop
  endfacet
  facet normal -0.829867124557 -0.215380892158 0.514715075493
    outer loop
      vertex 94.6793136597 16.3787345886 77.7593994141
      vertex 94.6793136597 16.4103527069 77.6838378906
      vertex 95.5362548828 15.1240110397 77.4561080933
    endloop
  endfacet
  facet normal -0.823084175587 -0.278870671988 0.494735866785
    outer loop
      vertex 94.6793136597 16.3787345886 77.7593994141
      vertex 95.5362548828 15.1240110397 77.4561080933
      vertex 94.6793136597 16.1400318146 78.1828689575
    endloop
  endfacet
  facet normal -0.823812603951 -0.292791604996 0.485392510891
    outer loop
      vertex 95.4574279785 15.0289363861 77.8355026245
      vertex 94.6793136597 16.1400318146 78.1828689575
      vertex 95.5362548828 15.1240110397 77.4561080933
    endloop
  endfacet
  facet normal -0.730146765709 -0.304928034544 0.611477375031
    outer loop
      vertex 95.5362548828 15.1240110397 77.4561080933
      vertex 96.5111083984 13.9231567383 77.5299224854
      vertex 95.4574279785 15.0289363861 77.8355026245
    endloop
  endfacet
  facet normal -0.716330349445 -0.399259090424 0.5722438097
    outer loop
      vertex 95.4574279785 15.0289363861 77.8355026245
      vertex 96.5111083984 13.9231567383 77.5299224854
      vertex 96.4075469971 13.8309659958 77.8478546143
    endloop
  endfacet
  facet normal -0.725101470947 -0.372920095921 0.57892870903
    outer loop
      vertex 95.4574279785 15.0289363861 77.8355026245
      vertex 96.4075469971 13.8309659958 77.8478546143
      vertex 95.3599243164 14.9052257538 78.2171401978
    endloop
  endfacet
  facet normal -0.817338764668 -0.355736583471 0.453220516443
    outer loop
      vertex 95.3599243164 14.9052257538 78.2171401978
      vertex 94.6793136597 15.8457365036 78.5826721191
      vertex 95.4574279785 15.0289363861 77.8355026245
    endloop
  endfacet
  facet normal -0.816488027573 -0.340926796198 0.465957343578
    outer loop
      vertex 94.6793136597 16.110080719 78.2213821411
      vertex 95.4574279785 15.0289363861 77.8355026245
      vertex 94.6793136597 15.8457365036 78.5826721191
    endloop
  endfacet
  facet normal -0.813977539539 -0.356607764959 0.458553671837
    outer loop
      vertex 95.4574279785 15.0289363861 77.8355026245
      vertex 94.6793136597 16.110080719 78.2213821411
      vertex 94.6793136597 16.1400318146 78.1828689575
    endloop
  endfacet
  facet normal -0.80786138773 -0.406712442636 0.426550090313
    outer loop
      vertex 95.3599243164 14.9052257538 78.2171401978
      vertex 94.6793136597 15.7954149246 78.6354522705
      vertex 94.6793136597 15.8457365036 78.5826721191
    endloop
  endfacet
  facet normal -0.810700893402 -0.390180706978 0.436489552259
    outer loop
      vertex 94.6793136597 15.7954149246 78.6354522705
      vertex 95.3599243164 14.9052257538 78.2171401978
      vertex 94.6793136597 15.6083688736 78.8446960449
    endloop
  endfacet
  facet normal -0.810512304306 -0.405843257904 0.422328144312
    outer loop
      vertex 95.280380249 14.7999982834 78.4855041504
      vertex 94.6793136597 15.6083688736 78.8446960449
      vertex 95.3599243164 14.9052257538 78.2171401978
    endloop
  endfacet
  facet normal -0.719410598278 -0.427804291248 0.547203719616
    outer loop
      vertex 95.3599243164 14.9052257538 78.2171401978
      vertex 96.3231506348 13.7512702942 78.0733718872
      vertex 95.280380249 14.7999982834 78.4855041504
    endloop
  endfacet
  facet normal -0.702123224735 -0.508732259274 0.498211234808
    outer loop
      vertex 95.280380249 14.7999982834 78.4855041504
      vertex 96.3231506348 13.7512702942 78.0733718872
      vertex 96.1827697754 13.6104984283 78.4049758911
    endloop
  endfacet
  facet normal -0.714176416397 -0.480185359716 0.509287774563
    outer loop
      vertex 95.280380249 14.7999982834 78.4855041504
      vertex 96.1827697754 13.6104984283 78.4049758911
      vertex 95.14793396 14.6171417236 78.8764266968
    endloop
  endfacet
  facet normal -0.803804934025 -0.452804088593 0.385831683874
    outer loop
      vertex 95.14793396 14.6171417236 78.8764266968
      vertex 94.6793136597 15.2190494537 79.1954345703
      vertex 95.280380249 14.7999982834 78.4855041504
    endloop
  endfacet
  facet normal -0.801718592644 -0.439995795488 0.404538035393
    outer loop
      vertex 94.6793136597 15.4789905548 78.9564361572
      vertex 95.280380249 14.7999982834 78.4855041504
      vertex 94.6793136597 15.2190494537 79.1954345703
    endloop
  endfacet
  facet normal -0.79956805706 -0.454516470432 0.392563045025
    outer loop
      vertex 95.280380249 14.7999982834 78.4855041504
      vertex 94.6793136597 15.4789905548 78.9564361572
      vertex 94.6793136597 15.6083688736 78.8446960449
    endloop
  endfacet
  facet normal -0.789839625359 -0.50579982996 0.346871584654
    outer loop
      vertex 95.14793396 14.6171417236 78.8764266968
      vertex 94.6793136597 14.9908924103 79.3518981934
      vertex 94.6793136597 15.2190494537 79.1954345703
    endloop
  endfacet
  facet normal -0.789839625359 -0.505799770355 0.346871644258
    outer loop
      vertex 95.14793396 14.6171417236 78.8764266968
      vertex 94.9969177246 14.3981571198 79.2624282837
      vertex 94.6793136597 14.9908924103 79.3518981934
    endloop
  endfacet
  facet normal -0.799210011959 -0.484988987446 0.355033874512
    outer loop
      vertex 94.9969177246 14.3981571198 79.2624282837
      vertex 94.6793136597 14.7847557068 79.5027999878
      vertex 94.6793136597 14.9908924103 79.3518981934
    endloop
  endfacet
  facet normal -0.779443264008 -0.551288604736 0.297571897507
    outer loop
      vertex 94.9969177246 14.3981571198 79.2624282837
      vertex 94.6793136597 14.4184474945 79.7005233765
      vertex 94.6793136597 14.7847557068 79.5027999878
    endloop
  endfacet
  facet normal -0.779443323612 -0.551288664341 0.297571659088
    outer loop
      vertex 94.9969177246 14.3981571198 79.2624282837
      vertex 94.8267059326 14.1391744614 79.6428756714
      vertex 94.6793136597 14.4184474945 79.7005233765
    endloop
  endfacet
  facet normal -0.789769649506 -0.530919849873 0.307226359844
    outer loop
      vertex 94.8267059326 14.1391744614 79.6428756714
      vertex 94.6793136597 14.307718277 79.7646026611
      vertex 94.6793136597 14.4184474945 79.7005233765
    endloop
  endfacet
  facet normal -0.771681725979 -0.583258092403 0.253608554602
    outer loop
      vertex 94.8267059326 14.1391744614 79.6428756714
      vertex 94.6793136597 14.0017433167 79.897644043
      vertex 94.6793136597 14.307718277 79.7646026611
    endloop
  endfacet
  facet normal -0.771683454514 -0.583257257938 0.253605186939
    outer loop
      vertex 94.8267059326 14.1391744614 79.6428756714
      vertex 94.7095794678 13.9540538788 79.8783340454
      vertex 94.6793136597 14.0017433167 79.897644043
    endloop
  endfacet
  facet normal -0.78083306551 -0.564879834652 0.266852945089
    outer loop
      vertex 94.7095794678 13.9540538788 79.8783340454
      vertex 94.6793136597 13.98716259 79.9045333862
      vertex 94.6793136597 14.0017433167 79.897644043
    endloop
  endfacet
  facet normal -0.761210858822 -0.613375246525 0.210544079542
    outer loop
      vertex 94.7095794678 13.9540538788 79.8783340454
      vertex 94.6793136597 13.9043636322 79.9329528809
      vertex 94.6793136597 13.98716259 79.9045333862
    endloop
  endfacet
  facet normal -0.682096600533 -0.661524176598 0.311656862497
    outer loop
      vertex 94.7095794678 13.9540538788 79.8783340454
      vertex 95.5028991699 12.807100296 79.600692749
      vertex 94.6793136597 13.9043636322 79.9329528809
    endloop
  endfacet
  facet normal -0.682096123695 -0.661524951458 0.311656266451
    outer loop
      vertex 94.6793136597 13.4744825363 80.1354751587
      vertex 94.6793136597 13.9043636322 79.9329528809
      vertex 95.5028991699 12.807100296 79.600692749
    endloop
  endfacet
  facet normal -0.654278337955 -0.720376312733 0.230169087648
    outer loop
      vertex 95.5028991699 12.807100296 79.600692749
      vertex 94.6793136597 13.3583927155 80.1725692749
      vertex 94.6793136597 13.4744825363 80.1354751587
    endloop
  endfacet
  facet normal -0.660110592842 -0.707582056522 0.252153903246
    outer loop
      vertex 94.6793136597 13.3583927155 80.1725692749
      vertex 95.5028991699 12.807100296 79.600692749
      vertex 94.6793136597 12.934346199 80.3236846924
    endloop
  endfacet
  facet normal -0.665269315243 -0.686268389225 0.294028013945
    outer loop
      vertex 94.7095794678 13.9540538788 79.8783340454
      vertex 95.7194824219 13.0828971863 79.2725753784
      vertex 95.5028991699 12.807100296 79.600692749
    endloop
  endfacet
  facet normal -0.57760733366 -0.71394431591 0.395794451237
    outer loop
      vertex 95.7194824219 13.0828971863 79.2725753784
      vertex 96.6299591064 12.062543869 79.1016235352
      vertex 95.5028991699 12.807100296 79.600692749
    endloop
  endfacet
  facet normal -0.545217692852 -0.782450973988 0.300845742226
    outer loop
      vertex 95.5028991699 12.807100296 79.600692749
      vertex 96.6299591064 12.062543869 79.1016235352
      vertex 96.3777160645 11.795835495 79.3799362183
    endloop
  endfacet
  facet normal -0.454822510481 -0.79564499855 0.400106877089
    outer loop
      vertex 96.6299591064 12.062543869 79.1016235352
      vertex 97.5859832764 11.164229393 79.0068588257
      vertex 96.3777160645 11.795835495 79.3799362183
    endloop
  endfacet
  facet normal -0.417276620865 -0.861468136311 0.289400845766
    outer loop
      vertex 96.3777160645 11.795835495 79.3799362183
      vertex 97.5859832764 11.164229393 79.0068588257
      vertex 97.2919769287 10.8965644836 79.2391891479
    endloop
  endfacet
  facet normal -0.447958081961 -0.832864105701 0.325070589781
    outer loop
      vertex 96.3777160645 11.795835495 79.3799362183
      vertex 97.2919769287 10.8965644836 79.2391891479
      vertex 96.107635498 11.4901990891 79.644493103
    endloop
  endfacet
  facet normal -0.413833379745 -0.882610797882 0.223024830222
    outer loop
      vertex 96.107635498 11.4901990891 79.644493103
      vertex 97.2919769287 10.8965644836 79.2391891479
      vertex 97.0884094238 10.700630188 79.384147644
    endloop
  endfacet
  facet normal -0.440048396587 -0.858424007893 0.263563275337
    outer loop
      vertex 96.107635498 11.4901990891 79.644493103
      vertex 97.0884094238 10.700630188 79.384147644
      vertex 95.919921875 11.266119957 79.8095169067
    endloop
  endfacet
  facet normal -0.405440121889 -0.899851679802 0.160888969898
    outer loop
      vertex 95.919921875 11.266119957 79.8095169067
      vertex 97.0884094238 10.700630188 79.384147644
      vertex 96.7650756836 10.3736782074 79.5882873535
    endloop
  endfacet
  facet normal -0.320923179388 -0.912809550762 0.252561032772
    outer loop
      vertex 97.0884094238 10.700630188 79.384147644
      vertex 97.9740142822 9.88516521454 79.2984161377
      vertex 96.7650756836 10.3736782074 79.5882873535
    endloop
  endfacet
  facet normal -0.279140800238 -0.951956748962 0.125931814313
    outer loop
      vertex 96.7650756836 10.3736782074 79.5882873535
      vertex 97.9740142822 9.88516521454 79.2984161377
      vertex 97.6161499023 9.56785869598 79.4453277588
    endloop
  endfacet
  facet normal -0.316763013601 -0.933332741261 0.1689709723
    outer loop
      vertex 96.7650756836 10.3736782074 79.5882873535
      vertex 97.6161499023 9.56785869598 79.4453277588
      vertex 96.4341125488 10.0202970505 79.7645874023
    endloop
  endfacet
  facet normal -0.275851964951 -0.960233092308 0.0431053675711
    outer loop
      vertex 96.4341125488 10.0202970505 79.7645874023
      vertex 97.6161499023 9.56785869598 79.4453277588
      vertex 97.2542419434 9.23104572296 79.564414978
    endloop
  endfacet
  facet normal -0.312883704901 -0.945961892605 0.0852052494884
    outer loop
      vertex 96.4341125488 10.0202970505 79.7645874023
      vertex 97.2542419434 9.23104572296 79.564414978
      vertex 96.0977935791 9.64222240448 79.9098815918
    endloop
  endfacet
  facet normal -0.275171101093 -0.960816860199 -0.0333434306085
    outer loop
      vertex 96.0977935791 9.64222240448 79.9098815918
      vertex 97.2542419434 9.23104572296 79.564414978
      vertex 96.9611816406 8.94639015198 79.6384658813
    endloop
  endfacet
  facet normal -0.308064967394 -0.951299607754 0.0111835431308
    outer loop
      vertex 96.0977935791 9.64222240448 79.9098815918
      vertex 96.9611816406 8.94639015198 79.6384658813
      vertex 95.8242797852 9.3207244873 80.0022354126
    endloop
  endfacet
  facet normal -0.271496504545 -0.956682503223 -0.105110824108
    outer loop
      vertex 95.8242797852 9.3207244873 80.0022354126
      vertex 96.9611816406 8.94639015198 79.6384658813
      vertex 96.6033630371 8.58386230469 79.7001800537
    endloop
  endfacet
  facet normal -0.195204362273 -0.980424046516 -0.0257681440562
    outer loop
      vertex 96.9611816406 8.94639015198 79.6384658813
      vertex 97.7526092529 8.24263191223 79.4623947144
      vertex 96.6033630371 8.58386230469 79.7001800537
    endloop
  endfacet
  facet normal -0.155110955238 -0.975304305553 -0.157232627273
    outer loop
      vertex 96.6033630371 8.58386230469 79.7001800537
      vertex 97.7526092529 8.24263191223 79.4623947144
      vertex 97.3834533691 7.91532325745 79.4683380127
    endloop
  endfacet
  facet normal -0.194356516004 -0.974608004093 -0.111197225749
    outer loop
      vertex 96.6033630371 8.58386230469 79.7001800537
      vertex 97.3834533691 7.91532325745 79.4683380127
      vertex 96.256149292 8.21557044983 79.7274017334
    endloop
  endfacet
  facet normal -0.156449183822 -0.958234429359 -0.239395976067
    outer loop
      vertex 96.256149292 8.21557044983 79.7274017334
      vertex 97.3834533691 7.91532325745 79.4683380127
      vertex 97.0292358398 7.58865022659 79.4445571899
    endloop
  endfacet
  facet normal -0.19373986125 -0.961501300335 -0.194884747267
    outer loop
      vertex 96.256149292 8.21557044983 79.7274017334
      vertex 97.0292358398 7.58865022659 79.4445571899
      vertex 95.9216461182 7.84493732452 79.7196807861
    endloop
  endfacet
  facet normal -0.15777605772 -0.933940052986 -0.320722192526
    outer loop
      vertex 95.9216461182 7.84493732452 79.7196807861
      vertex 97.0292358398 7.58865022659 79.4445571899
      vertex 96.6773529053 7.25049591064 79.387878418
    endloop
  endfacet
  facet normal -0.0854183211923 -0.964335441589 -0.250521212816
    outer loop
      vertex 97.0292358398 7.58865022659 79.4445571899
      vertex 97.7828063965 6.99923372269 79.2246856689
      vertex 96.6773529053 7.25049591064 79.387878418
    endloop
  endfacet
  facet normal -0.0508322641253 -0.924811065197 -0.377015322447
    outer loop
      vertex 96.6773529053 7.25049591064 79.387878418
      vertex 97.7828063965 6.99923372269 79.2246856689
      vertex 97.50831604 6.76963090897 79.1461715698
    endloop
  endfacet
  facet normal -0.08162727952 -0.939949452877 -0.331409186125
    outer loop
      vertex 96.6773529053 7.25049591064 79.387878418
      vertex 97.50831604 6.76963090897 79.1461715698
      vertex 96.3642425537 6.93664836884 79.3044128418
    endloop
  endfacet
  facet normal -0.0626526176929 -0.902566432953 -0.425967723131
    outer loop
      vertex 96.3642425537 6.93664836884 79.3044128418
      vertex 97.50831604 6.76963090897 79.1461715698
      vertex 97.4543457031 6.72363901138 79.1282119751
    endloop
  endfacet
  facet normal -0.0535375513136 -0.886607289314 -0.459414064884
    outer loop
      vertex 96.3642425537 6.93664836884 79.3044128418
      vertex 97.4543457031 6.72363901138 79.1282119751
      vertex 97.1530303955 6.46091127396 79.010269165
    endloop
  endfacet
  facet normal -0.0871111676097 -0.905457019806 -0.415402442217
    outer loop
      vertex 96.3642425537 6.93664836884 79.3044128418
      vertex 97.1530303955 6.46091127396 79.010269165
      vertex 96.0759124756 6.63520145416 79.1938552856
    endloop
  endfacet
  facet normal -0.0593318603933 -0.848040401936 -0.526599705219
    outer loop
      vertex 96.0759124756 6.63520145416 79.1938552856
      vertex 97.1530303955 6.46091127396 79.010269165
      vertex 96.9370269775 6.26547384262 78.9040222168
    endloop
  endfacet
  facet normal -0.0827394127846 -0.868739724159 -0.488308817148
    outer loop
      vertex 96.0759124756 6.63520145416 79.1938552856
      vertex 96.9370269775 6.26547384262 78.9040222168
      vertex 95.8120880127 6.34721183777 79.0571060181
    endloop
  endfacet
  facet normal -0.0702817738056 -0.819865822792 -0.568225741386
    outer loop
      vertex 95.8120880127 6.34721183777 79.0571060181
      vertex 96.9370269775 6.26547384262 78.9040222168
      vertex 96.8784332275 6.21128749847 78.8714904785
    endloop
  endfacet
  facet normal -0.0618042610586 -0.79599660635 -0.602137565613
    outer loop
      vertex 95.8120880127 6.34721183777 79.0571060181
      vertex 96.8784332275 6.21128749847 78.8714904785
      vertex 96.630065918 5.97512531281 78.7121276855
    endloop
  endfacet
  facet normal -0.088952369988 -0.820293426514 -0.56498336792
    outer loop
      vertex 95.8120880127 6.34721183777 79.0571060181
      vertex 96.630065918 5.97512531281 78.7121276855
      vertex 95.5725097656 6.07384967804 78.8948059082
    endloop
  endfacet
  facet normal -0.0715057700872 -0.761870801449 -0.643770039082
    outer loop
      vertex 95.5725097656 6.07384967804 78.8948059082
      vertex 96.630065918 5.97512531281 78.7121276855
      vertex 96.6007232666 5.9464764595 78.6906738281
    endloop
  endfacet
  facet normal -0.0250816550106 -0.787691295147 -0.615559399128
    outer loop
      vertex 96.6007232666 5.9464764595 78.6906738281
      vertex 96.630065918 5.97512531281 78.7121276855
      vertex 130.173690796 7.17691516876 78.5831985474
    endloop
  endfacet
  facet normal -0.0259096194059 -0.768049299717 -0.639866411686
    outer loop
      vertex 130.173690796 7.17691516876 78.5831985474
      vertex 96.4667358398 5.81335496902 78.5842895508
      vertex 96.6007232666 5.9464764595 78.6906738281
    endloop
  endfacet
  facet normal -0.0272358171642 -0.739438772202 -0.672672629356
    outer loop
      vertex 96.4667358398 5.81335496902 78.5842895508
      vertex 130.173690796 7.17691516876 78.5831985474
      vertex 96.383392334 5.72847890854 78.5101470947
    endloop
  endfacet
  facet normal -0.0294255558401 -0.691934108734 -0.721360743046
    outer loop
      vertex 96.383392334 5.72847890854 78.5101470947
      vertex 130.173690796 7.17691516876 78.5831985474
      vertex 130.188766479 6.80459690094 78.1944046021
    endloop
  endfacet
  facet normal -0.0293131992221 -0.69718682766 -0.716289937496
    outer loop
      vertex 96.383392334 5.72847890854 78.5101470947
      vertex 130.188766479 6.80459690094 78.1944046021
      vertex 96.1944885254 5.52934551239 78.3134994507
    endloop
  endfacet
  facet normal -0.0308369342238 -0.64735865593 -0.761561453342
    outer loop
      vertex 130.188766479 6.80459690094 78.1944046021
      vertex 96.0996704102 5.42524957657 78.1955566406
      vertex 96.1944885254 5.52934551239 78.3134994507
    endloop
  endfacet
  facet normal -0.0319365486503 -0.613864302635 -0.788765311241
    outer loop
      vertex 130.188766479 6.80459690094 78.1944046021
      vertex 96.0322723389 5.34928607941 78.1014556885
      vertex 96.0996704102 5.42524957657 78.1955566406
    endloop
  endfacet
  facet normal -0.0337469987571 -0.559984207153 -0.827815711498
    outer loop
      vertex 130.200973511 6.50328540802 77.7482452393
      vertex 96.0322723389 5.34928607941 78.1014556885
      vertex 130.188766479 6.80459690094 78.1944046021
    endloop
  endfacet
  facet normal 0.0446927547455 -0.558270037174 -0.82845467329
    outer loop
      vertex 130.671188354 6.49005699158 77.7662582397
      vertex 130.200973511 6.50328540802 77.7482452393
      vertex 130.188766479 6.80459690094 78.1944046021
    endloop
  endfacet
  facet normal 0.0446992814541 -0.558264911175 -0.828457772732
    outer loop
      vertex 130.671188354 6.49005699158 77.7662582397
      vertex 130.188766479 6.80459690094 78.1944046021
      vertex 130.658843994 6.79487323761 78.2176132202
    endloop
  endfacet
  facet normal 0.199854791164 -0.544613480568 -0.814526975155
    outer loop
      vertex 131.132446289 6.41271734238 77.8198547363
      vertex 130.671188354 6.49005699158 77.7662582397
      vertex 130.658843994 6.79487323761 78.2176132202
    endloop
  endfacet
  facet normal 0.199861675501 -0.544607520103 -0.814529299736
    outer loop
      vertex 131.132446289 6.41271734238 77.8198547363
      vertex 130.658843994 6.79487323761 78.2176132202
      vertex 131.119689941 6.72795581818 78.2866516113
    endloop
  endfacet
  facet normal 0.350224077702 -0.517618477345 -0.780649900436
    outer loop
      vertex 131.573364258 6.27316522598 77.9077148438
      vertex 131.132446289 6.41271734238 77.8198547363
      vertex 131.119689941 6.72795581818 78.2866516113
    endloop
  endfacet
  facet normal 0.350209534168 -0.517632484436 -0.780647099018
    outer loop
      vertex 131.573364258 6.27316522598 77.9077148438
      vertex 131.119689941 6.72795581818 78.2866516113
      vertex 131.559921265 6.60550451279 78.3998260498
    endloop
  endfacet
  facet normal 0.492082506418 -0.47794380784 -0.727615654469
    outer loop
      vertex 131.573364258 6.27316522598 77.9077148438
      vertex 131.559921265 6.60550451279 78.3998260498
      vertex 131.871139526 6.21525144577 78.1261291504
    endloop
  endfacet
  facet normal 0.492082238197 -0.477943301201 -0.72761619091
    outer loop
      vertex 131.573364258 6.27316522598 77.9077148438
      vertex 131.871139526 6.21525144577 78.1261291504
      vertex 131.871139526 6.12904024124 77.9948883057
    endloop
  endfacet
  facet normal 0.489227563143 -0.35154491663 -0.798168241978
    outer loop
      vertex 131.573364258 6.27316522598 77.9077148438
      vertex 131.871139526 6.12904024124 77.9948883057
      vertex 131.871139526 5.94733858109 77.5823364258
    endloop
  endfacet
  facet normal 0.489227980375 -0.351544469595 -0.798168182373
    outer loop
      vertex 131.583267212 6.02870559692 77.3664627075
      vertex 131.573364258 6.27316522598 77.9077148438
      vertex 131.871139526 5.94733858109 77.5823364258
    endloop
  endfacet
  facet normal 0.489226996899 -0.351542621851 -0.798169612885
    outer loop
      vertex 131.583267212 6.02870559692 77.3664627075
      vertex 131.871139526 5.94733858109 77.5823364258
      vertex 131.871139526 5.87757015228 77.4239349365
    endloop
  endfacet
  facet normal 0.487276256084 -0.215058267117 -0.846352040768
    outer loop
      vertex 131.583267212 6.02870559692 77.3664627075
      vertex 131.871139526 5.87757015228 77.4239349365
      vertex 131.871139526 5.76941251755 76.9982833862
    endloop
  endfacet
  facet normal 0.347130298615 -0.380739837885 -0.857051789761
    outer loop
      vertex 131.583267212 6.02870559692 77.3664627075
      vertex 131.132446289 6.41271734238 77.8198547363
      vertex 131.573364258 6.27316522598 77.9077148438
    endloop
  endfacet
  facet normal 0.347112178802 -0.380757451057 -0.857051312923
    outer loop
      vertex 131.583267212 6.02870559692 77.3664627075
      vertex 131.141830444 6.18083000183 77.3064498901
      vertex 131.132446289 6.41271734238 77.8198547363
    endloop
  endfacet
  facet normal 0.196599557996 -0.400607168674 -0.894909203053
    outer loop
      vertex 131.141830444 6.18083000183 77.3064498901
      vertex 130.671188354 6.49005699158 77.7662582397
      vertex 131.132446289 6.41271734238 77.8198547363
    endloop
  endfacet
  facet normal 0.196611449122 -0.400596469641 -0.894911408424
    outer loop
      vertex 131.141830444 6.18083000183 77.3064498901
      vertex 130.680267334 6.26584529877 77.2698364258
      vertex 130.671188354 6.49005699158 77.7662582397
    endloop
  endfacet
  facet normal 0.0413555800915 -0.41063863039 -0.910859823227
    outer loop
      vertex 130.680267334 6.26584529877 77.2698364258
      vertex 130.200973511 6.50328540802 77.7482452393
      vertex 130.671188354 6.49005699158 77.7662582397
    endloop
  endfacet
  facet normal 0.0413595624268 -0.41063529253 -0.910861134529
    outer loop
      vertex 130.680267334 6.26584529877 77.2698364258
      vertex 130.209945679 6.2816529274 77.2575302124
      vertex 130.200973511 6.50328540802 77.7482452393
    endloop
  endfacet
  facet normal -0.0371048003435 -0.411895871162 -0.91047513485
    outer loop
      vertex 95.7830505371 5.0498342514 77.6359329224
      vertex 130.200973511 6.50328540802 77.7482452393
      vertex 130.209945679 6.2816529274 77.2575302124
    endloop
  endfacet
  facet normal -0.0357038453221 -0.470251888037 -0.881809711456
    outer loop
      vertex 95.8326568604 5.11226987839 77.7492446899
      vertex 130.200973511 6.50328540802 77.7482452393
      vertex 95.7830505371 5.0498342514 77.6359329224
    endloop
  endfacet
  facet normal -0.0348401665688 -0.508354008198 -0.860443115234
    outer loop
      vertex 95.8326568604 5.11226987839 77.7492446899
      vertex 95.8967437744 5.19061756134 77.8774642944
      vertex 130.200973511 6.50328540802 77.7482452393
    endloop
  endfacet
  facet normal -0.0336956866086 -0.564052343369 -0.825051248074
    outer loop
      vertex 130.200973511 6.50328540802 77.7482452393
      vertex 95.8967437744 5.19061756134 77.8774642944
      vertex 96.0322723389 5.34928607941 78.1014556885
    endloop
  endfacet
  facet normal 0.492091447115 -0.477934122086 -0.727615952492
    outer loop
      vertex 131.559921265 6.60550451279 78.3998260498
      vertex 131.871139526 6.47229814529 78.5174636841
      vertex 131.871139526 6.21525144577 78.1261291504
    endloop
  endfacet
  facet normal 0.495771557093 -0.590550124645 -0.636758267879
    outer loop
      vertex 131.559921265 6.60550451279 78.3998260498
      vertex 131.871139526 6.56485843658 78.6172714233
      vertex 131.871139526 6.47229814529 78.5174636841
    endloop
  endfacet
  facet normal 0.495771825314 -0.590550661087 -0.636757552624
    outer loop
      vertex 131.559921265 6.60550451279 78.3998260498
      vertex 131.543289185 7.01616334915 78.8286514282
      vertex 131.871139526 6.56485843658 78.6172714233
    endloop
  endfacet
  facet normal 0.495767205954 -0.590555667877 -0.636756539345
    outer loop
      vertex 131.543289185 7.01616334915 78.8286514282
      vertex 131.871139526 6.89863395691 78.9771575928
      vertex 131.871139526 6.56485843658 78.6172714233
    endloop
  endfacet
  facet normal 0.500164628029 -0.686195790768 -0.528176724911
    outer loop
      vertex 131.543289185 7.01616334915 78.8286514282
      vertex 131.871139526 6.98651170731 79.0447998047
      vertex 131.871139526 6.89863395691 78.9771575928
    endloop
  endfacet
  facet normal 0.500165045261 -0.686196625233 -0.528175234795
    outer loop
      vertex 131.543289185 7.01616334915 78.8286514282
      vertex 131.523971558 7.49333238602 79.181854248
      vertex 131.871139526 6.98651170731 79.0447998047
    endloop
  endfacet
  facet normal 0.500177145004 -0.686184048653 -0.528180122375
    outer loop
      vertex 131.523971558 7.49333238602 79.181854248
      vertex 131.871139526 7.39709424973 79.3608398438
      vertex 131.871139526 6.98651170731 79.0447998047
    endloop
  endfacet
  facet normal 0.505164682865 -0.762084841728 -0.405012726784
    outer loop
      vertex 131.523971558 7.49333238602 79.181854248
      vertex 131.871139526 7.46949005127 79.3993148804
      vertex 131.871139526 7.39709424973 79.3608398438
    endloop
  endfacet
  facet normal 0.505164504051 -0.762084364891 -0.405013889074
    outer loop
      vertex 131.523971558 7.49333238602 79.181854248
      vertex 131.502502441 8.02327537537 79.4492645264
      vertex 131.871139526 7.46949005127 79.3993148804
    endloop
  endfacet
  facet normal 0.505145847797 -0.762102425098 -0.405003130436
    outer loop
      vertex 131.502502441 8.02327537537 79.4492645264
      vertex 131.871139526 7.95460557938 79.657119751
      vertex 131.871139526 7.46949005127 79.3993148804
    endloop
  endfacet
  facet normal 0.510577976704 -0.816081047058 -0.27078011632
    outer loop
      vertex 131.502502441 8.02327537537 79.4492645264
      vertex 131.871139526 8.00218391418 79.6729049683
      vertex 131.871139526 7.95460557938 79.657119751
    endloop
  endfacet
  facet normal 0.510577738285 -0.816080510616 -0.270782232285
    outer loop
      vertex 131.502502441 8.02327537537 79.4492645264
      vertex 131.479537964 8.59075260162 79.6231918335
      vertex 131.871139526 8.00218391418 79.6729049683
    endloop
  endfacet
  facet normal 0.510589659214 -0.816070139408 -0.270790994167
    outer loop
      vertex 131.479537964 8.59075260162 79.6231918335
      vertex 131.871139526 8.55623149872 79.8567504883
      vertex 131.871139526 8.00218391418 79.6729049683
    endloop
  endfacet
  facet normal 0.516314268112 -0.84656983614 -0.12937989831
    outer loop
      vertex 131.479537964 8.59075260162 79.6231918335
      vertex 131.871139526 8.57210350037 79.8591766357
      vertex 131.871139526 8.55623149872 79.8567504883
    endloop
  endfacet
  facet normal 0.516313791275 -0.846568048 -0.12939324975
    outer loop
      vertex 131.479537964 8.59075260162 79.6231918335
      vertex 131.455703735 9.17943477631 79.6986312866
      vertex 131.871139526 8.57210350037 79.8591766357
    endloop
  endfacet
  facet normal 0.51632463932 -0.846560001373 -0.129402786493
    outer loop
      vertex 131.455703735 9.17943477631 79.6986312866
      vertex 131.871139526 8.84049415588 79.9001998901
      vertex 131.871139526 8.57210350037 79.8591766357
    endloop
  endfacet
  facet normal 0.520694077015 -0.842667520046 -0.137073248625
    outer loop
      vertex 131.871139526 8.84049415588 79.9001998901
      vertex 131.455703735 9.17943477631 79.6986312866
      vertex 131.871139526 9.16063404083 79.9522781372
    endloop
  endfacet
  facet normal 0.376426696777 -0.916887581348 -0.132740616798
    outer loop
      vertex 131.479537964 8.59075260162 79.6231918335
      vertex 131.020828247 9.16947937012 79.5186538696
      vertex 131.455703735 9.17943477631 79.6986312866
    endloop
  endfacet
  facet normal 0.382763057947 -0.923540711403 0.0237698052078
    outer loop
      vertex 131.455703735 9.17943477631 79.6986312866
      vertex 131.020828247 9.16947937012 79.5186538696
      vertex 130.998046875 9.7319316864 79.4947357178
    endloop
  endfacet
  facet normal 0.382788896561 -0.923530638218 0.0237446967512
    outer loop
      vertex 131.455703735 9.17943477631 79.6986312866
      vertex 130.998046875 9.7319316864 79.4947357178
      vertex 131.431686401 9.77239227295 79.6734313965
    endloop
  endfacet
  facet normal 0.389082014561 -0.903615832329 0.179146885872
    outer loop
      vertex 131.431686401 9.77239227295 79.6734313965
      vertex 130.998046875 9.7319316864 79.4947357178
      vertex 130.975769043 10.2822551727 79.3760375977
    endloop
  endfacet
  facet normal 0.389075756073 -0.90361726284 0.179153293371
    outer loop
      vertex 131.431686401 9.77239227295 79.6734313965
      vertex 130.975769043 10.2822551727 79.3760375977
      vertex 131.408203125 10.352560997 79.5482940674
    endloop
  endfacet
  facet normal 0.395140618086 -0.857708096504 0.328938782215
    outer loop
      vertex 131.408203125 10.352560997 79.5482940674
      vertex 130.975769043 10.2822551727 79.3760375977
      vertex 130.954620361 10.8046226501 79.1659622192
    endloop
  endfacet
  facet normal 0.39513784647 -0.857708215714 0.328941702843
    outer loop
      vertex 131.408203125 10.352560997 79.5482940674
      vertex 130.954620361 10.8046226501 79.1659622192
      vertex 131.385894775 10.9032535553 79.3268203735
    endloop
  endfacet
  facet normal 0.4008012712 -0.787121593952 0.468826085329
    outer loop
      vertex 131.385894775 10.9032535553 79.3268203735
      vertex 130.954620361 10.8046226501 79.1659622192
      vertex 130.935211182 11.2839984894 78.870552063
    endloop
  endfacet
  facet normal 0.400803625584 -0.787121891975 0.468823641539
    outer loop
      vertex 131.385894775 10.9032535553 79.3268203735
      vertex 130.935211182 11.2839984894 78.870552063
      vertex 131.365432739 11.4086294174 79.0153884888
    endloop
  endfacet
  facet normal 0.405903786421 -0.693891048431 0.594775021076
    outer loop
      vertex 131.365432739 11.4086294174 79.0153884888
      vertex 130.935211182 11.2839984894 78.870552063
      vertex 130.918106079 11.7065944672 78.4983139038
    endloop
  endfacet
  facet normal 0.405921041965 -0.693895936012 0.594757556915
    outer loop
      vertex 131.365432739 11.4086294174 79.0153884888
      vertex 130.918106079 11.7065944672 78.4983139038
      vertex 131.347396851 11.8541488647 78.6229705811
    endloop
  endfacet
  facet normal 0.410310804844 -0.580703914165 0.703155755997
    outer loop
      vertex 131.347396851 11.8541488647 78.6229705811
      vertex 130.918106079 11.7065944672 78.4983139038
      vertex 130.903778076 12.0602588654 78.0599517822
    endloop
  endfacet
  facet normal 0.410296112299 -0.580697417259 0.703169643879
    outer loop
      vertex 131.347396851 11.8541488647 78.6229705811
      vertex 130.903778076 12.0602588654 78.0599517822
      vertex 131.332305908 12.2269887924 78.1608352661
    endloop
  endfacet
  facet normal 0.413846760988 -0.450815796852 0.790883004665
    outer loop
      vertex 131.332305908 12.2269887924 78.1608352661
      vertex 130.903778076 12.0602588654 78.0599517822
      vertex 130.892654419 12.3348140717 77.5680770874
    endloop
  endfacet
  facet normal 0.413834810257 -0.450808823109 0.790893256664
    outer loop
      vertex 131.332305908 12.2269887924 78.1608352661
      vertex 130.892654419 12.3348140717 77.5680770874
      vertex 131.320587158 12.5164327621 77.6422805786
    endloop
  endfacet
  facet normal 0.416447341442 -0.307934910059 0.8554225564
    outer loop
      vertex 131.320587158 12.5164327621 77.6422805786
      vertex 130.892654419 12.3348140717 77.5680770874
      vertex 130.885070801 12.5223560333 77.0368423462
    endloop
  endfacet
  facet normal 0.41646116972 -0.307944774628 0.855412244797
    outer loop
      vertex 131.320587158 12.5164327621 77.6422805786
      vertex 130.885070801 12.5223560333 77.0368423462
      vertex 131.312576294 12.7141475677 77.0822372437
    endloop
  endfacet
  facet normal 0.418059617281 -0.156226545572 0.894885122776
    outer loop
      vertex 131.312576294 12.7141475677 77.0822372437
      vertex 130.885070801 12.5223560333 77.0368423462
      vertex 130.881210327 12.6174983978 76.4815216064
    endloop
  endfacet
  facet normal 0.418053686619 -0.156221717596 0.894888758659
    outer loop
      vertex 131.312576294 12.7141475677 77.0822372437
      vertex 130.881210327 12.6174983978 76.4815216064
      vertex 131.308517456 12.8144493103 76.4968032837
    endloop
  endfacet
  facet normal 0.418590575457 3.67614879912e-17 0.908175051212
    outer loop
      vertex 131.308517456 12.8144493103 76.4968032837
      vertex 130.881210327 12.6174983978 76.4815216064
      vertex 130.881210327 12.6174983978 75.9181060791
    endloop
  endfacet
  facet normal 0.418590575457 0 0.908175051212
    outer loop
      vertex 131.308517456 12.8144493103 76.4968032837
      vertex 130.881210327 12.6174983978 75.9181060791
      vertex 131.308517456 12.8144493103 75.9028244019
    endloop
  endfacet
  facet normal 0.41805356741 0.156224906445 0.894888281822
    outer loop
      vertex 131.308517456 12.8144493103 75.9028244019
      vertex 130.881210327 12.6174983978 75.9181060791
      vertex 130.885070801 12.5223560333 75.36277771
    endloop
  endfacet
  facet normal 0.418057203293 0.156221479177 0.894887149334
    outer loop
      vertex 131.308517456 12.8144493103 75.9028244019
      vertex 130.885070801 12.5223560333 75.36277771
      vertex 131.312576294 12.7141475677 75.3173904419
    endloop
  endfacet
  facet normal 0.416457027197 0.307937502861 0.855416893959
    outer loop
      vertex 131.312576294 12.7141475677 75.3173904419
      vertex 130.885070801 12.5223560333 75.36277771
      vertex 130.892654419 12.3348140717 74.8315505981
    endloop
  endfacet
  facet normal 0.416451990604 0.307942390442 0.85541754961
    outer loop
      vertex 131.312576294 12.7141475677 75.3173904419
      vertex 130.892654419 12.3348140717 74.8315505981
      vertex 131.320587158 12.5164327621 74.7573394775
    endloop
  endfacet
  facet normal 0.413841217756 0.450811654329 0.790888309479
    outer loop
      vertex 131.320587158 12.5164327621 74.7573394775
      vertex 130.892654419 12.3348140717 74.8315505981
      vertex 130.903778076 12.0602588654 74.3396682739
    endloop
  endfacet
  facet normal 0.413840085268 0.450812757015 0.790888249874
    outer loop
      vertex 131.320587158 12.5164327621 74.7573394775
      vertex 130.903778076 12.0602588654 74.3396682739
      vertex 131.332305908 12.2269887924 74.2387924194
    endloop
  endfacet
  facet normal 0.26680663228 0.47431409359 0.838951945305
    outer loop
      vertex 130.892654419 12.3348140717 74.8315505981
      vertex 130.450088501 11.9507665634 74.4012069702
      vertex 130.903778076 12.0602588654 74.3396682739
    endloop
  endfacet
  facet normal 0.266822338104 0.474300414324 0.838954687119
    outer loop
      vertex 130.892654419 12.3348140717 74.8315505981
      vertex 130.439346313 12.2162342072 74.8768157959
      vertex 130.450088501 11.9507665634 74.4012069702
    endloop
  endfacet
  facet normal 0.113327540457 0.486192733049 0.866471886635
    outer loop
      vertex 130.439346313 12.2162342072 74.8768157959
      vertex 129.982406616 11.9012031555 74.4218902588
      vertex 130.450088501 11.9507665634 74.4012069702
    endloop
  endfacet
  facet normal 0.113316245377 0.486201643944 0.866468369961
    outer loop
      vertex 130.439346313 12.2162342072 74.8768157959
      vertex 129.971786499 12.1636228561 74.8920288086
      vertex 129.982406616 11.9012031555 74.4218902588
    endloop
  endfacet
  facet normal 0.0353154540062 0.487694233656 0.872299909592
    outer loop
      vertex 103.587432861 11.094783783 74.8908538818
      vertex 129.982406616 11.9012031555 74.4218902588
      vertex 129.971786499 12.1636228561 74.8920288086
    endloop
  endfacet
  facet normal 0.0370125770569 0.403793096542 0.914101302624
    outer loop
      vertex 103.587432861 11.094783783 74.8908538818
      vertex 129.971786499 12.1636228561 74.8920288086
      vertex 103.621994019 11.120010376 74.9447937012
    endloop
  endfacet
  facet normal -0.0350728742778 0.441726833582 0.896463751793
    outer loop
      vertex 102.075073242 11.2558307648 75.0976104736
      vertex 103.587432861 11.094783783 74.8908538818
      vertex 103.621994019 11.120010376 74.9447937012
    endloop
  endfacet
  facet normal -0.0422650128603 0.389784395695 0.919935762882
    outer loop
      vertex 102.075073242 11.2558307648 75.0976104736
      vertex 103.621994019 11.120010376 74.9447937012
      vertex 103.770675659 11.2295055389 75.2193374634
    endloop
  endfacet
  facet normal -0.0383302420378 0.329938352108 0.943224012852
    outer loop
      vertex 102.075073242 11.2558307648 75.0976104736
      vertex 103.770675659 11.2295055389 75.2193374634
      vertex 102.208404541 11.3361568451 75.3427352905
    endloop
  endfacet
  facet normal -0.19599018991 0.399993926287 0.895317077637
    outer loop
      vertex 100.556777954 11.6118087769 75.1504669189
      vertex 102.075073242 11.2558307648 75.0976104736
      vertex 102.208404541 11.3361568451 75.3427352905
    endloop
  endfacet
  facet normal -0.193256050348 0.341303557158 0.919871687889
    outer loop
      vertex 100.556777954 11.6118087769 75.1504669189
      vertex 102.208404541 11.3361568451 75.3427352905
      vertex 100.675170898 11.6746578217 75.3868942261
    endloop
  endfacet
  facet normal -0.345169186592 0.398706912994 0.849641680717
    outer loop
      vertex 99.1040496826 12.1792736053 75.1020736694
      vertex 100.556777954 11.6118087769 75.1504669189
      vertex 100.675170898 11.6746578217 75.3868942261
    endloop
  endfacet
  facet normal -0.343191027641 0.346103429794 0.873173713684
    outer loop
      vertex 99.1040496826 12.1792736053 75.1020736694
      vertex 100.675170898 11.6746578217 75.3868942261
      vertex 99.2088165283 12.236656189 75.3507232666
    endloop
  endfacet
  facet normal -0.486188411713 0.385791689157 0.784082651138
    outer loop
      vertex 97.7522888184 12.9444150925 74.9536056519
      vertex 99.1040496826 12.1792736053 75.1020736694
      vertex 99.2088165283 12.236656189 75.3507232666
    endloop
  endfacet
  facet normal -0.484549611807 0.343054682016 0.804689466953
    outer loop
      vertex 97.7522888184 12.9444150925 74.9536056519
      vertex 99.2088165283 12.236656189 75.3507232666
      vertex 97.8455352783 13.0082798004 75.2351150513
    endloop
  endfacet
  facet normal -0.615448415279 0.362618625164 0.699807822704
    outer loop
      vertex 96.5343780518 13.8885993958 74.7086868286
      vertex 97.7522888184 12.9444150925 74.9536056519
      vertex 97.8455352783 13.0082798004 75.2351150513
    endloop
  endfacet
  facet normal -0.613992393017 0.330934941769 0.716585934162
    outer loop
      vertex 96.5343780518 13.8885993958 74.7086868286
      vertex 97.8455352783 13.0082798004 75.2351150513
      vertex 96.6189422607 13.9705028534 75.0429229736
    endloop
  endfacet
  facet normal -0.729645192623 0.331201076508 0.598267316818
    outer loop
      vertex 95.4799957275 14.9888372421 74.3732681274
      vertex 96.5343780518 13.8885993958 74.7086868286
      vertex 96.6189422607 13.9705028534 75.0429229736
    endloop
  endfacet
  facet normal -0.72844171524 0.309354811907 0.611287355423
    outer loop
      vertex 95.4799957275 14.9888372421 74.3732681274
      vertex 96.6189422607 13.9705028534 75.0429229736
      vertex 95.5593261719 15.0995731354 74.7788925171
    endloop
  endfacet
  facet normal -0.734296560287 0.252760201693 0.630016565323
    outer loop
      vertex 95.5593261719 15.0995731354 74.7788925171
      vertex 96.6189422607 13.9705028534 75.0429229736
      vertex 96.6758880615 14.025305748 75.3449554443
    endloop
  endfacet
  facet normal -0.73315936327 0.235187441111 0.638094186783
    outer loop
      vertex 95.5593261719 15.0995731354 74.7788925171
      vertex 96.6758880615 14.025305748 75.3449554443
      vertex 95.6126403809 15.1745700836 75.1485595703
    endloop
  endfacet
  facet normal -0.830843508244 0.223240450025 0.509767353535
    outer loop
      vertex 94.6928100586 16.3676376343 74.4495391846
      vertex 95.5593261719 15.0995731354 74.7788925171
      vertex 95.6126403809 15.1745700836 75.1485595703
    endloop
  endfacet
  facet normal -0.830070257187 0.211811408401 0.5158675313
    outer loop
      vertex 94.6928100586 16.3676376343 74.4495391846
      vertex 95.6126403809 15.1745700836 75.1485595703
      vertex 94.7452392578 16.4697856903 74.9038009644
    endloop
  endfacet
  facet normal -0.83420497179 0.15354347229 0.529647469521
    outer loop
      vertex 94.7452392578 16.4697856903 74.9038009644
      vertex 95.6126403809 15.1745700836 75.1485595703
      vertex 95.6475372314 15.225692749 75.5145111084
    endloop
  endfacet
  facet normal -0.833475232124 0.145548403263 0.533042907715
    outer loop
      vertex 94.7452392578 16.4697856903 74.9038009644
      vertex 95.6475372314 15.225692749 75.5145111084
      vertex 94.7795562744 16.5397434235 75.3565063477
    endloop
  endfacet
  facet normal -0.83570587635 0.100043043494 0.539988040924
    outer loop
      vertex 94.7795562744 16.5397434235 75.3565063477
      vertex 95.6475372314 15.225692749 75.5145111084
      vertex 95.6581726074 15.2425832748 75.6945037842
    endloop
  endfacet
  facet normal -0.83551889658 0.0948653519154 0.541210472584
    outer loop
      vertex 94.7795562744 16.5397434235 75.3565063477
      vertex 95.6581726074 15.2425832748 75.6945037842
      vertex 94.7899932861 16.5628032684 75.5799865723
    endloop
  endfacet
  facet normal -0.836471259594 0.0455185808241 0.546117126942
    outer loop
      vertex 94.7899932861 16.5628032684 75.5799865723
      vertex 95.6581726074 15.2425832748 75.6945037842
      vertex 95.6664581299 15.26034832 76.0599212646
    endloop
  endfacet
  facet normal -0.8361992836 0.0434313043952 0.546703279018
    outer loop
      vertex 94.7899932861 16.5628032684 75.5799865723
      vertex 95.6664581299 15.26034832 76.0599212646
      vertex 94.7980651855 16.5865726471 76.03465271
    endloop
  endfacet
  facet normal -0.836035192013 -0.0280579198152 0.547957897186
    outer loop
      vertex 94.7980651855 16.5865726471 76.03465271
      vertex 95.6664581299 15.26034832 76.0599212646
      vertex 95.6570281982 15.2561244965 76.4233627319
    endloop
  endfacet
  facet normal -0.836377203465 -0.0258819404989 0.547542989254
    outer loop
      vertex 94.7980651855 16.5865726471 76.03465271
      vertex 95.6570281982 15.2561244965 76.4233627319
      vertex 94.7886962891 16.5795154572 76.4868087769
    endloop
  endfacet
  facet normal -0.834055006504 -0.100558929145 0.542439103127
    outer loop
      vertex 94.7886962891 16.5795154572 76.4868087769
      vertex 95.6570281982 15.2561244965 76.4233627319
      vertex 95.629989624 15.2298049927 76.7896194458
    endloop
  endfacet
  facet normal -0.835235834122 -0.0942370072007 0.541756808758
    outer loop
      vertex 94.7886962891 16.5795154572 76.4868087769
      vertex 95.629989624 15.2298049927 76.7896194458
      vertex 94.7619628906 16.541721344 76.9410018921
    endloop
  endfacet
  facet normal -0.831310033798 -0.163758486509 0.531137228012
    outer loop
      vertex 94.7619628906 16.541721344 76.9410018921
      vertex 95.629989624 15.2298049927 76.7896194458
      vertex 95.5965576172 15.19343853 77.0772781372
    endloop
  endfacet
  facet normal -0.833095669746 -0.154006004333 0.53125679493
    outer loop
      vertex 94.7619628906 16.541721344 76.9410018921
      vertex 95.5965576172 15.19343853 77.0772781372
      vertex 94.7289428711 16.4905796051 77.2960510254
    endloop
  endfacet
  facet normal -0.826884567738 -0.226007193327 0.51495885849
    outer loop
      vertex 94.7289428711 16.4905796051 77.2960510254
      vertex 95.5965576172 15.19343853 77.0772781372
      vertex 95.5362548828 15.1240110397 77.4561080933
    endloop
  endfacet
  facet normal -0.734131872654 -0.233703657985 0.637520968914
    outer loop
      vertex 95.5965576172 15.19343853 77.0772781372
      vertex 96.5949249268 13.9926176071 77.2168426514
      vertex 95.5362548828 15.1240110397 77.4561080933
    endloop
  endfacet
  facet normal -0.723339736462 -0.328407287598 0.607394695282
    outer loop
      vertex 95.5362548828 15.1240110397 77.4561080933
      vertex 96.5949249268 13.9926176071 77.2168426514
      vertex 96.5111083984 13.9231567383 77.5299224854
    endloop
  endfacet
  facet normal -0.617170751095 -0.324279099703 0.716898441315
    outer loop
      vertex 96.5949249268 13.9926176071 77.2168426514
      vertex 97.7272949219 12.9744567871 77.3125991821
      vertex 96.5111083984 13.9231567383 77.5299224854
    endloop
  endfacet
  facet normal -0.601171791553 -0.433382242918 0.671395778656
    outer loop
      vertex 96.5111083984 13.9231567383 77.5299224854
      vertex 97.7272949219 12.9744567871 77.3125991821
      vertex 97.6136627197 12.9021940231 77.5821762085
    endloop
  endfacet
  facet normal -0.613191723824 -0.397649168968 0.682547450066
    outer loop
      vertex 96.5111083984 13.9231567383 77.5299224854
      vertex 97.6136627197 12.9021940231 77.5821762085
      vertex 96.4075469971 13.8309659958 77.8478546143
    endloop
  endfacet
  facet normal -0.596064388752 -0.494488477707 0.63260447979
    outer loop
      vertex 96.4075469971 13.8309659958 77.8478546143
      vertex 97.6136627197 12.9021940231 77.5821762085
      vertex 97.5212402344 12.8389701843 77.7744674683
    endloop
  endfacet
  facet normal -0.608219027519 -0.456986576319 0.649024546146
    outer loop
      vertex 96.4075469971 13.8309659958 77.8478546143
      vertex 97.5212402344 12.8389701843 77.7744674683
      vertex 96.3231506348 13.7512702942 78.0733718872
    endloop
  endfacet
  facet normal -0.710543990135 -0.455465942621 0.536356270313
    outer loop
      vertex 95.3599243164 14.9052257538 78.2171401978
      vertex 96.4075469971 13.8309659958 77.8478546143
      vertex 96.3231506348 13.7512702942 78.0733718872
    endloop
  endfacet
  facet normal -0.587939679623 -0.552044093609 0.591248035431
    outer loop
      vertex 96.3231506348 13.7512702942 78.0733718872
      vertex 97.5212402344 12.8389701843 77.7744674683
      vertex 97.3678131104 12.7259883881 78.0588760376
    endloop
  endfacet
  facet normal -0.604386389256 -0.514193713665 0.608540773392
    outer loop
      vertex 96.3231506348 13.7512702942 78.0733718872
      vertex 97.3678131104 12.7259883881 78.0588760376
      vertex 96.1827697754 13.6104984283 78.4049758911
    endloop
  endfacet
  facet normal -0.579360544682 -0.614115893841 0.535913288593
    outer loop
      vertex 96.1827697754 13.6104984283 78.4049758911
      vertex 97.3678131104 12.7259883881 78.0588760376
      vertex 97.1936187744 12.5864772797 78.3449554443
    endloop
  endfacet
  facet normal -0.597901761532 -0.577012002468 0.556390762329
    outer loop
      vertex 96.1827697754 13.6104984283 78.4049758911
      vertex 97.1936187744 12.5864772797 78.3449554443
      vertex 96.02293396 13.4388332367 78.7361297607
    endloop
  endfacet
  facet normal -0.692680358887 -0.566041469574 0.446979880333
    outer loop
      vertex 95.14793396 14.6171417236 78.8764266968
      vertex 96.1827697754 13.6104984283 78.4049758911
      vertex 96.02293396 13.4388332367 78.7361297607
    endloop
  endfacet
  facet normal -0.706340193748 -0.537600398064 0.460509866476
    outer loop
      vertex 95.14793396 14.6171417236 78.8764266968
      vertex 96.02293396 13.4388332367 78.7361297607
      vertex 94.9969177246 14.3981571198 79.2624282837
    endloop
  endfacet
  facet normal -0.682681798935 -0.616837263107 0.3917362988
    outer loop
      vertex 94.9969177246 14.3981571198 79.2624282837
      vertex 96.02293396 13.4388332367 78.7361297607
      vertex 95.8430786133 13.2323589325 79.0663070679
    endloop
  endfacet
  facet normal -0.697695195675 -0.589378118515 0.407252818346
    outer loop
      vertex 94.9969177246 14.3981571198 79.2624282837
      vertex 95.8430786133 13.2323589325 79.0663070679
      vertex 94.8267059326 14.1391744614 79.6428756714
    endloop
  endfacet
  facet normal -0.675722837448 -0.652892768383 0.342242121696
    outer loop
      vertex 94.8267059326 14.1391744614 79.6428756714
      vertex 95.8430786133 13.2323589325 79.0663070679
      vertex 95.7194824219 13.0828971863 79.2725753784
    endloop
  endfacet
  facet normal -0.689036786556 -0.62764018774 0.362348049879
    outer loop
      vertex 94.8267059326 14.1391744614 79.6428756714
      vertex 95.7194824219 13.0828971863 79.2725753784
      vertex 94.7095794678 13.9540538788 79.8783340454
    endloop
  endfacet
  facet normal -0.582798242569 -0.675996005535 0.450971782207
    outer loop
      vertex 95.8430786133 13.2323589325 79.0663070679
      vertex 96.8641357422 12.2928962708 78.8127593994
      vertex 95.7194824219 13.0828971863 79.2725753784
    endloop
  endfacet
  facet normal -0.554825246334 -0.745036423206 0.370256304741
    outer loop
      vertex 95.7194824219 13.0828971863 79.2725753784
      vertex 96.8641357422 12.2928962708 78.8127593994
      vertex 96.6299591064 12.062543869 79.1016235352
    endloop
  endfacet
  facet normal -0.461482703686 -0.750872790813 0.472465634346
    outer loop
      vertex 96.8641357422 12.2928962708 78.8127593994
      vertex 97.861831665 11.3983192444 78.7624664307
      vertex 96.6299591064 12.062543869 79.1016235352
    endloop
  endfacet
  facet normal -0.42473962903 -0.828646957874 0.364610016346
    outer loop
      vertex 96.6299591064 12.062543869 79.1016235352
      vertex 97.861831665 11.3983192444 78.7624664307
      vertex 97.5859832764 11.164229393 79.0068588257
    endloop
  endfacet
  facet normal -0.332053035498 -0.820497393608 0.465322226286
    outer loop
      vertex 97.861831665 11.3983192444 78.7624664307
      vertex 98.8694458008 10.6082305908 78.8027648926
      vertex 97.5859832764 11.164229393 79.0068588257
    endloop
  endfacet
  facet normal -0.290598154068 -0.893289923668 0.342907845974
    outer loop
      vertex 97.5859832764 11.164229393 79.0068588257
      vertex 98.8694458008 10.6082305908 78.8027648926
      vertex 98.5474090576 10.3606176376 79.0025787354
    endloop
  endfacet
  facet normal -0.327864259481 -0.861524045467 0.387661427259
    outer loop
      vertex 97.5859832764 11.164229393 79.0068588257
      vertex 98.5474090576 10.3606176376 79.0025787354
      vertex 97.2919769287 10.8965644836 79.2391891479
    endloop
  endfacet
  facet normal -0.289599210024 -0.917264640331 0.273418843746
    outer loop
      vertex 97.2919769287 10.8965644836 79.2391891479
      vertex 98.5474090576 10.3606176376 79.0025787354
      vertex 98.3253173828 10.1814422607 79.1261062622
    endloop
  endfacet
  facet normal -0.321626842022 -0.889686346054 0.324059247971
    outer loop
      vertex 97.2919769287 10.8965644836 79.2391891479
      vertex 98.3253173828 10.1814422607 79.1261062622
      vertex 97.0884094238 10.700630188 79.384147644
    endloop
  endfacet
  facet normal -0.282970756292 -0.936103820801 0.208895236254
    outer loop
      vertex 97.0884094238 10.700630188 79.384147644
      vertex 98.3253173828 10.1814422607 79.1261062622
      vertex 97.9740142822 9.88516521454 79.2984161377
    endloop
  endfacet
  facet normal -0.199625879526 -0.931232333183 0.304886698723
    outer loop
      vertex 98.3253173828 10.1814422607 79.1261062622
      vertex 99.2258148193 9.43510150909 79.1774215698
      vertex 97.9740142822 9.88516521454 79.2984161377
    endloop
  endfacet
  facet normal -0.154422953725 -0.973659217358 0.167753607035
    outer loop
      vertex 97.9740142822 9.88516521454 79.2984161377
      vertex 99.2258148193 9.43510150909 79.1774215698
      vertex 98.8387298584 9.13765144348 79.2900619507
    endloop
  endfacet
  facet normal -0.198299497366 -0.955427527428 0.218713313341
    outer loop
      vertex 97.9740142822 9.88516521454 79.2984161377
      vertex 98.8387298584 9.13765144348 79.2900619507
      vertex 97.6161499023 9.56785869598 79.4453277588
    endloop
  endfacet
  facet normal -0.153868496418 -0.984692454338 0.081885330379
    outer loop
      vertex 97.6161499023 9.56785869598 79.4453277588
      vertex 98.8387298584 9.13765144348 79.2900619507
      vertex 98.4490356445 8.82722568512 79.3767700195
    endloop
  endfacet
  facet normal -0.19709263742 -0.971496582031 0.131715103984
    outer loop
      vertex 97.6161499023 9.56785869598 79.4453277588
      vertex 98.4490356445 8.82722568512 79.3767700195
      vertex 97.2542419434 9.23104572296 79.564414978
    endloop
  endfacet
  facet normal -0.15573772788 -0.987796843052 0.00178262474947
    outer loop
      vertex 97.2542419434 9.23104572296 79.564414978
      vertex 98.4490356445 8.82722568512 79.3767700195
      vertex 98.1347503662 8.56839561462 79.4267883301
    endloop
  endfacet
  facet normal -0.194294989109 -0.979413628578 0.0547574236989
    outer loop
      vertex 97.2542419434 9.23104572296 79.564414978
      vertex 98.1347503662 8.56839561462 79.4267883301
      vertex 96.9611816406 8.94639015198 79.6384658813
    endloop
  endfacet
  facet normal -0.154165953398 -0.985333621502 -0.0731469914317
    outer loop
      vertex 96.9611816406 8.94639015198 79.6384658813
      vertex 98.1347503662 8.56839561462 79.4267883301
      vertex 97.7526092529 8.24263191223 79.4623947144
    endloop
  endfacet
  facet normal -0.0809588357806 -0.996619641781 0.0139628909528
    outer loop
      vertex 98.1347503662 8.56839561462 79.4267883301
      vertex 98.9195251465 7.89048957825 79.3725357056
      vertex 97.7526092529 8.24263191223 79.4623947144
    endloop
  endfacet
  facet normal -0.0464600510895 -0.993934988976 -0.0996730178595
    outer loop
      vertex 97.7526092529 8.24263191223 79.4623947144
      vertex 98.9195251465 7.89048957825 79.3725357056
      vertex 98.8992614746 7.87526082993 79.3719558716
    endloop
  endfacet
  facet normal -0.0620066821575 -0.996728777885 -0.0518359653652
    outer loop
      vertex 97.7526092529 8.24263191223 79.4623947144
      vertex 98.8992614746 7.87526082993 79.3719558716
      vertex 97.3834533691 7.91532325745 79.4683380127
    endloop
  endfacet
  facet normal -0.0585689395666 -0.986002802849 -0.15610294044
    outer loop
      vertex 97.3834533691 7.91532325745 79.4683380127
      vertex 98.8992614746 7.87526082993 79.3719558716
      vertex 98.5278320312 7.59239292145 79.3492355347
    endloop
  endfacet
  facet normal -0.0414645932615 -0.976153731346 -0.213083639741
    outer loop
      vertex 97.3834533691 7.91532325745 79.4683380127
      vertex 98.5278320312 7.59239292145 79.3492355347
      vertex 98.1533966064 7.29912948608 79.3011245728
    endloop
  endfacet
  facet normal -0.0836529061198 -0.983192622662 -0.162278980017
    outer loop
      vertex 97.3834533691 7.91532325745 79.4683380127
      vertex 98.1533966064 7.29912948608 79.3011245728
      vertex 97.0292358398 7.58865022659 79.4445571899
    endloop
  endfacet
  facet normal -0.0448020510375 -0.953398406506 -0.298369318247
    outer loop
      vertex 97.0292358398 7.58865022659 79.4445571899
      vertex 98.1533966064 7.29912948608 79.3011245728
      vertex 97.7828063965 6.99923372269 79.2246856689
    endloop
  endfacet
  facet normal -0.0105103822425 -0.965779840946 -0.259150266647
    outer loop
      vertex 98.1533966064 7.29912948608 79.3011245728
      vertex 130.115890503 8.60447788239 79.3035507202
      vertex 97.7828063965 6.99923372269 79.2246856689
    endloop
  endfacet
  facet normal -0.01219312381 -0.956165790558 -0.292571991682
    outer loop
      vertex 97.7828063965 6.99923372269 79.2246856689
      vertex 130.115890503 8.60447788239 79.3035507202
      vertex 130.13671875 8.08998584747 79.1458587646
    endloop
  endfacet
  facet normal -0.0136926686391 -0.940993309021 -0.338147997856
    outer loop
      vertex 97.7828063965 6.99923372269 79.2246856689
      vertex 130.13671875 8.08998584747 79.1458587646
      vertex 97.50831604 6.76963090897 79.1461715698
    endloop
  endfacet
  facet normal -0.0153573527932 -0.925150752068 -0.379289150238
    outer loop
      vertex 97.50831604 6.76963090897 79.1461715698
      vertex 130.13671875 8.08998584747 79.1458587646
      vertex 97.4543457031 6.72363901138 79.1282119751
    endloop
  endfacet
  facet normal -0.0183241497725 -0.892922520638 -0.449837327003
    outer loop
      vertex 97.4543457031 6.72363901138 79.1282119751
      vertex 130.13671875 8.08998584747 79.1458587646
      vertex 130.156173706 7.60952425003 78.9034118652
    endloop
  endfacet
  facet normal -0.0177670605481 -0.904376089573 -0.426366329193
    outer loop
      vertex 97.4543457031 6.72363901138 79.1282119751
      vertex 130.156173706 7.60952425003 78.9034118652
      vertex 97.1530303955 6.46091127396 79.010269165
    endloop
  endfacet
  facet normal -0.0200241543353 -0.86893761158 -0.494516402483
    outer loop
      vertex 130.156173706 7.60952425003 78.9034118652
      vertex 96.9370269775 6.26547384262 78.9040222168
      vertex 97.1530303955 6.46091127396 79.010269165
    endloop
  endfacet
  facet normal -0.0215249005705 -0.846710383892 -0.531618535519
    outer loop
      vertex 130.156173706 7.60952425003 78.9034118652
      vertex 96.8784332275 6.21128749847 78.8714904785
      vertex 96.9370269775 6.26547384262 78.9040222168
    endloop
  endfacet
  facet normal -0.0241926517338 -0.804001152515 -0.594135403633
    outer loop
      vertex 130.173690796 7.17691516876 78.5831985474
      vertex 96.8784332275 6.21128749847 78.8714904785
      vertex 130.156173706 7.60952425003 78.9034118652
    endloop
  endfacet
  facet normal 0.0541307702661 -0.801540672779 -0.595485031605
    outer loop
      vertex 130.643600464 7.17151832581 78.6109237671
      vertex 130.173690796 7.17691516876 78.5831985474
      vertex 130.156173706 7.60952425003 78.9034118652
    endloop
  endfacet
  facet normal 0.0541370771825 -0.801536917686 -0.595489501953
    outer loop
      vertex 130.643600464 7.17151832581 78.6109237671
      vertex 130.156173706 7.60952425003 78.9034118652
      vertex 130.62588501 7.60916233063 78.9348678589
    endloop
  endfacet
  facet normal 0.209061980247 -0.781937658787 -0.587253391743
    outer loop
      vertex 131.103912354 7.11749315262 78.6934204102
      vertex 130.643600464 7.17151832581 78.6109237671
      vertex 130.62588501 7.60916233063 78.9348678589
    endloop
  endfacet
  facet normal 0.209069818258 -0.781931996346 -0.587258219719
    outer loop
      vertex 131.103912354 7.11749315262 78.6934204102
      vertex 130.62588501 7.60916233063 78.9348678589
      vertex 131.085586548 7.57010793686 79.0284500122
    endloop
  endfacet
  facet normal 0.358957648277 -0.743185162544 -0.56464612484
    outer loop
      vertex 131.543289185 7.01616334915 78.8286514282
      vertex 131.103912354 7.11749315262 78.6934204102
      vertex 131.085586548 7.57010793686 79.0284500122
    endloop
  endfacet
  facet normal 0.358953744173 -0.743188560009 -0.564644098282
    outer loop
      vertex 131.543289185 7.01616334915 78.8286514282
      vertex 131.085586548 7.57010793686 79.0284500122
      vertex 131.523971558 7.49333238602 79.181854248
    endloop
  endfacet
  facet normal 0.364356696606 -0.825396060944 -0.431237250566
    outer loop
      vertex 131.523971558 7.49333238602 79.181854248
      vertex 131.085586548 7.57010793686 79.0284500122
      vertex 131.065231323 8.0727930069 79.2820968628
    endloop
  endfacet
  facet normal 0.36437612772 -0.825380802155 -0.431249976158
    outer loop
      vertex 131.523971558 7.49333238602 79.181854248
      vertex 131.065231323 8.0727930069 79.2820968628
      vertex 131.502502441 8.02327537537 79.4492645264
    endloop
  endfacet
  facet normal 0.370263725519 -0.883837342262 -0.285895735025
    outer loop
      vertex 131.502502441 8.02327537537 79.4492645264
      vertex 131.065231323 8.0727930069 79.2820968628
      vertex 131.043426514 8.611079216 79.4470825195
    endloop
  endfacet
  facet normal 0.370238184929 -0.8838545084 -0.285875737667
    outer loop
      vertex 131.502502441 8.02327537537 79.4492645264
      vertex 131.043426514 8.611079216 79.4470825195
      vertex 131.479537964 8.59075260162 79.6231918335
    endloop
  endfacet
  facet normal 0.376438051462 -0.916881501675 -0.132750704885
    outer loop
      vertex 131.479537964 8.59075260162 79.6231918335
      vertex 131.043426514 8.611079216 79.4470825195
      vertex 131.020828247 9.16947937012 79.5186538696
    endloop
  endfacet
  facet normal 0.22747027874 -0.964680433273 -0.132849305868
    outer loop
      vertex 131.043426514 8.611079216 79.4470825195
      vertex 130.563262939 9.15561962128 79.4088516235
      vertex 131.020828247 9.16947937012 79.5186538696
    endloop
  endfacet
  facet normal 0.23413875699 -0.971681714058 0.0318376868963
    outer loop
      vertex 131.020828247 9.16947937012 79.5186538696
      vertex 130.563262939 9.15561962128 79.4088516235
      vertex 130.541244507 9.69946575165 79.3857269287
    endloop
  endfacet
  facet normal 0.234139725566 -0.971681535244 0.0318367667496
    outer loop
      vertex 131.020828247 9.16947937012 79.5186538696
      vertex 130.541244507 9.69946575165 79.3857269287
      vertex 130.998046875 9.7319316864 79.4947357178
    endloop
  endfacet
  facet normal 0.240758657455 -0.950731158257 0.195308715105
    outer loop
      vertex 130.998046875 9.7319316864 79.4947357178
      vertex 130.541244507 9.69946575165 79.3857269287
      vertex 130.519699097 10.2315826416 79.2709579468
    endloop
  endfacet
  facet normal 0.240752980113 -0.95073145628 0.195314288139
    outer loop
      vertex 130.998046875 9.7319316864 79.4947357178
      vertex 130.519699097 10.2315826416 79.2709579468
      vertex 130.975769043 10.2822551727 79.3760375977
    endloop
  endfacet
  facet normal 0.247134059668 -0.902429938316 0.352909326553
    outer loop
      vertex 130.975769043 10.2822551727 79.3760375977
      vertex 130.519699097 10.2315826416 79.2709579468
      vertex 130.499237061 10.7366657257 79.0678329468
    endloop
  endfacet
  facet normal 0.247127115726 -0.902429163456 0.352916091681
    outer loop
      vertex 130.975769043 10.2822551727 79.3760375977
      vertex 130.499237061 10.7366657257 79.0678329468
      vertex 130.954620361 10.8046226501 79.1659622192
    endloop
  endfacet
  facet normal 0.253086745739 -0.828168451786 0.500084102154
    outer loop
      vertex 130.954620361 10.8046226501 79.1659622192
      vertex 130.499237061 10.7366657257 79.0678329468
      vertex 130.48046875 11.2001876831 78.7822036743
    endloop
  endfacet
  facet normal 0.253069877625 -0.828164041042 0.500100016594
    outer loop
      vertex 130.954620361 10.8046226501 79.1659622192
      vertex 130.48046875 11.2001876831 78.7822036743
      vertex 130.935211182 11.2839984894 78.870552063
    endloop
  endfacet
  facet normal 0.258435934782 -0.730074048042 0.632615804672
    outer loop
      vertex 130.935211182 11.2839984894 78.870552063
      vertex 130.48046875 11.2001876831 78.7822036743
      vertex 130.463928223 11.6088027954 78.4222793579
    endloop
  endfacet
  facet normal 0.258436322212 -0.730074167252 0.632615506649
    outer loop
      vertex 130.935211182 11.2839984894 78.870552063
      vertex 130.463928223 11.6088027954 78.4222793579
      vertex 130.918106079 11.7065944672 78.4983139038
    endloop
  endfacet
  facet normal 0.263054847717 -0.61097741127 0.74666506052
    outer loop
      vertex 130.918106079 11.7065944672 78.4983139038
      vertex 130.463928223 11.6088027954 78.4222793579
      vertex 130.450088501 11.9507665634 77.9984130859
    endloop
  endfacet
  facet normal 0.263069838285 -0.610985577106 0.746653079987
    outer loop
      vertex 130.918106079 11.7065944672 78.4983139038
      vertex 130.450088501 11.9507665634 77.9984130859
      vertex 130.903778076 12.0602588654 78.0599517822
    endloop
  endfacet
  facet normal 0.266806811094 -0.474308073521 0.838955283165
    outer loop
      vertex 130.903778076 12.0602588654 78.0599517822
      vertex 130.450088501 11.9507665634 77.9984130859
      vertex 130.439346313 12.2162342072 77.5228118896
    endloop
  endfacet
  facet normal 0.266821622849 -0.474317908287 0.838945031166
    outer loop
      vertex 130.903778076 12.0602588654 78.0599517822
      vertex 130.439346313 12.2162342072 77.5228118896
      vertex 130.892654419 12.3348140717 77.5680770874
    endloop
  endfacet
  facet normal 0.269571572542 -0.324001908302 0.90683734417
    outer loop
      vertex 130.892654419 12.3348140717 77.5680770874
      vertex 130.439346313 12.2162342072 77.5228118896
      vertex 130.431991577 12.3975734711 77.009147644
    endloop
  endfacet
  facet normal 0.269558161497 -0.323991715908 0.906844973564
    outer loop
      vertex 130.892654419 12.3348140717 77.5680770874
      vertex 130.431991577 12.3975734711 77.009147644
      vertex 130.885070801 12.5223560333 77.0368423462
    endloop
  endfacet
  facet normal 0.271238535643 -0.164368584752 0.948373675346
    outer loop
      vertex 130.885070801 12.5223560333 77.0368423462
      vertex 130.431991577 12.3975734711 77.009147644
      vertex 130.428268433 12.489569664 76.4722061157
    endloop
  endfacet
  facet normal 0.27123978734 -0.164369642735 0.948373138905
    outer loop
      vertex 130.885070801 12.5223560333 77.0368423462
      vertex 130.428268433 12.489569664 76.4722061157
      vertex 130.881210327 12.6174983978 76.4815216064
    endloop
  endfacet
  facet normal 0.271807342768 -3.70469480206e-17 0.962351679802
    outer loop
      vertex 130.881210327 12.6174983978 76.4815216064
      vertex 130.428268433 12.489569664 76.4722061157
      vertex 130.428268433 12.489569664 75.9274215698
    endloop
  endfacet
  facet normal 0.271807342768 0 0.962351679802
    outer loop
      vertex 130.881210327 12.6174983978 76.4815216064
      vertex 130.428268433 12.489569664 75.9274215698
      vertex 130.881210327 12.6174983978 75.9181060791
    endloop
  endfacet
  facet normal 0.271239876747 0.164366260171 0.948373675346
    outer loop
      vertex 130.881210327 12.6174983978 75.9181060791
      vertex 130.428268433 12.489569664 75.9274215698
      vertex 130.431991577 12.3975734711 75.3904724121
    endloop
  endfacet
  facet normal 0.271238476038 0.164367511868 0.94837385416
    outer loop
      vertex 130.881210327 12.6174983978 75.9181060791
      vertex 130.431991577 12.3975734711 75.3904724121
      vertex 130.885070801 12.5223560333 75.36277771
    endloop
  endfacet
  facet normal 0.269557565451 0.324007332325 0.906839549541
    outer loop
      vertex 130.885070801 12.5223560333 75.36277771
      vertex 130.431991577 12.3975734711 75.3904724121
      vertex 130.439346313 12.2162342072 74.8768157959
    endloop
  endfacet
  facet normal 0.269571483135 0.323994785547 0.906839907169
    outer loop
      vertex 130.885070801 12.5223560333 75.36277771
      vertex 130.439346313 12.2162342072 74.8768157959
      vertex 130.892654419 12.3348140717 74.8315505981
    endloop
  endfacet
  facet normal 0.116133563221 0.332125544548 0.936058580875
    outer loop
      vertex 130.431991577 12.3975734711 75.3904724121
      vertex 129.971786499 12.1636228561 74.8920288086
      vertex 130.439346313 12.2162342072 74.8768157959
    endloop
  endfacet
  facet normal 0.116137690842 0.332122057676 0.936059296131
    outer loop
      vertex 130.431991577 12.3975734711 75.3904724121
      vertex 129.964523315 12.3428764343 75.3997802734
      vertex 129.971786499 12.1636228561 74.8920288086
    endloop
  endfacet
  facet normal 0.038141887635 0.333140850067 0.942105293274
    outer loop
      vertex 129.964523315 12.3428764343 75.3997802734
      vertex 103.84475708 11.2849731445 75.3985824585
      vertex 129.971786499 12.1636228561 74.8920288086
    endloop
  endfacet
  facet normal 0.0376995503902 0.281159192324 0.958920359612
    outer loop
      vertex 129.971786499 12.1636228561 74.8920288086
      vertex 103.84475708 11.2849731445 75.3985824585
      vertex 103.770675659 11.2295055389 75.2193374634
    endloop
  endfacet
  facet normal 0.0377397611737 0.352485924959 0.935055792332
    outer loop
      vertex 129.971786499 12.1636228561 74.8920288086
      vertex 103.770675659 11.2295055389 75.2193374634
      vertex 103.621994019 11.120010376 74.9447937012
    endloop
  endfacet
  facet normal -0.0403044894338 0.310544133186 0.949704110622
    outer loop
      vertex 102.208404541 11.3361568451 75.3427352905
      vertex 103.770675659 11.2295055389 75.2193374634
      vertex 103.84475708 11.2849731445 75.3985824585
    endloop
  endfacet
  facet normal -0.0388180091977 0.250930160284 0.967226564884
    outer loop
      vertex 102.208404541 11.3361568451 75.3427352905
      vertex 103.84475708 11.2849731445 75.3985824585
      vertex 102.299255371 11.3913478851 75.5695266724
    endloop
  endfacet
  facet normal -0.196872845292 0.305574595928 0.93159288168
    outer loop
      vertex 100.675170898 11.6746578217 75.3868942261
      vertex 102.208404541 11.3361568451 75.3427352905
      vertex 102.299255371 11.3913478851 75.5695266724
    endloop
  endfacet
  facet normal -0.194190233946 0.259225428104 0.946093201637
    outer loop
      vertex 100.675170898 11.6746578217 75.3868942261
      vertex 102.299255371 11.3913478851 75.5695266724
      vertex 100.755645752 11.7170257568 75.6018066406
    endloop
  endfacet
  facet normal -0.347385913134 0.30489307642 0.886771261692
    outer loop
      vertex 99.2088165283 12.236656189 75.3507232666
      vertex 100.675170898 11.6746578217 75.3868942261
      vertex 100.755645752 11.7170257568 75.6018066406
    endloop
  endfacet
  facet normal -0.34532019496 0.262919217348 0.900903701782
    outer loop
      vertex 99.2088165283 12.236656189 75.3507232666
      vertex 100.755645752 11.7170257568 75.6018066406
      vertex 99.279800415 12.2747364044 75.5744400024
    endloop
  endfacet
  facet normal -0.489480555058 0.294992953539 0.820602178574
    outer loop
      vertex 97.8455352783 13.0082798004 75.2351150513
      vertex 99.2088165283 12.236656189 75.3507232666
      vertex 99.279800415 12.2747364044 75.5744400024
    endloop
  endfacet
  facet normal -0.48778128624 0.260789841413 0.833101451397
    outer loop
      vertex 97.8455352783 13.0082798004 75.2351150513
      vertex 99.279800415 12.2747364044 75.5744400024
      vertex 97.9085083008 13.0506038666 75.4881057739
    endloop
  endfacet
  facet normal -0.619550168514 0.277081429958 0.734427332878
    outer loop
      vertex 96.6189422607 13.9705028534 75.0429229736
      vertex 97.8455352783 13.0082798004 75.2351150513
      vertex 97.9085083008 13.0506038666 75.4881057739
    endloop
  endfacet
  facet normal -0.618114233017 0.251666486263 0.744713902473
    outer loop
      vertex 96.6189422607 13.9705028534 75.0429229736
      vertex 97.9085083008 13.0506038666 75.4881057739
      vertex 96.6758880615 14.025305748 75.3449554443
    endloop
  endfacet
  facet normal -0.622374951839 0.191435739398 0.758947849274
    outer loop
      vertex 96.6758880615 14.025305748 75.3449554443
      vertex 97.9085083008 13.0506038666 75.4881057739
      vertex 97.9499359131 13.0791463852 75.7359466553
    endloop
  endfacet
  facet normal -0.620942354202 0.173590585589 0.764393150806
    outer loop
      vertex 96.6758880615 14.025305748 75.3449554443
      vertex 97.9499359131 13.0791463852 75.7359466553
      vertex 96.7132263184 14.0624456406 75.6420593262
    endloop
  endfacet
  facet normal -0.737479090691 0.17424942553 0.652504205704
    outer loop
      vertex 95.6126403809 15.1745700836 75.1485595703
      vertex 96.6758880615 14.025305748 75.3449554443
      vertex 96.7132263184 14.0624456406 75.6420593262
    endloop
  endfacet
  facet normal -0.736395478249 0.161989107728 0.656872272491
    outer loop
      vertex 95.6126403809 15.1745700836 75.1485595703
      vertex 96.7132263184 14.0624456406 75.6420593262
      vertex 95.6475372314 15.225692749 75.5145111084
    endloop
  endfacet
  facet normal -0.738739013672 0.113989047706 0.664282441139
    outer loop
      vertex 95.6475372314 15.225692749 75.5145111084
      vertex 96.7132263184 14.0624456406 75.6420593262
      vertex 96.7246246338 14.0747566223 75.7876739502
    endloop
  endfacet
  facet normal -0.73846244812 0.106113053858 0.665892839432
    outer loop
      vertex 95.6475372314 15.225692749 75.5145111084
      vertex 96.7246246338 14.0747566223 75.7876739502
      vertex 95.6581726074 15.2425832748 75.6945037842
    endloop
  endfacet
  facet normal -0.73949432373 0.0525424480438 0.671109080315
    outer loop
      vertex 95.6581726074 15.2425832748 75.6945037842
      vertex 96.7246246338 14.0747566223 75.7876739502
      vertex 96.7335510254 14.0880184174 76.0827102661
    endloop
  endfacet
  facet normal -0.739094436169 0.0494199432433 0.671786487103
    outer loop
      vertex 95.6581726074 15.2425832748 75.6945037842
      vertex 96.7335510254 14.0880184174 76.0827102661
      vertex 95.6664581299 15.26034832 76.0599212646
    endloop
  endfacet
  facet normal -0.738887190819 -0.0302993878722 0.673147559166
    outer loop
      vertex 95.6664581299 15.26034832 76.0599212646
      vertex 96.7335510254 14.0880184174 76.0827102661
      vertex 96.7235412598 14.0857954025 76.3761520386
    endloop
  endfacet
  facet normal -0.739401876926 -0.0270009133965 0.672722697258
    outer loop
      vertex 95.6664581299 15.26034832 76.0599212646
      vertex 96.7235412598 14.0857954025 76.3761520386
      vertex 95.6570281982 15.2561244965 76.4233627319
    endloop
  endfacet
  facet normal -0.736730992794 -0.111890695989 0.666864275932
    outer loop
      vertex 95.6570281982 15.2561244965 76.4233627319
      vertex 96.7235412598 14.0857954025 76.3761520386
      vertex 96.6947479248 14.0678348541 76.6727828979
    endloop
  endfacet
  facet normal -0.738505065441 -0.102414108813 0.666424453259
    outer loop
      vertex 95.6570281982 15.2561244965 76.4233627319
      vertex 96.6947479248 14.0678348541 76.6727828979
      vertex 95.629989624 15.2298049927 76.7896194458
    endloop
  endfacet
  facet normal -0.733913004398 -0.183076918125 0.654105901718
    outer loop
      vertex 95.629989624 15.2298049927 76.7896194458
      vertex 96.6947479248 14.0678348541 76.6727828979
      vertex 96.6591186523 14.0423183441 76.906791687
    endloop
  endfacet
  facet normal -0.736618578434 -0.168413415551 0.655003786087
    outer loop
      vertex 95.629989624 15.2298049927 76.7896194458
      vertex 96.6591186523 14.0423183441 76.906791687
      vertex 95.5965576172 15.19343853 77.0772781372
    endloop
  endfacet
  facet normal -0.729301035404 -0.252902626991 0.635735988617
    outer loop
      vertex 95.5965576172 15.19343853 77.0772781372
      vertex 96.6591186523 14.0423183441 76.906791687
      vertex 96.5949249268 13.9926176071 77.2168426514
    endloop
  endfacet
  facet normal -0.620239555836 -0.247720256448 0.74426984787
    outer loop
      vertex 96.6591186523 14.0423183441 76.906791687
      vertex 97.8194732666 13.0280838013 77.0487442017
      vertex 96.5949249268 13.9926176071 77.2168426514
    endloop
  endfacet
  facet normal -0.607814967632 -0.356553286314 0.709528505802
    outer loop
      vertex 96.5949249268 13.9926176071 77.2168426514
      vertex 97.8194732666 13.0280838013 77.0487442017
      vertex 97.7272949219 12.9744567871 77.3125991821
    endloop
  endfacet
  facet normal -0.489441782236 -0.33465641737 0.805265069008
    outer loop
      vertex 97.8194732666 13.0280838013 77.0487442017
      vertex 99.0764923096 12.2058544159 77.1888122559
      vertex 97.7272949219 12.9744567871 77.3125991821
    endloop
  endfacet
  facet normal -0.47147127986 -0.457485437393 0.753937602043
    outer loop
      vertex 97.7272949219 12.9744567871 77.3125991821
      vertex 99.0764923096 12.2058544159 77.1888122559
      vertex 98.9494781494 12.141084671 77.4264526367
    endloop
  endfacet
  facet normal -0.486905813217 -0.41173478961 0.770322799683
    outer loop
      vertex 97.7272949219 12.9744567871 77.3125991821
      vertex 98.9494781494 12.141084671 77.4264526367
      vertex 97.6136627197 12.9021940231 77.5821762085
    endloop
  endfacet
  facet normal -0.467321395874 -0.522267699242 0.71333527565
    outer loop
      vertex 97.6136627197 12.9021940231 77.5821762085
      vertex 98.9494781494 12.141084671 77.4264526367
      vertex 98.8464050293 12.0846090317 77.5958175659
    endloop
  endfacet
  facet normal -0.482975035906 -0.474173128605 0.73613512516
    outer loop
      vertex 97.6136627197 12.9021940231 77.5821762085
      vertex 98.8464050293 12.0846090317 77.5958175659
      vertex 97.5212402344 12.8389701843 77.7744674683
    endloop
  endfacet
  facet normal -0.459936916828 -0.582780539989 0.669943928719
    outer loop
      vertex 97.5212402344 12.8389701843 77.7744674683
      vertex 98.8464050293 12.0846090317 77.5958175659
      vertex 98.6757507324 11.9840240479 77.8461303711
    endloop
  endfacet
  facet normal -0.480963587761 -0.535295367241 0.694357872009
    outer loop
      vertex 97.5212402344 12.8389701843 77.7744674683
      vertex 98.6757507324 11.9840240479 77.8461303711
      vertex 97.3678131104 12.7259883881 78.0588760376
    endloop
  endfacet
  facet normal -0.452641189098 -0.648557662964 0.611954987049
    outer loop
      vertex 97.3678131104 12.7259883881 78.0588760376
      vertex 98.6757507324 11.9840240479 77.8461303711
      vertex 98.4826049805 11.8602743149 78.097694397
    endloop
  endfacet
  facet normal -0.476381003857 -0.602393805981 0.640455186367
    outer loop
      vertex 97.3678131104 12.7259883881 78.0588760376
      vertex 98.4826049805 11.8602743149 78.097694397
      vertex 97.1936187744 12.5864772797 78.3449554443
    endloop
  endfacet
  facet normal -0.4451212883 -0.707220077515 0.549278438091
    outer loop
      vertex 97.1936187744 12.5864772797 78.3449554443
      vertex 98.4826049805 11.8602743149 78.097694397
      vertex 98.2666015625 11.7102384567 78.3501739502
    endloop
  endfacet
  facet normal -0.471150457859 -0.6637622118 0.580893218517
    outer loop
      vertex 97.1936187744 12.5864772797 78.3449554443
      vertex 98.2666015625 11.7102384567 78.3501739502
      vertex 96.9981384277 12.4167671204 78.632232666
    endloop
  endfacet
  facet normal -0.570320546627 -0.66935390234 0.4761300385
    outer loop
      vertex 96.02293396 13.4388332367 78.7361297607
      vertex 97.1936187744 12.5864772797 78.3449554443
      vertex 96.9981384277 12.4167671204 78.632232666
    endloop
  endfacet
  facet normal -0.590711891651 -0.633933544159 0.499187082052
    outer loop
      vertex 96.02293396 13.4388332367 78.7361297607
      vertex 96.9981384277 12.4167671204 78.632232666
      vertex 95.8430786133 13.2323589325 79.0663070679
    endloop
  endfacet
  facet normal -0.564701676369 -0.709010481834 0.422393381596
    outer loop
      vertex 95.8430786133 13.2323589325 79.0663070679
      vertex 96.9981384277 12.4167671204 78.632232666
      vertex 96.8641357422 12.2928962708 78.8127593994
    endloop
  endfacet
  facet normal -0.464407086372 -0.708936989307 0.530786573887
    outer loop
      vertex 96.9981384277 12.4167671204 78.632232666
      vertex 98.1189880371 11.6009969711 78.5087661743
      vertex 96.8641357422 12.2928962708 78.8127593994
    endloop
  endfacet
  facet normal -0.432413965464 -0.788174390793 0.437948942184
    outer loop
      vertex 96.8641357422 12.2928962708 78.8127593994
      vertex 98.1189880371 11.6009969711 78.5087661743
      vertex 97.861831665 11.3983192444 78.7624664307
    endloop
  endfacet
  facet normal -0.336084842682 -0.771842837334 0.539727389812
    outer loop
      vertex 98.1189880371 11.6009969711 78.5087661743
      vertex 99.1729431152 10.8281917572 78.5902404785
      vertex 97.861831665 11.3983192444 78.7624664307
    endloop
  endfacet
  facet normal -0.295624226332 -0.857652723789 0.420759052038
    outer loop
      vertex 97.861831665 11.3983192444 78.7624664307
      vertex 99.1729431152 10.8281917572 78.5902404785
      vertex 98.8694458008 10.6082305908 78.8027648926
    endloop
  endfacet
  facet normal -0.202787682414 -0.829006969929 0.521176159382
    outer loop
      vertex 99.1729431152 10.8281917572 78.5902404785
      vertex 100.202423096 10.1389417648 78.7717285156
      vertex 98.8694458008 10.6082305908 78.8027648926
    endloop
  endfacet
  facet normal -0.158420905471 -0.907088279724 0.389991879463
    outer loop
      vertex 98.8694458008 10.6082305908 78.8027648926
      vertex 100.202423096 10.1389417648 78.7717285156
      vertex 99.8498382568 9.89265823364 78.9391937256
    endloop
  endfacet
  facet normal -0.201614156365 -0.873660504818 0.442796856165
    outer loop
      vertex 98.8694458008 10.6082305908 78.8027648926
      vertex 99.8498382568 9.89265823364 78.9391937256
      vertex 98.5474090576 10.3606176376 79.0025787354
    endloop
  endfacet
  facet normal -0.160001128912 -0.93422794342 0.318775385618
    outer loop
      vertex 98.5474090576 10.3606176376 79.0025787354
      vertex 99.8498382568 9.89265823364 78.9391937256
      vertex 99.6075744629 9.71824073792 79.0401992798
    endloop
  endfacet
  facet normal -0.197388336062 -0.904217004776 0.378720849752
    outer loop
      vertex 98.5474090576 10.3606176376 79.0025787354
      vertex 99.6075744629 9.71824073792 79.0401992798
      vertex 98.3253173828 10.1814422607 79.1261062622
    endloop
  endfacet
  facet normal -0.15543396771 -0.954848051071 0.25319057703
    outer loop
      vertex 98.3253173828 10.1814422607 79.1261062622
      vertex 99.6075744629 9.71824073792 79.0401992798
      vertex 99.2258148193 9.43510150909 79.1774215698
    endloop
  endfacet
  facet normal -0.0747790932655 -0.933214187622 0.351453155279
    outer loop
      vertex 99.6075744629 9.71824073792 79.0401992798
      vertex 100.498138428 9.03151416779 79.2274627686
      vertex 99.2258148193 9.43510150909 79.1774215698
    endloop
  endfacet
  facet normal -0.0358098633587 -0.971726775169 0.233376741409
    outer loop
      vertex 99.2258148193 9.43510150909 79.1774215698
      vertex 100.498138428 9.03151416779 79.2274627686
      vertex 100.458175659 9.00346469879 79.2356719971
    endloop
  endfacet
  facet normal -0.0560423210263 -0.955693900585 0.288978308439
    outer loop
      vertex 99.2258148193 9.43510150909 79.1774215698
      vertex 100.458175659 9.00346469879 79.2356719971
      vertex 98.8387298584 9.13765144348 79.2900619507
    endloop
  endfacet
  facet normal -0.047558888793 -0.983350455761 0.17538523674
    outer loop
      vertex 98.8387298584 9.13765144348 79.2900619507
      vertex 100.458175659 9.00346469879 79.2356719971
      vertex 100.080993652 8.73701000214 79.3014373779
    endloop
  endfacet
  facet normal -0.0295042004436 -0.992376506329 0.119659461081
    outer loop
      vertex 98.8387298584 9.13765144348 79.2900619507
      vertex 100.080993652 8.73701000214 79.3014373779
      vertex 99.6627349854 8.43734169006 79.3500061035
    endloop
  endfacet
  facet normal -0.0781659707427 -0.981287717819 0.175967350602
    outer loop
      vertex 98.8387298584 9.13765144348 79.2900619507
      vertex 99.6627349854 8.43734169006 79.3500061035
      vertex 98.4490356445 8.82722568512 79.3767700195
    endloop
  endfacet
  facet normal -0.0339323505759 -0.998736381531 0.0370711795986
    outer loop
      vertex 98.4490356445 8.82722568512 79.3767700195
      vertex 99.6627349854 8.43734169006 79.3500061035
      vertex 99.3266601562 8.19265937805 79.3705062866
    endloop
  endfacet
  facet normal -0.0775940716267 -0.992204010487 0.097521148622
    outer loop
      vertex 98.4490356445 8.82722568512 79.3767700195
      vertex 99.3266601562 8.19265937805 79.3705062866
      vertex 98.1347503662 8.56839561462 79.4267883301
    endloop
  endfacet
  facet normal -0.0345803387463 -0.998605668545 -0.0398860685527
    outer loop
      vertex 98.1347503662 8.56839561462 79.4267883301
      vertex 99.3266601562 8.19265937805 79.3705062866
      vertex 98.9195251465 7.89048957825 79.3725357056
    endloop
  endfacet
  facet normal 0.000264184112893 -0.999974966049 0.00707154348493
    outer loop
      vertex 130.094284058 9.13819885254 79.3719482422
      vertex 98.9195251465 7.89048957825 79.3725357056
      vertex 99.3266601562 8.19265937805 79.3705062866
    endloop
  endfacet
  facet normal 0.00135020224843 -0.999099314213 0.0424116440117
    outer loop
      vertex 130.094284058 9.13819885254 79.3719482422
      vertex 99.3266601562 8.19265937805 79.3705062866
      vertex 130.072509766 9.67579269409 79.3490982056
    endloop
  endfacet
  facet normal 0.0798290371895 -0.996041297913 0.039103154093
    outer loop
      vertex 130.563262939 9.15561962128 79.4088516235
      vertex 130.094284058 9.13819885254 79.3719482422
      vertex 130.072509766 9.67579269409 79.3490982056
    endloop
  endfacet
  facet normal 0.0798100754619 -0.996042132378 0.0391211360693
    outer loop
      vertex 130.563262939 9.15561962128 79.4088516235
      vertex 130.072509766 9.67579269409 79.3490982056
      vertex 130.541244507 9.69946575165 79.3857269287
    endloop
  endfacet
  facet normal 0.0865952894092 -0.974563121796 0.20670735836
    outer loop
      vertex 130.541244507 9.69946575165 79.3857269287
      vertex 130.072509766 9.67579269409 79.3490982056
      vertex 130.051223755 10.2017889023 79.2356414795
    endloop
  endfacet
  facet normal 0.0866128504276 -0.974565088749 0.206690818071
    outer loop
      vertex 130.541244507 9.69946575165 79.3857269287
      vertex 130.051223755 10.2017889023 79.2356414795
      vertex 130.519699097 10.2315826416 79.2709579468
    endloop
  endfacet
  facet normal 0.0931545421481 -0.925049543381 0.368246644735
    outer loop
      vertex 130.519699097 10.2315826416 79.2709579468
      vertex 130.051223755 10.2017889023 79.2356414795
      vertex 130.030990601 10.7010641098 79.0348510742
    endloop
  endfacet
  facet normal 0.0931560322642 -0.925049901009 0.368245273829
    outer loop
      vertex 130.519699097 10.2315826416 79.2709579468
      vertex 130.030990601 10.7010641098 79.0348510742
      vertex 130.499237061 10.7366657257 79.0678329468
    endloop
  endfacet
  facet normal 0.0992645025253 -0.848922371864 0.519112050533
    outer loop
      vertex 130.499237061 10.7366657257 79.0678329468
      vertex 130.030990601 10.7010641098 79.0348510742
      vertex 130.012451172 11.1592540741 78.7525024414
    endloop
  endfacet
  facet normal 0.099275752902 -0.848926901817 0.51910251379
    outer loop
      vertex 130.499237061 10.7366657257 79.0678329468
      vertex 130.012451172 11.1592540741 78.7525024414
      vertex 130.48046875 11.2001876831 78.7822036743
    endloop
  endfacet
  facet normal 0.104775927961 -0.748371720314 0.654951691628
    outer loop
      vertex 130.48046875 11.2001876831 78.7822036743
      vertex 130.012451172 11.1592540741 78.7525024414
      vertex 129.99609375 11.5631752014 78.3967132568
    endloop
  endfacet
  facet normal 0.104774221778 -0.748370826244 0.654953062534
    outer loop
      vertex 130.48046875 11.2001876831 78.7822036743
      vertex 129.99609375 11.5631752014 78.3967132568
      vertex 130.463928223 11.6088027954 78.4222793579
    endloop
  endfacet
  facet normal 0.1095046103 -0.626296460629 0.771855890751
    outer loop
      vertex 130.463928223 11.6088027954 78.4222793579
      vertex 129.99609375 11.5631752014 78.3967132568
      vertex 129.982406616 11.9012031555 77.9777297974
    endloop
  endfacet
  facet normal 0.109496876597 -0.626291453838 0.77186101675
    outer loop
      vertex 130.463928223 11.6088027954 78.4222793579
      vertex 129.982406616 11.9012031555 77.9777297974
      vertex 130.450088501 11.9507665634 77.9984130859
    endloop
  endfacet
  facet normal 0.11332731694 -0.486207187176 0.866463780403
    outer loop
      vertex 130.450088501 11.9507665634 77.9984130859
      vertex 129.982406616 11.9012031555 77.9777297974
      vertex 129.971786499 12.1636228561 77.507598877
    endloop
  endfacet
  facet normal 0.113316401839 -0.486199140549 0.866469740868
    outer loop
      vertex 130.450088501 11.9507665634 77.9984130859
      vertex 129.971786499 12.1636228561 77.507598877
      vertex 130.439346313 12.2162342072 77.5228118896
    endloop
  endfacet
  facet normal 0.116133645177 -0.332122176886 0.936059713364
    outer loop
      vertex 130.439346313 12.2162342072 77.5228118896
      vertex 129.971786499 12.1636228561 77.507598877
      vertex 129.964523315 12.3428764343 76.9998474121
    endloop
  endfacet
  facet normal 0.116132393479 -0.332121163607 0.936060249805
    outer loop
      vertex 130.439346313 12.2162342072 77.5228118896
      vertex 129.964523315 12.3428764343 76.9998474121
      vertex 130.431991577 12.3975734711 77.009147644
    endloop
  endfacet
  facet normal 0.117858141661 -0.168477773666 0.978634119034
    outer loop
      vertex 130.431991577 12.3975734711 77.009147644
      vertex 129.964523315 12.3428764343 76.9998474121
      vertex 129.960845947 12.4338102341 76.4690704346
    endloop
  endfacet
  facet normal 0.117871843278 -0.168489485979 0.978630423546
    outer loop
      vertex 130.431991577 12.3975734711 77.009147644
      vertex 129.960845947 12.4338102341 76.4690704346
      vertex 130.428268433 12.489569664 76.4722061157
    endloop
  endfacet
  facet normal 0.118450924754 -1.84938791423e-17 0.992959916592
    outer loop
      vertex 130.428268433 12.489569664 76.4722061157
      vertex 129.960845947 12.4338102341 76.4690704346
      vertex 129.960845947 12.4338102341 75.930557251
    endloop
  endfacet
  facet normal 0.118450924754 0 0.992959916592
    outer loop
      vertex 130.428268433 12.489569664 76.4722061157
      vertex 129.960845947 12.4338102341 75.930557251
      vertex 130.428268433 12.489569664 75.9274215698
    endloop
  endfacet
  facet normal 0.117872014642 0.16847756505 0.978632450104
    outer loop
      vertex 130.428268433 12.489569664 75.9274215698
      vertex 129.960845947 12.4338102341 75.930557251
      vertex 129.964523315 12.3428764343 75.3997802734
    endloop
  endfacet
  facet normal 0.117860838771 0.168487295508 0.978632152081
    outer loop
      vertex 130.428268433 12.489569664 75.9274215698
      vertex 129.964523315 12.3428764343 75.3997802734
      vertex 130.431991577 12.3975734711 75.3904724121
    endloop
  endfacet
  facet normal 0.0398744009435 0.168995797634 0.984809875488
    outer loop
      vertex 129.960845947 12.4338102341 75.930557251
      vertex 103.966995239 11.3813009262 75.9303665161
      vertex 129.964523315 12.3428764343 75.3997802734
    endloop
  endfacet
  facet normal 0.0387144759297 0.0940269306302 0.994816601276
    outer loop
      vertex 129.964523315 12.3428764343 75.3997802734
      vertex 103.966995239 11.3813009262 75.9303665161
      vertex 103.960571289 11.3756332397 75.873046875
    endloop
  endfacet
  facet normal 0.0391343310475 0.1238033548 0.991534769535
    outer loop
      vertex 129.964523315 12.3428764343 75.3997802734
      vertex 103.960571289 11.3756332397 75.873046875
      vertex 103.939758301 11.3584060669 75.7416534424
    endloop
  endfacet
  facet normal 0.0395812019706 0.185981094837 0.98175573349
    outer loop
      vertex 103.939758301 11.3584060669 75.7416534424
      vertex 103.872238159 11.3058156967 75.4784088135
      vertex 129.964523315 12.3428764343 75.3997802734
    endloop
  endfacet
  facet normal 0.0392775684595 0.239750385284 0.970039725304
    outer loop
      vertex 129.964523315 12.3428764343 75.3997802734
      vertex 103.872238159 11.3058156967 75.4784088135
      vertex 103.84475708 11.2849731445 75.3985824585
    endloop
  endfacet
  facet normal -0.0370867811143 0.264389306307 0.96370267868
    outer loop
      vertex 102.299255371 11.3913478851 75.5695266724
      vertex 103.84475708 11.2849731445 75.3985824585
      vertex 103.872238159 11.3058156967 75.4784088135
    endloop
  endfacet
  facet normal -0.0412362106144 0.205899715424 0.977703869343
    outer loop
      vertex 102.299255371 11.3913478851 75.5695266724
      vertex 103.872238159 11.3058156967 75.4784088135
      vertex 103.939758301 11.3584060669 75.7416534424
    endloop
  endfacet
  facet normal -0.0379931554198 0.17377589643 0.984052062035
    outer loop
      vertex 102.299255371 11.3913478851 75.5695266724
      vertex 103.939758301 11.3584060669 75.7416534424
      vertex 102.359542847 11.4291410446 75.7967224121
    endloop
  endfacet
  facet normal -0.197524383664 0.211640119553 0.957179486752
    outer loop
      vertex 100.755645752 11.7170257568 75.6018066406
      vertex 102.299255371 11.3913478851 75.5695266724
      vertex 102.359542847 11.4291410446 75.7967224121
    endloop
  endfacet
  facet normal -0.194884106517 0.179437100887 0.964273035526
    outer loop
      vertex 100.755645752 11.7170257568 75.6018066406
      vertex 102.359542847 11.4291410446 75.7967224121
      vertex 100.808898926 11.7457962036 75.8142547607
    endloop
  endfacet
  facet normal -0.348950058222 0.211120471358 0.913050949574
    outer loop
      vertex 99.279800415 12.2747364044 75.5744400024
      vertex 100.755645752 11.7170257568 75.6018066406
      vertex 100.808898926 11.7457962036 75.8142547607
    endloop
  endfacet
  facet normal -0.346806377172 0.18179397285 0.920150160789
    outer loop
      vertex 99.279800415 12.2747364044 75.5744400024
      vertex 100.808898926 11.7457962036 75.8142547607
      vertex 99.3266448975 12.3004255295 75.7938308716
    endloop
  endfacet
  facet normal -0.491771966219 0.204118832946 0.84646075964
    outer loop
      vertex 97.9085083008 13.0506038666 75.4881057739
      vertex 99.279800415 12.2747364044 75.5744400024
      vertex 99.3266448975 12.3004255295 75.7938308716
    endloop
  endfacet
  facet normal -0.490008711815 0.18013073504 0.852903485298
    outer loop
      vertex 97.9085083008 13.0506038666 75.4881057739
      vertex 99.3266448975 12.3004255295 75.7938308716
      vertex 97.9499359131 13.0791463852 75.7359466553
    endloop
  endfacet
  facet normal -0.492152452469 0.134137749672 0.860112249851
    outer loop
      vertex 97.9499359131 13.0791463852 75.7359466553
      vertex 99.3266448975 12.3004255295 75.7938308716
      vertex 99.341003418 12.3089542389 75.9012069702
    endloop
  endfacet
  facet normal -0.491716951132 0.118849009275 0.862606167793
    outer loop
      vertex 97.9499359131 13.0791463852 75.7359466553
      vertex 99.341003418 12.3089542389 75.9012069702
      vertex 97.962600708 13.0886268616 75.8571548462
    endloop
  endfacet
  facet normal -0.623249828815 0.125497102737 0.771887362003
    outer loop
      vertex 96.7132263184 14.0624456406 75.6420593262
      vertex 97.9499359131 13.0791463852 75.7359466553
      vertex 97.962600708 13.0886268616 75.8571548462
    endloop
  endfacet
  facet normal -0.622893631458 0.114190839231 0.773927628994
    outer loop
      vertex 96.7132263184 14.0624456406 75.6420593262
      vertex 97.962600708 13.0886268616 75.8571548462
      vertex 96.7246246338 14.0747566223 75.7876739502
    endloop
  endfacet
  facet normal -0.62399572134 0.0584720745683 0.779237031937
    outer loop
      vertex 96.7246246338 14.0747566223 75.7876739502
      vertex 97.962600708 13.0886268616 75.8571548462
      vertex 97.9725646973 13.0990514755 76.1024398804
    endloop
  endfacet
  facet normal -0.62344789505 0.0539257414639 0.780003011227
    outer loop
      vertex 96.7246246338 14.0747566223 75.7876739502
      vertex 97.9725646973 13.0990514755 76.1024398804
      vertex 96.7335510254 14.0880184174 76.0827102661
    endloop
  endfacet
  facet normal -0.62320035696 -0.0320024304092 0.781407177448
    outer loop
      vertex 96.7335510254 14.0880184174 76.0827102661
      vertex 97.9725646973 13.0990514755 76.1024398804
      vertex 97.9615020752 13.0978832245 76.3463897705
    endloop
  endfacet
  facet normal -0.62391769886 -0.0271955002099 0.78101670742
    outer loop
      vertex 96.7335510254 14.0880184174 76.0827102661
      vertex 97.9615020752 13.0978832245 76.3463897705
      vertex 96.7235412598 14.0857954025 76.3761520386
    endloop
  endfacet
  facet normal -0.620936691761 -0.121081449091 0.77445268631
    outer loop
      vertex 96.7235412598 14.0857954025 76.3761520386
      vertex 97.9615020752 13.0978832245 76.3463897705
      vertex 97.9296112061 13.0848331451 76.5933990479
    endloop
  endfacet
  facet normal -0.623418867588 -0.107407428324 0.774475693703
    outer loop
      vertex 96.7235412598 14.0857954025 76.3761520386
      vertex 97.9296112061 13.0848331451 76.5933990479
      vertex 96.6947479248 14.0678348541 76.6727828979
    endloop
  endfacet
  facet normal -0.618183553219 -0.198579117656 0.760536313057
    outer loop
      vertex 96.6947479248 14.0678348541 76.6727828979
      vertex 97.9296112061 13.0848331451 76.5933990479
      vertex 97.8902435303 13.0658092499 76.7888183594
    endloop
  endfacet
  facet normal -0.621930539608 -0.17785641551 0.762607038021
    outer loop
      vertex 96.6947479248 14.0678348541 76.6727828979
      vertex 97.8902435303 13.0658092499 76.7888183594
      vertex 96.6591186523 14.0423183441 76.906791687
    endloop
  endfacet
  facet normal -0.613569378853 -0.274512767792 0.740388631821
    outer loop
      vertex 96.6591186523 14.0423183441 76.906791687
      vertex 97.8902435303 13.0658092499 76.7888183594
      vertex 97.8194732666 13.0280838013 77.0487442017
    endloop
  endfacet
  facet normal -0.491286188364 -0.254652291536 0.832940638065
    outer loop
      vertex 97.8902435303 13.0658092499 76.7888183594
      vertex 99.1797790527 12.2541179657 76.955947876
      vertex 97.8194732666 13.0280838013 77.0487442017
    endloop
  endfacet
  facet normal -0.477431625128 -0.37632381916 0.794002175331
    outer loop
      vertex 97.8194732666 13.0280838013 77.0487442017
      vertex 99.1797790527 12.2541179657 76.955947876
      vertex 99.0764923096 12.2058544159 77.1888122559
    endloop
  endfacet
  facet normal -0.350030034781 -0.336445212364 0.87423312664
    outer loop
      vertex 99.1797790527 12.2541179657 76.955947876
      vertex 100.525939941 11.6360092163 77.1615524292
      vertex 99.0764923096 12.2058544159 77.1888122559
    endloop
  endfacet
  facet normal -0.330641120672 -0.469756066799 0.818538725376
    outer loop
      vertex 99.0764923096 12.2058544159 77.1888122559
      vertex 100.525939941 11.6360092163 77.1615524292
      vertex 100.383087158 11.5658168793 77.3844070435
    endloop
  endfacet
  facet normal -0.349201887846 -0.415553450584 0.839865088463
    outer loop
      vertex 99.0764923096 12.2058544159 77.1888122559
      vertex 100.383087158 11.5658168793 77.3844070435
      vertex 98.9494781494 12.141084671 77.4264526367
    endloop
  endfacet
  facet normal -0.32768419385 -0.536956012249 0.777368187904
    outer loop
      vertex 98.9494781494 12.141084671 77.4264526367
      vertex 100.383087158 11.5658168793 77.3844070435
      vertex 100.267425537 11.5059604645 77.5416488647
    endloop
  endfacet
  facet normal -0.346537232399 -0.479695320129 0.806104421616
    outer loop
      vertex 98.9494781494 12.141084671 77.4264526367
      vertex 100.267425537 11.5059604645 77.5416488647
      vertex 98.8464050293 12.0846090317 77.5958175659
    endloop
  endfacet
  facet normal -0.321400910616 -0.59928971529 0.7331802845
    outer loop
      vertex 98.8464050293 12.0846090317 77.5958175659
      vertex 100.267425537 11.5059604645 77.5416488647
      vertex 100.076416016 11.4017095566 77.7716293335
    endloop
  endfacet
  facet normal -0.346713036299 -0.543552398682 0.76442193985
    outer loop
      vertex 98.8464050293 12.0846090317 77.5958175659
      vertex 100.076416016 11.4017095566 77.7716293335
      vertex 98.6757507324 11.9840240479 77.8461303711
    endloop
  endfacet
  facet normal -0.315790712833 -0.667666912079 0.674163997173
    outer loop
      vertex 98.6757507324 11.9840240479 77.8461303711
      vertex 100.076416016 11.4017095566 77.7716293335
      vertex 99.8609161377 11.2765598297 77.9999237061
    endloop
  endfacet
  facet normal -0.344378292561 -0.613841235638 0.710353791714
    outer loop
      vertex 98.6757507324 11.9840240479 77.8461303711
      vertex 99.8609161377 11.2765598297 77.9999237061
      vertex 98.4826049805 11.8602743149 78.097694397
    endloop
  endfacet
  facet normal -0.310152947903 -0.728967726231 0.61025506258
    outer loop
      vertex 98.4826049805 11.8602743149 78.097694397
      vertex 99.8609161377 11.2765598297 77.9999237061
      vertex 99.6207427979 11.1282348633 78.2262802124
    endloop
  endfacet
  facet normal -0.341560214758 -0.678618371487 0.650241315365
    outer loop
      vertex 98.4826049805 11.8602743149 78.097694397
      vertex 99.6207427979 11.1282348633 78.2262802124
      vertex 98.2666015625 11.7102384567 78.3501739502
    endloop
  endfacet
  facet normal -0.308221817017 -0.77461796999 0.552237570286
    outer loop
      vertex 98.2666015625 11.7102384567 78.3501739502
      vertex 99.6207427979 11.1282348633 78.2262802124
      vertex 99.4570922852 11.0220508575 78.3670959473
    endloop
  endfacet
  facet normal -0.33633556962 -0.726129114628 0.599678993225
    outer loop
      vertex 98.2666015625 11.7102384567 78.3501739502
      vertex 99.4570922852 11.0220508575 78.3670959473
      vertex 98.1189880371 11.6009969711 78.5087661743
    endloop
  endfacet
  facet normal -0.441212803125 -0.75005531311 0.492694973946
    outer loop
      vertex 96.9981384277 12.4167671204 78.632232666
      vertex 98.2666015625 11.7102384567 78.3501739502
      vertex 98.1189880371 11.6009969711 78.5087661743
    endloop
  endfacet
  facet normal -0.300933599472 -0.814344108105 0.496268689632
    outer loop
      vertex 98.1189880371 11.6009969711 78.5087661743
      vertex 99.4570922852 11.0220508575 78.3670959473
      vertex 99.1729431152 10.8281917572 78.5902404785
    endloop
  endfacet
  facet normal -0.20380602777 -0.776978492737 0.595623612404
    outer loop
      vertex 99.4570922852 11.0220508575 78.3670959473
      vertex 100.536117554 10.3639907837 78.5885238647
      vertex 99.1729431152 10.8281917572 78.5902404785
    endloop
  endfacet
  facet normal -0.160722613335 -0.868577301502 0.468766152859
    outer loop
      vertex 99.1729431152 10.8281917572 78.5902404785
      vertex 100.536117554 10.3639907837 78.5885238647
      vertex 100.202423096 10.1389417648 78.7717285156
    endloop
  endfacet
  facet normal -0.0693491324782 -0.821521580219 0.565944373608
    outer loop
      vertex 100.536117554 10.3639907837 78.5885238647
      vertex 101.558303833 9.76574230194 78.9143676758
      vertex 100.202423096 10.1389417648 78.7717285156
    endloop
  endfacet
  facet normal -0.0245974119753 -0.90075135231 0.433638006449
    outer loop
      vertex 100.202423096 10.1389417648 78.7717285156
      vertex 101.558303833 9.76574230194 78.9143676758
      vertex 101.221466064 9.53420066833 79.0350341797
    endloop
  endfacet
  facet normal -0.0680835023522 -0.867644608021 0.492501199245
    outer loop
      vertex 100.202423096 10.1389417648 78.7717285156
      vertex 101.221466064 9.53420066833 79.0350341797
      vertex 99.8498382568 9.89265823364 78.9391937256
    endloop
  endfacet
  facet normal -0.0350613705814 -0.923840761185 0.381167858839
    outer loop
      vertex 99.8498382568 9.89265823364 78.9391937256
      vertex 101.221466064 9.53420066833 79.0350341797
      vertex 101.17427063 9.50165176392 79.0502548218
    endloop
  endfacet
  facet normal -0.0276826433837 -0.933011829853 0.358779251575
    outer loop
      vertex 99.8498382568 9.89265823364 78.9391937256
      vertex 101.17427063 9.50165176392 79.0502548218
      vertex 100.911224365 9.31967449188 79.128036499
    endloop
  endfacet
  facet normal -0.0694432929158 -0.902081370354 0.42594230175
    outer loop
      vertex 99.8498382568 9.89265823364 78.9391937256
      vertex 100.911224365 9.31967449188 79.128036499
      vertex 99.6075744629 9.71824073792 79.0401992798
    endloop
  endfacet
  facet normal -0.0253220740706 -0.955644309521 0.293432593346
    outer loop
      vertex 99.6075744629 9.71824073792 79.0401992798
      vertex 100.911224365 9.31967449188 79.128036499
      vertex 100.498138428 9.03151416779 79.2274627686
    endloop
  endfacet
  facet normal 0.0138761680573 -0.93892043829 0.343854486942
    outer loop
      vertex 100.498138428 9.03151416779 79.2274627686
      vertex 100.911224365 9.31967449188 79.128036499
      vertex 130.051223755 10.2017889023 79.2356414795
    endloop
  endfacet
  facet normal 0.0120090609416 -0.954928696156 0.296592324972
    outer loop
      vertex 130.051223755 10.2017889023 79.2356414795
      vertex 100.458175659 9.00346469879 79.2356719971
      vertex 100.498138428 9.03151416779 79.2274627686
    endloop
  endfacet
  facet normal 0.0102548412979 -0.967340886593 0.25327154994
    outer loop
      vertex 130.051223755 10.2017889023 79.2356414795
      vertex 100.080993652 8.73701000214 79.3014373779
      vertex 100.458175659 9.00346469879 79.2356719971
    endloop
  endfacet
  facet normal 0.00814332719892 -0.977554023266 0.21052749455
    outer loop
      vertex 130.072509766 9.67579269409 79.3490982056
      vertex 100.080993652 8.73701000214 79.3014373779
      vertex 130.051223755 10.2017889023 79.2356414795
    endloop
  endfacet
  facet normal 0.00686597917229 -0.985538184643 0.169314429164
    outer loop
      vertex 130.072509766 9.67579269409 79.3490982056
      vertex 99.6627349854 8.43734169006 79.3500061035
      vertex 100.080993652 8.73701000214 79.3014373779
    endloop
  endfacet
  facet normal 0.00356864719652 -0.996082484722 0.0883572027087
    outer loop
      vertex 130.072509766 9.67579269409 79.3490982056
      vertex 99.3266601562 8.19265937805 79.3705062866
      vertex 99.6627349854 8.43734169006 79.3500061035
    endloop
  endfacet
  facet normal 0.0158434528857 -0.910929977894 0.41225668788
    outer loop
      vertex 130.051223755 10.2017889023 79.2356414795
      vertex 100.911224365 9.31967449188 79.128036499
      vertex 101.17427063 9.50165176392 79.0502548218
    endloop
  endfacet
  facet normal 0.0149897616357 -0.927888631821 0.372556000948
    outer loop
      vertex 130.051223755 10.2017889023 79.2356414795
      vertex 101.17427063 9.50165176392 79.0502548218
      vertex 130.030990601 10.7010641098 79.0348510742
    endloop
  endfacet
  facet normal 0.0180114656687 -0.895429670811 0.44483846426
    outer loop
      vertex 130.030990601 10.7010641098 79.0348510742
      vertex 101.17427063 9.50165176392 79.0502548218
      vertex 101.221466064 9.53420066833 79.0350341797
    endloop
  endfacet
  facet normal 0.0196119677275 -0.874653816223 0.48435112834
    outer loop
      vertex 130.030990601 10.7010641098 79.0348510742
      vertex 101.221466064 9.53420066833 79.0350341797
      vertex 101.558303833 9.76574230194 78.9143676758
    endloop
  endfacet
  facet normal 0.0208130534738 -0.851529836655 0.523892819881
    outer loop
      vertex 130.030990601 10.7010641098 79.0348510742
      vertex 101.558303833 9.76574230194 78.9143676758
      vertex 130.012451172 11.1592540741 78.7525024414
    endloop
  endfacet
  facet normal 0.0224869810045 -0.831080436707 0.555697500706
    outer loop
      vertex 130.012451172 11.1592540741 78.7525024414
      vertex 101.558303833 9.76574230194 78.9143676758
      vertex 101.923065186 10.0153369904 78.7573471069
    endloop
  endfacet
  facet normal 0.0254169683903 -0.778265357018 0.627420902252
    outer loop
      vertex 130.012451172 11.1592540741 78.7525024414
      vertex 101.923065186 10.0153369904 78.7573471069
      vertex 102.267074585 10.2500219345 78.5793838501
    endloop
  endfacet
  facet normal 0.0268896967173 -0.731551349163 0.681255877018
    outer loop
      vertex 102.466278076 10.3857145309 78.4603424072
      vertex 130.012451172 11.1592540741 78.7525024414
      vertex 102.267074585 10.2500219345 78.5793838501
    endloop
  endfacet
  facet normal -0.0263964924961 -0.770353496075 0.637070417404
    outer loop
      vertex 101.030929565 10.6834831238 78.2632751465
      vertex 102.466278076 10.3857145309 78.4603424072
      vertex 102.267074585 10.2500219345 78.5793838501
    endloop
  endfacet
  facet normal -0.0613254234195 -0.715066194534 0.696361660957
    outer loop
      vertex 101.030929565 10.6834831238 78.2632751465
      vertex 102.267074585 10.2500219345 78.5793838501
      vertex 100.849746704 10.5684804916 78.3908081055
    endloop
  endfacet
  facet normal -0.16890847683 -0.781526565552 0.600571513176
    outer loop
      vertex 99.6207427979 11.1282348633 78.2262802124
      vertex 101.030929565 10.6834831238 78.2632751465
      vertex 100.849746704 10.5684804916 78.3908081055
    endloop
  endfacet
  facet normal -0.201084837317 -0.727956354618 0.655472636223
    outer loop
      vertex 99.6207427979 11.1282348633 78.2262802124
      vertex 100.849746704 10.5684804916 78.3908081055
      vertex 99.4570922852 11.0220508575 78.3670959473
    endloop
  endfacet
  facet normal -0.163397565484 -0.822557330132 0.544702351093
    outer loop
      vertex 99.4570922852 11.0220508575 78.3670959473
      vertex 100.849746704 10.5684804916 78.3908081055
      vertex 100.536117554 10.3639907837 78.5885238647
    endloop
  endfacet
  facet normal -0.0671462789178 -0.766776680946 0.638392448425
    outer loop
      vertex 100.849746704 10.5684804916 78.3908081055
      vertex 101.923065186 10.0153369904 78.7573471069
      vertex 100.536117554 10.3639907837 78.5885238647
    endloop
  endfacet
  facet normal -0.0229335781187 -0.860976696014 0.508127093315
    outer loop
      vertex 100.536117554 10.3639907837 78.5885238647
      vertex 101.923065186 10.0153369904 78.7573471069
      vertex 101.558303833 9.76574230194 78.9143676758
    endloop
  endfacet
  facet normal -0.0228158291429 -0.812423288822 0.582621514797
    outer loop
      vertex 100.849746704 10.5684804916 78.3908081055
      vertex 102.267074585 10.2500219345 78.5793838501
      vertex 101.923065186 10.0153369904 78.7573471069
    endloop
  endfacet
  facet normal -0.204546049237 -0.679025709629 0.705042541027
    outer loop
      vertex 99.8609161377 11.2765598297 77.9999237061
      vertex 101.030929565 10.6834831238 78.2632751465
      vertex 99.6207427979 11.1282348633 78.2262802124
    endloop
  endfacet
  facet normal -0.168698251247 -0.733442187309 0.658485710621
    outer loop
      vertex 99.8609161377 11.2765598297 77.9999237061
      vertex 101.297515869 10.8484687805 78.0538330078
      vertex 101.030929565 10.6834831238 78.2632751465
    endloop
  endfacet
  facet normal -0.05547067523 -0.660466730595 0.748803496361
    outer loop
      vertex 101.297515869 10.8484687805 78.0538330078
      vertex 102.562713623 10.4513578415 78.3977966309
      vertex 101.030929565 10.6834831238 78.2632751465
    endloop
  endfacet
  facet normal -0.03462953493 -0.748464524746 0.662270069122
    outer loop
      vertex 101.030929565 10.6834831238 78.2632751465
      vertex 102.562713623 10.4513578415 78.3977966309
      vertex 102.466278076 10.3857145309 78.4603424072
    endloop
  endfacet
  facet normal 0.0288033597171 -0.702208220959 0.711388766766
    outer loop
      vertex 102.562713623 10.4513578415 78.3977966309
      vertex 129.99609375 11.5631752014 78.3967132568
      vertex 102.466278076 10.3857145309 78.4603424072
    endloop
  endfacet
  facet normal 0.0264996662736 -0.750669956207 0.660145699978
    outer loop
      vertex 102.466278076 10.3857145309 78.4603424072
      vertex 129.99609375 11.5631752014 78.3967132568
      vertex 130.012451172 11.1592540741 78.7525024414
    endloop
  endfacet
  facet normal 0.0300133675337 -0.670597374439 0.741214156151
    outer loop
      vertex 102.562713623 10.4513578415 78.3977966309
      vertex 102.760101318 10.5856323242 78.2582168579
      vertex 129.99609375 11.5631752014 78.3967132568
    endloop
  endfacet
  facet normal 0.0314048193395 -0.615066111088 0.787849843502
    outer loop
      vertex 129.99609375 11.5631752014 78.3967132568
      vertex 102.760101318 10.5856323242 78.2582168579
      vertex 103.025268555 10.7657690048 78.041015625
    endloop
  endfacet
  facet normal 0.0312695577741 -0.628219425678 0.777407586575
    outer loop
      vertex 129.99609375 11.5631752014 78.3967132568
      vertex 103.025268555 10.7657690048 78.041015625
      vertex 129.982406616 11.9012031555 77.9777297974
    endloop
  endfacet
  facet normal 0.0332345142961 -0.570210874081 0.820825815201
    outer loop
      vertex 129.982406616 11.9012031555 77.9777297974
      vertex 103.025268555 10.7657690048 78.041015625
      vertex 103.092773438 10.8115644455 77.9790267944
    endloop
  endfacet
  facet normal 0.034211397171 -0.533845663071 0.844889581203
    outer loop
      vertex 129.982406616 11.9012031555 77.9777297974
      vertex 103.092773438 10.8115644455 77.9790267944
      vertex 103.261550903 10.9259138107 77.8088684082
    endloop
  endfacet
  facet normal 0.0350118950009 -0.481132805347 0.875948309898
    outer loop
      vertex 103.405227661 11.0229740143 77.642616272
      vertex 129.982406616 11.9012031555 77.9777297974
      vertex 103.261550903 10.9259138107 77.8088684082
    endloop
  endfacet
  facet normal -0.0297219287604 -0.52299040556 0.851820230484
    outer loop
      vertex 101.880249023 11.1901226044 77.4570388794
      vertex 103.405227661 11.0229740143 77.642616272
      vertex 103.261550903 10.9259138107 77.8088684082
    endloop
  endfacet
  facet normal -0.0523187331855 -0.460161298513 0.886292457581
    outer loop
      vertex 101.880249023 11.1901226044 77.4570388794
      vertex 103.261550903 10.9259138107 77.8088684082
      vertex 101.750793457 11.1166715622 77.6132278442
    endloop
  endfacet
  facet normal -0.180680096149 -0.537200093269 0.823875427246
    outer loop
      vertex 100.383087158 11.5658168793 77.3844070435
      vertex 101.880249023 11.1901226044 77.4570388794
      vertex 101.750793457 11.1166715622 77.6132278442
    endloop
  endfacet
  facet normal -0.201924666762 -0.474648267031 0.85670030117
    outer loop
      vertex 100.383087158 11.5658168793 77.3844070435
      vertex 101.750793457 11.1166715622 77.6132278442
      vertex 100.267425537 11.5059604645 77.5416488647
    endloop
  endfacet
  facet normal -0.175783410668 -0.600325345993 0.780198454857
    outer loop
      vertex 100.267425537 11.5059604645 77.5416488647
      vertex 101.750793457 11.1166715622 77.6132278442
      vertex 101.537490845 10.9924793243 77.8370895386
    endloop
  endfacet
  facet normal -0.204494208097 -0.539952337742 0.816476345062
    outer loop
      vertex 100.267425537 11.5059604645 77.5416488647
      vertex 101.537490845 10.9924793243 77.8370895386
      vertex 100.076416016 11.4017095566 77.7716293335
    endloop
  endfacet
  facet normal -0.172162443399 -0.670254945755 0.721885323524
    outer loop
      vertex 100.076416016 11.4017095566 77.7716293335
      vertex 101.537490845 10.9924793243 77.8370895386
      vertex 101.297515869 10.8484687805 78.0538330078
    endloop
  endfacet
  facet normal -0.204675719142 -0.611985445023 0.76392519474
    outer loop
      vertex 100.076416016 11.4017095566 77.7716293335
      vertex 101.297515869 10.8484687805 78.0538330078
      vertex 99.8609161377 11.2765598297 77.9999237061
    endloop
  endfacet
  facet normal -0.0601334869862 -0.597742319107 0.799429833889
    outer loop
      vertex 101.537490845 10.9924793243 77.8370895386
      vertex 102.760101318 10.5856323242 78.2582168579
      vertex 101.297515869 10.8484687805 78.0538330078
    endloop
  endfacet
  facet normal -0.0265175942332 -0.712256968021 0.70141774416
    outer loop
      vertex 101.297515869 10.8484687805 78.0538330078
      vertex 102.760101318 10.5856323242 78.2582168579
      vertex 102.562713623 10.4513578415 78.3977966309
    endloop
  endfacet
  facet normal -0.0250085443258 -0.65608805418 0.754269838333
    outer loop
      vertex 101.537490845 10.9924793243 77.8370895386
      vertex 103.025268555 10.7657690048 78.041015625
      vertex 102.760101318 10.5856323242 78.2582168579
    endloop
  endfacet
  facet normal -0.0349297262728 -0.618168771267 0.785268902779
    outer loop
      vertex 101.537490845 10.9924793243 77.8370895386
      vertex 103.092773438 10.8115644455 77.9790267944
      vertex 103.025268555 10.7657690048 78.041015625
    endloop
  endfacet
  facet normal -0.0514736548066 -0.521532833576 0.851677119732
    outer loop
      vertex 101.750793457 11.1166715622 77.6132278442
      vertex 103.092773438 10.8115644455 77.9790267944
      vertex 101.537490845 10.9924793243 77.8370895386
    endloop
  endfacet
  facet normal -0.0283898115158 -0.576792418957 0.816397309303
    outer loop
      vertex 101.750793457 11.1166715622 77.6132278442
      vertex 103.261550903 10.9259138107 77.8088684082
      vertex 103.092773438 10.8115644455 77.9790267944
    endloop
  endfacet
  facet normal -0.203190684319 -0.410266339779 0.889041662216
    outer loop
      vertex 100.525939941 11.6360092163 77.1615524292
      vertex 101.880249023 11.1901226044 77.4570388794
      vertex 100.383087158 11.5658168793 77.3844070435
    endloop
  endfacet
  facet normal -0.182207375765 -0.468973636627 0.864213049412
    outer loop
      vertex 100.525939941 11.6360092163 77.1615524292
      vertex 102.040481567 11.2787361145 77.2314910889
      vertex 101.880249023 11.1901226044 77.4570388794
    endloop
  endfacet
  facet normal -0.0432640425861 -0.391804724932 0.919030606747
    outer loop
      vertex 102.040481567 11.2787361145 77.2314910889
      vertex 103.506668091 11.0912742615 77.5093078613
      vertex 101.880249023 11.1901226044 77.4570388794
    endloop
  endfacet
  facet normal -0.0379477217793 -0.478375971317 0.877334833145
    outer loop
      vertex 101.880249023 11.1901226044 77.4570388794
      vertex 103.506668091 11.0912742615 77.5093078613
      vertex 103.405227661 11.0229740143 77.642616272
    endloop
  endfacet
  facet normal 0.0364548936486 -0.433569192886 0.900382578373
    outer loop
      vertex 103.506668091 11.0912742615 77.5093078613
      vertex 129.971786499 12.1636228561 77.507598877
      vertex 103.405227661 11.0229740143 77.642616272
    endloop
  endfacet
  facet normal 0.034974489361 -0.48770019412 0.872310340405
    outer loop
      vertex 103.405227661 11.0229740143 77.642616272
      vertex 129.971786499 12.1636228561 77.507598877
      vertex 129.982406616 11.9012031555 77.9777297974
    endloop
  endfacet
  facet normal 0.0371718294919 -0.394800812006 0.918014466763
    outer loop
      vertex 103.506668091 11.0912742615 77.5093078613
      vertex 103.583358765 11.142706871 77.3969345093
      vertex 129.971786499 12.1636228561 77.507598877
    endloop
  endfacet
  facet normal 0.037804454565 -0.337453693151 0.940582692623
    outer loop
      vertex 129.971786499 12.1636228561 77.507598877
      vertex 103.583358765 11.142706871 77.3969345093
      vertex 103.729293823 11.2398033142 77.1426467896
    endloop
  endfacet
  facet normal 0.0377985648811 -0.333140820265 0.942119121552
    outer loop
      vertex 129.971786499 12.1636228561 77.507598877
      vertex 103.729293823 11.2398033142 77.1426467896
      vertex 129.964523315 12.3428764343 76.9998474121
    endloop
  endfacet
  facet normal 0.0388984084129 -0.274774223566 0.960721611977
    outer loop
      vertex 129.964523315 12.3428764343 76.9998474121
      vertex 103.729293823 11.2398033142 77.1426467896
      vertex 103.794830322 11.282866478 77.0013580322
    endloop
  endfacet
  facet normal 0.039341211319 -0.233358517289 0.971594631672
    outer loop
      vertex 129.964523315 12.3428764343 76.9998474121
      vertex 103.794830322 11.282866478 77.0013580322
      vertex 103.842773438 11.3139858246 76.8798751831
    endloop
  endfacet
  facet normal 0.0395345911384 -0.182154998183 0.98247474432
    outer loop
      vertex 103.906600952 11.3544902802 76.6752624512
      vertex 129.964523315 12.3428764343 76.9998474121
      vertex 103.842773438 11.3139858246 76.8798751831
    endloop
  endfacet
  facet normal -0.0359367281199 -0.204838365316 0.978135883808
    outer loop
      vertex 102.330078125 11.4292373657 76.5949172974
      vertex 103.906600952 11.3544902802 76.6752624512
      vertex 103.842773438 11.3139858246 76.8798751831
    endloop
  endfacet
  facet normal -0.0431367978454 -0.169243350625 0.984629809856
    outer loop
      vertex 102.330078125 11.4292373657 76.5949172974
      vertex 103.842773438 11.3139858246 76.8798751831
      vertex 102.27305603 11.4012289047 76.7723999023
    endloop
  endfacet
  facet normal -0.192260801792 -0.212946742773 0.957961082458
    outer loop
      vertex 100.782913208 11.7488508224 76.5539779663
      vertex 102.330078125 11.4292373657 76.5949172974
      vertex 102.27305603 11.4012289047 76.7723999023
    endloop
  endfacet
  facet normal -0.198951661587 -0.176798686385 0.963929712772
    outer loop
      vertex 100.782913208 11.7488508224 76.5539779663
      vertex 102.27305603 11.4012289047 76.7723999023
      vertex 100.732513428 11.7286596298 76.7207794189
    endloop
  endfacet
  facet normal -0.343869954348 -0.214564919472 0.914174675941
    outer loop
      vertex 99.3037872314 12.30534935 76.5534667969
      vertex 100.782913208 11.7488508224 76.5539779663
      vertex 100.732513428 11.7286596298 76.7207794189
    endloop
  endfacet
  facet normal -0.349759340286 -0.181330531836 0.919123291969
    outer loop
      vertex 99.3037872314 12.30534935 76.5534667969
      vertex 100.732513428 11.7286596298 76.7207794189
      vertex 99.2593688965 12.2881526947 76.7263031006
    endloop
  endfacet
  facet normal -0.487037211657 -0.209519267082 0.847877621651
    outer loop
      vertex 97.9296112061 13.0848331451 76.5933990479
      vertex 99.3037872314 12.30534935 76.5534667969
      vertex 99.2593688965 12.2881526947 76.7263031006
    endloop
  endfacet
  facet normal -0.491908282042 -0.181986182928 0.851414859295
    outer loop
      vertex 97.9296112061 13.0848331451 76.5933990479
      vertex 99.2593688965 12.2881526947 76.7263031006
      vertex 97.8902435303 13.0658092499 76.7888183594
    endloop
  endfacet
  facet normal -0.482665389776 -0.289776086807 0.826476812363
    outer loop
      vertex 97.8902435303 13.0658092499 76.7888183594
      vertex 99.2593688965 12.2881526947 76.7263031006
      vertex 99.1797790527 12.2541179657 76.955947876
    endloop
  endfacet
  facet normal -0.350386917591 -0.255007207394 0.901221573353
    outer loop
      vertex 99.2593688965 12.2881526947 76.7263031006
      vertex 100.642440796 11.6897525787 76.9407348633
      vertex 99.1797790527 12.2541179657 76.955947876
    endloop
  endfacet
  facet normal -0.335551053286 -0.386158645153 0.859236299992
    outer loop
      vertex 99.1797790527 12.2541179657 76.955947876
      vertex 100.642440796 11.6897525787 76.9407348633
      vertex 100.525939941 11.6360092163 77.1615524292
    endloop
  endfacet
  facet normal -0.202147260308 -0.3309853971 0.921729445457
    outer loop
      vertex 100.642440796 11.6897525787 76.9407348633
      vertex 102.040481567 11.2787361145 77.2314910889
      vertex 100.525939941 11.6360092163 77.1615524292
    endloop
  endfacet
  facet normal -0.185785531998 -0.384767830372 0.904122471809
    outer loop
      vertex 100.642440796 11.6897525787 76.9407348633
      vertex 102.171463013 11.3488531113 77.0034866333
      vertex 102.040481567 11.2787361145 77.2314910889
    endloop
  endfacet
  facet normal -0.0491995997727 -0.319297641516 0.946376442909
    outer loop
      vertex 102.171463013 11.3488531113 77.0034866333
      vertex 103.583358765 11.142706871 77.3969345093
      vertex 102.040481567 11.2787361145 77.2314910889
    endloop
  endfacet
  facet normal -0.0327845849097 -0.434364020824 0.900140583515
    outer loop
      vertex 102.040481567 11.2787361145 77.2314910889
      vertex 103.583358765 11.142706871 77.3969345093
      vertex 103.506668091 11.0912742615 77.5093078613
    endloop
  endfacet
  facet normal -0.0316680632532 -0.372347503901 0.927552938461
    outer loop
      vertex 102.171463013 11.3488531113 77.0034866333
      vertex 103.729293823 11.2398033142 77.1426467896
      vertex 103.583358765 11.142706871 77.3969345093
    endloop
  endfacet
  facet normal -0.0390448719263 -0.307853341103 0.950632333755
    outer loop
      vertex 102.171463013 11.3488531113 77.0034866333
      vertex 103.794830322 11.282866478 77.0013580322
      vertex 103.729293823 11.2398033142 77.1426467896
    endloop
  endfacet
  facet normal -0.039763495326 -0.237464129925 0.970582127571
    outer loop
      vertex 102.27305603 11.4012289047 76.7723999023
      vertex 103.794830322 11.282866478 77.0013580322
      vertex 102.171463013 11.3488531113 77.0034866333
    endloop
  endfacet
  facet normal -0.189139768481 -0.295402020216 0.936463475227
    outer loop
      vertex 100.732513428 11.7286596298 76.7207794189
      vertex 102.27305603 11.4012289047 76.7723999023
      vertex 102.171463013 11.3488531113 77.0034866333
    endloop
  endfacet
  facet normal -0.200930595398 -0.249829351902 0.947212874889
    outer loop
      vertex 100.732513428 11.7286596298 76.7207794189
      vertex 102.171463013 11.3488531113 77.0034866333
      vertex 100.642440796 11.6897525787 76.9407348633
    endloop
  endfacet
  facet normal -0.339997082949 -0.297059208155 0.892276763916
    outer loop
      vertex 99.2593688965 12.2881526947 76.7263031006
      vertex 100.732513428 11.7286596298 76.7207794189
      vertex 100.642440796 11.6897525787 76.9407348633
    endloop
  endfacet
  facet normal -0.0357287302613 -0.261200666428 0.964623093605
    outer loop
      vertex 102.27305603 11.4012289047 76.7723999023
      vertex 103.842773438 11.3139858246 76.8798751831
      vertex 103.794830322 11.282866478 77.0013580322
    endloop
  endfacet
  facet normal -0.492836207151 -0.109233953059 0.863238334656
    outer loop
      vertex 97.9615020752 13.0978832245 76.3463897705
      vertex 99.3037872314 12.30534935 76.5534667969
      vertex 97.9296112061 13.0848331451 76.5933990479
    endloop
  endfacet
  facet normal -0.489637285471 -0.127403974533 0.862568020821
    outer loop
      vertex 97.9615020752 13.0978832245 76.3463897705
      vertex 99.3398284912 12.3171873093 76.3348083496
      vertex 99.3037872314 12.30534935 76.5534667969
    endloop
  endfacet
  facet normal -0.350041121244 -0.108071394265 0.930479347706
    outer loop
      vertex 99.3398284912 12.3171873093 76.3348083496
      vertex 100.782913208 11.7488508224 76.5539779663
      vertex 99.3037872314 12.30534935 76.5534667969
    endloop
  endfacet
  facet normal -0.34615701437 -0.130100205541 0.929112076759
    outer loop
      vertex 99.3398284912 12.3171873093 76.3348083496
      vertex 100.823928833 11.76329422 76.3417053223
      vertex 100.782913208 11.7488508224 76.5539779663
    endloop
  endfacet
  facet normal -0.198540106416 -0.10466620326 0.974487960339
    outer loop
      vertex 100.823928833 11.76329422 76.3417053223
      vertex 102.330078125 11.4292373657 76.5949172974
      vertex 100.782913208 11.7488508224 76.5539779663
    endloop
  endfacet
  facet normal -0.194088459015 -0.128554731607 0.972524225712
    outer loop
      vertex 100.823928833 11.76329422 76.3417053223
      vertex 102.376556396 11.4501028061 76.366897583
      vertex 102.330078125 11.4292373657 76.5949172974
    endloop
  endfacet
  facet normal -0.0374977104366 -0.0986397787929 0.994416475296
    outer loop
      vertex 102.376556396 11.4501028061 76.366897583
      vertex 103.949966431 11.3805799484 76.4696502686
      vertex 102.330078125 11.4292373657 76.5949172974
    endloop
  endfacet
  facet normal -0.0401117801666 -0.134098514915 0.990155875683
    outer loop
      vertex 102.330078125 11.4292373657 76.5949172974
      vertex 103.949966431 11.3805799484 76.4696502686
      vertex 103.906600952 11.3544902802 76.6752624512
    endloop
  endfacet
  facet normal 0.0401762090623 -0.117432884872 0.992267787457
    outer loop
      vertex 103.949966431 11.3805799484 76.4696502686
      vertex 129.960845947 12.4338102341 76.4690704346
      vertex 103.906600952 11.3544902802 76.6752624512
    endloop
  endfacet
  facet normal 0.0394598841667 -0.168995812535 0.984826564789
    outer loop
      vertex 103.906600952 11.3544902802 76.6752624512
      vertex 129.960845947 12.4338102341 76.4690704346
      vertex 129.964523315 12.3428764343 76.9998474121
    endloop
  endfacet
  facet normal 0.0403414070606 -0.0755645558238 0.996324539185
    outer loop
      vertex 103.949966431 11.3805799484 76.4696502686
      vertex 103.958755493 11.3854780197 76.4097595215
      vertex 129.960845947 12.4338102341 76.4690704346
    endloop
  endfacet
  facet normal 0.0403276011348 -0.0240377467126 0.998897314072
    outer loop
      vertex 129.960845947 12.4338102341 76.4690704346
      vertex 103.958755493 11.3854780197 76.4097595215
      vertex 103.977005005 11.3926506042 76.1423110962
    endloop
  endfacet
  facet normal 0.0400373712182 0 0.999198198318
    outer loop
      vertex 129.960845947 12.4338102341 76.4690704346
      vertex 103.977005005 11.3926506042 76.1423110962
      vertex 129.960845947 12.4338102341 75.930557251
    endloop
  endfacet
  facet normal 0.0404034294188 0.0515274293721 0.997853934765
    outer loop
      vertex 129.960845947 12.4338102341 75.930557251
      vertex 103.977005005 11.3926506042 76.1423110962
      vertex 103.966995239 11.3813009262 75.9303665161
    endloop
  endfacet
  facet normal -0.0389101132751 0.0552650354803 0.997713267803
    outer loop
      vertex 102.392776489 11.454240799 76.1388168335
      vertex 103.966995239 11.3813009262 75.9303665161
      vertex 103.977005005 11.3926506042 76.1423110962
    endloop
  endfacet
  facet normal -0.0387661233544 -0.0294320564717 0.998814761639
    outer loop
      vertex 102.392776489 11.454240799 76.1388168335
      vertex 103.977005005 11.3926506042 76.1423110962
      vertex 103.958755493 11.3854780197 76.4097595215
    endloop
  endfacet
  facet normal -0.0402343980968 -0.0209851823747 0.998969852924
    outer loop
      vertex 102.392776489 11.454240799 76.1388168335
      vertex 103.958755493 11.3854780197 76.4097595215
      vertex 102.376556396 11.4501028061 76.366897583
    endloop
  endfacet
  facet normal -0.196010395885 -0.0317216776311 0.980088591576
    outer loop
      vertex 100.838195801 11.7654037476 76.1308517456
      vertex 102.392776489 11.454240799 76.1388168335
      vertex 102.376556396 11.4501028061 76.366897583
    endloop
  endfacet
  facet normal -0.197319820523 -0.0231572315097 0.980065643787
    outer loop
      vertex 100.838195801 11.7654037476 76.1308517456
      vertex 102.376556396 11.4501028061 76.366897583
      vertex 100.823928833 11.76329422 76.3417053223
    endloop
  endfacet
  facet normal -0.348321229219 -0.0329418666661 0.936796188354
    outer loop
      vertex 99.3523406982 12.3183059692 76.1186218262
      vertex 100.838195801 11.7654037476 76.1308517456
      vertex 100.823928833 11.76329422 76.3417053223
    endloop
  endfacet
  facet normal -0.349447309971 -0.0250761639327 0.936620414257
    outer loop
      vertex 99.3523406982 12.3183059692 76.1186218262
      vertex 100.823928833 11.76329422 76.3417053223
      vertex 99.3398284912 12.3171873093 76.3348083496
    endloop
  endfacet
  facet normal -0.491913050413 -0.0329788736999 0.870019495487
    outer loop
      vertex 97.9725646973 13.0990514755 76.1024398804
      vertex 99.3523406982 12.3183059692 76.1186218262
      vertex 99.3398284912 12.3171873093 76.3348083496
    endloop
  endfacet
  facet normal -0.492838650942 -0.0265137907118 0.869716703892
    outer loop
      vertex 97.9725646973 13.0990514755 76.1024398804
      vertex 99.3398284912 12.3171873093 76.3348083496
      vertex 97.9615020752 13.0978832245 76.3463897705
    endloop
  endfacet
  facet normal -0.492181181908 0.0569153316319 0.868630170822
    outer loop
      vertex 97.962600708 13.0886268616 75.8571548462
      vertex 99.3523406982 12.3183059692 76.1186218262
      vertex 97.9725646973 13.0990514755 76.1024398804
    endloop
  endfacet
  facet normal -0.492877960205 0.0630271583796 0.867812693119
    outer loop
      vertex 97.962600708 13.0886268616 75.8571548462
      vertex 99.341003418 12.3089542389 75.9012069702
      vertex 99.3523406982 12.3183059692 76.1186218262
    endloop
  endfacet
  facet normal -0.348575472832 0.0584126412868 0.935458779335
    outer loop
      vertex 99.341003418 12.3089542389 75.9012069702
      vertex 100.838195801 11.7654037476 76.1308517456
      vertex 99.3523406982 12.3183059692 76.1186218262
    endloop
  endfacet
  facet normal -0.349417090416 0.0658052936196 0.934653580189
    outer loop
      vertex 99.341003418 12.3089542389 75.9012069702
      vertex 100.825256348 11.7553052902 75.9187164307
      vertex 100.838195801 11.7654037476 76.1308517456
    endloop
  endfacet
  facet normal -0.196217089891 0.0585630647838 0.97881013155
    outer loop
      vertex 100.825256348 11.7553052902 75.9187164307
      vertex 102.392776489 11.454240799 76.1388168335
      vertex 100.838195801 11.7654037476 76.1308517456
    endloop
  endfacet
  facet normal -0.197205156088 0.066572226584 0.978099286556
    outer loop
      vertex 100.825256348 11.7553052902 75.9187164307
      vertex 102.378112793 11.441573143 75.9092559814
      vertex 102.392776489 11.454240799 76.1388168335
    endloop
  endfacet
  facet normal -0.038606684655 0.0575161352754 0.997597813606
    outer loop
      vertex 102.378112793 11.441573143 75.9092559814
      vertex 103.966995239 11.3813009262 75.9303665161
      vertex 102.392776489 11.454240799 76.1388168335
    endloop
  endfacet
  facet normal -0.0390680767596 0.102660551667 0.993948936462
    outer loop
      vertex 102.378112793 11.441573143 75.9092559814
      vertex 103.960571289 11.3756332397 75.873046875
      vertex 103.966995239 11.3813009262 75.9303665161
    endloop
  endfacet
  facet normal -0.0387014262378 0.116030111909 0.992491424084
    outer loop
      vertex 102.359542847 11.4291410446 75.7967224121
      vertex 103.960571289 11.3756332397 75.873046875
      vertex 102.378112793 11.441573143 75.9092559814
    endloop
  endfacet
  facet normal -0.196602776647 0.139653354883 0.97048664093
    outer loop
      vertex 100.808898926 11.7457962036 75.8142547607
      vertex 102.359542847 11.4291410446 75.7967224121
      vertex 102.378112793 11.441573143 75.9092559814
    endloop
  endfacet
  facet normal -0.195922121406 0.119278982282 0.973338067532
    outer loop
      vertex 100.808898926 11.7457962036 75.8142547607
      vertex 102.378112793 11.441573143 75.9092559814
      vertex 100.825256348 11.7553052902 75.9187164307
    endloop
  endfacet
  facet normal -0.348728179932 0.138973668218 0.926862955093
    outer loop
      vertex 99.3266448975 12.3004255295 75.7938308716
      vertex 100.808898926 11.7457962036 75.8142547607
      vertex 100.825256348 11.7553052902 75.9187164307
    endloop
  endfacet
  facet normal -0.348197102547 0.12040887773 0.929656088352
    outer loop
      vertex 99.3266448975 12.3004255295 75.7938308716
      vertex 100.825256348 11.7553052902 75.9187164307
      vertex 99.341003418 12.3089542389 75.9012069702
    endloop
  endfacet
  facet normal -0.0395698770881 0.136056631804 0.98991048336
    outer loop
      vertex 102.359542847 11.4291410446 75.7967224121
      vertex 103.939758301 11.3584060669 75.7416534424
      vertex 103.960571289 11.3756332397 75.873046875
    endloop
  endfacet
  facet normal -0.0383021198213 -0.0870341360569 0.995468735695
    outer loop
      vertex 102.376556396 11.4501028061 76.366897583
      vertex 103.958755493 11.3854780197 76.4097595215
      vertex 103.949966431 11.3805799484 76.4696502686
    endloop
  endfacet
  facet normal 0.0729948729277 -0.988865733147 -0.129677608609
    outer loop
      vertex 130.585128784 8.61569023132 79.3396606445
      vertex 130.094284058 9.13819885254 79.3719482422
      vertex 130.563262939 9.15561962128 79.4088516235
    endloop
  endfacet
  facet normal 0.227453902364 -0.964686334133 -0.13283444941
    outer loop
      vertex 131.043426514 8.611079216 79.4470825195
      vertex 130.585128784 8.61569023132 79.3396606445
      vertex 130.563262939 9.15561962128 79.4088516235
    endloop
  endfacet
  facet normal 0.220928490162 -0.9299300313 -0.293974101543
    outer loop
      vertex 131.065231323 8.0727930069 79.2820968628
      vertex 130.585128784 8.61569023132 79.3396606445
      vertex 131.043426514 8.611079216 79.4470825195
    endloop
  endfacet
  facet normal 0.220932215452 -0.929928123951 -0.293977200985
    outer loop
      vertex 131.065231323 8.0727930069 79.2820968628
      vertex 130.606201172 8.09521770477 79.1801300049
      vertex 130.585128784 8.61569023132 79.3396606445
    endloop
  endfacet
  facet normal 0.0663093477488 -0.953236401081 -0.29486182332
    outer loop
      vertex 130.606201172 8.09521770477 79.1801300049
      vertex 130.115890503 8.60447788239 79.3035507202
      vertex 130.585128784 8.61569023132 79.3396606445
    endloop
  endfacet
  facet normal 0.0729980766773 -0.9888651371 -0.129680588841
    outer loop
      vertex 130.585128784 8.61569023132 79.3396606445
      vertex 130.115890503 8.60447788239 79.3035507202
      vertex 130.094284058 9.13819885254 79.3719482422
    endloop
  endfacet
  facet normal -0.00550017226487 -0.9919013381 -0.126891642809
    outer loop
      vertex 98.5278320312 7.59239292145 79.3492355347
      vertex 130.094284058 9.13819885254 79.3719482422
      vertex 130.115890503 8.60447788239 79.3035507202
    endloop
  endfacet
  facet normal -0.006886029616 -0.985343754292 -0.170441478491
    outer loop
      vertex 98.5278320312 7.59239292145 79.3492355347
      vertex 130.115890503 8.60447788239 79.3035507202
      vertex 98.1533966064 7.29912948608 79.3011245728
    endloop
  endfacet
  facet normal -0.00342234177515 -0.996415317059 -0.0845272094011
    outer loop
      vertex 98.8992614746 7.87526082993 79.3719558716
      vertex 130.094284058 9.13819885254 79.3719482422
      vertex 98.5278320312 7.59239292145 79.3492355347
    endloop
  endfacet
  facet normal -0.0016284805024 -0.99918961525 -0.0402181744576
    outer loop
      vertex 98.8992614746 7.87526082993 79.3719558716
      vertex 98.9195251465 7.89048957825 79.3725357056
      vertex 130.094284058 9.13819885254 79.3719482422
    endloop
  endfacet
  facet normal 0.0662989839911 -0.953239917755 -0.294852674007
    outer loop
      vertex 130.606201172 8.09521770477 79.1801300049
      vertex 130.13671875 8.08998584747 79.1458587646
      vertex 130.115890503 8.60447788239 79.3035507202
    endloop
  endfacet
  facet normal 0.0599499121308 -0.890195250511 -0.451617598534
    outer loop
      vertex 130.62588501 7.60916233063 78.9348678589
      vertex 130.13671875 8.08998584747 79.1458587646
      vertex 130.606201172 8.09521770477 79.1801300049
    endloop
  endfacet
  facet normal 0.214753001928 -0.868424057961 -0.446901351213
    outer loop
      vertex 131.085586548 7.57010793686 79.0284500122
      vertex 130.62588501 7.60916233063 78.9348678589
      vertex 130.606201172 8.09521770477 79.1801300049
    endloop
  endfacet
  facet normal 0.214741796255 -0.868431031704 -0.446893155575
    outer loop
      vertex 131.085586548 7.57010793686 79.0284500122
      vertex 130.606201172 8.09521770477 79.1801300049
      vertex 131.065231323 8.0727930069 79.2820968628
    endloop
  endfacet
  facet normal 0.0599632076919 -0.890188872814 -0.45162832737
    outer loop
      vertex 130.62588501 7.60916233063 78.9348678589
      vertex 130.156173706 7.60952425003 78.9034118652
      vertex 130.13671875 8.08998584747 79.1458587646
    endloop
  endfacet
  facet normal 0.354196935892 -0.639600932598 -0.682242751122
    outer loop
      vertex 131.559921265 6.60550451279 78.3998260498
      vertex 131.103912354 7.11749315262 78.6934204102
      vertex 131.543289185 7.01616334915 78.8286514282
    endloop
  endfacet
  facet normal 0.354194104671 -0.639603555202 -0.682241737843
    outer loop
      vertex 131.559921265 6.60550451279 78.3998260498
      vertex 131.119689941 6.72795581818 78.2866516113
      vertex 131.103912354 7.11749315262 78.6934204102
    endloop
  endfacet
  facet normal 0.204051494598 -0.672951996326 -0.710984289646
    outer loop
      vertex 131.119689941 6.72795581818 78.2866516113
      vertex 130.643600464 7.17151832581 78.6109237671
      vertex 131.103912354 7.11749315262 78.6934204102
    endloop
  endfacet
  facet normal 0.204053282738 -0.67295050621 -0.710985124111
    outer loop
      vertex 131.119689941 6.72795581818 78.2866516113
      vertex 130.658843994 6.79487323761 78.2176132202
      vertex 130.643600464 7.17151832581 78.6109237671
    endloop
  endfacet
  facet normal 0.0489957183599 -0.689817965031 -0.722323060036
    outer loop
      vertex 130.658843994 6.79487323761 78.2176132202
      vertex 130.173690796 7.17691516876 78.5831985474
      vertex 130.643600464 7.17151832581 78.6109237671
    endloop
  endfacet
  facet normal 0.0489988178015 -0.689815819263 -0.72232490778
    outer loop
      vertex 130.658843994 6.79487323761 78.2176132202
      vertex 130.188766479 6.80459690094 78.1944046021
      vertex 130.173690796 7.17691516876 78.5831985474
    endloop
  endfacet
  facet normal -0.0237863101065 -0.816913485527 -0.576269567013
    outer loop
      vertex 130.173690796 7.17691516876 78.5831985474
      vertex 96.630065918 5.97512531281 78.7121276855
      vertex 96.8784332275 6.21128749847 78.8714904785
    endloop
  endfacet
  facet normal -0.722946286201 0.380130887032 0.576930820942
    outer loop
      vertex 95.387878418 14.8577709198 73.9991531372
      vertex 96.5343780518 13.8885993958 74.7086868286
      vertex 95.4799957275 14.9888372421 74.3732681274
    endloop
  endfacet
  facet normal -0.723360896111 0.404666393995 0.55945879221
    outer loop
      vertex 95.387878418 14.8577709198 73.9991531372
      vertex 96.4363098145 13.7901668549 74.3973007202
      vertex 96.5343780518 13.8885993958 74.7086868286
    endloop
  endfacet
  facet normal -0.609368264675 0.407011985779 0.680449545383
    outer loop
      vertex 96.4363098145 13.7901668549 74.3973007202
      vertex 97.7522888184 12.9444150925 74.9536056519
      vertex 96.5343780518 13.8885993958 74.7086868286
    endloop
  endfacet
  facet normal -0.609696686268 0.442621469498 0.657537937164
    outer loop
      vertex 96.4363098145 13.7901668549 74.3973007202
      vertex 97.6443786621 12.8667936325 74.6896514893
      vertex 97.7522888184 12.9444150925 74.9536056519
    endloop
  endfacet
  facet normal -0.48115926981 0.422573953867 0.768060564995
    outer loop
      vertex 97.6443786621 12.8667936325 74.6896514893
      vertex 99.1040496826 12.1792736053 75.1020736694
      vertex 97.7522888184 12.9444150925 74.9536056519
    endloop
  endfacet
  facet normal -0.481288939714 0.470547616482 0.739557921886
    outer loop
      vertex 97.6443786621 12.8667936325 74.6896514893
      vertex 98.9831237793 12.1097946167 74.8691864014
      vertex 99.1040496826 12.1792736053 75.1020736694
    endloop
  endfacet
  facet normal -0.341309726238 0.427036851645 0.837345302105
    outer loop
      vertex 98.9831237793 12.1097946167 74.8691864014
      vertex 100.556777954 11.6118087769 75.1504669189
      vertex 99.1040496826 12.1792736053 75.1020736694
    endloop
  endfacet
  facet normal -0.341448992491 0.486425071955 0.804240763187
    outer loop
      vertex 98.9831237793 12.1097946167 74.8691864014
      vertex 100.420455933 11.5373153687 74.9316101074
      vertex 100.556777954 11.6118087769 75.1504669189
    endloop
  endfacet
  facet normal -0.193027451634 0.421776235104 0.885914921761
    outer loop
      vertex 100.420455933 11.5373153687 74.9316101074
      vertex 102.075073242 11.2558307648 75.0976104736
      vertex 100.556777954 11.6118087769 75.1504669189
    endloop
  endfacet
  facet normal -0.19374525547 0.488685309887 0.850675880909
    outer loop
      vertex 100.420455933 11.5373153687 74.9316101074
      vertex 101.921890259 11.1630821228 74.8754272461
      vertex 102.075073242 11.2558307648 75.0976104736
    endloop
  endfacet
  facet normal -0.0411706380546 0.408938854933 0.911632597446
    outer loop
      vertex 101.921890259 11.1630821228 74.8754272461
      vertex 103.587432861 11.094783783 74.8908538818
      vertex 102.075073242 11.2558307648 75.0976104736
    endloop
  endfacet
  facet normal -0.0403087288141 0.48545768857 0.873330414295
    outer loop
      vertex 101.921890259 11.1630821228 74.8754272461
      vertex 103.451446533 10.9960670471 74.7019729614
      vertex 103.587432861 11.094783783 74.8908538818
    endloop
  endfacet
  facet normal 0.0352398455143 0.442860752344 0.895897567272
    outer loop
      vertex 103.451446533 10.9960670471 74.7019729614
      vertex 129.982406616 11.9012031555 74.4218902588
      vertex 103.587432861 11.094783783 74.8908538818
    endloop
  endfacet
  facet normal 0.0347158610821 0.508976221085 0.860080242157
    outer loop
      vertex 103.451446533 10.9960670471 74.7019729614
      vertex 103.248550415 10.8500509262 74.4690704346
      vertex 129.982406616 11.9012031555 74.4218902588
    endloop
  endfacet
  facet normal 0.0337147451937 0.552767276764 0.832653403282
    outer loop
      vertex 129.982406616 11.9012031555 74.4218902588
      vertex 103.248550415 10.8500509262 74.4690704346
      vertex 103.201141357 10.8161010742 74.4208221436
    endloop
  endfacet
  facet normal -0.0328931473196 0.596567749977 0.801888406277
    outer loop
      vertex 101.739303589 11.0512523651 74.6563034058
      vertex 103.201141357 10.8161010742 74.4208221436
      vertex 103.248550415 10.8500509262 74.4690704346
    endloop
  endfacet
  facet normal -0.0415899120271 0.556479811668 0.829819560051
    outer loop
      vertex 101.739303589 11.0512523651 74.6563034058
      vertex 103.248550415 10.8500509262 74.4690704346
      vertex 103.451446533 10.9960670471 74.7019729614
    endloop
  endfacet
  facet normal -0.0410583503544 0.481121271849 0.875692009926
    outer loop
      vertex 101.739303589 11.0512523651 74.6563034058
      vertex 103.451446533 10.9960670471 74.7019729614
      vertex 101.921890259 11.1630821228 74.8754272461
    endloop
  endfacet
  facet normal -0.191676452756 0.568145990372 0.80029386282
    outer loop
      vertex 100.257598877 11.444858551 74.7108535767
      vertex 101.739303589 11.0512523651 74.6563034058
      vertex 101.921890259 11.1630821228 74.8754272461
    endloop
  endfacet
  facet normal -0.192405343056 0.496460646391 0.846467375755
    outer loop
      vertex 100.257598877 11.444858551 74.7108535767
      vertex 101.921890259 11.1630821228 74.8754272461
      vertex 100.420455933 11.5373153687 74.9316101074
    endloop
  endfacet
  facet normal -0.337650775909 0.564544081688 0.753181219101
    outer loop
      vertex 98.8382873535 12.0215969086 74.6314239502
      vertex 100.257598877 11.444858551 74.7108535767
      vertex 100.420455933 11.5373153687 74.9316101074
    endloop
  endfacet
  facet normal -0.338812112808 0.501651227474 0.795960068703
    outer loop
      vertex 98.8382873535 12.0215969086 74.6314239502
      vertex 100.420455933 11.5373153687 74.9316101074
      vertex 98.9831237793 12.1097946167 74.8691864014
    endloop
  endfacet
  facet normal -0.476066946983 0.545787811279 0.689547657967
    outer loop
      vertex 97.5148010254 12.7679014206 74.419883728
      vertex 98.8382873535 12.0215969086 74.6314239502
      vertex 98.9831237793 12.1097946167 74.8691864014
    endloop
  endfacet
  facet normal -0.47698327899 0.495273560286 0.72607922554
    outer loop
      vertex 97.5148010254 12.7679014206 74.419883728
      vertex 98.9831237793 12.1097946167 74.8691864014
      vertex 97.6443786621 12.8667936325 74.6896514893
    endloop
  endfacet
  facet normal -0.603385865688 0.51348310709 0.610131621361
    outer loop
      vertex 96.3182525635 13.6662054062 74.0812225342
      vertex 97.5148010254 12.7679014206 74.419883728
      vertex 97.6443786621 12.8667936325 74.6896514893
    endloop
  endfacet
  facet normal -0.603827059269 0.476227492094 0.639218509197
    outer loop
      vertex 96.3182525635 13.6662054062 74.0812225342
      vertex 97.6443786621 12.8667936325 74.6896514893
      vertex 96.4363098145 13.7901668549 74.3973007202
    endloop
  endfacet
  facet normal -0.716330289841 0.469864070415 0.515847504139
    outer loop
      vertex 95.2768249512 14.6953725815 73.6233978271
      vertex 96.3182525635 13.6662054062 74.0812225342
      vertex 96.4363098145 13.7901668549 74.3973007202
    endloop
  endfacet
  facet normal -0.716451704502 0.444229722023 0.537919044495
    outer loop
      vertex 95.2768249512 14.6953725815 73.6233978271
      vertex 96.4363098145 13.7901668549 74.3973007202
      vertex 95.387878418 14.8577709198 73.9991531372
    endloop
  endfacet
  facet normal 0.667927026749 0.571672618389 0.476512223482
    outer loop
      vertex 131.760574341 11.5710096359 73.1864700317
      vertex 131.871139526 11.6329126358 73.1088867188
      vertex 131.871139526 11.8099117279 73.2564239502
    endloop
  endfacet
  facet normal 0.663723886013 0.648491680622 0.372731924057
    outer loop
      vertex 131.760574341 11.5710096359 73.1864700317
      vertex 131.871139526 11.2291002274 72.8767929077
      vertex 131.871139526 11.6329126358 73.1088867188
    endloop
  endfacet
  facet normal 0.663724303246 0.648491501808 0.372731626034
    outer loop
      vertex 131.760574341 11.5710096359 73.1864700317
      vertex 131.782485962 11.0301380157 72.8531723022
      vertex 131.871139526 11.2291002274 72.8767929077
    endloop
  endfacet
  facet normal 0.663726687431 0.648488581181 0.37273234129
    outer loop
      vertex 131.782485962 11.0301380157 72.8531723022
      vertex 131.871139526 11.0684137344 72.7844314575
      vertex 131.871139526 11.2291002274 72.8767929077
    endloop
  endfacet
  facet normal 0.659060716629 0.706632196903 0.2575070858
    outer loop
      vertex 131.782485962 11.0301380157 72.8531723022
      vertex 131.871139526 10.5871315002 72.609046936
      vertex 131.871139526 11.0684137344 72.7844314575
    endloop
  endfacet
  facet normal 0.659060060978 0.70663267374 0.257507503033
    outer loop
      vertex 131.782485962 11.0301380157 72.8531723022
      vertex 131.806335449 10.4407634735 72.6161499023
      vertex 131.871139526 10.5871315002 72.609046936
    endloop
  endfacet
  facet normal 0.659049451351 0.70664447546 0.257502228022
    outer loop
      vertex 131.806335449 10.4407634735 72.6161499023
      vertex 131.871139526 10.4597873688 72.5626449585
      vertex 131.871139526 10.5871315002 72.609046936
    endloop
  endfacet
  facet normal 0.654052019119 0.744470059872 0.134090438485
    outer loop
      vertex 131.806335449 10.4407634735 72.6161499023
      vertex 131.871139526 9.90725040436 72.4631195068
      vertex 131.871139526 10.4597873688 72.5626449585
    endloop
  endfacet
  facet normal 0.654053270817 0.744469046593 0.13408999145
    outer loop
      vertex 131.806335449 10.4407634735 72.6161499023
      vertex 131.831481934 9.81984710693 72.4822235107
      vertex 131.871139526 9.90725040436 72.4631195068
    endloop
  endfacet
  facet normal 0.654058754444 0.744463562965 0.134093672037
    outer loop
      vertex 131.831481934 9.81984710693 72.4822235107
      vertex 131.871139526 9.8257818222 72.4484481812
      vertex 131.871139526 9.90725040436 72.4631195068
    endloop
  endfacet
  facet normal 0.64887547493 0.760870277882 0.00607941392809
    outer loop
      vertex 131.831481934 9.81984710693 72.4822235107
      vertex 131.871139526 9.21431064606 72.4435653687
      vertex 131.871139526 9.8257818222 72.4484481812
    endloop
  endfacet
  facet normal 0.648875653744 0.760870158672 0.0060793957673
    outer loop
      vertex 131.831481934 9.81984710693 72.4822235107
      vertex 131.857177734 9.18524074554 72.4552383423
      vertex 131.871139526 9.21431064606 72.4435653687
    endloop
  endfacet
  facet normal 0.648871004581 0.760874211788 0.00607553729787
    outer loop
      vertex 131.857177734 9.18524074554 72.4552383423
      vertex 131.871139526 9.18529987335 72.4433288574
      vertex 131.871139526 9.21431064606 72.4435653687
    endloop
  endfacet
  facet normal 0.643648982048 0.755390942097 -0.12288441509
    outer loop
      vertex 131.857177734 9.18524074554 72.4552383423
      vertex 131.871139526 8.84047985077 72.4994277954
      vertex 131.871139526 9.18529987335 72.4433288574
    endloop
  endfacet
  facet normal 0.516314744949 0.846564412117 -0.129413068295
    outer loop
      vertex 131.857177734 9.18524074554 72.4552383423
      vertex 131.479537964 8.59075260162 72.7764358521
      vertex 131.871139526 8.84047985077 72.4994277954
    endloop
  endfacet
  facet normal 0.516315221786 0.846564292908 -0.129412248731
    outer loop
      vertex 131.871139526 8.55623149872 72.5428771973
      vertex 131.871139526 8.84047985077 72.4994277954
      vertex 131.479537964 8.59075260162 72.7764358521
    endloop
  endfacet
  facet normal 0.510591387749 0.816072285175 -0.270781189203
    outer loop
      vertex 131.479537964 8.59075260162 72.7764358521
      vertex 131.871139526 8.53904819489 72.548576355
      vertex 131.871139526 8.55623149872 72.5428771973
    endloop
  endfacet
  facet normal 0.510591387749 0.816072285175 -0.270781219006
    outer loop
      vertex 131.871139526 8.53904819489 72.548576355
      vertex 131.479537964 8.59075260162 72.7764358521
      vertex 131.871139526 7.95460510254 72.7425003052
    endloop
  endfacet
  facet normal 0.516325235367 0.846559464931 -0.12940376997
    outer loop
      vertex 131.857177734 9.18524074554 72.4552383423
      vertex 131.455703735 9.17943477631 72.7009887695
      vertex 131.479537964 8.59075260162 72.7764358521
    endloop
  endfacet
  facet normal 0.376424044371 0.916886985302 -0.132752507925
    outer loop
      vertex 131.455703735 9.17943477631 72.7009887695
      vertex 131.043426514 8.611079216 72.9525375366
      vertex 131.479537964 8.59075260162 72.7764358521
    endloop
  endfacet
  facet normal 0.370223045349 0.883853316307 -0.285898983479
    outer loop
      vertex 131.479537964 8.59075260162 72.7764358521
      vertex 131.043426514 8.611079216 72.9525375366
      vertex 131.065231323 8.0727930069 73.1175231934
    endloop
  endfacet
  facet normal 0.220946580172 0.929925858974 -0.293973565102
    outer loop
      vertex 131.043426514 8.611079216 72.9525375366
      vertex 130.606201172 8.09521770477 73.2194976807
      vertex 131.065231323 8.0727930069 73.1175231934
    endloop
  endfacet
  facet normal 0.214754596353 0.868423461914 -0.446901708841
    outer loop
      vertex 131.065231323 8.0727930069 73.1175231934
      vertex 130.606201172 8.09521770477 73.2194976807
      vertex 130.62588501 7.60916233063 73.4647598267
    endloop
  endfacet
  facet normal 0.214753568172 0.8684232831 -0.446902543306
    outer loop
      vertex 131.065231323 8.0727930069 73.1175231934
      vertex 130.62588501 7.60916233063 73.4647598267
      vertex 131.085586548 7.57010793686 73.3711776733
    endloop
  endfacet
  facet normal 0.0599486120045 0.890195071697 -0.451618075371
    outer loop
      vertex 130.606201172 8.09521770477 73.2194976807
      vertex 130.156173706 7.60952425003 73.4962081909
      vertex 130.62588501 7.60916233063 73.4647598267
    endloop
  endfacet
  facet normal 0.0599347613752 0.890190780163 -0.451628446579
    outer loop
      vertex 130.606201172 8.09521770477 73.2194976807
      vertex 130.13671875 8.08998584747 73.2537612915
      vertex 130.156173706 7.60952425003 73.4962081909
    endloop
  endfacet
  facet normal -0.0182126630098 0.892922401428 -0.449842065573
    outer loop
      vertex 130.13671875 8.08998584747 73.2537612915
      vertex 97.6893920898 6.77664613724 73.2535858154
      vertex 130.156173706 7.60952425003 73.4962081909
    endloop
  endfacet
  facet normal -0.0166066400707 0.925795018673 -0.377660989761
    outer loop
      vertex 130.156173706 7.60952425003 73.4962081909
      vertex 97.6893920898 6.77664613724 73.2535858154
      vertex 97.657913208 6.75025653839 73.2637863159
    endloop
  endfacet
  facet normal -0.0176309514791 0.906615555286 -0.421589165926
    outer loop
      vertex 130.156173706 7.60952425003 73.4962081909
      vertex 97.657913208 6.75025653839 73.2637863159
      vertex 97.3427124023 6.48112869263 73.3828048706
    endloop
  endfacet
  facet normal -0.0198248084635 0.872142255306 -0.488850563765
    outer loop
      vertex 97.3427124023 6.48112869263 73.3828048706
      vertex 97.1334381104 6.29685115814 73.481338501
      vertex 130.156173706 7.60952425003 73.4962081909
    endloop
  endfacet
  facet normal -0.0210504364222 0.853974223137 -0.519889295101
    outer loop
      vertex 130.156173706 7.60952425003 73.4962081909
      vertex 97.1334381104 6.29685115814 73.481338501
      vertex 97.1054229736 6.27180528641 73.4958953857
    endloop
  endfacet
  facet normal -0.0724769830704 0.877988159657 -0.473163664341
    outer loop
      vertex 97.657913208 6.75025653839 73.2637863159
      vertex 96.2565002441 6.66396903992 73.1946029663
      vertex 97.3427124023 6.48112869263 73.3828048706
    endloop
  endfacet
  facet normal -0.0695651471615 0.915806055069 -0.3955501616
    outer loop
      vertex 97.657913208 6.75025653839 73.2637863159
      vertex 96.5579071045 6.97209978104 73.0844116211
      vertex 96.2565002441 6.66396903992 73.1946029663
    endloop
  endfacet
  facet normal -0.0869026184082 0.940212011337 -0.329316496849
    outer loop
      vertex 96.8788604736 7.28812408447 73.0033874512
      vertex 96.5579071045 6.97209978104 73.0844116211
      vertex 97.657913208 6.75025653839 73.2637863159
    endloop
  endfacet
  facet normal -0.0339181311429 0.917936384678 -0.395275086164
    outer loop
      vertex 97.657913208 6.75025653839 73.2637863159
      vertex 97.6893920898 6.77664613724 73.2535858154
      vertex 96.8788604736 7.28812408447 73.0033874512
    endloop
  endfacet
  facet normal -0.049993943423 0.926153182983 -0.373819380999
    outer loop
      vertex 96.8788604736 7.28812408447 73.0033874512
      vertex 97.6893920898 6.77664613724 73.2535858154
      vertex 97.9948577881 7.02850246429 73.1684188843
    endloop
  endfacet
  facet normal -0.0657619908452 0.945659518242 -0.318439126015
    outer loop
      vertex 96.8788604736 7.28812408447 73.0033874512
      vertex 97.9948577881 7.02850246429 73.1684188843
      vertex 98.3531646729 7.31544923782 73.0967102051
    endloop
  endfacet
  facet normal -0.0657083243132 0.972025454044 -0.225497156382
    outer loop
      vertex 98.3531646729 7.31544923782 73.0967102051
      vertex 97.2188110352 7.61074924469 72.9515228271
      vertex 96.8788604736 7.28812408447 73.0033874512
    endloop
  endfacet
  facet normal -0.0598925128579 0.9675142169 -0.245619818568
    outer loop
      vertex 98.6131286621 7.51873445511 73.0611953735
      vertex 97.2188110352 7.61074924469 72.9515228271
      vertex 98.3531646729 7.31544923782 73.0967102051
    endloop
  endfacet
  facet normal -0.00733348214999 0.983421504498 -0.181186139584
    outer loop
      vertex 98.6131286621 7.51873445511 73.0611953735
      vertex 98.3531646729 7.31544923782 73.0967102051
      vertex 130.115890503 8.60447788239 73.0960769653
    endloop
  endfacet
  facet normal -0.00477298023179 0.994296550751 -0.106543980539
    outer loop
      vertex 130.115890503 8.60447788239 73.0960769653
      vertex 99.0084381104 7.82110118866 73.0306930542
      vertex 98.6131286621 7.51873445511 73.0611953735
    endloop
  endfacet
  facet normal -0.0604001656175 0.982166528702 -0.178046882153
    outer loop
      vertex 99.0084381104 7.82110118866 73.0306930542
      vertex 97.4646759033 7.83698654175 72.9328765869
      vertex 98.6131286621 7.51873445511 73.0611953735
    endloop
  endfacet
  facet normal -0.0673416778445 0.985706865788 -0.154425024986
    outer loop
      vertex 98.6131286621 7.51873445511 73.0611953735
      vertex 97.4646759033 7.83698654175 72.9328765869
      vertex 97.2188110352 7.61074924469 72.9515228271
    endloop
  endfacet
  facet normal -0.174375608563 0.947618186474 -0.267605870962
    outer loop
      vertex 96.1014862061 7.87243318558 72.6720199585
      vertex 97.2188110352 7.61074924469 72.9515228271
      vertex 97.4646759033 7.83698654175 72.9328765869
    endloop
  endfacet
  facet normal -0.179675370455 0.964945435524 -0.191303610802
    outer loop
      vertex 96.1014862061 7.87243318558 72.6720199585
      vertex 97.4646759033 7.83698654175 72.9328765869
      vertex 96.3336029053 8.12899875641 72.6643753052
    endloop
  endfacet
  facet normal -0.176448762417 0.963299274445 -0.202287867665
    outer loop
      vertex 96.3336029053 8.12899875641 72.6643753052
      vertex 97.4646759033 7.83698654175 72.9328765869
      vertex 97.837310791 8.16943359375 72.9313201904
    endloop
  endfacet
  facet normal -0.176632463932 0.977465093136 -0.115598239005
    outer loop
      vertex 96.3336029053 8.12899875641 72.6643753052
      vertex 97.837310791 8.16943359375 72.9313201904
      vertex 96.6841430664 8.50340557098 72.6834411621
    endloop
  endfacet
  facet normal -0.175583958626 0.97723954916 -0.119051143527
    outer loop
      vertex 96.6841430664 8.50340557098 72.6834411621
      vertex 97.837310791 8.16943359375 72.9313201904
      vertex 98.217590332 8.49651050568 72.9598007202
    endloop
  endfacet
  facet normal -0.177171766758 0.983779668808 -0.0280656199902
    outer loop
      vertex 96.6841430664 8.50340557098 72.6834411621
      vertex 98.217590332 8.49651050568 72.9598007202
      vertex 97.0402374268 8.86783599854 72.7371749878
    endloop
  endfacet
  facet normal -0.175164267421 0.983933746815 -0.0345231108367
    outer loop
      vertex 97.0402374268 8.86783599854 72.7371749878
      vertex 98.217590332 8.49651050568 72.9598007202
      vertex 98.6030578613 8.81648349762 73.0171966553
    endloop
  endfacet
  facet normal -0.177959188819 0.982211410999 0.0599269457161
    outer loop
      vertex 97.0402374268 8.86783599854 72.7371749878
      vertex 98.6030578613 8.81648349762 73.0171966553
      vertex 97.3994598389 9.2197561264 72.8237304688
    endloop
  endfacet
  facet normal -0.172910273075 0.983953297138 0.0440224073827
    outer loop
      vertex 97.3994598389 9.2197561264 72.8237304688
      vertex 98.6030578613 8.81648349762 73.0171966553
      vertex 98.8996734619 9.05537033081 73.0800094604
    endloop
  endfacet
  facet normal -0.181224092841 0.97409504652 0.135265171528
    outer loop
      vertex 97.3994598389 9.2197561264 72.8237304688
      vertex 98.8996734619 9.05537033081 73.0800094604
      vertex 97.6747283936 9.47905731201 72.910949707
    endloop
  endfacet
  facet normal -0.293626248837 0.955869972706 0.00981116853654
    outer loop
      vertex 96.2350769043 9.62958908081 72.4702606201
      vertex 97.3994598389 9.2197561264 72.8237304688
      vertex 97.6747283936 9.47905731201 72.910949707
    endloop
  endfacet
  facet normal -0.299768388271 0.950205683708 0.085135512054
    outer loop
      vertex 96.2350769043 9.62958908081 72.4702606201
      vertex 97.6747283936 9.47905731201 72.910949707
      vertex 96.4906921387 9.92074871063 72.5769882202
    endloop
  endfacet
  facet normal -0.298290491104 0.951072871685 0.0805180519819
    outer loop
      vertex 96.4906921387 9.92074871063 72.5769882202
      vertex 97.6747283936 9.47905731201 72.910949707
      vertex 98.0294342041 9.80009269714 73.0493774414
    endloop
  endfacet
  facet normal -0.301181793213 0.939758598804 0.161688938737
    outer loop
      vertex 96.4906921387 9.92074871063 72.5769882202
      vertex 98.0294342041 9.80009269714 73.0493774414
      vertex 96.8186035156 10.2787532806 72.7436752319
    endloop
  endfacet
  facet normal -0.301711887121 0.939306676388 0.163318499923
    outer loop
      vertex 96.8186035156 10.2787532806 72.7436752319
      vertex 98.0294342041 9.80009269714 73.0493774414
      vertex 98.372543335 10.0965690613 73.2111358643
    endloop
  endfacet
  facet normal -0.305522888899 0.920091032982 0.245129168034
    outer loop
      vertex 96.8186035156 10.2787532806 72.7436752319
      vertex 98.372543335 10.0965690613 73.2111358643
      vertex 97.134185791 10.6064367294 72.9357681274
    endloop
  endfacet
  facet normal -0.305597662926 0.920005440712 0.245357051492
    outer loop
      vertex 97.134185791 10.6064367294 72.9357681274
      vertex 98.372543335 10.0965690613 73.2111358643
      vertex 98.7023773193 10.3680486679 73.3930969238
    endloop
  endfacet
  facet normal -0.310044139624 0.892768621445 0.32685893774
    outer loop
      vertex 97.134185791 10.6064367294 72.9357681274
      vertex 98.7023773193 10.3680486679 73.3930969238
      vertex 97.4360198975 10.903339386 73.1492919922
    endloop
  endfacet
  facet normal -0.309658586979 0.893328905106 0.325691640377
    outer loop
      vertex 97.4360198975 10.903339386 73.1492919922
      vertex 98.7023773193 10.3680486679 73.3930969238
      vertex 99.0107879639 10.6086330414 73.5877151489
    endloop
  endfacet
  facet normal -0.314825981855 0.857994914055 0.405868649483
    outer loop
      vertex 97.4360198975 10.903339386 73.1492919922
      vertex 99.0107879639 10.6086330414 73.5877151489
      vertex 97.7168273926 11.1628570557 73.3750915527
    endloop
  endfacet
  facet normal -0.43498980999 0.857328057289 0.275267958641
    outer loop
      vertex 96.2425537109 11.497751236 72.7346038818
      vertex 97.4360198975 10.903339386 73.1492919922
      vertex 97.7168273926 11.1628570557 73.3750915527
    endloop
  endfacet
  facet normal -0.438644379377 0.83174008131 0.340293258429
    outer loop
      vertex 96.2425537109 11.497751236 72.7346038818
      vertex 97.7168273926 11.1628570557 73.3750915527
      vertex 96.4998168945 11.794093132 72.9915237427
    endloop
  endfacet
  facet normal -0.441995680332 0.825750470161 0.350394070148
    outer loop
      vertex 96.4998168945 11.794093132 72.9915237427
      vertex 97.7168273926 11.1628570557 73.3750915527
      vertex 97.9811706543 11.3916835785 73.6136856079
    endloop
  endfacet
  facet normal -0.445796698332 0.793568909168 0.414142102003
    outer loop
      vertex 96.4998168945 11.794093132 72.9915237427
      vertex 97.9811706543 11.3916835785 73.6136856079
      vertex 96.7408599854 12.0548238754 73.2630004883
    endloop
  endfacet
  facet normal -0.319378823042 0.815975487232 0.48185184598
    outer loop
      vertex 97.7168273926 11.1628570557 73.3750915527
      vertex 99.3024902344 10.824133873 73.7957077026
      vertex 97.9811706543 11.3916835785 73.6136856079
    endloop
  endfacet
  facet normal -0.314184486866 0.859144151211 0.403930008411
    outer loop
      vertex 97.7168273926 11.1628570557 73.3750915527
      vertex 99.0107879639 10.6086330414 73.5877151489
      vertex 99.3024902344 10.824133873 73.7957077026
    endloop
  endfacet
  facet normal -0.186389043927 0.820817947388 0.539923191071
    outer loop
      vertex 99.0107879639 10.6086330414 73.5877151489
      vertex 100.677032471 10.3640966415 73.805229187
      vertex 99.3024902344 10.824133873 73.7957077026
    endloop
  endfacet
  facet normal -0.180211827159 0.874710202217 0.449895262718
    outer loop
      vertex 99.0107879639 10.6086330414 73.5877151489
      vertex 100.35546875 10.1426563263 73.6250839233
      vertex 100.677032471 10.3640966415 73.805229187
    endloop
  endfacet
  facet normal -0.0493505187333 0.808664321899 0.586196660995
    outer loop
      vertex 100.35546875 10.1426563263 73.6250839233
      vertex 102.075927734 10.0212430954 73.6420669556
      vertex 100.677032471 10.3640966415 73.805229187
    endloop
  endfacet
  facet normal -0.0422321408987 0.82429087162 0.564589202404
    outer loop
      vertex 100.677032471 10.3640966415 73.805229187
      vertex 102.075927734 10.0212430954 73.6420669556
      vertex 102.402374268 10.2503881454 73.8157424927
    endloop
  endfacet
  facet normal 0.0253823809326 0.778961360455 0.62655800581
    outer loop
      vertex 130.012451172 11.1592540741 73.6471176147
      vertex 102.402374268 10.2503881454 73.8157424927
      vertex 102.075927734 10.0212430954 73.6420669556
    endloop
  endfacet
  facet normal 0.0211861040443 0.851536214352 0.523867547512
    outer loop
      vertex 130.012451172 11.1592540741 73.6471176147
      vertex 102.075927734 10.0212430954 73.6420669556
      vertex 130.030990601 10.7010641098 73.3647766113
    endloop
  endfacet
  facet normal 0.0992620587349 0.848928809166 0.519102036953
    outer loop
      vertex 130.48046875 11.2001876831 73.6174240112
      vertex 130.012451172 11.1592540741 73.6471176147
      vertex 130.030990601 10.7010641098 73.3647766113
    endloop
  endfacet
  facet normal 0.0992642194033 0.848927676678 0.519103467464
    outer loop
      vertex 130.48046875 11.2001876831 73.6174240112
      vertex 130.030990601 10.7010641098 73.3647766113
      vertex 130.499237061 10.7366657257 73.3317947388
    endloop
  endfacet
  facet normal 0.253081947565 0.828169465065 0.500084877014
    outer loop
      vertex 130.935211182 11.2839984894 73.5290679932
      vertex 130.48046875 11.2001876831 73.6174240112
      vertex 130.499237061 10.7366657257 73.3317947388
    endloop
  endfacet
  facet normal 0.2530862391 0.828166663647 0.500087320805
    outer loop
      vertex 130.935211182 11.2839984894 73.5290679932
      vertex 130.499237061 10.7366657257 73.3317947388
      vertex 130.954620361 10.8046226501 73.2336654663
    endloop
  endfacet
  facet normal 0.400802791119 0.787126719952 0.468816190958
    outer loop
      vertex 131.365432739 11.4086294174 73.3842315674
      vertex 130.935211182 11.2839984894 73.5290679932
      vertex 130.954620361 10.8046226501 73.2336654663
    endloop
  endfacet
  facet normal 0.400813132524 0.787118494511 0.468821167946
    outer loop
      vertex 131.365432739 11.4086294174 73.3842315674
      vertex 130.954620361 10.8046226501 73.2336654663
      vertex 131.385894775 10.9032535553 73.0727996826
    endloop
  endfacet
  facet normal 0.538802444935 0.726761758327 0.426039069891
    outer loop
      vertex 131.760574341 11.5710096359 73.1864700317
      vertex 131.365432739 11.4086294174 73.3842315674
      vertex 131.385894775 10.9032535553 73.0727996826
    endloop
  endfacet
  facet normal 0.538787424564 0.72677642107 0.426033109426
    outer loop
      vertex 131.760574341 11.5710096359 73.1864700317
      vertex 131.385894775 10.9032535553 73.0727996826
      vertex 131.782485962 11.0301380157 72.8531723022
    endloop
  endfacet
  facet normal 0.533556640148 0.791947722435 0.296877294779
    outer loop
      vertex 131.782485962 11.0301380157 72.8531723022
      vertex 131.385894775 10.9032535553 73.0727996826
      vertex 131.408203125 10.352560997 72.8513336182
    endloop
  endfacet
  facet normal 0.533577263355 0.791929602623 0.296888619661
    outer loop
      vertex 131.782485962 11.0301380157 72.8531723022
      vertex 131.408203125 10.352560997 72.8513336182
      vertex 131.806335449 10.4407634735 72.6161499023
    endloop
  endfacet
  facet normal 0.52797806263 0.834320247173 0.158583939075
    outer loop
      vertex 131.806335449 10.4407634735 72.6161499023
      vertex 131.408203125 10.352560997 72.8513336182
      vertex 131.431686401 9.77239227295 72.7261962891
    endloop
  endfacet
  facet normal 0.527968645096 0.834327459335 0.158577442169
    outer loop
      vertex 131.806335449 10.4407634735 72.6161499023
      vertex 131.431686401 9.77239227295 72.7261962891
      vertex 131.831481934 9.81984710693 72.4822235107
    endloop
  endfacet
  facet normal 0.522158801556 0.852714598179 0.0151008069515
    outer loop
      vertex 131.831481934 9.81984710693 72.4822235107
      vertex 131.431686401 9.77239227295 72.7261962891
      vertex 131.455703735 9.17943477631 72.7009887695
    endloop
  endfacet
  facet normal 0.522176265717 0.852703630924 0.015114787966
    outer loop
      vertex 131.831481934 9.81984710693 72.4822235107
      vertex 131.455703735 9.17943477631 72.7009887695
      vertex 131.857177734 9.18524074554 72.4552383423
    endloop
  endfacet
  facet normal 0.382776409388 0.923535525799 0.0237569846213
    outer loop
      vertex 131.431686401 9.77239227295 72.7261962891
      vertex 131.020828247 9.16947937012 72.8809738159
      vertex 131.455703735 9.17943477631 72.7009887695
    endloop
  endfacet
  facet normal 0.376440227032 0.91688233614 -0.132738694549
    outer loop
      vertex 131.455703735 9.17943477631 72.7009887695
      vertex 131.020828247 9.16947937012 72.8809738159
      vertex 131.043426514 8.611079216 72.9525375366
    endloop
  endfacet
  facet normal 0.227468669415 0.964682579041 -0.132836669683
    outer loop
      vertex 131.020828247 9.16947937012 72.8809738159
      vertex 130.585128784 8.61569023132 73.059967041
      vertex 131.043426514 8.611079216 72.9525375366
    endloop
  endfacet
  facet normal 0.220942601562 0.92992579937 -0.293976902962
    outer loop
      vertex 131.043426514 8.611079216 72.9525375366
      vertex 130.585128784 8.61569023132 73.059967041
      vertex 130.606201172 8.09521770477 73.2194976807
    endloop
  endfacet
  facet normal 0.0662830248475 0.953238368034 -0.294861346483
    outer loop
      vertex 130.585128784 8.61569023132 73.059967041
      vertex 130.13671875 8.08998584747 73.2537612915
      vertex 130.606201172 8.09521770477 73.2194976807
    endloop
  endfacet
  facet normal 0.0663110762835 0.953243255615 -0.29483923316
    outer loop
      vertex 130.585128784 8.61569023132 73.059967041
      vertex 130.115890503 8.60447788239 73.0960769653
      vertex 130.13671875 8.08998584747 73.2537612915
    endloop
  endfacet
  facet normal -0.0118544045836 0.956170022488 -0.292571991682
    outer loop
      vertex 130.115890503 8.60447788239 73.0960769653
      vertex 98.3531646729 7.31544923782 73.0967102051
      vertex 130.13671875 8.08998584747 73.2537612915
    endloop
  endfacet
  facet normal -0.0109995119274 0.966789364815 -0.255337715149
    outer loop
      vertex 98.3531646729 7.31544923782 73.0967102051
      vertex 97.9948577881 7.02850246429 73.1684188843
      vertex 130.13671875 8.08998584747 73.2537612915
    endloop
  endfacet
  facet normal -0.013565922156 0.942108631134 -0.335033297539
    outer loop
      vertex 130.13671875 8.08998584747 73.2537612915
      vertex 97.9948577881 7.02850246429 73.1684188843
      vertex 97.6893920898 6.77664613724 73.2535858154
    endloop
  endfacet
  facet normal 0.0729988515377 0.988865435123 -0.129677727818
    outer loop
      vertex 130.563262939 9.15561962128 72.990776062
      vertex 130.115890503 8.60447788239 73.0960769653
      vertex 130.585128784 8.61569023132 73.059967041
    endloop
  endfacet
  facet normal 0.227471157908 0.964682221413 -0.132834628224
    outer loop
      vertex 131.020828247 9.16947937012 72.8809738159
      vertex 130.563262939 9.15561962128 72.990776062
      vertex 130.585128784 8.61569023132 73.059967041
    endloop
  endfacet
  facet normal 0.234138742089 0.971681773663 0.0318368151784
    outer loop
      vertex 130.998046875 9.7319316864 72.9048919678
      vertex 130.563262939 9.15561962128 72.990776062
      vertex 131.020828247 9.16947937012 72.8809738159
    endloop
  endfacet
  facet normal 0.382790565491 0.923529326916 0.023768208921
    outer loop
      vertex 131.431686401 9.77239227295 72.7261962891
      vertex 130.998046875 9.7319316864 72.9048919678
      vertex 131.020828247 9.16947937012 72.8809738159
    endloop
  endfacet
  facet normal 0.389082074165 0.903614699841 0.179152488708
    outer loop
      vertex 131.408203125 10.352560997 72.8513336182
      vertex 130.998046875 9.7319316864 72.9048919678
      vertex 131.431686401 9.77239227295 72.7261962891
    endloop
  endfacet
  facet normal 0.389075368643 0.903618514538 0.179147735238
    outer loop
      vertex 131.408203125 10.352560997 72.8513336182
      vertex 130.975769043 10.2822551727 73.0235900879
      vertex 130.998046875 9.7319316864 72.9048919678
    endloop
  endfacet
  facet normal 0.240744203329 0.950733542442 0.195315092802
    outer loop
      vertex 130.975769043 10.2822551727 73.0235900879
      vertex 130.541244507 9.69946575165 73.0138931274
      vertex 130.998046875 9.7319316864 72.9048919678
    endloop
  endfacet
  facet normal 0.234124079347 0.971685707569 0.0318251736462
    outer loop
      vertex 130.998046875 9.7319316864 72.9048919678
      vertex 130.541244507 9.69946575165 73.0138931274
      vertex 130.563262939 9.15561962128 72.990776062
    endloop
  endfacet
  facet normal 0.0798134952784 0.996042370796 0.039107400924
    outer loop
      vertex 130.541244507 9.69946575165 73.0138931274
      vertex 130.094284058 9.13819885254 73.027671814
      vertex 130.563262939 9.15561962128 72.990776062
    endloop
  endfacet
  facet normal 0.0729785114527 0.988864779472 -0.129694119096
    outer loop
      vertex 130.563262939 9.15561962128 72.990776062
      vertex 130.094284058 9.13819885254 73.027671814
      vertex 130.115890503 8.60447788239 73.0960769653
    endloop
  endfacet
  facet normal -0.00513793295249 0.991899609566 -0.126920491457
    outer loop
      vertex 130.094284058 9.13819885254 73.027671814
      vertex 99.0908660889 7.8832526207 73.0276565552
      vertex 130.115890503 8.60447788239 73.0960769653
    endloop
  endfacet
  facet normal -0.00344237545505 0.998569965363 -0.0533497221768
    outer loop
      vertex 130.115890503 8.60447788239 73.0960769653
      vertex 99.0908660889 7.8832526207 73.0276565552
      vertex 99.0084381104 7.82110118866 73.0306930542
    endloop
  endfacet
  facet normal -0.022394137457 0.996671140194 -0.0783909410238
    outer loop
      vertex 99.0084381104 7.82110118866 73.0306930542
      vertex 99.0908660889 7.8832526207 73.0276565552
      vertex 98.217590332 8.49651050568 72.9598007202
    endloop
  endfacet
  facet normal -0.0820127129555 0.996594429016 -0.00857421103865
    outer loop
      vertex 98.217590332 8.49651050568 72.9598007202
      vertex 97.837310791 8.16943359375 72.9313201904
      vertex 99.0084381104 7.82110118866 73.0306930542
    endloop
  endfacet
  facet normal -0.0622963532805 0.995274305344 -0.0744861215353
    outer loop
      vertex 99.0084381104 7.82110118866 73.0306930542
      vertex 97.837310791 8.16943359375 72.9313201904
      vertex 97.4646759033 7.83698654175 72.9328765869
    endloop
  endfacet
  facet normal -0.0377088189125 0.997679173946 -0.0566944368184
    outer loop
      vertex 98.217590332 8.49651050568 72.9598007202
      vertex 99.0908660889 7.8832526207 73.0276565552
      vertex 99.4135742188 8.12393856049 73.0261764526
    endloop
  endfacet
  facet normal -0.0542649254203 0.998519718647 -0.0036977767013
    outer loop
      vertex 98.217590332 8.49651050568 72.9598007202
      vertex 99.4135742188 8.12393856049 73.0261764526
      vertex 99.8260040283 8.42643451691 73.0474700928
    endloop
  endfacet
  facet normal -0.0587696023285 0.9924954772 0.107232488692
    outer loop
      vertex 99.8260040283 8.42643451691 73.0474700928
      vertex 98.6030578613 8.81648349762 73.0171966553
      vertex 98.217590332 8.49651050568 72.9598007202
    endloop
  endfacet
  facet normal -0.0765250176191 0.983554899693 0.163596212864
    outer loop
      vertex 99.8260040283 8.42643451691 73.0474700928
      vertex 98.8996734619 9.05537033081 73.0800094604
      vertex 98.6030578613 8.81648349762 73.0171966553
    endloop
  endfacet
  facet normal -0.022837402299 0.996104538441 0.0851715430617
    outer loop
      vertex 99.8619689941 8.45257091522 73.05052948
      vertex 98.8996734619 9.05537033081 73.0800094604
      vertex 99.8260040283 8.42643451691 73.0474700928
    endloop
  endfacet
  facet normal 0.00349460868165 0.992646455765 0.120999321342
    outer loop
      vertex 99.8260040283 8.42643451691 73.0474700928
      vertex 130.094284058 9.13819885254 73.027671814
      vertex 99.8619689941 8.45257091522 73.05052948
    endloop
  endfacet
  facet normal 0.00171720003709 0.999098777771 0.0424105711281
    outer loop
      vertex 99.8619689941 8.45257091522 73.05052948
      vertex 130.094284058 9.13819885254 73.027671814
      vertex 130.072509766 9.67579269409 73.05052948
    endloop
  endfacet
  facet normal 0.00636967271566 0.987527906895 0.157315060496
    outer loop
      vertex 99.8619689941 8.45257091522 73.05052948
      vertex 130.072509766 9.67579269409 73.05052948
      vertex 100.144592285 8.65692615509 73.0812606812
    endloop
  endfacet
  facet normal -0.0338599160314 0.994138836861 0.102671459317
    outer loop
      vertex 100.144592285 8.65692615509 73.0812606812
      vertex 98.8996734619 9.05537033081 73.0800094604
      vertex 99.8619689941 8.45257091522 73.05052948
    endloop
  endfacet
  facet normal -0.0497535094619 0.987073123455 0.15235234797
    outer loop
      vertex 100.558380127 8.95307350159 73.1478271484
      vertex 98.8996734619 9.05537033081 73.0800094604
      vertex 100.144592285 8.65692615509 73.0812606812
    endloop
  endfacet
  facet normal 0.00886557810009 0.972896635532 0.231070443988
    outer loop
      vertex 130.072509766 9.67579269409 73.05052948
      vertex 100.558380127 8.95307350159 73.1478271484
      vertex 100.144592285 8.65692615509 73.0812606812
    endloop
  endfacet
  facet normal 0.0100712021813 0.95932251215 0.282132685184
    outer loop
      vertex 130.072509766 9.67579269409 73.05052948
      vertex 100.639251709 9.01059341431 73.1638946533
      vertex 100.558380127 8.95307350159 73.1478271484
    endloop
  endfacet
  facet normal -0.0137539934367 0.967882394791 0.251026928425
    outer loop
      vertex 100.558380127 8.95307350159 73.1478271484
      vertex 100.639251709 9.01059341431 73.1638946533
      vertex 99.6565704346 9.63803005219 73.3126602173
    endloop
  endfacet
  facet normal -0.0756127759814 0.94223767519 0.326298713684
    outer loop
      vertex 99.6565704346 9.63803005219 73.3126602173
      vertex 99.283493042 9.35555076599 73.1848983765
      vertex 100.558380127 8.95307350159 73.1478271484
    endloop
  endfacet
  facet normal -0.0557079911232 0.96260368824 0.265124022961
    outer loop
      vertex 100.558380127 8.95307350159 73.1478271484
      vertex 99.283493042 9.35555076599 73.1848983765
      vertex 98.8996734619 9.05537033081 73.0800094604
    endloop
  endfacet
  facet normal -0.175450280309 0.977484941483 0.117219492793
    outer loop
      vertex 97.6747283936 9.47905731201 72.910949707
      vertex 98.8996734619 9.05537033081 73.0800094604
      vertex 99.283493042 9.35555076599 73.1848983765
    endloop
  endfacet
  facet normal -0.179962828755 0.95987790823 0.215052857995
    outer loop
      vertex 97.6747283936 9.47905731201 72.910949707
      vertex 99.283493042 9.35555076599 73.1848983765
      vertex 98.0294342041 9.80009269714 73.0493774414
    endloop
  endfacet
  facet normal -0.176080435514 0.963198244572 0.203088328242
    outer loop
      vertex 98.0294342041 9.80009269714 73.0493774414
      vertex 99.283493042 9.35555076599 73.1848983765
      vertex 99.6565704346 9.63803005219 73.3126602173
    endloop
  endfacet
  facet normal -0.181455880404 0.936256945133 0.300826728344
    outer loop
      vertex 98.0294342041 9.80009269714 73.0493774414
      vertex 99.6565704346 9.63803005219 73.3126602173
      vertex 98.372543335 10.0965690613 73.2111358643
    endloop
  endfacet
  facet normal -0.177146181464 0.941206336021 0.287662684917
    outer loop
      vertex 98.372543335 10.0965690613 73.2111358643
      vertex 99.6565704346 9.63803005219 73.3126602173
      vertex 100.016952515 9.90232467651 73.461265564
    endloop
  endfacet
  facet normal -0.183029428124 0.904938042164 0.384171068668
    outer loop
      vertex 98.372543335 10.0965690613 73.2111358643
      vertex 100.016952515 9.90232467651 73.461265564
      vertex 98.7023773193 10.3680486679 73.3930969238
    endloop
  endfacet
  facet normal -0.178408399224 0.911683440208 0.370140194893
    outer loop
      vertex 98.7023773193 10.3680486679 73.3930969238
      vertex 100.016952515 9.90232467651 73.461265564
      vertex 100.35546875 10.1426563263 73.6250839233
    endloop
  endfacet
  facet normal -0.184836477041 0.866385936737 0.463908284903
    outer loop
      vertex 98.7023773193 10.3680486679 73.3930969238
      vertex 100.35546875 10.1426563263 73.6250839233
      vertex 99.0107879639 10.6086330414 73.5877151489
    endloop
  endfacet
  facet normal -0.0715124979615 0.868186593056 0.491058081388
    outer loop
      vertex 101.354095459 9.5152349472 73.3524627686
      vertex 100.35546875 10.1426563263 73.6250839233
      vertex 100.016952515 9.90232467651 73.461265564
    endloop
  endfacet
  facet normal -0.0524886585772 0.89933514595 0.434098184109
    outer loop
      vertex 101.354095459 9.5152349472 73.3524627686
      vertex 100.016952515 9.90232467651 73.461265564
      vertex 99.6565704346 9.63803005219 73.3126602173
    endloop
  endfacet
  facet normal -0.0456889793277 0.944445431232 0.325477063656
    outer loop
      vertex 99.6565704346 9.63803005219 73.3126602173
      vertex 100.962280273 9.23939990997 73.2384490967
      vertex 101.354095459 9.5152349472 73.3524627686
    endloop
  endfacet
  facet normal 0.0156051050872 0.916032731533 0.400799840689
    outer loop
      vertex 130.051223755 10.2017889023 73.1639862061
      vertex 101.354095459 9.5152349472 73.3524627686
      vertex 100.962280273 9.23939990997 73.2384490967
    endloop
  endfacet
  facet normal 0.0132249761373 0.945065915585 0.326612234116
    outer loop
      vertex 100.962280273 9.23939990997 73.2384490967
      vertex 100.639251709 9.01059341431 73.1638946533
      vertex 130.051223755 10.2017889023 73.1639862061
    endloop
  endfacet
  facet normal 0.00852277968079 0.97755408287 0.210512161255
    outer loop
      vertex 130.051223755 10.2017889023 73.1639862061
      vertex 100.639251709 9.01059341431 73.1638946533
      vertex 130.072509766 9.67579269409 73.05052948
    endloop
  endfacet
  facet normal 0.0866135805845 0.974561750889 0.206706315279
    outer loop
      vertex 130.519699097 10.2315826416 73.1286697388
      vertex 130.051223755 10.2017889023 73.1639862061
      vertex 130.072509766 9.67579269409 73.05052948
    endloop
  endfacet
  facet normal 0.0866105183959 0.974562525749 0.206703960896
    outer loop
      vertex 130.519699097 10.2315826416 73.1286697388
      vertex 130.072509766 9.67579269409 73.05052948
      vertex 130.541244507 9.69946575165 73.0138931274
    endloop
  endfacet
  facet normal 0.240753427148 0.95072978735 0.195321902633
    outer loop
      vertex 130.975769043 10.2822551727 73.0235900879
      vertex 130.519699097 10.2315826416 73.1286697388
      vertex 130.541244507 9.69946575165 73.0138931274
    endloop
  endfacet
  facet normal 0.247134193778 0.902427434921 0.352915674448
    outer loop
      vertex 130.954620361 10.8046226501 73.2336654663
      vertex 130.519699097 10.2315826416 73.1286697388
      vertex 130.975769043 10.2822551727 73.0235900879
    endloop
  endfacet
  facet normal 0.395150691271 0.857704043388 0.328937292099
    outer loop
      vertex 131.385894775 10.9032535553 73.0727996826
      vertex 130.954620361 10.8046226501 73.2336654663
      vertex 130.975769043 10.2822551727 73.0235900879
    endloop
  endfacet
  facet normal 0.395140558481 0.857711017132 0.328931152821
    outer loop
      vertex 131.385894775 10.9032535553 73.0727996826
      vertex 130.975769043 10.2822551727 73.0235900879
      vertex 131.408203125 10.352560997 72.8513336182
    endloop
  endfacet
  facet normal 0.247126147151 0.902431666851 0.352910339832
    outer loop
      vertex 130.954620361 10.8046226501 73.2336654663
      vertex 130.499237061 10.7366657257 73.3317947388
      vertex 130.519699097 10.2315826416 73.1286697388
    endloop
  endfacet
  facet normal 0.0931545048952 0.925050020218 0.368245393038
    outer loop
      vertex 130.499237061 10.7366657257 73.3317947388
      vertex 130.051223755 10.2017889023 73.1639862061
      vertex 130.519699097 10.2315826416 73.1286697388
    endloop
  endfacet
  facet normal 0.0931560918689 0.925049424171 0.368246525526
    outer loop
      vertex 130.499237061 10.7366657257 73.3317947388
      vertex 130.030990601 10.7010641098 73.3647766113
      vertex 130.051223755 10.2017889023 73.1639862061
    endloop
  endfacet
  facet normal 0.0150835989043 0.927888631821 0.372552216053
    outer loop
      vertex 130.030990601 10.7010641098 73.3647766113
      vertex 101.390960693 9.54111003876 73.364616394
      vertex 130.051223755 10.2017889023 73.1639862061
    endloop
  endfacet
  facet normal 0.0165114570409 0.89574944973 0.444252550602
    outer loop
      vertex 130.051223755 10.2017889023 73.1639862061
      vertex 101.390960693 9.54111003876 73.364616394
      vertex 101.354095459 9.5152349472 73.3524627686
    endloop
  endfacet
  facet normal -0.0106249358505 0.910818219185 0.412670880556
    outer loop
      vertex 101.390960693 9.54111003876 73.364616394
      vertex 100.35546875 10.1426563263 73.6250839233
      vertex 101.354095459 9.5152349472 73.3524627686
    endloop
  endfacet
  facet normal -0.025534292683 0.900594830513 0.433908909559
    outer loop
      vertex 101.390960693 9.54111003876 73.364616394
      vertex 101.723632812 9.77437210083 73.4864349365
      vertex 100.35546875 10.1426563263 73.6250839233
    endloop
  endfacet
  facet normal -0.0430511198938 0.871718406677 0.488112300634
    outer loop
      vertex 100.35546875 10.1426563263 73.6250839233
      vertex 101.723632812 9.77437210083 73.4864349365
      vertex 102.075927734 10.0212430954 73.6420669556
    endloop
  endfacet
  facet normal 0.0217484738678 0.831438958645 0.555190265179
    outer loop
      vertex 130.030990601 10.7010641098 73.3647766113
      vertex 102.075927734 10.0212430954 73.6420669556
      vertex 101.723632812 9.77437210083 73.4864349365
    endloop
  endfacet
  facet normal 0.0196249391884 0.874474942684 0.484673529863
    outer loop
      vertex 130.030990601 10.7010641098 73.3647766113
      vertex 101.723632812 9.77437210083 73.4864349365
      vertex 101.390960693 9.54111003876 73.364616394
    endloop
  endfacet
  facet normal 0.0798255726695 0.996041059494 0.0391170494258
    outer loop
      vertex 130.541244507 9.69946575165 73.0138931274
      vertex 130.072509766 9.67579269409 73.05052948
      vertex 130.094284058 9.13819885254 73.027671814
    endloop
  endfacet
  facet normal -0.028655141592 0.961621105671 0.272880345583
    outer loop
      vertex 99.6565704346 9.63803005219 73.3126602173
      vertex 100.639251709 9.01059341431 73.1638946533
      vertex 100.962280273 9.23939990997 73.2384490967
    endloop
  endfacet
  facet normal 0.00237944559194 0.997296273708 0.0734468996525
    outer loop
      vertex 99.8260040283 8.42643451691 73.0474700928
      vertex 99.4135742188 8.12393856049 73.0261764526
      vertex 130.094284058 9.13819885254 73.027671814
    endloop
  endfacet
  facet normal -0.000263706344413 0.999978840351 -0.00650275824592
    outer loop
      vertex 130.094284058 9.13819885254 73.027671814
      vertex 99.4135742188 8.12393856049 73.0261764526
      vertex 99.0908660889 7.8832526207 73.0276565552
    endloop
  endfacet
  facet normal -0.179489716887 0.817528069019 -0.547203183174
    outer loop
      vertex 94.7479400635 6.21943473816 73.1586608887
      vertex 96.0556640625 6.45185470581 73.2902069092
      vertex 94.993637085 6.54187917709 72.9967803955
    endloop
  endfacet
  facet normal -0.184766858816 0.779654383659 -0.598331212997
    outer loop
      vertex 94.7479400635 6.21943473816 73.1586608887
      vertex 95.8003082275 6.1733546257 73.4434204102
      vertex 96.0556640625 6.45185470581 73.2902069092
    endloop
  endfacet
  facet normal -0.0373434126377 0.392471551895 -0.91900575161
    outer loop
      vertex 130.209945679 6.2816529274 75.1420974731
      vertex 95.8368377686 5.00790071487 74.8541183472
      vertex 95.7581481934 4.91916847229 75.0544052124
    endloop
  endfacet
  facet normal -0.0379416458309 0.347124218941 -0.937051355839
    outer loop
      vertex 130.209945679 6.2816529274 75.1420974731
      vertex 95.7581481934 4.91916847229 75.0544052124
      vertex 95.7286834717 4.88572788239 75.141456604
    endloop
  endfacet
  facet normal -0.0394403599203 0.236444488168 -0.970844209194
    outer loop
      vertex 95.6167755127 4.75981235504 75.5839691162
      vertex 130.215438843 6.14607095718 75.6632385254
      vertex 95.6775054932 4.82768106461 75.3154296875
    endloop
  endfacet
  facet normal -0.0397845581174 0.181572586298 -0.982572436333
    outer loop
      vertex 95.6167755127 4.75981235504 75.5839691162
      vertex 95.6027832031 4.74465513229 75.6629257202
      vertex 130.215438843 6.14607095718 75.6632385254
    endloop
  endfacet
  facet normal -0.0400684140623 0.13820438087 -0.989592909813
    outer loop
      vertex 130.215438843 6.14607095718 75.6632385254
      vertex 95.6027832031 4.74465513229 75.6629257202
      vertex 95.575012207 4.71605920792 75.8596343994
    endloop
  endfacet
  facet normal -0.0399865880609 -0.152017995715 -0.987568557262
    outer loop
      vertex 95.5663146973 4.74317216873 76.7366638184
      vertex 130.215438843 6.14607095718 76.7363891602
      vertex 95.5570373535 4.72609233856 76.6281433105
    endloop
  endfacet
  facet normal -0.0396785847843 -0.195237964392 -0.979952931404
    outer loop
      vertex 95.5663146973 4.74317216873 76.7366638184
      vertex 95.5865936279 4.77697467804 76.9022064209
      vertex 130.215438843 6.14607095718 76.7363891602
    endloop
  endfacet
  facet normal -0.0394096821547 -0.256559401751 -0.96572470665
    outer loop
      vertex 130.215438843 6.14607095718 76.7363891602
      vertex 95.5865936279 4.77697467804 76.9022064209
      vertex 95.6267242432 4.83805036545 77.1259384155
    endloop
  endfacet
endsolid "colo-endo"
